Date,equity,position,strategy_return,cash,shares,mark_price,realized_pnl,unrealized_pnl,cumulative_fees,drawdown,halted
2021-05-24,99850.22466300549,1.0,-0.0014977533699451762,0.0,6411.855193280634,15.57275104522705,-149.77533699450822,0.0,149.77533699450822,-0.0014977533699451762,False
2021-05-25,100078.8578433155,1.0,0.0022897613008048268,0.0,6411.855193280634,15.60840892791748,-149.77533699450822,228.63318031002322,149.77533699450822,0.0,False
2021-05-26,100413.05118922307,1.0,0.003339300158988534,0.0,6411.855193280634,15.660530090332031,-149.77533699450822,562.826526217584,149.77533699450822,0.0,False
2021-05-27,99057.15064357064,1.0,-0.013503230203584904,0.0,6411.855193280634,15.44906234741211,-149.77533699450822,-793.074019434851,149.77533699450822,-0.013503230203584904,False
2021-05-28,102864.9075143095,0.0,0.03844000000000003,102864.9075143095,0.0,16.20366096496582,2864.9075143094997,0.0,304.3044919984784,0.0,False
2021-06-01,102710.84125243085,0.9999999999999999,-0.0014977533699450651,1.4551915228366852e-11,6330.950132691679,16.22360610961914,2710.8412524308533,0.0,458.3707538771247,-0.0014977533699450651,False
2021-06-02,106659.04599017429,0.0,0.03844000000000003,106659.04599017429,0.0,16.73607063293457,6659.045990174291,0.0,618.5996662309168,0.0,False
2021-06-03,106499.29704460737,1.0,-0.0014977533699450651,0.0,6291.648416101456,16.92708969116211,6499.29704460738,0.0,778.3486117978279,-0.0014977533699450651,False
2021-06-04,110593.13002300209,0.0,0.03844000000000003,110593.13002300209,0.0,17.534059524536133,10593.130023002097,0.0,944.4875151874154,0.0,False
2021-06-07,110593.13002300209,0.0,0.0,110593.13002300209,0.0,17.574705123901367,10593.130023002097,0.0,944.4875151874154,0.0,False
2021-06-08,110593.13002300209,0.0,0.0,110593.13002300209,0.0,17.413108825683594,10593.130023002097,0.0,944.4875151874154,0.0,False
2021-06-09,110593.13002300209,0.0,0.0,110593.13002300209,0.0,17.31857681274414,10593.130023002097,0.0,944.4875151874154,0.0,False
2021-06-10,110593.13002300209,0.0,0.0,110593.13002300209,0.0,17.385175704956055,10593.130023002097,0.0,944.4875151874154,0.0,False
2021-06-11,110593.13002300209,0.0,0.0,110593.13002300209,0.0,17.78451156616211,10593.130023002097,0.0,944.4875151874154,0.0,False
2021-06-14,110593.13002300209,0.0,0.0,110593.13002300209,0.0,17.97756576538086,10593.130023002097,0.0,944.4875151874154,0.0,False
2021-06-15,110593.13002300209,0.0,0.0,110593.13002300209,0.0,17.74784278869629,10593.130023002097,0.0,944.4875151874154,0.0,False
2021-06-16,110593.13002300209,0.0,0.0,110593.13002300209,0.0,17.769540786743164,10593.130023002097,0.0,944.4875151874154,0.0,False
2021-06-17,110593.13002300209,0.0,0.0,110593.13002300209,0.0,18.614612579345703,10593.130023002097,0.0,944.4875151874154,0.0,False
2021-06-18,110593.13002300209,0.0,0.0,110593.13002300209,0.0,18.59615135192871,10593.130023002097,0.0,944.4875151874154,0.0,False
2021-06-21,110593.13002300209,0.0,0.0,110593.13002300209,0.0,18.385133743286133,10593.130023002097,0.0,944.4875151874154,0.0,False
2021-06-22,110593.13002300209,0.0,0.0,110593.13002300209,0.0,18.843585968017575,10593.130023002097,0.0,944.4875151874154,0.0,False
2021-06-23,110593.13002300209,0.0,0.0,110593.13002300209,0.0,19.01369857788086,10593.130023002097,0.0,944.4875151874154,0.0,False
2021-06-24,110593.13002300209,0.0,0.0,110593.13002300209,0.0,19.161603927612305,10593.130023002097,0.0,944.4875151874154,0.0,False
2021-06-25,110593.13002300209,0.0,0.0,110593.13002300209,0.0,18.98750686645508,10593.130023002097,0.0,944.4875151874154,0.0,False
2021-06-28,110593.13002300209,0.0,0.0,110593.13002300209,0.0,19.9393253326416,10593.130023002097,0.0,944.4875151874154,0.0,False
2021-06-29,110593.13002300209,0.0,0.0,110593.13002300209,0.0,19.98097801208496,10593.130023002097,0.0,944.4875151874154,0.0,False
2021-06-30,110593.13002300209,0.0,0.0,110593.13002300209,0.0,19.95677947998047,10593.130023002097,0.0,944.4875151874154,0.0,False
2021-07-01,110593.13002300209,0.0,0.0,110593.13002300209,0.0,20.16580581665039,10593.130023002097,0.0,944.4875151874154,0.0,False
2021-07-02,110593.13002300209,0.0,0.0,110593.13002300209,0.0,20.440176010131836,10593.130023002097,0.0,944.4875151874154,0.0,False
2021-07-06,110593.13002300209,0.0,0.0,110593.13002300209,0.0,20.65119171142578,10593.130023002097,0.0,944.4875151874154,0.0,False
2021-07-07,110593.13002300209,0.0,0.0,110593.13002300209,0.0,20.32518768310547,10593.130023002097,0.0,944.4875151874154,0.0,False
2021-07-08,110593.13002300209,0.0,0.0,110593.13002300209,0.0,19.857261657714844,10593.130023002097,0.0,944.4875151874154,0.0,False
2021-07-09,110593.13002300209,0.0,0.0,110593.13002300209,0.0,20.00442695617676,10593.130023002097,0.0,944.4875151874154,0.0,False
2021-07-12,110593.13002300209,0.0,0.0,110593.13002300209,0.0,20.465621948242188,10593.130023002097,0.0,944.4875151874154,0.0,False
2021-07-13,110593.13002300209,0.0,0.0,110593.13002300209,0.0,20.203716278076172,10593.130023002097,0.0,944.4875151874154,0.0,False
2021-07-14,110593.13002300209,0.0,0.0,110593.13002300209,0.0,19.796152114868164,10593.130023002097,0.0,944.4875151874154,0.0,False
2021-07-15,110593.13002300209,0.0,0.0,110593.13002300209,0.0,18.922908782958984,10593.130023002097,0.0,944.4875151874154,0.0,False
2021-07-16,110593.13002300209,0.0,0.0,110593.13002300209,0.0,18.11949157714844,10593.130023002097,0.0,944.4875151874154,0.0,False
2021-07-19,110593.13002300209,0.0,0.0,110593.13002300209,0.0,18.73682975769043,10593.130023002097,0.0,944.4875151874154,0.0,False
2021-07-20,110593.13002300209,0.0,0.0,110593.13002300209,0.0,18.5694637298584,10593.130023002097,0.0,944.4875151874154,0.0,False
2021-07-21,110593.13002300209,0.0,0.0,110593.13002300209,0.0,19.365636825561523,10593.130023002097,0.0,944.4875151874154,0.0,False
2021-07-22,110593.13002300209,0.0,0.0,110593.13002300209,0.0,19.549217224121097,10593.130023002097,0.0,944.4875151874154,0.0,False
2021-07-23,110593.13002300209,0.0,0.0,110593.13002300209,0.0,19.5132999420166,10593.130023002097,0.0,944.4875151874154,0.0,False
2021-07-26,110593.13002300209,0.0,0.0,110593.13002300209,0.0,19.249906539916992,10593.130023002097,0.0,944.4875151874154,0.0,False
2021-07-27,110593.13002300209,0.0,0.0,110593.13002300209,0.0,19.164098739624023,10593.130023002097,0.0,944.4875151874154,0.0,False
2021-07-28,110593.13002300209,0.0,0.0,110593.13002300209,0.0,19.458423614501953,10593.130023002097,0.0,944.4875151874154,0.0,False
2021-07-29,110593.13002300209,0.0,0.0,110593.13002300209,0.0,19.61706924438477,10593.130023002097,0.0,944.4875151874154,0.0,False
2021-07-30,110593.13002300209,0.0,0.0,110593.13002300209,0.0,19.454435348510746,10593.130023002097,0.0,944.4875151874154,0.0,False
2021-08-02,110593.13002300209,0.0,0.0,110593.13002300209,0.0,19.704862594604492,10593.130023002097,0.0,944.4875151874154,0.0,False
2021-08-03,110593.13002300209,0.0,0.0,110593.13002300209,0.0,19.769712448120117,10593.130023002097,0.0,944.4875151874154,0.0,False
2021-08-04,110593.13002300209,0.0,0.0,110593.13002300209,0.0,20.2276611328125,10593.130023002097,0.0,944.4875151874154,0.0,False
2021-08-05,110593.13002300209,0.0,0.0,110593.13002300209,0.0,20.589834213256836,10593.130023002097,0.0,944.4875151874154,0.0,False
2021-08-06,110593.13002300209,0.0,0.0,110593.13002300209,0.0,20.319456100463867,10593.130023002097,0.0,944.4875151874154,0.0,False
2021-08-09,110593.13002300209,0.0,0.0,110593.13002300209,0.0,20.248611450195312,10593.130023002097,0.0,944.4875151874154,0.0,False
2021-08-10,110593.13002300209,0.0,0.0,110593.13002300209,0.0,19.89043426513672,10593.130023002097,0.0,944.4875151874154,0.0,False
2021-08-11,110593.13002300209,0.0,0.0,110593.13002300209,0.0,19.653982162475582,10593.130023002097,0.0,944.4875151874154,0.0,False
2021-08-12,110593.13002300209,0.0,0.0,110593.13002300209,0.0,19.859508514404297,10593.130023002097,0.0,944.4875151874154,0.0,False
2021-08-13,110593.13002300209,0.0,0.0,110593.13002300209,0.0,20.141860961914062,10593.130023002097,0.0,944.4875151874154,0.0,False
2021-08-16,110593.13002300209,0.0,0.0,110593.13002300209,0.0,19.904407501220703,10593.130023002097,0.0,944.4875151874154,0.0,False
2021-08-17,110593.13002300209,0.0,0.0,110593.13002300209,0.0,19.413528442382812,10593.130023002097,0.0,944.4875151874154,0.0,False
2021-08-18,110593.13002300209,0.0,0.0,110593.13002300209,0.0,18.996479034423828,10593.130023002097,0.0,944.4875151874154,0.0,False
2021-08-19,110593.13002300209,0.0,0.0,110593.13002300209,0.0,19.75275230407715,10593.130023002097,0.0,944.4875151874154,0.0,False
2021-08-20,110593.13002300209,0.0,0.0,110593.13002300209,0.0,20.76842498779297,10593.130023002097,0.0,944.4875151874154,0.0,False
2021-08-23,110427.48878981736,0.9999999999999999,-0.0014977533699450651,1.4551915228366852e-11,5040.55259275861,21.907814025878903,10427.488789817371,0.0,1110.1287483721414,-0.0014977533699450651,False
2021-08-24,109597.69658728558,0.9999999999999999,-0.007514362697418342,1.4551915228366852e-11,5040.55259275861,21.74319076538086,10427.488789817371,-829.7922025317883,1110.1287483721414,-0.009000861405310312,False
2021-08-25,111709.89317298634,0.9999999999999999,0.01927227169431034,1.4551915228366852e-11,5040.55259275861,22.1622314453125,10427.488789817371,1282.4043831689737,1110.1287483721414,0.0,False
2021-08-26,110814.25096479783,0.0,-0.008017572864397748,110814.25096479783,0.0,22.01757049560547,10814.25096479784,0.0,1276.599831443946,-0.008017572864397748,False
2021-08-27,110648.27854697737,0.9999999999999999,-0.0014977533699450651,1.4551915228366852e-11,4899.353115581724,22.58426284790039,10648.278546977373,0.0,1442.572249264412,-0.00950331788756642,False
2021-08-30,110902.46575724527,0.9999999999999999,0.00229725408841297,1.4551915228366852e-11,4899.353115581724,22.636144638061523,10648.278546977373,254.18721026790325,1442.572249264412,-0.007227895335024104,False
2021-08-31,109440.65334264954,0.9999999999999999,-0.013181063239797508,1.4551915228366852e-11,4899.353115581724,22.33777618408203,10648.278546977373,-1207.625204327824,1442.572249264412,-0.020313687229320032,False
2021-09-01,109549.88355167121,0.0,0.0009980770918798232,109549.88355167121,0.0,22.39366149902344,9549.883551671228,0.0,1607.1439321161965,-0.01933588476331527,False
2021-09-02,109549.88355167121,0.0,0.0,109549.88355167121,0.0,22.348756790161133,9549.883551671228,0.0,1607.1439321161965,-0.01933588476331527,False
2021-09-03,109385.8048444046,1.0000000000000002,-0.0014977533699451762,-1.4551915228366852e-11,4798.714292693261,22.79481506347656,9385.804844404622,0.0,1771.2226393828034,-0.020804677746695366,False
2021-09-07,108356.27241109367,0.0,-0.009411938183161772,108356.27241109367,0.0,22.614192962646484,8356.272411093698,0.0,1934.001215864166,-0.030020803588984513,False
2021-09-08,108356.27241109367,0.0,0.0,108356.27241109367,0.0,22.2918758392334,8356.272411093698,0.0,1934.001215864166,-0.030020803588984513,False
2021-09-09,108356.27241109367,0.0,0.0,108356.27241109367,0.0,22.13021469116211,8356.272411093698,0.0,1934.001215864166,-0.030020803588984513,False
2021-09-10,108356.27241109367,0.0,0.0,108356.27241109367,0.0,22.430580139160156,8356.272411093698,0.0,1934.001215864166,-0.030020803588984513,False
2021-09-13,108356.27241109367,0.0,0.0,108356.27241109367,0.0,22.105270385742188,8356.272411093698,0.0,1934.001215864166,-0.030020803588984513,False
2021-09-14,108356.27241109367,0.0,0.0,108356.27241109367,0.0,22.195077896118164,8356.272411093698,0.0,1934.001215864166,-0.030020803588984513,False
2021-09-15,108356.27241109367,0.0,0.0,108356.27241109367,0.0,22.29387092590332,8356.272411093698,0.0,1934.001215864166,-0.030020803588984513,False
2021-09-16,108356.27241109367,0.0,0.0,108356.27241109367,0.0,22.195077896118164,8356.272411093698,0.0,1934.001215864166,-0.030020803588984513,False
2021-09-17,108356.27241109367,0.0,0.0,108356.27241109367,0.0,21.85379981994629,8356.272411093698,0.0,1934.001215864166,-0.030020803588984513,False
2021-09-20,108356.27241109367,0.0,0.0,108356.27241109367,0.0,21.068462371826172,8356.272411093698,0.0,1934.001215864166,-0.030020803588984513,False
2021-09-21,108356.27241109367,0.0,0.0,108356.27241109367,0.0,21.20117950439453,8356.272411093698,0.0,1934.001215864166,-0.030020803588984513,False
2021-09-22,108356.27241109367,0.0,0.0,108356.27241109367,0.0,21.89471435546875,8356.272411093698,0.0,1934.001215864166,-0.030020803588984513,False
2021-09-23,108356.27241109367,0.0,0.0,108356.27241109367,0.0,22.4345760345459,8356.272411093698,0.0,1934.001215864166,-0.030020803588984513,False
2021-09-24,108356.27241109367,0.0,0.0,108356.27241109367,0.0,22.0344181060791,8356.272411093698,0.0,1934.001215864166,-0.030020803588984513,False
2021-09-27,108356.27241109367,0.0,0.0,108356.27241109367,0.0,21.61430549621582,8356.272411093698,0.0,1934.001215864166,-0.030020803588984513,False
2021-09-28,108356.27241109367,0.0,0.0,108356.27241109367,0.0,20.65533447265625,8356.272411093698,0.0,1934.001215864166,-0.030020803588984513,False
2021-09-29,108356.27241109367,0.0,0.0,108356.27241109367,0.0,20.473718643188477,8356.272411093698,0.0,1934.001215864166,-0.030020803588984513,False
2021-09-30,108356.27241109367,0.0,0.0,108356.27241109367,0.0,20.672298431396484,8356.272411093698,0.0,1934.001215864166,-0.030020803588984513,False
2021-10-01,108356.27241109367,0.0,0.0,108356.27241109367,0.0,20.698244094848633,8356.272411093698,0.0,1934.001215864166,-0.030020803588984513,False
2021-10-04,108356.27241109367,0.0,0.0,108356.27241109367,0.0,19.69037628173828,8356.272411093698,0.0,1934.001215864166,-0.030020803588984513,False
2021-10-05,108356.27241109367,0.0,0.0,108356.27241109367,0.0,20.40785789489746,8356.272411093698,0.0,1934.001215864166,-0.030020803588984513,False
2021-10-06,108356.27241109367,0.0,0.0,108356.27241109367,0.0,20.65633201599121,8356.272411093698,0.0,1934.001215864166,-0.030020803588984513,False
2021-10-07,108356.27241109367,0.0,0.0,108356.27241109367,0.0,21.03054428100586,8356.272411093698,0.0,1934.001215864166,-0.030020803588984513,False
2021-10-08,108356.27241109367,0.0,0.0,108356.27241109367,0.0,20.787052154541016,8356.272411093698,0.0,1934.001215864166,-0.030020803588984513,False
2021-10-11,108356.27241109367,0.0,0.0,108356.27241109367,0.0,20.65134048461914,8356.272411093698,0.0,1934.001215864166,-0.030020803588984513,False
2021-10-12,108356.27241109367,0.0,0.0,108356.27241109367,0.0,20.627391815185547,8356.272411093698,0.0,1934.001215864166,-0.030020803588984513,False
2021-10-13,108356.27241109367,0.0,0.0,108356.27241109367,0.0,20.89482879638672,8356.272411093698,0.0,1934.001215864166,-0.030020803588984513,False
2021-10-14,108356.27241109367,0.0,0.0,108356.27241109367,0.0,21.700124740600582,8356.272411093698,0.0,1934.001215864166,-0.030020803588984513,False
2021-10-15,108356.27241109367,0.0,0.0,108356.27241109367,0.0,21.815879821777344,8356.272411093698,0.0,1934.001215864166,-0.030020803588984513,False
2021-10-18,108356.27241109367,0.0,0.0,108356.27241109367,0.0,22.175119400024418,8356.272411093698,0.0,1934.001215864166,-0.030020803588984513,False
2021-10-19,108356.27241109367,0.0,0.0,108356.27241109367,0.0,22.24298095703125,8356.272411093698,0.0,1934.001215864166,-0.030020803588984513,False
2021-10-20,108356.27241109367,0.0,0.0,108356.27241109367,0.0,22.05637550354004,8356.272411093698,0.0,1934.001215864166,-0.030020803588984513,False
2021-10-21,108193.98143893527,0.9999999999999999,-0.0014977533699450651,1.4551915228366852e-11,4778.015153974875,22.644126892089844,8193.981438935294,0.0,2096.292188022569,-0.031473593199185745,False
2021-10-22,108356.09865614044,0.9999999999999999,0.001498394042340312,1.4551915228366852e-11,4778.015153974875,22.678056716918945,8193.981438935294,162.11721720516024,2096.292188022569,-0.030022359001386167,False
2021-10-25,110453.98967871776,0.9999999999999999,0.019361079335596942,1.4551915228366852e-11,4778.015153974875,23.117128372192383,8193.981438935294,2260.0082397824767,2096.292188022569,-0.011242544940256782,False
2021-10-26,114699.84104196767,0.0,0.03844000000000003,114699.84104196767,0.0,24.66485595703125,14699.841041967684,0.0,2268.6004119213685,0.0,False
2021-10-27,114528.0489685149,0.9999999999999999,-0.0014977533699450651,1.4551915228366852e-11,4693.883749161195,24.39942169189453,14528.048968514911,0.0,2440.392485374141,-0.0014977533699450651,False
2021-10-28,116823.18056848232,0.9999999999999999,0.020039908307513343,1.4551915228366852e-11,4693.883749161195,24.888383865356445,14528.048968514911,2295.1315999674157,2440.392485374141,0.0,False
2021-10-29,119575.73867722906,0.0,0.023561746010956952,119575.73867722906,0.0,25.5130672454834,19575.73867722907,0.0,2620.025542976388,0.0,False
2021-11-01,119575.73867722906,0.0,0.0,119575.73867722906,0.0,25.772518157958984,19575.73867722907,0.0,2620.025542976388,0.0,False
2021-11-02,119575.73867722906,0.0,0.0,119575.73867722906,0.0,26.345304489135746,19575.73867722907,0.0,2620.025542976388,0.0,False
2021-11-03,119575.73867722906,0.0,0.0,119575.73867722906,0.0,26.541887283325195,19575.73867722907,0.0,2620.025542976388,0.0,False
2021-11-04,119575.73867722906,0.0,0.0,119575.73867722906,0.0,29.738134384155273,19575.73867722907,0.0,2620.025542976388,0.0,False
2021-11-05,119575.73867722906,0.0,0.0,119575.73867722906,0.0,29.68923568725586,19575.73867722907,0.0,2620.025542976388,0.0,False
2021-11-08,119575.73867722906,0.0,0.0,119575.73867722906,0.0,30.73902130126953,19575.73867722907,0.0,2620.025542976388,0.0,False
2021-11-09,119575.73867722906,0.0,0.0,119575.73867722906,0.0,30.59232711791992,19575.73867722907,0.0,2620.025542976388,0.0,False
2021-11-10,119575.73867722906,0.0,0.0,119575.73867722906,0.0,29.3968563079834,19575.73867722907,0.0,2620.025542976388,0.0,False
2021-11-11,119575.73867722906,0.0,0.0,119575.73867722906,0.0,30.325891494750977,19575.73867722907,0.0,2620.025542976388,0.0,False
2021-11-12,119575.73867722906,0.0,0.0,119575.73867722906,0.0,30.325891494750977,19575.73867722907,0.0,2620.025542976388,0.0,False
2021-11-15,119575.73867722906,0.0,0.0,119575.73867722906,0.0,29.961658477783203,19575.73867722907,0.0,2620.025542976388,0.0,False
2021-11-16,119575.73867722906,0.0,0.0,119575.73867722906,0.0,30.13928604125977,19575.73867722907,0.0,2620.025542976388,0.0,False
2021-11-17,119575.73867722906,0.0,0.0,119575.73867722906,0.0,29.19927215576172,19575.73867722907,0.0,2620.025542976388,0.0,False
2021-11-18,119396.64371166157,1.0,-0.0014977533699450651,0.0,3777.3968616727357,31.60818099975586,19396.643711661578,0.0,2799.12050854388,-0.0014977533699450651,False
2021-11-19,123986.25069593785,0.0,0.03844000000000003,123986.25069593785,0.0,32.91541290283203,23986.25069593786,0.0,2985.379272734072,0.0,False
2021-11-22,123986.25069593785,0.0,0.0,123986.25069593785,0.0,31.888587951660156,23986.25069593786,0.0,2985.379272734072,0.0,False
2021-11-23,123986.25069593785,0.0,0.0,123986.25069593785,0.0,31.679027557373047,23986.25069593786,0.0,2985.379272734072,0.0,False
2021-11-24,123986.25069593785,0.0,0.0,123986.25069593785,0.0,32.605072021484375,23986.25069593786,0.0,2985.379272734072,0.0,False
2021-11-26,123986.25069593785,0.0,0.0,123986.25069593785,0.0,31.436542510986328,23986.25069593786,0.0,2985.379272734072,0.0,False
2021-11-29,123986.25069593785,0.0,0.0,123986.25069593785,0.0,33.30559539794922,23986.25069593786,0.0,2985.379272734072,0.0,False
2021-11-30,123986.25069593785,0.0,0.0,123986.25069593785,0.0,32.60707092285156,23986.25069593786,0.0,2985.379272734072,0.0,False
2021-12-01,123986.25069593785,0.0,0.0,123986.25069593785,0.0,31.372528076171875,23986.25069593786,0.0,2985.379272734072,0.0,False
2021-12-02,123986.25069593785,0.0,0.0,123986.25069593785,0.0,32.062156677246094,23986.25069593786,0.0,2985.379272734072,0.0,False
2021-12-03,123986.25069593785,0.0,0.0,123986.25069593785,0.0,30.632003784179688,23986.25069593786,0.0,2985.379272734072,0.0,False
2021-12-06,123986.25069593785,0.0,0.0,123986.25069593785,0.0,29.97730255126953,23986.25069593786,0.0,2985.379272734072,0.0,False
2021-12-07,123986.25069593785,0.0,0.0,123986.25069593785,0.0,32.36256408691406,23986.25069593786,0.0,2985.379272734072,0.0,False
2021-12-08,123986.25069593785,0.0,0.0,123986.25069593785,0.0,31.762752532958984,23986.25069593786,0.0,2985.379272734072,0.0,False
2021-12-09,123986.25069593785,0.0,0.0,123986.25069593785,0.0,30.429407119750977,23986.25069593786,0.0,2985.379272734072,0.0,False
2021-12-10,123986.25069593785,0.0,0.0,123986.25069593785,0.0,30.137989044189453,23986.25069593786,0.0,2985.379272734072,0.0,False
2021-12-13,123986.25069593785,0.0,0.0,123986.25069593785,0.0,28.10503578186035,23986.25069593786,0.0,2985.379272734072,0.0,False
2021-12-14,123986.25069593785,0.0,0.0,123986.25069593785,0.0,28.280683517456055,23986.25069593786,0.0,2985.379272734072,0.0,False
2021-12-15,123986.25069593785,0.0,0.0,123986.25069593785,0.0,30.39846992492676,23986.25069593786,0.0,2985.379272734072,0.0,False
2021-12-16,123986.25069593785,0.0,0.0,123986.25069593785,0.0,28.330585479736328,23986.25069593786,0.0,2985.379272734072,0.0,False
2021-12-17,123986.25069593785,0.0,0.0,123986.25069593785,0.0,27.745750427246097,23986.25069593786,0.0,2985.379272734072,0.0,False
2021-12-20,123986.25069593785,0.0,0.0,123986.25069593785,0.0,27.663911819458008,23986.25069593786,0.0,2985.379272734072,0.0,False
2021-12-21,123986.25069593785,0.0,0.0,123986.25069593785,0.0,29.01721954345703,23986.25069593786,0.0,2985.379272734072,0.0,False
2021-12-22,123986.25069593785,0.0,0.0,123986.25069593785,0.0,29.341567993164062,23986.25069593786,0.0,2985.379272734072,0.0,False
2021-12-23,123986.25069593785,0.0,0.0,123986.25069593785,0.0,29.58109474182129,23986.25069593786,0.0,2985.379272734072,0.0,False
2021-12-27,123986.25069593785,0.0,0.0,123986.25069593785,0.0,30.883499145507812,23986.25069593786,0.0,2985.379272734072,0.0,False
2021-12-28,123986.25069593785,0.0,0.0,123986.25069593785,0.0,30.261741638183594,23986.25069593786,0.0,2985.379272734072,0.0,False
2021-12-29,123986.25069593785,0.0,0.0,123986.25069593785,0.0,29.94137191772461,23986.25069593786,0.0,2985.379272734072,0.0,False
2021-12-30,123986.25069593785,0.0,0.0,123986.25069593785,0.0,29.52720069885254,23986.25069593786,0.0,2985.379272734072,0.0,False
2021-12-31,123986.25069593785,0.0,0.0,123986.25069593785,0.0,29.352550506591797,23986.25069593786,0.0,2985.379272734072,0.0,False
2022-01-03,123986.25069593785,0.0,0.0,123986.25069593785,0.0,30.061138153076172,23986.25069593786,0.0,2985.379272734072,0.0,False
2022-01-04,123986.25069593785,0.0,0.0,123986.25069593785,0.0,29.23179054260254,23986.25069593786,0.0,2985.379272734072,0.0,False
2022-01-05,123986.25069593785,0.0,0.0,123986.25069593785,0.0,27.54914665222168,23986.25069593786,0.0,2985.379272734072,0.0,False
2022-01-06,123986.25069593785,0.0,0.0,123986.25069593785,0.0,28.12199592590332,23986.25069593786,0.0,2985.379272734072,0.0,False
2022-01-07,123986.25069593785,0.0,0.0,123986.25069593785,0.0,27.192848205566406,23986.25069593786,0.0,2985.379272734072,0.0,False
2022-01-10,123986.25069593785,0.0,0.0,123986.25069593785,0.0,27.34554672241211,23986.25069593786,0.0,2985.379272734072,0.0,False
2022-01-11,123986.25069593785,0.0,0.0,123986.25069593785,0.0,27.76171875,23986.25069593786,0.0,2985.379272734072,0.0,False
2022-01-12,123986.25069593785,0.0,0.0,123986.25069593785,0.0,27.943355560302734,23986.25069593786,0.0,2985.379272734072,0.0,False
2022-01-13,123986.25069593785,0.0,0.0,123986.25069593785,0.0,26.522186279296875,23986.25069593786,0.0,2985.379272734072,0.0,False
2022-01-14,123986.25069593785,0.0,0.0,123986.25069593785,0.0,26.888456344604492,23986.25069593786,0.0,2985.379272734072,0.0,False
2022-01-18,123986.25069593785,0.0,0.0,123986.25069593785,0.0,25.851518630981445,23986.25069593786,0.0,2985.379272734072,0.0,False
2022-01-19,123986.25069593785,0.0,0.0,123986.25069593785,0.0,25.017179489135746,23986.25069593786,0.0,2985.379272734072,0.0,False
2022-01-20,123986.25069593785,0.0,0.0,123986.25069593785,0.0,24.102001190185547,23986.25069593786,0.0,2985.379272734072,0.0,False
2022-01-21,123986.25069593785,0.0,0.0,123986.25069593785,0.0,23.327547073364254,23986.25069593786,0.0,2985.379272734072,0.0,False
2022-01-24,123986.25069593785,0.0,0.0,123986.25069593785,0.0,23.325551986694336,23986.25069593786,0.0,2985.379272734072,0.0,False
2022-01-25,123986.25069593785,0.0,0.0,123986.25069593785,0.0,22.279632568359375,23986.25069593786,0.0,2985.379272734072,0.0,False
2022-01-26,123986.25069593785,0.0,0.0,123986.25069593785,0.0,22.726741790771484,23986.25069593786,0.0,2985.379272734072,0.0,False
2022-01-27,123986.25069593785,0.0,0.0,123986.25069593785,0.0,21.900390625,23986.25069593786,0.0,2985.379272734072,0.0,False
2022-01-28,123986.25069593785,0.0,0.0,123986.25069593785,0.0,22.794612884521484,23986.25069593786,0.0,2985.379272734072,0.0,False
2022-01-31,123986.25069593785,0.0,0.0,123986.25069593785,0.0,24.437334060668945,23986.25069593786,0.0,2985.379272734072,0.0,False
2022-02-01,123986.25069593785,0.0,0.0,123986.25069593785,0.0,24.58903694152832,23986.25069593786,0.0,2985.379272734072,0.0,False
2022-02-02,123986.25069593785,0.0,0.0,123986.25069593785,0.0,25.191837310791016,23986.25069593786,0.0,2985.379272734072,0.0,False
2022-02-03,123986.25069593785,0.0,0.0,123986.25069593785,0.0,23.900400161743164,23986.25069593786,0.0,2985.379272734072,0.0,False
2022-02-04,123986.25069593785,0.0,0.0,123986.25069593785,0.0,24.270668029785156,23986.25069593786,0.0,2985.379272734072,0.0,False
2022-02-07,123986.25069593785,0.0,0.0,123986.25069593785,0.0,24.678855895996097,23986.25069593786,0.0,2985.379272734072,0.0,False
2022-02-08,123986.25069593785,0.0,0.0,123986.25069593785,0.0,25.05809783935547,23986.25069593786,0.0,2985.379272734072,0.0,False
2022-02-09,123986.25069593785,0.0,0.0,123986.25069593785,0.0,26.651927947998047,23986.25069593786,0.0,2985.379272734072,0.0,False
2022-02-10,123986.25069593785,0.0,0.0,123986.25069593785,0.0,25.772680282592773,23986.25069593786,0.0,2985.379272734072,0.0,False
2022-02-11,123986.25069593785,0.0,0.0,123986.25069593785,0.0,23.90139961242676,23986.25069593786,0.0,2985.379272734072,0.0,False
2022-02-14,123986.25069593785,0.0,0.0,123986.25069593785,0.0,24.21877670288086,23986.25069593786,0.0,2985.379272734072,0.0,False
2022-02-15,123986.25069593785,0.0,0.0,123986.25069593785,0.0,26.442344665527344,23986.25069593786,0.0,2985.379272734072,0.0,False
2022-02-16,123986.25069593785,0.0,0.0,123986.25069593785,0.0,26.45831298828125,23986.25069593786,0.0,2985.379272734072,0.0,False
2022-02-17,123986.25069593785,0.0,0.0,123986.25069593785,0.0,24.45829200744629,23986.25069593786,0.0,2985.379272734072,0.0,False
2022-02-18,123986.25069593785,0.0,0.0,123986.25069593785,0.0,23.59501266479492,23986.25069593786,0.0,2985.379272734072,0.0,False
2022-02-22,123986.25069593785,0.0,0.0,123986.25069593785,0.0,23.343517303466797,23986.25069593786,0.0,2985.379272734072,0.0,False
2022-02-23,123986.25069593785,0.0,0.0,123986.25069593785,0.0,22.342504501342773,23986.25069593786,0.0,2985.379272734072,0.0,False
2022-02-24,123986.25069593785,0.0,0.0,123986.25069593785,0.0,23.700803756713867,23986.25069593786,0.0,2985.379272734072,0.0,False
2022-02-25,123986.25069593785,0.0,0.0,123986.25069593785,0.0,24.10898780822754,23986.25069593786,0.0,2985.379272734072,0.0,False
2022-02-28,123986.25069593785,0.0,0.0,123986.25069593785,0.0,24.336538314819336,23986.25069593786,0.0,2985.379272734072,0.0,False
2022-03-01,123986.25069593785,0.0,0.0,123986.25069593785,0.0,23.430343627929688,23986.25069593786,0.0,2985.379272734072,0.0,False
2022-03-02,123986.25069593785,0.0,0.0,123986.25069593785,0.0,24.175981521606445,23986.25069593786,0.0,2985.379272734072,0.0,False
2022-03-03,123986.25069593785,0.0,0.0,123986.25069593785,0.0,23.6709041595459,23986.25069593786,0.0,2985.379272734072,0.0,False
2022-03-04,123986.25069593785,0.0,0.0,123986.25069593785,0.0,22.894317626953125,23986.25069593786,0.0,2985.379272734072,0.0,False
2022-03-07,123986.25069593785,0.0,0.0,123986.25069593785,0.0,21.31319999694824,23986.25069593786,0.0,2985.379272734072,0.0,False
2022-03-08,123986.25069593785,0.0,0.0,123986.25069593785,0.0,21.47490119934082,23986.25069593786,0.0,2985.379272734072,0.0,False
2022-03-09,123986.25069593785,0.0,0.0,123986.25069593785,0.0,22.97217559814453,23986.25069593786,0.0,2985.379272734072,0.0,False
2022-03-10,123986.25069593785,0.0,0.0,123986.25069593785,0.0,22.61682510375977,23986.25069593786,0.0,2985.379272734072,0.0,False
2022-03-11,123986.25069593785,0.0,0.0,123986.25069593785,0.0,22.05983543395996,23986.25069593786,0.0,2985.379272734072,0.0,False
2022-03-14,123986.25069593785,0.0,0.0,123986.25069593785,0.0,21.291236877441406,23986.25069593786,0.0,2985.379272734072,0.0,False
2022-03-15,123986.25069593785,0.0,0.0,123986.25069593785,0.0,22.931249618530273,23986.25069593786,0.0,2985.379272734072,0.0,False
2022-03-16,123986.25069593785,0.0,0.0,123986.25069593785,0.0,24.45148277282715,23986.25069593786,0.0,2985.379272734072,0.0,False
2022-03-17,123986.25069593785,0.0,0.0,123986.25069593785,0.0,24.720991134643555,23986.25069593786,0.0,2985.379272734072,0.0,False
2022-03-18,123800.54987113115,1.0000000000000002,-0.0014977533699450651,-1.4551915228366852e-11,4688.540552990109,26.40492248535156,23800.549871131163,0.0,3171.0800975407687,-0.0014977533699450651,False
2022-03-21,125115.6337717756,1.0000000000000002,0.010622601450586133,-1.4551915228366852e-11,4688.540552990109,26.68541145324707,23800.549871131163,1315.0839006444457,3171.0800975407687,0.0,False
2022-03-22,124132.85991246172,1.0000000000000002,-0.007854924518118644,-1.4551915228366852e-11,4688.540552990109,26.475799560546875,23800.549871131163,332.31004133056865,3171.0800975407687,-0.007854924518118644,False
2022-03-23,120847.9941070282,0.0,-0.026462500000000055,120847.9941070282,0.0,25.58741569519043,20847.994107028215,0.0,3352.624405162744,-0.034109563578058055,False
2022-03-24,120666.99361660329,0.9999999999999999,-0.0014977533699450651,1.4551915228366852e-11,4294.376228789574,28.098840713500977,20666.99361660331,0.0,3533.624895587649,-0.03555622923420676,False
2022-03-25,117473.84329802392,0.0,-0.026462500000000055,117473.84329802392,0.0,27.64167594909668,17473.84329802395,0.0,3710.1003737519313,-0.06107782251809657,False
2022-03-28,117473.84329802392,0.0,0.0,117473.84329802392,0.0,28.16771697998047,17473.84329802395,0.0,3710.1003737519313,-0.06107782251809657,False
2022-03-29,117297.8964533439,1.0,-0.0014977533699450651,0.0,4100.762443757988,28.603923797607425,17297.896453343932,0.0,3886.0472184319474,-0.062484096373536246,False
2022-03-30,114193.90086844728,0.0,-0.026462500000000055,114193.90086844728,0.0,27.63968086242676,14193.900868447323,0.0,4057.595391994963,-0.08729311097325165,False
2022-03-31,114193.90086844728,0.0,0.0,114193.90086844728,0.0,27.23641014099121,14193.900868447323,0.0,4057.595391994963,-0.08729311097325165,False
2022-04-01,114193.90086844728,0.0,0.0,114193.90086844728,0.0,26.66345596313477,14193.900868447323,0.0,4057.595391994963,-0.08729311097325165,False
2022-04-04,114193.90086844728,0.0,0.0,114193.90086844728,0.0,27.310274124145508,14193.900868447323,0.0,4057.595391994963,-0.08729311097325165,False
2022-04-05,114193.90086844728,0.0,0.0,114193.90086844728,0.0,25.88387680053711,14193.900868447323,0.0,4057.595391994963,-0.08729311097325165,False
2022-04-06,114193.90086844728,0.0,0.0,114193.90086844728,0.0,24.362642288208008,14193.900868447323,0.0,4057.595391994963,-0.08729311097325165,False
2022-04-07,114193.90086844728,0.0,0.0,114193.90086844728,0.0,24.16400909423828,14193.900868447323,0.0,4057.595391994963,-0.08729311097325165,False
2022-04-08,114193.90086844728,0.0,0.0,114193.90086844728,0.0,23.07698631286621,14193.900868447323,0.0,4057.595391994963,-0.08729311097325165,False
2022-04-11,114193.90086844728,0.0,0.0,114193.90086844728,0.0,21.877168655395508,14193.900868447323,0.0,4057.595391994963,-0.08729311097325165,False
2022-04-12,114193.90086844728,0.0,0.0,114193.90086844728,0.0,21.464921951293945,14193.900868447323,0.0,4057.595391994963,-0.08729311097325165,False
2022-04-13,114193.90086844728,0.0,0.0,114193.90086844728,0.0,22.16265296936035,14193.900868447323,0.0,4057.595391994963,-0.08729311097325165,False
2022-04-14,114193.90086844728,0.0,0.0,114193.90086844728,0.0,21.21936416625977,14193.900868447323,0.0,4057.595391994963,-0.08729311097325165,False
2022-04-18,114193.90086844728,0.0,0.0,114193.90086844728,0.0,21.7434139251709,14193.900868447323,0.0,4057.595391994963,-0.08729311097325165,False
2022-04-19,114193.90086844728,0.0,0.0,114193.90086844728,0.0,22.15765953063965,14193.900868447323,0.0,4057.595391994963,-0.08729311097325165,False
2022-04-20,114193.90086844728,0.0,0.0,114193.90086844728,0.0,21.442962646484375,14193.900868447323,0.0,4057.595391994963,-0.08729311097325165,False
2022-04-21,114193.90086844728,0.0,0.0,114193.90086844728,0.0,20.14632225036621,14193.900868447323,0.0,4057.595391994963,-0.08729311097325165,False
2022-04-22,114193.90086844728,0.0,0.0,114193.90086844728,0.0,19.47953224182129,14193.900868447323,0.0,4057.595391994963,-0.08729311097325165,False
2022-04-25,114193.90086844728,0.0,0.0,114193.90086844728,0.0,19.865833282470703,14193.900868447323,0.0,4057.595391994963,-0.08729311097325165,False
2022-04-26,114193.90086844728,0.0,0.0,114193.90086844728,0.0,18.75385093688965,14193.900868447323,0.0,4057.595391994963,-0.08729311097325165,False
2022-04-27,114193.90086844728,0.0,0.0,114193.90086844728,0.0,18.38153076171875,14193.900868447323,0.0,4057.595391994963,-0.08729311097325165,False
2022-04-28,114193.90086844728,0.0,0.0,114193.90086844728,0.0,19.746049880981445,14193.900868447323,0.0,4057.595391994963,-0.08729311097325165,False
2022-04-29,114193.90086844728,0.0,0.0,114193.90086844728,0.0,18.513294219970703,14193.900868447323,0.0,4057.595391994963,-0.08729311097325165,False
2022-05-02,114193.90086844728,0.0,0.0,114193.90086844728,0.0,19.49750518798828,14193.900868447323,0.0,4057.595391994963,-0.08729311097325165,False
2022-05-03,114193.90086844728,0.0,0.0,114193.90086844728,0.0,19.566375732421875,14193.900868447323,0.0,4057.595391994963,-0.08729311097325165,False
2022-05-04,114193.90086844728,0.0,0.0,114193.90086844728,0.0,20.297046661376953,14193.900868447323,0.0,4057.595391994963,-0.08729311097325165,False
2022-05-05,114193.90086844728,0.0,0.0,114193.90086844728,0.0,18.809757232666016,14193.900868447323,0.0,4057.595391994963,-0.08729311097325165,False
2022-05-06,114193.90086844728,0.0,0.0,114193.90086844728,0.0,18.64105987548828,14193.900868447323,0.0,4057.595391994963,-0.08729311097325165,False
2022-05-09,114193.90086844728,0.0,0.0,114193.90086844728,0.0,16.9191951751709,14193.900868447323,0.0,4057.595391994963,-0.08729311097325165,False
2022-05-10,114193.90086844728,0.0,0.0,114193.90086844728,0.0,17.56302261352539,14193.900868447323,0.0,4057.595391994963,-0.08729311097325165,False
2022-05-11,114193.90086844728,0.0,0.0,114193.90086844728,0.0,16.599775314331055,14193.900868447323,0.0,4057.595391994963,-0.08729311097325165,False
2022-05-12,114193.90086844728,0.0,0.0,114193.90086844728,0.0,16.145599365234375,14193.900868447323,0.0,4057.595391994963,-0.08729311097325165,False
2022-05-13,114193.90086844728,0.0,0.0,114193.90086844728,0.0,17.673824310302734,14193.900868447323,0.0,4057.595391994963,-0.08729311097325165,False
2022-05-16,114193.90086844728,0.0,0.0,114193.90086844728,0.0,17.232627868652344,14193.900868447323,0.0,4057.595391994963,-0.08729311097325165,False
2022-05-17,114193.90086844728,0.0,0.0,114193.90086844728,0.0,18.143964767456055,14193.900868447323,0.0,4057.595391994963,-0.08729311097325165,False
2022-05-18,114193.90086844728,0.0,0.0,114193.90086844728,0.0,16.907217025756836,14193.900868447323,0.0,4057.595391994963,-0.08729311097325165,False
2022-05-19,114193.90086844728,0.0,0.0,114193.90086844728,0.0,17.09288215637207,14193.900868447323,0.0,4057.595391994963,-0.08729311097325165,False
2022-05-20,114193.90086844728,0.0,0.0,114193.90086844728,0.0,16.663660049438477,14193.900868447323,0.0,4057.595391994963,-0.08729311097325165,False
2022-05-23,114193.90086844728,0.0,0.0,114193.90086844728,0.0,16.867294311523438,14193.900868447323,0.0,4057.595391994963,-0.08729311097325165,False
2022-05-24,114193.90086844728,0.0,0.0,114193.90086844728,0.0,16.124643325805664,14193.900868447323,0.0,4057.595391994963,-0.08729311097325165,False
2022-05-25,114193.90086844728,0.0,0.0,114193.90086844728,0.0,16.944150924682617,14193.900868447323,0.0,4057.595391994963,-0.08729311097325165,False
2022-05-26,114193.90086844728,0.0,0.0,114193.90086844728,0.0,17.818557739257812,14193.900868447323,0.0,4057.595391994963,-0.08729311097325165,False
2022-05-27,114193.90086844728,0.0,0.0,114193.90086844728,0.0,18.77681541442871,14193.900868447323,0.0,4057.595391994963,-0.08729311097325165,False
2022-05-31,114193.90086844728,0.0,0.0,114193.90086844728,0.0,18.6380672454834,14193.900868447323,0.0,4057.595391994963,-0.08729311097325165,False
2022-06-01,114193.90086844728,0.0,0.0,114193.90086844728,0.0,18.286706924438477,14193.900868447323,0.0,4057.595391994963,-0.08729311097325165,False
2022-06-02,114193.90086844728,0.0,0.0,114193.90086844728,0.0,19.556392669677734,14193.900868447323,0.0,4057.595391994963,-0.08729311097325165,False
2022-06-03,114193.90086844728,0.0,0.0,114193.90086844728,0.0,18.68597412109375,14193.900868447323,0.0,4057.595391994963,-0.08729311097325165,False
2022-06-06,114193.90086844728,0.0,0.0,114193.90086844728,0.0,18.751859664916992,14193.900868447323,0.0,4057.595391994963,-0.08729311097325165,False
2022-06-07,114193.90086844728,0.0,0.0,114193.90086844728,0.0,18.891605377197266,14193.900868447323,0.0,4057.595391994963,-0.08729311097325165,False
2022-06-08,114193.90086844728,0.0,0.0,114193.90086844728,0.0,18.61804580688477,14193.900868447323,0.0,4057.595391994963,-0.08729311097325165,False
2022-06-09,114193.90086844728,0.0,0.0,114193.90086844728,0.0,18.01901054382324,14193.900868447323,0.0,4057.595391994963,-0.08729311097325165,False
2022-06-10,114193.90086844728,0.0,0.0,114193.90086844728,0.0,16.946735382080078,14193.900868447323,0.0,4057.595391994963,-0.08729311097325165,False
2022-06-13,114193.90086844728,0.0,0.0,114193.90086844728,0.0,15.621867179870604,14193.900868447323,0.0,4057.595391994963,-0.08729311097325165,False
2022-06-14,114193.90086844728,0.0,0.0,114193.90086844728,0.0,15.810561180114746,14193.900868447323,0.0,4057.595391994963,-0.08729311097325165,False
2022-06-15,114193.90086844728,0.0,0.0,114193.90086844728,0.0,16.500452041625977,14193.900868447323,0.0,4057.595391994963,-0.08729311097325165,False
2022-06-16,114193.90086844728,0.0,0.0,114193.90086844728,0.0,15.575939178466797,14193.900868447323,0.0,4057.595391994963,-0.08729311097325165,False
2022-06-17,114193.90086844728,0.0,0.0,114193.90086844728,0.0,15.8544921875,14193.900868447323,0.0,4057.595391994963,-0.08729311097325165,False
2022-06-21,114193.90086844728,0.0,0.0,114193.90086844728,0.0,16.53938865661621,14193.900868447323,0.0,4057.595391994963,-0.08729311097325165,False
2022-06-22,114193.90086844728,0.0,0.0,114193.90086844728,0.0,16.333723068237305,14193.900868447323,0.0,4057.595391994963,-0.08729311097325165,False
2022-06-23,114193.90086844728,0.0,0.0,114193.90086844728,0.0,16.198938369750977,14193.900868447323,0.0,4057.595391994963,-0.08729311097325165,False
2022-06-24,114193.90086844728,0.0,0.0,114193.90086844728,0.0,17.098491668701172,14193.900868447323,0.0,4057.595391994963,-0.08729311097325165,False
2022-06-27,114193.90086844728,0.0,0.0,114193.90086844728,0.0,16.841899871826172,14193.900868447323,0.0,4057.595391994963,-0.08729311097325165,False
2022-06-28,114193.90086844728,0.0,0.0,114193.90086844728,0.0,15.956326484680176,14193.900868447323,0.0,4057.595391994963,-0.08729311097325165,False
2022-06-29,114193.90086844728,0.0,0.0,114193.90086844728,0.0,15.517034530639648,14193.900868447323,0.0,4057.595391994963,-0.08729311097325165,False
2022-06-30,114193.90086844728,0.0,0.0,114193.90086844728,0.0,15.134651184082031,14193.900868447323,0.0,4057.595391994963,-0.08729311097325165,False
2022-07-01,114193.90086844728,0.0,0.0,114193.90086844728,0.0,14.499673843383787,14193.900868447323,0.0,4057.595391994963,-0.08729311097325165,False
2022-07-05,114193.90086844728,0.0,0.0,114193.90086844728,0.0,14.939964294433594,14193.900868447323,0.0,4057.595391994963,-0.08729311097325165,False
2022-07-06,114193.90086844728,0.0,0.0,114193.90086844728,0.0,15.10569667816162,14193.900868447323,0.0,4057.595391994963,-0.08729311097325165,False
2022-07-07,114193.90086844728,0.0,0.0,114193.90086844728,0.0,15.832527160644531,14193.900868447323,0.0,4057.595391994963,-0.08729311097325165,False
2022-07-08,114193.90086844728,0.0,0.0,114193.90086844728,0.0,15.812559127807615,14193.900868447323,0.0,4057.595391994963,-0.08729311097325165,False
2022-07-11,114193.90086844728,0.0,0.0,114193.90086844728,0.0,15.127660751342772,14193.900868447323,0.0,4057.595391994963,-0.08729311097325165,False
2022-07-12,114193.90086844728,0.0,0.0,114193.90086844728,0.0,15.057774543762209,14193.900868447323,0.0,4057.595391994963,-0.08729311097325165,False
2022-07-13,114193.90086844728,0.0,0.0,114193.90086844728,0.0,15.139638900756836,14193.900868447323,0.0,4057.595391994963,-0.08729311097325165,False
2022-07-14,114193.90086844728,0.0,0.0,114193.90086844728,0.0,15.34730625152588,14193.900868447323,0.0,4057.595391994963,-0.08729311097325165,False
2022-07-15,114193.90086844728,0.0,0.0,114193.90086844728,0.0,15.73668098449707,14193.900868447323,0.0,4057.595391994963,-0.08729311097325165,False
2022-07-18,114193.90086844728,0.0,0.0,114193.90086844728,0.0,16.075138092041016,14193.900868447323,0.0,4057.595391994963,-0.08729311097325165,False
2022-07-19,114022.86656859439,1.0,-0.0014977533699450651,0.0,6721.18124178867,16.964706420898438,14022.86656859443,0.0,4228.629691847855,-0.08866012079206353,False
2022-07-20,118405.90555949115,0.0,0.03844000000000003,118405.90555949115,0.0,17.778392791748047,18405.905559491195,0.0,4406.505363694862,-0.05362821583531052,False
2022-07-21,118228.56271541803,0.9999999999999999,-0.0014977533699450651,1.4551915228366852e-11,6560.597401699084,18.021005630493164,18228.56271541807,0.0,4583.848207767989,-0.055045647364264094,False
2022-07-22,115099.93937456128,0.0,-0.026462500000000055,115099.93937456128,0.0,17.291175842285156,15099.93937456131,0.0,4756.757480739288,-0.08005150192088728,False
2022-07-25,115099.93937456128,0.0,0.0,115099.93937456128,0.0,16.996652603149414,15099.93937456131,0.0,4756.757480739288,-0.08005150192088728,False
2022-07-26,115099.93937456128,0.0,0.0,115099.93937456128,0.0,16.506439208984375,15099.93937456131,0.0,4756.757480739288,-0.08005150192088728,False
2022-07-27,114927.54805248255,0.9999999999999999,-0.0014977533699450651,1.4551915228366852e-11,6470.625841803937,17.76142692565918,14927.548052482587,0.0,4929.148802818012,-0.08142935788406114,False
2022-07-28,116006.54343655413,0.0,0.009388483460717634,116006.54343655413,0.0,17.95511245727539,16006.543436554162,0.0,5103.420024805825,-0.07280537260305475,False
2022-07-29,116006.54343655413,0.0,0.0,116006.54343655413,0.0,18.133827209472656,16006.543436554162,0.0,5103.420024805825,-0.07280537260305475,False
2022-08-01,116006.54343655413,0.0,0.0,116006.54343655413,0.0,18.411376953125,16006.543436554162,0.0,5103.420024805825,-0.07280537260305475,False
2022-08-02,116006.54343655413,0.0,0.0,116006.54343655413,0.0,18.496238708496097,16006.543436554162,0.0,5103.420024805825,-0.07280537260305475,False
2022-08-03,116006.54343655413,0.0,0.0,116006.54343655413,0.0,18.86264991760254,16006.543436554162,0.0,5103.420024805825,-0.07280537260305475,False
2022-08-04,116006.54343655413,0.0,0.0,116006.54343655413,0.0,19.18413543701172,16006.543436554162,0.0,5103.420024805825,-0.07280537260305475,False
2022-08-05,116006.54343655413,0.0,0.0,116006.54343655413,0.0,18.958499908447266,16006.543436554162,0.0,5103.420024805825,-0.07280537260305475,False
2022-08-08,116006.54343655413,0.0,0.0,116006.54343655413,0.0,17.764419555664062,16006.543436554162,0.0,5103.420024805825,-0.07280537260305475,False
2022-08-09,116006.54343655413,0.0,0.0,116006.54343655413,0.0,17.058551788330078,16006.543436554162,0.0,5103.420024805825,-0.07280537260305475,False
2022-08-10,116006.54343655413,0.0,0.0,116006.54343655413,0.0,18.06793212890625,16006.543436554162,0.0,5103.420024805825,-0.07280537260305475,False
2022-08-11,116006.54343655413,0.0,0.0,116006.54343655413,0.0,17.91318130493164,16006.543436554162,0.0,5103.420024805825,-0.07280537260305475,False
2022-08-12,116006.54343655413,0.0,0.0,116006.54343655413,0.0,18.6789493560791,16006.543436554162,0.0,5103.420024805825,-0.07280537260305475,False
2022-08-15,116006.54343655413,0.0,0.0,116006.54343655413,0.0,19.001428604125977,16006.543436554162,0.0,5103.420024805825,-0.07280537260305475,False
2022-08-16,116006.54343655413,0.0,0.0,116006.54343655413,0.0,18.84867477416992,16006.543436554162,0.0,5103.420024805825,-0.07280537260305475,False
2022-08-17,116006.54343655413,0.0,0.0,116006.54343655413,0.0,18.3055477142334,16006.543436554162,0.0,5103.420024805825,-0.07280537260305475,False
2022-08-18,116006.54343655413,0.0,0.0,116006.54343655413,0.0,18.742847442626953,16006.543436554162,0.0,5103.420024805825,-0.07280537260305475,False
2022-08-19,116006.54343655413,0.0,0.0,116006.54343655413,0.0,17.82033348083496,16006.543436554162,0.0,5103.420024805825,-0.07280537260305475,False
2022-08-22,116006.54343655413,0.0,0.0,116006.54343655413,0.0,17.006641387939453,16006.543436554162,0.0,5103.420024805825,-0.07280537260305475,False
2022-08-23,116006.54343655413,0.0,0.0,116006.54343655413,0.0,17.153398513793945,16006.543436554162,0.0,5103.420024805825,-0.07280537260305475,False
2022-08-24,116006.54343655413,0.0,0.0,116006.54343655413,0.0,17.194339752197266,16006.543436554162,0.0,5103.420024805825,-0.07280537260305475,False
2022-08-25,116006.54343655413,0.0,0.0,116006.54343655413,0.0,17.884227752685547,16006.543436554162,0.0,5103.420024805825,-0.07280537260305475,False
2022-08-26,116006.54343655413,0.0,0.0,116006.54343655413,0.0,16.2338809967041,16006.543436554162,0.0,5103.420024805825,-0.07280537260305475,False
2022-08-29,116006.54343655413,0.0,0.0,116006.54343655413,0.0,15.775616645812988,16006.543436554162,0.0,5103.420024805825,-0.07280537260305475,False
2022-08-30,116006.54343655413,0.0,0.0,116006.54343655413,0.0,15.443153381347656,16006.543436554162,0.0,5103.420024805825,-0.07280537260305475,False
2022-08-31,116006.54343655413,0.0,0.0,116006.54343655413,0.0,15.069753646850586,16006.543436554162,0.0,5103.420024805825,-0.07280537260305475,False
2022-09-01,116006.54343655413,0.0,0.0,116006.54343655413,0.0,13.914612770080566,16006.543436554162,0.0,5103.420024805825,-0.07280537260305475,False
2022-09-02,116006.54343655413,0.0,0.0,116006.54343655413,0.0,13.625078201293944,16006.543436554162,0.0,5103.420024805825,-0.07280537260305475,False
2022-09-06,116006.54343655413,0.0,0.0,116006.54343655413,0.0,13.443373680114746,16006.543436554162,0.0,5103.420024805825,-0.07280537260305475,False
2022-09-07,116006.54343655413,0.0,0.0,116006.54343655413,0.0,13.696038246154783,16006.543436554162,0.0,5103.420024805825,-0.07280537260305475,False
2022-09-08,116006.54343655413,0.0,0.0,116006.54343655413,0.0,13.97167682647705,16006.543436554162,0.0,5103.420024805825,-0.07280537260305475,False
2022-09-09,116006.54343655413,0.0,0.0,116006.54343655413,0.0,14.368159294128418,16006.543436554162,0.0,5103.420024805825,-0.07280537260305475,False
2022-09-12,116006.54343655413,0.0,0.0,116006.54343655413,0.0,14.486004829406738,16006.543436554162,0.0,5103.420024805825,-0.07280537260305475,False
2022-09-13,116006.54343655413,0.0,0.0,116006.54343655413,0.0,13.11380100250244,16006.543436554162,0.0,5103.420024805825,-0.07280537260305475,False
2022-09-14,116006.54343655413,0.0,0.0,116006.54343655413,0.0,13.11080837249756,16006.543436554162,0.0,5103.420024805825,-0.07280537260305475,False
2022-09-15,116006.54343655413,0.0,0.0,116006.54343655413,0.0,12.912069320678713,16006.543436554162,0.0,5103.420024805825,-0.07280537260305475,False
2022-09-16,116006.54343655413,0.0,0.0,116006.54343655413,0.0,13.180716514587402,16006.543436554162,0.0,5103.420024805825,-0.07280537260305475,False
2022-09-19,116006.54343655413,0.0,0.0,116006.54343655413,0.0,13.364473342895508,16006.543436554162,0.0,5103.420024805825,-0.07280537260305475,False
2022-09-20,116006.54343655413,0.0,0.0,116006.54343655413,0.0,13.158745765686035,16006.543436554162,0.0,5103.420024805825,-0.07280537260305475,False
2022-09-21,116006.54343655413,0.0,0.0,116006.54343655413,0.0,13.243634223937988,16006.543436554162,0.0,5103.420024805825,-0.07280537260305475,False
2022-09-22,116006.54343655413,0.0,0.0,116006.54343655413,0.0,12.544548988342283,16006.543436554162,0.0,5103.420024805825,-0.07280537260305475,False
2022-09-23,116006.54343655413,0.0,0.0,116006.54343655413,0.0,12.499608039855955,16006.543436554162,0.0,5103.420024805825,-0.07280537260305475,False
2022-09-26,116006.54343655413,0.0,0.0,116006.54343655413,0.0,12.211986541748049,16006.543436554162,0.0,5103.420024805825,-0.07280537260305475,False
2022-09-27,116006.54343655413,0.0,0.0,116006.54343655413,0.0,12.396742820739746,16006.543436554162,0.0,5103.420024805825,-0.07280537260305475,False
2022-09-28,116006.54343655413,0.0,0.0,116006.54343655413,0.0,12.719320297241213,16006.543436554162,0.0,5103.420024805825,-0.07280537260305475,False
2022-09-29,116006.54343655413,0.0,0.0,116006.54343655413,0.0,12.20399570465088,16006.543436554162,0.0,5103.420024805825,-0.07280537260305475,False
2022-09-30,116006.54343655413,0.0,0.0,116006.54343655413,0.0,12.123102188110352,16006.543436554162,0.0,5103.420024805825,-0.07280537260305475,False
2022-10-03,116006.54343655413,0.0,0.0,116006.54343655413,0.0,12.49561595916748,16006.543436554162,0.0,5103.420024805825,-0.07280537260305475,False
2022-10-04,116006.54343655413,0.0,0.0,116006.54343655413,0.0,13.149755477905272,16006.543436554162,0.0,5103.420024805825,-0.07280537260305475,False
2022-10-05,116006.54343655413,0.0,0.0,116006.54343655413,0.0,13.191701889038086,16006.543436554162,0.0,5103.420024805825,-0.07280537260305475,False
2022-10-06,116006.54343655413,0.0,0.0,116006.54343655413,0.0,13.112804412841797,16006.543436554162,0.0,5103.420024805825,-0.07280537260305475,False
2022-10-07,116006.54343655413,0.0,0.0,116006.54343655413,0.0,12.06018352508545,16006.543436554162,0.0,5103.420024805825,-0.07280537260305475,False
2022-10-10,116006.54343655413,0.0,0.0,116006.54343655413,0.0,11.654715538024902,16006.543436554162,0.0,5103.420024805825,-0.07280537260305475,False
2022-10-11,116006.54343655413,0.0,0.0,116006.54343655413,0.0,11.570826530456545,16006.543436554162,0.0,5103.420024805825,-0.07280537260305475,False
2022-10-12,116006.54343655413,0.0,0.0,116006.54343655413,0.0,11.484939575195312,16006.543436554162,0.0,5103.420024805825,-0.07280537260305475,False
2022-10-13,116006.54343655413,0.0,0.0,116006.54343655413,0.0,11.944337844848633,16006.543436554162,0.0,5103.420024805825,-0.07280537260305475,False
2022-10-14,116006.54343655413,0.0,0.0,116006.54343655413,0.0,11.21229648590088,16006.543436554162,0.0,5103.420024805825,-0.07280537260305475,False
2022-10-17,116006.54343655413,0.0,0.0,116006.54343655413,0.0,11.872429847717283,16006.543436554162,0.0,5103.420024805825,-0.07280537260305475,False
2022-10-18,116006.54343655413,0.0,0.0,116006.54343655413,0.0,11.95132827758789,16006.543436554162,0.0,5103.420024805825,-0.07280537260305475,False
2022-10-19,116006.54343655413,0.0,0.0,116006.54343655413,0.0,12.03521728515625,16006.543436554162,0.0,5103.420024805825,-0.07280537260305475,False
2022-10-20,116006.54343655413,0.0,0.0,116006.54343655413,0.0,12.17803192138672,16006.543436554162,0.0,5103.420024805825,-0.07280537260305475,False
2022-10-21,116006.54343655413,0.0,0.0,116006.54343655413,0.0,12.44967269897461,16006.543436554162,0.0,5103.420024805825,-0.07280537260305475,False
2022-10-24,116006.54343655413,0.0,0.0,116006.54343655413,0.0,12.582499504089355,16006.543436554162,0.0,5103.420024805825,-0.07280537260305475,False
2022-10-25,116006.54343655413,0.0,0.0,116006.54343655413,0.0,13.243634223937988,16006.543436554162,0.0,5103.420024805825,-0.07280537260305475,False
2022-10-26,116006.54343655413,0.0,0.0,116006.54343655413,0.0,12.879112243652344,16006.543436554162,0.0,5103.420024805825,-0.07280537260305475,False
2022-10-27,116006.54343655413,0.0,0.0,116006.54343655413,0.0,13.158745765686035,16006.543436554162,0.0,5103.420024805825,-0.07280537260305475,False
2022-10-28,116006.54343655413,0.0,0.0,116006.54343655413,0.0,13.815882682800291,16006.543436554162,0.0,5103.420024805825,-0.07280537260305475,False
2022-10-31,116006.54343655413,0.0,0.0,116006.54343655413,0.0,13.479324340820312,16006.543436554162,0.0,5103.420024805825,-0.07280537260305475,False
2022-11-01,116006.54343655413,0.0,0.0,116006.54343655413,0.0,13.525263786315918,16006.543436554162,0.0,5103.420024805825,-0.07280537260305475,False
2022-11-02,116006.54343655413,0.0,0.0,116006.54343655413,0.0,13.201687812805176,16006.543436554162,0.0,5103.420024805825,-0.07280537260305475,False
2022-11-03,116006.54343655413,0.0,0.0,116006.54343655413,0.0,13.403422355651855,16006.543436554162,0.0,5103.420024805825,-0.07280537260305475,False
2022-11-04,116006.54343655413,0.0,0.0,116006.54343655413,0.0,14.137460708618164,16006.543436554162,0.0,5103.420024805825,-0.07280537260305475,False
2022-11-07,116006.54343655413,0.0,0.0,116006.54343655413,0.0,14.282271385192873,16006.543436554162,0.0,5103.420024805825,-0.07280537260305475,False
2022-11-08,115832.79424518635,1.0,-0.0014977533699450651,0.0,7943.069159562749,14.582876205444336,15832.794245186382,0.0,5277.169216173605,-0.07419408148083351,False
2022-11-09,112173.92384358648,0.0,-0.03158751738177912,112173.92384358648,0.0,13.757960319519045,12173.92384358651,0.0,5445.682872423359,-0.10343799202421167,False
2022-11-10,112005.9149711298,0.9999999999999999,-0.0014977533699450651,1.4551915228366852e-11,7120.811588892883,15.729374885559082,12005.914971129816,0.0,5613.691744880054,-0.10478082079302209,False
2022-11-11,116311.42234262002,0.0,0.03844000000000003,116311.42234262002,0.0,16.30561637878418,16311.42234262005,0.0,5788.420972235017,-0.07036859554430586,False
2022-11-14,116137.21651784325,1.0,-0.0014977533699451762,0.0,7136.516249748977,16.273656845092773,16137.216517843284,0.0,5962.6267970117815,-0.07176095411313621,False
2022-11-15,120601.53112078916,0.0,0.03844000000000025,120601.53112078916,0.0,16.644174575805664,20601.531120789183,0.0,6143.800854779617,-0.036079445189244996,False
2022-11-16,120420.89977113246,1.0,-0.0014977533699450651,0.0,7578.806537041062,15.889163970947266,20420.899771132485,0.0,6324.432204436316,-0.03752316044857218,False
2022-11-17,118479.36619124275,0.0,-0.016122895473956067,118479.36619124275,0.0,15.656469345092772,18479.366191242763,0.0,6502.4182327656745,-0.05304107392876345,False
2022-11-18,118479.36619124275,0.0,0.0,118479.36619124275,0.0,15.388819694519045,18479.366191242763,0.0,6502.4182327656745,-0.05304107392876345,False
2022-11-21,118479.36619124275,0.0,0.0,118479.36619124275,0.0,15.296941757202148,18479.366191242763,0.0,6502.4182327656745,-0.05304107392876345,False
2022-11-22,118479.36619124275,0.0,0.0,118479.36619124275,0.0,16.016998291015625,18479.366191242763,0.0,6502.4182327656745,-0.05304107392876345,False
2022-11-23,118479.36619124275,0.0,0.0,118479.36619124275,0.0,16.497365951538086,18479.366191242763,0.0,6502.4182327656745,-0.05304107392876345,False
2022-11-25,118479.36619124275,0.0,0.0,118479.36619124275,0.0,16.248695373535156,18479.366191242763,0.0,6502.4182327656745,-0.05304107392876345,False
2022-11-28,118479.36619124275,0.0,0.0,118479.36619124275,0.0,15.806272506713867,18479.366191242763,0.0,6502.4182327656745,-0.05304107392876345,False
2022-11-29,118479.36619124275,0.0,0.0,118479.36619124275,0.0,15.618517875671388,18479.366191242763,0.0,6502.4182327656745,-0.05304107392876345,False
2022-11-30,118301.91332126086,1.0,-0.0014977533699450651,0.0,6997.976179792182,16.905160903930664,18301.913321260872,0.0,6679.871102747566,-0.05445938485148627,False
2022-12-01,119783.90850943702,1.0,0.01252722924397398,0.0,6997.976179792182,17.11693572998047,18301.913321260872,1481.995188176166,6679.871102747566,-0.04261438080603275,False
2022-12-02,116281.71126466835,0.0,-0.02923762705983801,116281.71126466835,0.0,16.85820960998535,16281.711264668367,0.0,6854.55569653525,-0.07060606449247797,False
2022-12-05,116281.71126466835,0.0,0.0,116281.71126466835,0.0,16.592491149902344,16281.711264668367,0.0,6854.55569653525,-0.07060606449247797,False
2022-12-06,116281.71126466835,0.0,0.0,116281.71126466835,0.0,15.970148086547852,16281.711264668367,0.0,6854.55569653525,-0.07060606449247797,False
2022-12-07,116281.71126466835,0.0,0.0,116281.71126466835,0.0,16.103010177612305,16281.711264668367,0.0,6854.55569653525,-0.07060606449247797,False
2022-12-08,116281.71126466835,0.0,0.0,116281.71126466835,0.0,17.150903701782227,16281.711264668367,0.0,6854.55569653525,-0.07060606449247797,False
2022-12-09,116281.71126466835,0.0,0.0,116281.71126466835,0.0,16.983078002929688,16281.711264668367,0.0,6854.55569653525,-0.07060606449247797,False
2022-12-12,116107.54993975871,1.0,-0.0014977533699450651,0.0,6628.461488428161,17.516515731811523,16107.54993975873,0.0,7028.717021444888,-0.07199806739139092,False
2022-12-13,122518.49652409862,0.0,0.055215587510598185,122518.49652409862,0.0,18.05295181274414,22518.496524098646,0.0,7212.7708469693225,-0.020757895471435917,False
2022-12-14,122334.99403304905,0.9999999999999999,-0.0014977533699450651,1.4551915228366852e-11,6929.052696013819,17.655370712280273,22334.99403304907,0.0,7396.2733380188965,-0.022224558633485714,False
2022-12-15,118502.26424813308,0.0,-0.03132979091722965,118502.26424813308,0.0,16.934127807617188,18502.26424813309,0.0,7574.293765031615,-0.05285805877550054,False
2022-12-16,118502.26424813308,0.0,0.0,118502.26424813308,0.0,16.55353355407715,18502.26424813309,0.0,7574.293765031615,-0.05285805877550054,False
2022-12-19,118502.26424813308,0.0,0.0,118502.26424813308,0.0,16.236865997314453,18502.26424813309,0.0,7574.293765031615,-0.05285805877550054,False
2022-12-20,118502.26424813308,0.0,0.0,118502.26424813308,0.0,16.06804656982422,18502.26424813309,0.0,7574.293765031615,-0.05285805877550054,False
2022-12-21,118502.26424813308,0.0,0.0,118502.26424813308,0.0,16.483604431152344,18502.26424813309,0.0,7574.293765031615,-0.05285805877550054,False
2022-12-22,118502.26424813308,0.0,0.0,118502.26424813308,0.0,15.322829246520996,18502.26424813309,0.0,7574.293765031615,-0.05285805877550054,False
2022-12-23,118502.26424813308,0.0,0.0,118502.26424813308,0.0,15.189970016479492,18502.26424813309,0.0,7574.293765031615,-0.05285805877550054,False
2022-12-27,118502.26424813308,0.0,0.0,118502.26424813308,0.0,14.106115341186523,18502.26424813309,0.0,7574.293765031615,-0.05285805877550054,False
2022-12-28,118502.26424813308,0.0,0.0,118502.26424813308,0.0,14.02120304107666,18502.26424813309,0.0,7574.293765031615,-0.05285805877550054,False
2022-12-29,118502.26424813308,0.0,0.0,118502.26424813308,0.0,14.587606430053713,18502.26424813309,0.0,7574.293765031615,-0.05285805877550054,False
2022-12-30,118502.26424813308,0.0,0.0,118502.26424813308,0.0,14.59859561920166,18502.26424813309,0.0,7574.293765031615,-0.05285805877550054,False
2023-01-03,118502.26424813308,0.0,0.0,118502.26424813308,0.0,14.299907684326172,18502.26424813309,0.0,7574.293765031615,-0.05285805877550054,False
2023-01-04,118502.26424813308,0.0,0.0,118502.26424813308,0.0,14.73345184326172,18502.26424813309,0.0,7574.293765031615,-0.05285805877550054,False
2023-01-05,118502.26424813308,0.0,0.0,118502.26424813308,0.0,14.249963760375977,18502.26424813309,0.0,7574.293765031615,-0.05285805877550054,False
2023-01-06,118502.26424813308,0.0,0.0,118502.26424813308,0.0,14.843335151672363,18502.26424813309,0.0,7574.293765031615,-0.05285805877550054,False
2023-01-09,118502.26424813308,0.0,0.0,118502.26424813308,0.0,15.611526489257812,18502.26424813309,0.0,7574.293765031615,-0.05285805877550054,False
2023-01-10,118502.26424813308,0.0,0.0,118502.26424813308,0.0,15.892229080200195,18502.26424813309,0.0,7574.293765031615,-0.05285805877550054,False
2023-01-11,118502.26424813308,0.0,0.0,118502.26424813308,0.0,15.984132766723633,18502.26424813309,0.0,7574.293765031615,-0.05285805877550054,False
2023-01-12,118324.77708250932,1.0,-0.0014977533699450651,0.0,7173.984196975279,16.493593215942383,18324.77708250933,0.0,7751.780930655379,-0.05427664380978581,False
2023-01-13,121105.37191331136,1.0,0.02349968366188504,0.0,7173.984196975279,16.881187438964844,18324.77708250933,2780.5948308020465,7751.780930655379,-0.032052444107659506,False
2023-01-17,125760.66240965907,0.0,0.03844000000000003,125760.66240965907,0.0,17.683340072631836,25760.662409659068,0.0,7940.705310840145,0.0,False
2023-01-18,125572.30395372848,0.9999999999999999,-0.0014977533699450651,1.4551915228366852e-11,7233.977393925598,17.358680725097656,25572.303953728475,0.0,8129.063766770738,-0.0014977533699450651,False
2023-01-19,122249.34686035293,0.0,-0.026462500000000055,122249.34686035293,0.0,16.74732780456543,22249.346860352918,0.0,8312.713261303066,-0.027920619071392982,False
2023-01-20,122066.24748911925,1.0,-0.0014977533699450651,0.0,6849.88237221203,17.8201961517334,22066.24748911924,0.0,8495.812632536745,-0.029376554240032826,False
2023-01-23,126758.474042601,0.0,0.03844000000000003,126758.474042601,0.0,19.17276954650879,26758.474042600978,0.0,8686.23597861977,0.0,False
2023-01-24,126568.62111093459,1.0,-0.0014977533699450651,0.0,6576.806846565511,19.244691848754883,26568.621110934575,0.0,8876.088910286173,-0.0014977533699450651,False
2023-01-25,123219.29897478648,0.0,-0.026462500000000055,123219.29897478648,0.0,19.302631378173828,23219.298974786463,0.0,9061.195518660914,-0.027920619071392982,False
2023-01-26,123034.74685450472,1.0,-0.0014977533699450651,0.0,6219.805015930909,19.781126022338867,23034.746854504705,0.0,9245.74763894267,-0.029376554240032937,False
2023-01-27,127764.20252359188,0.0,0.03844000000000003,127764.20252359188,0.0,20.343528747558594,27764.20252359188,0.0,9437.681844035698,0.0,False
2023-01-30,127764.20252359188,0.0,0.0,127764.20252359188,0.0,19.141799926757812,27764.20252359188,0.0,9437.681844035698,0.0,False
2023-01-31,127572.84325870383,1.0,-0.0014977533699450651,0.0,6536.697209385034,19.516407012939453,27572.843258703826,0.0,9629.041108923753,-0.0014977533699450651,False
2023-02-01,132476.74335356842,0.0,0.03844000000000025,132476.74335356842,0.0,20.92092514038086,32476.74335356841,0.0,9828.05474440733,0.0,False
2023-02-02,132278.32586477126,1.0,-0.0014977533699450651,0.0,6099.679871275216,21.68610954284668,32278.325864771254,0.0,10026.472233204488,-0.0014977533699450651,False
2023-02-03,127766.31629483367,0.0,-0.03410996881341122,127766.31629483367,0.0,21.0777587890625,27766.316294833643,0.0,10218.409613717507,-0.035556633862617315,False
2023-02-06,127766.31629483367,0.0,0.0,127766.31629483367,0.0,21.066774368286133,27766.316294833643,0.0,10218.409613717507,-0.035556633862617315,False
2023-02-07,127574.95386403761,1.0,-0.0014977533699450651,0.0,5759.688409899689,22.149627685546875,27574.953864037587,0.0,10409.772044513564,-0.03700113216437073,False
2023-02-08,127567.41421210648,0.0,-5.909978175788755e-05,127567.41421210648,0.0,22.181591033935547,27567.414212106465,0.0,10601.410623700503,-0.03705804518729294,False
2023-02-09,127567.41421210648,0.0,0.0,127567.41421210648,0.0,22.313453674316406,27567.414212106465,0.0,10601.410623700503,-0.03705804518729294,False
2023-02-10,127567.41421210648,0.0,0.0,127567.41421210648,0.0,21.242584228515625,27567.414212106465,0.0,10601.410623700503,-0.03705804518729294,False
2023-02-13,127567.41421210648,0.0,0.0,127567.41421210648,0.0,21.765033721923828,27567.414212106465,0.0,10601.410623700503,-0.03705804518729294,False
2023-02-14,127376.34968757512,1.0,-0.0014977533699450651,0.0,5550.945364967178,22.94678497314453,27376.3496875751,0.0,10792.475148231866,-0.038500294745175134,False
2023-02-15,124005.65303396767,0.0,-0.026462499999999944,124005.65303396767,0.0,22.739999771118164,24005.653033967646,0.0,10978.763059649944,-0.0639439806954809,False
2023-02-16,124005.65303396767,0.0,0.0,124005.65303396767,0.0,21.97880744934082,24005.653033967646,0.0,10978.763059649944,-0.0639439806954809,False
2023-02-17,124005.65303396767,0.0,0.0,124005.65303396767,0.0,21.365453720092773,24005.653033967646,0.0,10978.763059649944,-0.0639439806954809,False
2023-02-21,124005.65303396767,0.0,0.0,124005.65303396767,0.0,20.63322639465332,24005.653033967646,0.0,10978.763059649944,-0.0639439806954809,False
2023-02-22,124005.65303396767,0.0,0.0,124005.65303396767,0.0,20.73212242126465,24005.653033967646,0.0,10978.763059649944,-0.0639439806954809,False
2023-02-23,124005.65303396767,0.0,0.0,124005.65303396767,0.0,23.63905334472656,24005.653033967646,0.0,10978.763059649944,-0.0639439806954809,False
2023-02-24,124005.65303396767,0.0,0.0,124005.65303396767,0.0,23.261457443237305,24005.653033967646,0.0,10978.763059649944,-0.0639439806954809,False
2023-02-27,124005.65303396767,0.0,0.0,124005.65303396767,0.0,23.476226806640625,24005.653033967646,0.0,10978.763059649944,-0.0639439806954809,False
2023-02-28,124005.65303396767,0.0,0.0,124005.65303396767,0.0,23.1915283203125,24005.653033967646,0.0,10978.763059649944,-0.0639439806954809,False
2023-03-01,124005.65303396767,0.0,0.0,124005.65303396767,0.0,22.674072265625,24005.653033967646,0.0,10978.763059649944,-0.0639439806954809,False
2023-03-02,124005.65303396767,0.0,0.0,124005.65303396767,0.0,23.28942108154297,24005.653033967646,0.0,10978.763059649944,-0.0639439806954809,False
2023-03-03,124005.65303396767,0.0,0.0,124005.65303396767,0.0,23.86482048034668,24005.653033967646,0.0,10978.763059649944,-0.0639439806954809,False
2023-03-06,124005.65303396767,0.0,0.0,124005.65303396767,0.0,23.52917098999023,24005.653033967646,0.0,10978.763059649944,-0.0639439806954809,False
2023-03-07,124005.65303396767,0.0,0.0,124005.65303396767,0.0,23.26740074157715,24005.653033967646,0.0,10978.763059649944,-0.0639439806954809,False
2023-03-08,123819.9231492438,1.0000000000000002,-0.0014977533699451762,-1.4551915228366852e-11,5125.079795969661,24.159608840942383,23819.92314924378,0.0,11164.49294437381,-0.06534596175285168,False
2023-03-09,120543.33843290692,0.0,-0.026462500000000055,120543.33843290692,0.0,23.415271759033203,20543.338432906905,0.0,11345.579581979579,-0.09007924423996694,False
2023-03-10,120543.33843290692,0.0,0.0,120543.33843290692,0.0,22.94468879699707,20543.338432906905,0.0,11345.579581979579,-0.09007924423996694,False
2023-03-13,120543.33843290692,0.0,0.0,120543.33843290692,0.0,22.945688247680664,20543.338432906905,0.0,11345.579581979579,-0.09007924423996694,False
2023-03-14,120543.33843290692,0.0,0.0,120543.33843290692,0.0,24.041717529296875,20543.338432906905,0.0,11345.579581979579,-0.09007924423996694,False
2023-03-15,120543.33843290692,0.0,0.0,120543.33843290692,0.0,24.20656967163086,20543.338432906905,0.0,11345.579581979579,-0.09007924423996694,False
2023-03-16,120362.7942415446,1.0000000000000002,-0.0014977533699451762,-1.4551915228366852e-11,4716.704352651795,25.518409729003903,20362.794241544587,0.0,11526.123773341895,-0.09144208111828955,False
2023-03-17,121229.89422403827,1.0000000000000002,0.0072040532787363,-1.4551915228366852e-11,4716.704352651795,25.702245712280273,20362.794241544587,867.0999824936804,11526.123773341895,-0.08489678146384783,False
2023-03-20,121871.50330105677,0.0,0.005292498860328676,121871.50330105677,0.0,25.87709045410156,21871.503301056768,0.0,11709.205651110133,-0.08005359872266204,False
2023-03-21,121688.96984628733,0.9999999999999999,-0.0014977533699451762,1.4551915228366852e-11,4648.906063469327,26.17582893371582,21688.96984628734,0.0,11891.739105879564,-0.08143145154534404,False
2023-03-22,126366.69384717863,0.0,0.03844000000000003,126366.69384717863,0.0,26.44458770751953,26366.69384717862,0.0,12081.573898839772,-0.046121676542747014,False
2023-03-23,126177.4277056202,1.0,-0.0014977533699450651,0.0,4644.519738707007,27.166948318481445,26177.42770562019,0.0,12270.840040398201,-0.047550351016222736,False
2023-03-24,122838.45752496022,0.0,-0.026462500000000055,122838.45752496022,0.0,26.755313873291016,22838.457524960217,0.0,12455.374528417671,-0.07275454985245589,False
2023-03-27,122838.45752496022,0.0,0.0,122838.45752496022,0.0,26.507537841796875,22838.457524960217,0.0,12455.374528417671,-0.07275454985245589,False
2023-03-28,122838.45752496022,0.0,0.0,122838.45752496022,0.0,26.386640548706055,22838.457524960217,0.0,12455.374528417671,-0.07275454985245589,False
2023-03-29,122838.45752496022,0.0,0.0,122838.45752496022,0.0,26.960132598876953,22838.457524960217,0.0,12455.374528417671,-0.07275454985245589,False
2023-03-30,122838.45752496022,0.0,0.0,122838.45752496022,0.0,27.35877990722656,22838.457524960217,0.0,12455.374528417671,-0.07275454985245589,False
2023-03-31,122838.45752496022,0.0,0.0,122838.45752496022,0.0,27.75243377685547,22838.457524960217,0.0,12455.374528417671,-0.07275454985245589,False
2023-04-03,122838.45752496022,0.0,0.0,122838.45752496022,0.0,27.940265655517575,22838.457524960217,0.0,12455.374528417671,-0.07275454985245589,False
2023-04-04,122838.45752496022,0.0,0.0,122838.45752496022,0.0,27.428720474243164,22838.457524960217,0.0,12455.374528417671,-0.07275454985245589,False
2023-04-05,122838.45752496022,0.0,0.0,122838.45752496022,0.0,26.85722541809082,22838.457524960217,0.0,12455.374528417671,-0.07275454985245589,False
2023-04-06,122838.45752496022,0.0,0.0,122838.45752496022,0.0,27.01308822631836,22838.457524960217,0.0,12455.374528417671,-0.07275454985245589,False
2023-04-10,122838.45752496022,0.0,0.0,122838.45752496022,0.0,27.554607391357425,22838.457524960217,0.0,12455.374528417671,-0.07275454985245589,False
2023-04-11,122838.45752496022,0.0,0.0,122838.45752496022,0.0,27.144969940185547,22838.457524960217,0.0,12455.374528417671,-0.07275454985245589,False
2023-04-12,122838.45752496022,0.0,0.0,122838.45752496022,0.0,26.471567153930664,22838.457524960217,0.0,12455.374528417671,-0.07275454985245589,False
2023-04-13,122838.45752496022,0.0,0.0,122838.45752496022,0.0,26.439592361450195,22838.457524960217,0.0,12455.374528417671,-0.07275454985245589,False
2023-04-14,122838.45752496022,0.0,0.0,122838.45752496022,0.0,26.73433494567871,22838.457524960217,0.0,12455.374528417671,-0.07275454985245589,False
2023-04-17,122838.45752496022,0.0,0.0,122838.45752496022,0.0,26.978116989135746,22838.457524960217,0.0,12455.374528417671,-0.07275454985245589,False
2023-04-18,122838.45752496022,0.0,0.0,122838.45752496022,0.0,27.64253044128418,22838.457524960217,0.0,12455.374528417671,-0.07275454985245589,False
2023-04-19,122838.45752496022,0.0,0.0,122838.45752496022,0.0,27.906293869018555,22838.457524960217,0.0,12455.374528417671,-0.07275454985245589,False
2023-04-20,122838.45752496022,0.0,0.0,122838.45752496022,0.0,27.08002662658691,22838.457524960217,0.0,12455.374528417671,-0.07275454985245589,False
2023-04-21,122838.45752496022,0.0,0.0,122838.45752496022,0.0,27.09501266479492,22838.457524960217,0.0,12455.374528417671,-0.07275454985245589,False
2023-04-24,122838.45752496022,0.0,0.0,122838.45752496022,0.0,27.018083572387695,22838.457524960217,0.0,12455.374528417671,-0.07275454985245589,False
2023-04-25,122838.45752496022,0.0,0.0,122838.45752496022,0.0,26.217788696289062,22838.457524960217,0.0,12455.374528417671,-0.07275454985245589,False
2023-04-26,122838.45752496022,0.0,0.0,122838.45752496022,0.0,26.932153701782227,22838.457524960217,0.0,12455.374528417671,-0.07275454985245589,False
2023-04-27,122838.45752496022,0.0,0.0,122838.45752496022,0.0,27.201921463012695,22838.457524960217,0.0,12455.374528417671,-0.07275454985245589,False
2023-04-28,122838.45752496022,0.0,0.0,122838.45752496022,0.0,27.724456787109375,22838.457524960217,0.0,12455.374528417671,-0.07275454985245589,False
2023-05-01,122654.47581124335,1.0,-0.0014977533699451762,0.0,4246.387839407177,28.88442611694336,22654.475811243352,0.0,12639.356242134536,-0.07414333485018076,False
2023-05-02,119408.73174508831,0.0,-0.026462500000000055,119408.73174508831,0.0,28.18504524230957,19408.731745088317,0.0,12818.73841300848,-0.09864381685170787,False
2023-05-03,119408.73174508831,0.0,0.0,119408.73174508831,0.0,27.77741050720215,19408.731745088317,0.0,12818.73841300848,-0.09864381685170787,False
2023-05-04,119408.73174508831,0.0,0.0,119408.73174508831,0.0,27.537620544433594,19408.731745088317,0.0,12818.73841300848,-0.09864381685170787,False
2023-05-05,119408.73174508831,0.0,0.0,119408.73174508831,0.0,28.654634475708008,19408.731745088317,0.0,12818.73841300848,-0.09864381685170787,False
2023-05-08,119408.73174508831,0.0,0.0,119408.73174508831,0.0,29.125215530395508,19408.731745088317,0.0,12818.73841300848,-0.09864381685170787,False
2023-05-09,119408.73174508831,0.0,0.0,119408.73174508831,0.0,28.545734405517575,19408.731745088317,0.0,12818.73841300848,-0.09864381685170787,False
2023-05-10,119229.88691471623,0.9999999999999999,-0.0014977533699451762,1.4551915228366852e-11,4131.397715787444,28.859455108642575,19229.88691471624,0.0,12997.583243380554,-0.09999382611253915,False
2023-05-11,117785.69457843002,0.0,-0.012112670519592417,117785.69457843002,0.0,28.552719116210938,17785.69457843003,0.0,13174.527201184905,-0.11089530436243689,False
2023-05-12,117785.69457843002,0.0,0.0,117785.69457843002,0.0,28.3149356842041,17785.69457843003,0.0,13174.527201184905,-0.11089530436243689,False
2023-05-15,117785.69457843002,0.0,0.0,117785.69457843002,0.0,28.927391052246097,17785.69457843003,0.0,13174.527201184905,-0.11089530436243689,False
2023-05-16,117785.69457843002,0.0,0.0,117785.69457843002,0.0,29.18716049194336,17785.69457843003,0.0,13174.527201184905,-0.11089530436243689,False
2023-05-17,117609.28065744386,0.9999999999999999,-0.0014977533699450651,1.4551915228366852e-11,3900.636099256642,30.151308059692383,17609.280657443865,0.0,13350.94112217107,-0.11222696391656195,False
2023-05-18,122130.181405916,0.0,0.03844000000000003,122130.181405916,0.0,31.649980545043945,22130.181405916006,0.0,13534.411599996683,-0.07810096840951464,False
2023-05-19,121947.26051514328,1.0,-0.0014977533699450651,0.0,3904.017961519287,31.236347198486328,21947.26051514329,0.0,13717.332490769399,-0.07948174579082845,False
2023-05-22,121421.62364343568,0.0,-0.004310362278637014,121421.62364343568,0.0,31.14842987060547,21421.623643435683,0.0,13899.73853530135,-0.08344951295056846,False
2023-05-23,121421.62364343568,0.0,0.0,121421.62364343568,0.0,30.660860061645508,21421.623643435683,0.0,13899.73853530135,-0.08344951295056846,False
2023-05-24,121421.62364343568,0.0,0.0,121421.62364343568,0.0,30.510986328125,21421.623643435683,0.0,13899.73853530135,-0.08344951295056846,False
2023-05-25,121421.62364343568,0.0,0.0,121421.62364343568,0.0,37.94640350341797,21421.623643435683,0.0,13899.73853530135,-0.08344951295056846,False
2023-05-26,121421.62364343568,0.0,0.0,121421.62364343568,0.0,38.91154861450195,21421.623643435683,0.0,13899.73853530135,-0.08344951295056846,False
2023-05-30,121421.62364343568,0.0,0.0,121421.62364343568,0.0,40.07551956176758,21421.623643435683,0.0,13899.73853530135,-0.08344951295056846,False
2023-05-31,121239.76399743953,1.0,-0.0014977533699450651,0.0,3207.3562372095685,37.80052947998047,21239.763997439524,0.0,14081.59818129751,-0.08482227953127153,False
2023-06-01,125900.22052550112,0.0,0.03844000000000025,125900.22052550112,0.0,39.734825134277344,25900.220525501114,0.0,14270.732213133515,-0.04964284795645346,False
2023-06-02,125900.22052550112,0.0,0.0,125900.22052550112,0.0,39.29222106933594,25900.220525501114,0.0,14270.732213133515,-0.04964284795645346,False
2023-06-05,125900.22052550112,0.0,0.0,125900.22052550112,0.0,39.136356353759766,25900.220525501114,0.0,14270.732213133515,-0.04964284795645346,False
2023-06-06,125900.22052550112,0.0,0.0,125900.22052550112,0.0,38.61981201171875,25900.220525501114,0.0,14270.732213133515,-0.04964284795645346,False
2023-06-07,125900.22052550112,0.0,0.0,125900.22052550112,0.0,37.44572067260742,25900.220525501114,0.0,14270.732213133515,-0.04964284795645346,False
2023-06-08,125900.22052550112,0.0,0.0,125900.22052550112,0.0,38.47991943359375,25900.220525501114,0.0,14270.732213133515,-0.04964284795645346,False
2023-06-09,125900.22052550112,0.0,0.0,125900.22052550112,0.0,38.73971176147461,25900.220525501114,0.0,14270.732213133515,-0.04964284795645346,False
2023-06-12,125900.22052550112,0.0,0.0,125900.22052550112,0.0,39.4511604309082,25900.220525501114,0.0,14270.732213133515,-0.04964284795645346,False
2023-06-13,125900.22052550112,0.0,0.0,125900.22052550112,0.0,40.98996353149414,25900.220525501114,0.0,14270.732213133515,-0.04964284795645346,False
2023-06-14,125900.22052550112,0.0,0.0,125900.22052550112,0.0,42.963417053222656,25900.220525501114,0.0,14270.732213133515,-0.04964284795645346,False
2023-06-15,125900.22052550112,0.0,0.0,125900.22052550112,0.0,42.619686126708984,25900.220525501114,0.0,14270.732213133515,-0.04964284795645346,False
2023-06-16,125711.65304593222,0.9999999999999999,-0.0014977533699450651,1.4551915228366852e-11,2946.9206053804005,42.65864944458008,25711.653045932217,0.0,14459.299692702414,-0.05106624858357811,False
2023-06-20,128804.34867220839,0.0,0.024601503133095948,128804.34867220839,0.0,43.77377700805664,28804.348672208387,0.0,14652.796460862968,-0.027721051925006512,False
2023-06-21,128804.34867220839,0.0,0.0,128804.34867220839,0.0,43.011375427246094,28804.348672208387,0.0,14652.796460862968,-0.027721051925006512,False
2023-06-22,128804.34867220839,0.0,0.0,128804.34867220839,0.0,42.99139404296875,28804.348672208387,0.0,14652.796460862968,-0.027721051925006512,False
2023-06-23,128804.34867220839,0.0,0.0,128804.34867220839,0.0,42.176025390625,28804.348672208387,0.0,14652.796460862968,-0.027721051925006512,False
2023-06-26,128804.34867220839,0.0,0.0,128804.34867220839,0.0,40.60026550292969,28804.348672208387,0.0,14652.796460862968,-0.027721051925006512,False
2023-06-27,128804.34867220839,0.0,0.0,128804.34867220839,0.0,41.84328842163086,28804.348672208387,0.0,14652.796460862968,-0.027721051925006512,False
2023-06-28,128804.34867220839,0.0,0.0,128804.34867220839,0.0,41.08488464355469,28804.348672208387,0.0,14652.796460862968,-0.027721051925006512,False
2023-06-29,128804.34867220839,0.0,0.0,128804.34867220839,0.0,40.79011154174805,28804.348672208387,0.0,14652.796460862968,-0.027721051925006512,False
2023-06-30,128804.34867220839,0.0,0.0,128804.34867220839,0.0,42.268951416015625,28804.348672208387,0.0,14652.796460862968,-0.027721051925006512,False
2023-07-03,128804.34867220839,0.0,0.0,128804.34867220839,0.0,42.3798713684082,28804.348672208387,0.0,14652.796460862968,-0.027721051925006512,False
2023-07-05,128804.34867220839,0.0,0.0,128804.34867220839,0.0,42.28395462036133,28804.348672208387,0.0,14652.796460862968,-0.027721051925006512,False
2023-07-06,128804.34867220839,0.0,0.0,128804.34867220839,0.0,42.07011795043945,28804.348672208387,0.0,14652.796460862968,-0.027721051925006512,False
2023-07-07,128804.34867220839,0.0,0.0,128804.34867220839,0.0,42.46980667114258,28804.348672208387,0.0,14652.796460862968,-0.027721051925006512,False
2023-07-10,128804.34867220839,0.0,0.0,128804.34867220839,0.0,42.14706039428711,28804.348672208387,0.0,14652.796460862968,-0.027721051925006512,False
2023-07-11,128804.34867220839,0.0,0.0,128804.34867220839,0.0,42.371883392333984,28804.348672208387,0.0,14652.796460862968,-0.027721051925006512,False
2023-07-12,128804.34867220839,0.0,0.0,128804.34867220839,0.0,43.86770248413086,28804.348672208387,0.0,14652.796460862968,-0.027721051925006512,False
2023-07-13,128611.431524921,1.0000000000000002,-0.0014977533699450651,-1.4551915228366852e-11,2799.485410598584,45.94109725952149,28611.431524921005,0.0,14845.71360815035,-0.029177285996012547,False
2023-07-14,133555.254952739,0.0,0.03844000000000025,133555.254952739,0.0,45.43348693847656,33555.25495273897,0.0,15046.347441329228,0.0,False
2023-07-17,133355.22211955965,1.0,-0.0014977533699450651,0.0,2872.5055047281053,46.424705505371094,33355.22211955963,0.0,15246.380274508567,-0.0014977533699450651,False
2023-07-18,136320.1999828174,1.0,0.022233683961768724,0.0,2872.5055047281053,47.4568977355957,33355.22211955963,2964.9778632577704,15246.380274508567,0.0,False
2023-07-19,135123.2971211233,1.0,-0.008780084403081645,0.0,2872.5055047281053,47.04022216796875,33355.22211955963,1768.0750015636395,15246.380274508567,-0.008780084403081645,False
2023-07-20,131547.59687105555,0.0,-0.026462500000000166,131547.59687105555,0.0,45.48443984985352,31547.596871055535,0.0,15443.99809654821,-0.035010241419565324,False
2023-07-21,131547.59687105555,0.0,0.0,131547.59687105555,0.0,44.274391174316406,31547.596871055535,0.0,15443.99809654821,-0.035010241419565324,False
2023-07-24,131547.59687105555,0.0,0.0,131547.59687105555,0.0,44.57715606689453,31547.596871055535,0.0,15443.99809654821,-0.035010241419565324,False
2023-07-25,131547.59687105555,0.0,0.0,131547.59687105555,0.0,45.64331817626953,31547.596871055535,0.0,15443.99809654821,-0.035010241419565324,False
2023-07-26,131547.59687105555,0.0,0.0,131547.59687105555,0.0,45.41648483276367,31547.596871055535,0.0,15443.99809654821,-0.035010241419565324,False
2023-07-27,131547.59687105555,0.0,0.0,131547.59687105555,0.0,45.86415100097656,31547.596871055535,0.0,15443.99809654821,-0.035010241419565324,False
2023-07-28,131547.59687105555,0.0,0.0,131547.59687105555,0.0,46.71348571777344,31547.596871055535,0.0,15443.99809654821,-0.035010241419565324,False
2023-07-31,131547.59687105555,0.0,0.0,131547.59687105555,0.0,46.692501068115234,31547.596871055535,0.0,15443.99809654821,-0.035010241419565324,False
2023-08-01,131547.59687105555,0.0,0.0,131547.59687105555,0.0,46.470672607421875,31547.596871055535,0.0,15443.99809654821,-0.035010241419565324,False
2023-08-02,131547.59687105555,0.0,0.0,131547.59687105555,0.0,44.23442459106445,31547.596871055535,0.0,15443.99809654821,-0.035010241419565324,False
2023-08-03,131547.59687105555,0.0,0.0,131547.59687105555,0.0,44.480228424072266,31547.596871055535,0.0,15443.99809654821,-0.035010241419565324,False
2023-08-04,131547.59687105555,0.0,0.0,131547.59687105555,0.0,44.64509963989258,31547.596871055535,0.0,15443.99809654821,-0.035010241419565324,False
2023-08-07,131547.59687105555,0.0,0.0,131547.59687105555,0.0,45.38152694702149,31547.596871055535,0.0,15443.99809654821,-0.035010241419565324,False
2023-08-08,131547.59687105555,0.0,0.0,131547.59687105555,0.0,44.629119873046875,31547.596871055535,0.0,15443.99809654821,-0.035010241419565324,False
2023-08-09,131547.59687105555,0.0,0.0,131547.59687105555,0.0,42.52075958251953,31547.596871055535,0.0,15443.99809654821,-0.035010241419565324,False
2023-08-10,131547.59687105555,0.0,0.0,131547.59687105555,0.0,42.35489273071289,31547.596871055535,0.0,15443.99809654821,-0.035010241419565324,False
2023-08-11,131547.59687105555,0.0,0.0,131547.59687105555,0.0,40.82308197021485,31547.596871055535,0.0,15443.99809654821,-0.035010241419565324,False
2023-08-14,131547.59687105555,0.0,0.0,131547.59687105555,0.0,43.71882629394531,31547.596871055535,0.0,15443.99809654821,-0.035010241419565324,False
2023-08-15,131547.59687105555,0.0,0.0,131547.59687105555,0.0,43.90568161010742,31547.596871055535,0.0,15443.99809654821,-0.035010241419565324,False
2023-08-16,131547.59687105555,0.0,0.0,131547.59687105555,0.0,43.45203399658203,31547.596871055535,0.0,15443.99809654821,-0.035010241419565324,False
2023-08-17,131547.59687105555,0.0,0.0,131547.59687105555,0.0,43.31014251708984,31547.596871055535,0.0,15443.99809654821,-0.035010241419565324,False
2023-08-18,131547.59687105555,0.0,0.0,131547.59687105555,0.0,43.26517868041992,31547.596871055535,0.0,15443.99809654821,-0.035010241419565324,False
2023-08-21,131547.59687105555,0.0,0.0,131547.59687105555,0.0,46.930320739746094,31547.596871055535,0.0,15443.99809654821,-0.035010241419565324,False
2023-08-22,131547.59687105555,0.0,0.0,131547.59687105555,0.0,45.632328033447266,31547.596871055535,0.0,15443.99809654821,-0.035010241419565324,False
2023-08-23,131350.57101453375,1.0,-0.0014977533699450651,0.0,2789.991523582079,47.079200744628906,31350.571014533736,0.0,15641.023953070011,-0.03645555808244161,False
2023-08-24,139782.79167619077,0.0,0.06419629999723409,139782.79167619077,0.0,47.12615966796875,39782.79167619075,0.0,15851.013124341203,0.0,False
2023-08-25,139573.43152889743,0.9999999999999998,-0.0014977533699450651,2.9103830456733704e-11,3035.389121108426,45.9820556640625,39573.4315288974,0.0,16060.37327163455,-0.0014977533699450651,False
2023-08-28,141838.32612462118,0.0,0.016227261670892057,141838.32612462118,0.0,46.79841613769531,41838.32612462117,0.0,16273.450376478748,0.0,False
2023-08-29,141625.88729368066,1.0,-0.0014977533699450651,0.0,2905.3908044926143,48.74589920043945,41625.88729368065,0.0,16485.88920741927,-0.0014977533699450651,False
2023-08-30,143019.38739759172,1.0,0.009839303608537797,0.0,2905.3908044926143,49.22552490234375,41625.88729368065,1393.5001039110598,16485.88920741927,0.0,False
2023-08-31,143068.62981170538,0.0,0.00034430586656597484,143068.62981170538,0.0,49.31644821166992,43068.629811705374,0.0,16700.814540135903,0.0,False
2023-09-01,143068.62981170538,0.0,0.0,143068.62981170538,0.0,48.47111511230469,43068.629811705374,0.0,16700.814540135903,0.0,False
2023-09-05,143068.62981170538,0.0,0.0,143068.62981170538,0.0,48.51008605957031,43068.629811705374,0.0,16700.814540135903,0.0,False
2023-09-06,143068.62981170538,0.0,0.0,143068.62981170538,0.0,47.028114318847656,43068.629811705374,0.0,16700.814540135903,0.0,False
2023-09-07,143068.62981170538,0.0,0.0,143068.62981170538,0.0,46.20869064331055,43068.629811705374,0.0,16700.814540135903,0.0,False
2023-09-08,143068.62981170538,0.0,0.0,143068.62981170538,0.0,45.5401611328125,43068.629811705374,0.0,16700.814540135903,0.0,False
2023-09-11,143068.62981170538,0.0,0.0,143068.62981170538,0.0,45.14643096923828,43068.629811705374,0.0,16700.814540135903,0.0,False
2023-09-12,143068.62981170538,0.0,0.0,143068.62981170538,0.0,44.838645935058594,43068.629811705374,0.0,16700.814540135903,0.0,False
2023-09-13,143068.62981170538,0.0,0.0,143068.62981170538,0.0,45.45322799682617,43068.629811705374,0.0,16700.814540135903,0.0,False
2023-09-14,143068.62981170538,0.0,0.0,143068.62981170538,0.0,45.54915237426758,43068.629811705374,0.0,16700.814540135903,0.0,False
2023-09-15,143068.62981170538,0.0,0.0,143068.62981170538,0.0,43.86931991577149,43068.629811705374,0.0,16700.814540135903,0.0,False
2023-09-18,143068.62981170538,0.0,0.0,143068.62981170538,0.0,43.93527603149414,43068.629811705374,0.0,16700.814540135903,0.0,False
2023-09-19,143068.62981170538,0.0,0.0,143068.62981170538,0.0,43.48958969116211,43068.629811705374,0.0,16700.814540135903,0.0,False
2023-09-20,143068.62981170538,0.0,0.0,143068.62981170538,0.0,42.20948791503906,43068.629811705374,0.0,16700.814540135903,0.0,False
2023-09-21,143068.62981170538,0.0,0.0,143068.62981170538,0.0,40.988338470458984,43068.629811705374,0.0,16700.814540135903,0.0,False
2023-09-22,143068.62981170538,0.0,0.0,143068.62981170538,0.0,41.5809211730957,43068.629811705374,0.0,16700.814540135903,0.0,False
2023-09-25,143068.62981170538,0.0,0.0,143068.62981170538,0.0,42.19249725341797,43068.629811705374,0.0,16700.814540135903,0.0,False
2023-09-26,143068.62981170538,0.0,0.0,143068.62981170538,0.0,41.88172149658203,43068.629811705374,0.0,16700.814540135903,0.0,False
2023-09-27,143068.62981170538,0.0,0.0,143068.62981170538,0.0,42.43832015991211,43068.629811705374,0.0,16700.814540135903,0.0,False
2023-09-28,143068.62981170538,0.0,0.0,143068.62981170538,0.0,43.05888748168945,43068.629811705374,0.0,16700.814540135903,0.0,False
2023-09-29,143068.62981170538,0.0,0.0,143068.62981170538,0.0,43.468605041503906,43068.629811705374,0.0,16700.814540135903,0.0,False
2023-10-02,143068.62981170538,0.0,0.0,143068.62981170538,0.0,44.75070571899414,43068.629811705374,0.0,16700.814540135903,0.0,False
2023-10-03,143068.62981170538,0.0,0.0,143068.62981170538,0.0,43.48658752441406,43068.629811705374,0.0,16700.814540135903,0.0,False
2023-10-04,143068.62981170538,0.0,0.0,143068.62981170538,0.0,44.01022720336914,43068.629811705374,0.0,16700.814540135903,0.0,False
2023-10-05,142854.34828927147,1.0,-0.0014977533699451762,0.0,3198.939997804877,44.656776428222656,42854.34828927147,0.0,16915.09606256981,-0.0014977533699451762,False
2023-10-06,146287.59785318447,1.0,0.024033217084585168,0.0,3198.939997804877,45.73002243041992,42854.34828927147,3433.249563913014,16915.09606256981,0.0,False
2023-10-09,142416.46229499456,0.0,-0.026462500000000166,142416.46229499456,0.0,45.241363525390625,42416.462294994584,0.0,17129.041674430093,-0.026462500000000166,False
2023-10-10,142203.1575586566,0.9999999999999998,-0.0014977533699449541,2.9103830456733704e-11,3107.1794129900322,45.765995025634766,42203.157558656596,0.0,17342.346410768077,-0.027920619071392982,False
2023-10-11,145332.9998097724,0.9999999999999998,0.02200965368736485,2.9103830456733704e-11,3107.1794129900322,46.77328872680664,42203.157558656596,3129.8422511157837,17342.346410768077,-0.00652548854052637,False
2023-10-12,145764.58938186173,0.9999999999999998,0.002969659833996774,2.9103830456733704e-11,3107.1794129900322,46.91218948364258,42203.157558656596,3561.431823205143,17342.346410768077,-0.0035752071877456215,False
2023-10-13,141907.2939353442,0.0,-0.026462500000000055,141907.2939353442,0.0,45.42922592163086,41907.29393534423,0.0,17555.52712273905,-0.029943098267539936,False
2023-10-16,141907.2939353442,0.0,0.0,141907.2939353442,0.0,46.06279373168945,41907.29393534423,0.0,17555.52712273905,-0.029943098267539936,False
2023-10-17,141907.2939353442,0.0,0.0,141907.2939353442,0.0,43.90729904174805,41907.29393534423,0.0,17555.52712273905,-0.029943098267539936,False
2023-10-18,141907.2939353442,0.0,0.0,141907.2939353442,0.0,42.1665153503418,41907.29393534423,0.0,17555.52712273905,-0.029943098267539936,False
2023-10-19,141907.2939353442,0.0,0.0,141907.2939353442,0.0,42.07158279418945,41907.29393534423,0.0,17555.52712273905,-0.029943098267539936,False
2023-10-20,141907.2939353442,0.0,0.0,141907.2939353442,0.0,41.35807418823242,41907.29393534423,0.0,17555.52712273905,-0.029943098267539936,False
2023-10-23,141907.2939353442,0.0,0.0,141907.2939353442,0.0,42.94497299194336,41907.29393534423,0.0,17555.52712273905,-0.029943098267539936,False
2023-10-24,141907.2939353442,0.0,0.0,141907.2939353442,0.0,43.63249206542969,41907.29393534423,0.0,17555.52712273905,-0.029943098267539936,False
2023-10-25,141907.2939353442,0.0,0.0,141907.2939353442,0.0,41.74980926513672,41907.29393534423,0.0,17555.52712273905,-0.029943098267539936,False
2023-10-26,141907.2939353442,0.0,0.0,141907.2939353442,0.0,40.297821044921875,41907.29393534423,0.0,17555.52712273905,-0.029943098267539936,False
2023-10-27,141907.2939353442,0.0,0.0,141907.2939353442,0.0,40.47169876098633,41907.29393534423,0.0,17555.52712273905,-0.029943098267539936,False
2023-10-30,141907.2939353442,0.0,0.0,141907.2939353442,0.0,41.13224029541016,41907.29393534423,0.0,17555.52712273905,-0.029943098267539936,False
2023-10-31,141907.2939353442,0.0,0.0,141907.2939353442,0.0,40.751502990722656,41907.29393534423,0.0,17555.52712273905,-0.029943098267539936,False
2023-11-01,141907.2939353442,0.0,0.0,141907.2939353442,0.0,42.29542922973633,41907.29393534423,0.0,17555.52712273905,-0.029943098267539936,False
2023-11-02,141907.2939353442,0.0,0.0,141907.2939353442,0.0,43.4755973815918,41907.29393534423,0.0,17555.52712273905,-0.029943098267539936,False
2023-11-03,141694.75180763277,0.9999999999999998,-0.0014977533699449541,2.9103830456733704e-11,3150.6239398222915,44.97355270385742,41694.751807632776,0.0,17768.0692504505,-0.03139600426114819,False
2023-11-06,143827.42441501582,0.0,0.015051175715233178,143827.42441501582,0.0,45.71903610229492,43827.424415015805,0.0,17984.134484924733,-0.016817375322805583,False
2023-11-07,143827.42441501582,0.0,0.0,143827.42441501582,0.0,45.922889709472656,43827.424415015805,0.0,17984.134484924733,-0.016817375322805583,False
2023-11-08,143827.42441501582,0.0,0.0,143827.42441501582,0.0,46.54145431518555,43827.424415015805,0.0,17984.134484924733,-0.016817375322805583,False
2023-11-09,143612.0064054077,1.0,-0.0014977533699450651,0.0,3060.9677330738446,46.91719055175781,43612.006405407694,0.0,18199.552494532843,-0.018289940412187344,False
2023-11-10,147848.48738167618,1.0,0.02949949020494258,0.0,3060.9677330738446,48.30122375488281,43612.006405407694,4236.480976268463,18199.552494532843,0.0,False
2023-11-13,148497.14017119442,0.0,0.0043872805262032966,148497.14017119442,0.0,48.58601379394531,48497.14017119439,0.0,18422.632825285764,0.0,False
2023-11-14,148274.7280790758,1.0,-0.0014977533699450651,0.0,2988.1264184186493,49.62130355834961,48274.72807907578,0.0,18645.04491740438,-0.0014977533699450651,False
2023-11-15,144351.00808728326,0.0,-0.026462500000000055,144351.00808728326,0.0,48.85383605957031,44351.008087283226,0.0,18861.89670722003,-0.02792061907139287,False
2023-11-16,144351.00808728326,0.0,0.0,144351.00808728326,0.0,49.44542694091797,44351.008087283226,0.0,18861.89670722003,-0.02792061907139287,False
2023-11-17,144351.00808728326,0.0,0.0,144351.00808728326,0.0,49.263553619384766,44351.008087283226,0.0,18861.89670722003,-0.02792061907139287,False
2023-11-20,144134.80587846556,1.0,-0.0014977533699450651,0.0,2861.3063940275933,50.373775482177734,44134.80587846553,0.0,19078.09891603773,-0.029376554240032937,False
2023-11-21,142805.23666016228,1.0,-0.009224484052966164,0.0,2861.3063940275933,49.90910339355469,44134.80587846553,-1329.5692183032804,19078.09891603773,-0.03833005473688078,False
2023-11-22,139026.25308504273,0.0,-0.026462500000000055,139026.25308504273,0.0,48.68195724487305,39026.2530850427,0.0,19286.951574653216,-0.06377824566340617,False
2023-11-24,139026.25308504273,0.0,0.0,139026.25308504273,0.0,47.74261093139648,39026.2530850427,0.0,19286.951574653216,-0.06377824566340617,False
2023-11-27,139026.25308504273,0.0,0.0,139026.25308504273,0.0,48.20828628540039,39026.2530850427,0.0,19286.951574653216,-0.06377824566340617,False
2023-11-28,139026.25308504273,0.0,0.0,139026.25308504273,0.0,47.78758239746094,39026.2530850427,0.0,19286.951574653216,-0.06377824566340617,False
2023-11-29,139026.25308504273,0.0,0.0,139026.25308504273,0.0,48.10636520385742,39026.2530850427,0.0,19286.951574653216,-0.06377824566340617,False
2023-11-30,139026.25308504273,0.0,0.0,139026.25308504273,0.0,46.73732376098633,39026.2530850427,0.0,19286.951574653216,-0.06377824566340617,False
2023-12-01,139026.25308504273,0.0,0.0,139026.25308504273,0.0,46.732322692871094,39026.2530850427,0.0,19286.951574653216,-0.06377824566340617,False
2023-12-04,139026.25308504273,0.0,0.0,139026.25308504273,0.0,45.47819519042969,39026.2530850427,0.0,19286.951574653216,-0.06377824566340617,False
2023-12-05,139026.25308504273,0.0,0.0,139026.25308504273,0.0,46.53755569458008,39026.2530850427,0.0,19286.951574653216,-0.06377824566340617,False
2023-12-06,139026.25308504273,0.0,0.0,139026.25308504273,0.0,45.475196838378906,39026.2530850427,0.0,19286.951574653216,-0.06377824566340617,False
2023-12-07,139026.25308504273,0.0,0.0,139026.25308504273,0.0,46.567535400390625,39026.2530850427,0.0,19286.951574653216,-0.06377824566340617,False
2023-12-08,139026.25308504273,0.0,0.0,139026.25308504273,0.0,47.47697830200195,39026.2530850427,0.0,19286.951574653216,-0.06377824566340617,False
2023-12-11,139026.25308504273,0.0,0.0,139026.25308504273,0.0,46.59851837158203,39026.2530850427,0.0,19286.951574653216,-0.06377824566340617,False
2023-12-12,139026.25308504273,0.0,0.0,139026.25308504273,0.0,47.62788772583008,39026.2530850427,0.0,19286.951574653216,-0.06377824566340617,False
2023-12-13,139026.25308504273,0.0,0.0,139026.25308504273,0.0,48.05862808227539,39026.2530850427,0.0,19286.951574653216,-0.06377824566340617,False
2023-12-14,139026.25308504273,0.0,0.0,139026.25308504273,0.0,48.320457458496094,39026.2530850427,0.0,19286.951574653216,-0.06377824566340617,False
2023-12-15,139026.25308504273,0.0,0.0,139026.25308504273,0.0,48.86012649536133,39026.2530850427,0.0,19286.951574653216,-0.06377824566340617,False
2023-12-18,138818.02604597376,1.0,-0.0014977533699451762,0.0,2773.7857032123384,50.04641342163086,38818.02604597374,0.0,19495.178613722175,-0.06518047495097967,False
2023-12-19,137506.78843644052,1.0,-0.009445730117924267,0.0,2773.7857032123384,49.57368850708008,38818.02604597374,-1311.2376095332313,19495.178613722175,-0.07401052789355889,False
2023-12-20,133868.01504744124,0.0,-0.026462499999999833,133868.01504744124,0.0,48.08161163330078,33868.0150474412,0.0,19696.28229181047,-0.0985145242991754,False
2023-12-21,133868.01504744124,0.0,0.0,133868.01504744124,0.0,48.9600715637207,33868.0150474412,0.0,19696.28229181047,-0.0985145242991754,False
2023-12-22,133868.01504744124,0.0,0.0,133868.01504744124,0.0,48.800174713134766,33868.0150474412,0.0,19696.28229181047,-0.0985145242991754,False
2023-12-26,133868.01504744124,0.0,0.0,133868.01504744124,0.0,49.24889373779297,33868.0150474412,0.0,19696.28229181047,-0.0985145242991754,False
2023-12-27,133868.01504744124,0.0,0.0,133868.01504744124,0.0,49.386810302734375,33868.0150474412,0.0,19696.28229181047,-0.0985145242991754,False
2023-12-28,133868.01504744124,0.0,0.0,133868.01504744124,0.0,49.49174880981445,33868.0150474412,0.0,19696.28229181047,-0.0985145242991754,False
2023-12-29,133868.01504744124,0.0,0.0,133868.01504744124,0.0,49.49174880981445,33868.0150474412,0.0,19696.28229181047,-0.0985145242991754,False
2024-01-02,133868.01504744124,0.0,0.0,133868.01504744124,0.0,48.138572692871094,33868.0150474412,0.0,19696.28229181047,-0.0985145242991754,False
2024-01-03,133868.01504744124,0.0,0.0,133868.01504744124,0.0,47.539939880371094,33868.0150474412,0.0,19696.28229181047,-0.0985145242991754,False
2024-01-04,133868.01504744124,0.0,0.0,133868.01504744124,0.0,47.96868133544922,33868.0150474412,0.0,19696.28229181047,-0.0985145242991754,False
2024-01-05,133868.01504744124,0.0,0.0,133868.01504744124,0.0,49.0670051574707,33868.0150474412,0.0,19696.28229181047,-0.0985145242991754,False
2024-01-08,133868.01504744124,0.0,0.0,133868.01504744124,0.0,52.22107696533203,33868.0150474412,0.0,19696.28229181047,-0.0985145242991754,False
2024-01-09,133667.51377677606,1.0,-0.0014977533699451762,0.0,2516.9217600612324,53.10753631591797,33667.51377677604,0.0,19896.783562475634,-0.09986472720836292,False
2024-01-10,136711.1337522902,1.0,0.022770079950742206,0.0,2516.9217600612324,54.31679916381836,33667.51377677604,3043.6199755141097,19896.783562475634,-0.07936857508041417,False
2024-01-11,137898.3818305997,1.0,0.008684355441457514,0.0,2516.9217600612324,54.78850555419922,33667.51377677604,4230.868053823633,19896.783562475634,-0.07137348455583703,False
2024-01-12,137410.23565477194,0.0,-0.0035398977808704934,137410.23565477194,0.0,54.67657470703125,37410.23565477191,0.0,20103.208553444245,-0.07466072749711528,False
2024-01-16,137410.23565477194,0.0,0.0,137410.23565477194,0.0,56.347557067871094,37410.23565477191,0.0,20103.208553444245,-0.07466072749711528,False
2024-01-17,137410.23565477194,0.0,0.0,137410.23565477194,0.0,56.018760681152344,37410.23565477191,0.0,20103.208553444245,-0.07466072749711528,False
2024-01-18,137410.23565477194,0.0,0.0,137410.23565477194,0.0,57.07210922241211,37410.23565477191,0.0,20103.208553444245,-0.07466072749711528,False
2024-01-19,137410.23565477194,0.0,0.0,137410.23565477194,0.0,59.45466232299805,37410.23565477191,0.0,20103.208553444245,-0.07466072749711528,False
2024-01-22,137410.23565477194,0.0,0.0,137410.23565477194,0.0,59.61756134033203,37410.23565477191,0.0,20103.208553444245,-0.07466072749711528,False
2024-01-23,137410.23565477194,0.0,0.0,137410.23565477194,0.0,59.836429595947266,37410.23565477191,0.0,20103.208553444245,-0.07466072749711528,False
2024-01-24,137410.23565477194,0.0,0.0,137410.23565477194,0.0,61.324520111083984,37410.23565477191,0.0,20103.208553444245,-0.07466072749711528,False
2024-01-25,137410.23565477194,0.0,0.0,137410.23565477194,0.0,61.57935333251953,37410.23565477191,0.0,20103.208553444245,-0.07466072749711528,False
2024-01-26,137410.23565477194,0.0,0.0,137410.23565477194,0.0,60.99371719360352,37410.23565477191,0.0,20103.208553444245,-0.07466072749711528,False
2024-01-29,137410.23565477194,0.0,0.0,137410.23565477194,0.0,62.42683792114258,37410.23565477191,0.0,20103.208553444245,-0.07466072749711528,False
2024-01-30,137410.23565477194,0.0,0.0,137410.23565477194,0.0,62.73564910888672,37410.23565477191,0.0,20103.208553444245,-0.07466072749711528,False
2024-01-31,137410.23565477194,0.0,0.0,137410.23565477194,0.0,61.48941802978515,37410.23565477191,0.0,20103.208553444245,-0.07466072749711528,False
2024-02-01,137410.23565477194,0.0,0.0,137410.23565477194,0.0,62.988494873046875,37410.23565477191,0.0,20103.208553444245,-0.07466072749711528,False
2024-02-02,137410.23565477194,0.0,0.0,137410.23565477194,0.0,66.11959838867188,37410.23565477191,0.0,20103.208553444245,-0.07466072749711528,False
2024-02-05,137410.23565477194,0.0,0.0,137410.23565477194,0.0,69.28964233398438,37410.23565477191,0.0,20103.208553444245,-0.07466072749711528,False
2024-02-06,137410.23565477194,0.0,0.0,137410.23565477194,0.0,68.18132019042969,37410.23565477191,0.0,20103.208553444245,-0.07466072749711528,False
2024-02-07,137410.23565477194,0.0,0.0,137410.23565477194,0.0,70.05616760253906,37410.23565477191,0.0,20103.208553444245,-0.07466072749711528,False
2024-02-08,137410.23565477194,0.0,0.0,137410.23565477194,0.0,69.59844970703125,37410.23565477191,0.0,20103.208553444245,-0.07466072749711528,False
2024-02-09,137410.23565477194,0.0,0.0,137410.23565477194,0.0,72.08894348144531,37410.23565477191,0.0,20103.208553444245,-0.07466072749711528,False
2024-02-12,137410.23565477194,0.0,0.0,137410.23565477194,0.0,72.20386505126953,37410.23565477191,0.0,20103.208553444245,-0.07466072749711528,False
2024-02-13,137410.23565477194,0.0,0.0,137410.23565477194,0.0,72.08393859863281,37410.23565477191,0.0,20103.208553444245,-0.07466072749711528,False
2024-02-14,137410.23565477194,0.0,0.0,137410.23565477194,0.0,73.8548583984375,37410.23565477191,0.0,20103.208553444245,-0.07466072749711528,False
2024-02-15,137410.23565477194,0.0,0.0,137410.23565477194,0.0,72.61360931396484,37410.23565477191,0.0,20103.208553444245,-0.07466072749711528,False
2024-02-16,137410.23565477194,0.0,0.0,137410.23565477194,0.0,72.5686264038086,37410.23565477191,0.0,20103.208553444245,-0.07466072749711528,False
2024-02-20,137410.23565477194,0.0,0.0,137410.23565477194,0.0,69.4095687866211,37410.23565477191,0.0,20103.208553444245,-0.07466072749711528,False
2024-02-21,137410.23565477194,0.0,0.0,137410.23565477194,0.0,67.4307861328125,37410.23565477191,0.0,20103.208553444245,-0.07466072749711528,False
2024-02-22,137410.23565477194,0.0,0.0,137410.23565477194,0.0,78.49002075195312,37410.23565477191,0.0,20103.208553444245,-0.07466072749711528,False
2024-02-23,137204.42901125507,0.9999999999999998,-0.0014977533699450651,2.9103830456733704e-11,1741.861473414095,78.76885223388672,37204.42901125503,0.0,20309.01519696113,-0.07604665751084894,False
2024-02-26,137683.16449799723,0.9999999999999998,0.0034892130683543687,2.9103830456733704e-11,1741.861473414095,79.04369354248047,37204.42901125503,478.7354867421673,20309.01519696113,-0.07282278743368609,False
2024-02-27,136796.967077453,0.0,-0.006436498055338635,136796.967077453,0.0,78.65290832519531,36796.96707745299,0.0,20514.51890313657,-0.07879056175932353,False
2024-02-28,136796.967077453,0.0,0.0,136796.967077453,0.0,77.61556243896484,36796.96707745299,0.0,20514.51890313657,-0.07879056175932353,False
2024-02-29,136592.0789590145,0.9999999999999998,-0.0014977533699449541,2.9103830456733704e-11,1727.6215081952796,79.06365966796875,36592.07895901446,0.0,20719.40702157509,-0.08017030629987365,False
2024-03-01,141842.67847419903,0.0,0.03844000000000003,141842.67847419903,0.0,82.22872161865234,41842.678474199,0.0,20932.490664751153,-0.044812052874040664,False
2024-03-04,141842.67847419903,0.0,0.0,141842.67847419903,0.0,85.18492889404297,41842.678474199,0.0,20932.490664751153,-0.044812052874040664,False
2024-03-05,141842.67847419903,0.0,0.0,141842.67847419903,0.0,85.91551971435547,41842.678474199,0.0,20932.490664751153,-0.044812052874040664,False
2024-03-06,141842.67847419903,0.0,0.0,141842.67847419903,0.0,88.64997100830078,41842.678474199,0.0,20932.490664751153,-0.044812052874040664,False
2024-03-07,141842.67847419903,0.0,0.0,141842.67847419903,0.0,92.6167221069336,41842.678474199,0.0,20932.490664751153,-0.044812052874040664,False
2024-03-08,141630.23312451225,1.0,-0.0014977533699451762,0.0,1619.0265058517416,87.4786376953125,41630.233124512226,0.0,21144.93601443792,-0.04624268884077953,False
2024-03-11,137882.34308045486,0.0,-0.026462499999999944,137882.34308045486,0.0,85.72563171386719,37882.34308045482,0.0,21352.07023038252,-0.07148149168733031,False
2024-03-12,137675.82933645017,1.0,-0.0014977533699451762,0.0,1498.738192717367,91.86116027832033,37675.829336450144,0.0,21558.583974387195,-0.07287218341221213,False
2024-03-13,134032.58270263436,0.0,-0.026462499999999944,134032.58270263436,0.0,90.83673095703124,34032.582702634325,0.0,21759.934874791754,-0.0974063032586664,False
2024-03-14,134032.58270263436,0.0,0.0,134032.58270263436,0.0,87.89439392089844,34032.582702634325,0.0,21759.934874791754,-0.0974063032586664,False
2024-03-15,134032.58270263436,0.0,0.0,134032.58270263436,0.0,87.7874526977539,34032.582702634325,0.0,21759.934874791754,-0.0974063032586664,False
2024-03-18,134032.58270263436,0.0,0.0,134032.58270263436,0.0,88.40511322021484,34032.582702634325,0.0,21759.934874791754,-0.0974063032586664,False
2024-03-19,134032.58270263436,0.0,0.0,134032.58270263436,0.0,89.34757995605469,34032.582702634325,0.0,21759.934874791754,-0.0974063032586664,False
2024-03-20,134032.58270263436,0.0,0.0,134032.58270263436,0.0,90.32102966308594,34032.582702634325,0.0,21759.934874791754,-0.0974063032586664,False
2024-03-21,134032.58270263436,0.0,0.0,134032.58270263436,0.0,91.3834228515625,34032.582702634325,0.0,21759.934874791754,-0.0974063032586664,False
2024-03-22,134032.58270263436,0.0,0.0,134032.58270263436,0.0,94.2358169555664,34032.582702634325,0.0,21759.934874791754,-0.0974063032586664,False
2024-03-25,133831.83495020904,1.0,-0.0014977533699451762,0.0,1409.521601278337,94.94841003417967,33831.83495020901,0.0,21960.682627217066,-0.09875816600965193,False
2024-03-26,130290.31001783912,0.0,-0.026462500000000166,130290.31001783912,0.0,92.50879669189452,30290.310017839096,0.0,22156.411685831747,-0.12260727804162164,False
2024-03-27,130290.31001783912,0.0,0.0,130290.31001783912,0.0,90.1990966796875,30290.310017839096,0.0,22156.411685831747,-0.12260727804162164,False
2024-03-28,130290.31001783912,0.0,0.0,130290.31001783912,0.0,90.3050308227539,30290.310017839096,0.0,22156.411685831747,-0.12260727804162164,False
2024-04-01,130290.31001783912,0.0,0.0,130290.31001783912,0.0,90.31202697753906,30290.310017839096,0.0,22156.411685831747,-0.12260727804162164,False
2024-04-02,130290.31001783912,0.0,0.0,130290.31001783912,0.0,89.40155792236328,30290.310017839096,0.0,22156.411685831747,-0.12260727804162164,False
2024-04-03,130290.31001783912,0.0,0.0,130290.31001783912,0.0,88.91382598876953,30290.310017839096,0.0,22156.411685831747,-0.12260727804162164,False
2024-04-04,130290.31001783912,0.0,0.0,130290.31001783912,0.0,85.85653686523438,30290.310017839096,0.0,22156.411685831747,-0.12260727804162164,False
2024-04-05,130290.31001783912,0.0,0.0,130290.31001783912,0.0,87.95836639404297,30290.310017839096,0.0,22156.411685831747,-0.12260727804162164,False
2024-04-08,130290.31001783912,0.0,0.0,130290.31001783912,0.0,87.0838623046875,30290.310017839096,0.0,22156.411685831747,-0.12260727804162164,False
2024-04-09,130290.31001783912,0.0,0.0,130290.31001783912,0.0,85.30583953857422,30290.310017839096,0.0,22156.411685831747,-0.12260727804162164,False
2024-04-10,130290.31001783912,0.0,0.0,130290.31001783912,0.0,86.98991394042969,30290.310017839096,0.0,22156.411685831747,-0.12260727804162164,False
2024-04-11,130290.31001783912,0.0,0.0,130290.31001783912,0.0,90.56488037109376,30290.310017839096,0.0,22156.411685831747,-0.12260727804162164,False
2024-04-12,130290.31001783912,0.0,0.0,130290.31001783912,0.0,88.13626861572266,30290.310017839096,0.0,22156.411685831747,-0.12260727804162164,False
2024-04-15,130290.31001783912,0.0,0.0,130290.31001783912,0.0,85.9524917602539,30290.310017839096,0.0,22156.411685831747,-0.12260727804162164,False
2024-04-16,130290.31001783912,0.0,0.0,130290.31001783912,0.0,87.36569213867188,30290.310017839096,0.0,22156.411685831747,-0.12260727804162164,False
2024-04-17,130290.31001783912,0.0,0.0,130290.31001783912,0.0,83.98759460449219,30290.310017839096,0.0,22156.411685831747,-0.12260727804162164,False
2024-04-18,130290.31001783912,0.0,0.0,130290.31001783912,0.0,84.62323760986328,30290.310017839096,0.0,22156.411685831747,-0.12260727804162164,False
2024-04-19,130290.31001783912,0.0,0.0,130290.31001783912,0.0,76.15702819824219,30290.310017839096,0.0,22156.411685831747,-0.12260727804162164,False
2024-04-22,130290.31001783912,0.0,0.0,130290.31001783912,0.0,79.47315216064453,30290.310017839096,0.0,22156.411685831747,-0.12260727804162164,False
2024-04-23,130290.31001783912,0.0,0.0,130290.31001783912,0.0,82.37651062011719,30290.310017839096,0.0,22156.411685831747,-0.12260727804162164,False
2024-04-24,130290.31001783912,0.0,0.0,130290.31001783912,0.0,79.63206481933594,30290.310017839096,0.0,22156.411685831747,-0.12260727804162164,False
2024-04-25,130290.31001783912,0.0,0.0,130290.31001783912,0.0,82.58538818359375,30290.310017839096,0.0,22156.411685831747,-0.12260727804162164,False
2024-04-26,130290.31001783912,0.0,0.0,130290.31001783912,0.0,87.6855239868164,30290.310017839096,0.0,22156.411685831747,-0.12260727804162164,False
2024-04-29,130290.31001783912,0.0,0.0,130290.31001783912,0.0,87.70751190185547,30290.310017839096,0.0,22156.411685831747,-0.12260727804162164,False
2024-04-30,130290.31001783912,0.0,0.0,130290.31001783912,0.0,86.353271484375,30290.310017839096,0.0,22156.411685831747,-0.12260727804162164,False
2024-05-01,130290.31001783912,0.0,0.0,130290.31001783912,0.0,82.99415588378906,30290.310017839096,0.0,22156.411685831747,-0.12260727804162164,False
2024-05-02,130290.31001783912,0.0,0.0,130290.31001783912,0.0,85.76859283447266,30290.310017839096,0.0,22156.411685831747,-0.12260727804162164,False
2024-05-03,130290.31001783912,0.0,0.0,130290.31001783912,0.0,88.7389144897461,30290.310017839096,0.0,22156.411685831747,-0.12260727804162164,False
2024-05-06,130290.31001783912,0.0,0.0,130290.31001783912,0.0,92.08802795410156,30290.310017839096,0.0,22156.411685831747,-0.12260727804162164,False
2024-05-07,130095.1672669387,1.0,-0.0014977533699451762,0.0,1437.4691263161071,90.5029296875,30095.167266938686,0.0,22351.554436732156,-0.12392139594770013,False
2024-05-08,129696.33299020685,0.0,-0.0030657117025223446,129696.33299020685,0.0,90.36101531982422,29696.332990206844,0.0,22546.391191349394,-0.12660720037647277,False
2024-05-09,129696.33299020685,0.0,0.0,129696.33299020685,0.0,88.69695281982422,29696.332990206844,0.0,22546.391191349394,-0.12660720037647277,False
2024-05-10,129696.33299020685,0.0,0.0,129696.33299020685,0.0,89.82731628417969,29696.332990206844,0.0,22546.391191349394,-0.12660720037647277,False
2024-05-13,129696.33299020685,0.0,0.0,129696.33299020685,0.0,90.3480224609375,29696.332990206844,0.0,22546.391191349394,-0.12660720037647277,False
2024-05-14,129696.33299020685,0.0,0.0,129696.33299020685,0.0,91.30447387695312,29696.332990206844,0.0,22546.391191349394,-0.12660720037647277,False
2024-05-15,129502.07987040126,0.9999999999999999,-0.0014977533699450651,1.4551915228366852e-11,1369.2821451975515,94.57662200927734,29502.07987040124,0.0,22740.644311154996,-0.12791532738539457,False
2024-05-16,128937.54272789184,0.0,-0.004359290160238172,128937.54272789184,0.0,94.30579376220705,28937.54272789182,0.0,22934.341170535907,-0.131716997517618,False
2024-05-17,128937.54272789184,0.0,0.0,128937.54272789184,0.0,92.42684173583984,28937.54272789182,0.0,22934.341170535907,-0.131716997517618,False
2024-05-20,128937.54272789184,0.0,0.0,128937.54272789184,0.0,94.72655487060548,28937.54272789182,0.0,22934.341170535907,-0.131716997517618,False
2024-05-21,128937.54272789184,0.0,0.0,128937.54272789184,0.0,95.33219909667967,28937.54272789182,0.0,22934.341170535907,-0.131716997517618,False
2024-05-22,128937.54272789184,0.0,0.0,128937.54272789184,0.0,94.89645385742188,28937.54272789182,0.0,22934.341170535907,-0.131716997517618,False
2024-05-23,128744.4260887587,0.9999999999999999,-0.0014977533699450651,1.4551915228366852e-11,1241.0241151686057,103.74047088623048,28744.426088758682,0.0,23127.457809669046,-0.133017471310652,False
2024-05-24,132056.08348788152,1.0,0.025722724468395297,1.4551915228366852e-11,1241.0241151686057,106.4089584350586,28744.426088758682,3311.657399122848,23127.457809669046,-0.1107163186062633,False
2024-05-28,137132.31933715573,0.0,0.03844000000000025,137132.31933715573,0.0,113.83676147460938,37132.3193371557,0.0,23333.46529991014,-0.07653225389348772,False
2024-05-29,137132.31933715573,0.0,0.0,137132.31933715573,0.0,114.7602310180664,37132.3193371557,0.0,23333.46529991014,-0.07653225389348772,False
2024-05-30,137132.31933715573,0.0,0.0,137132.31933715573,0.0,110.43766784667967,37132.3193371557,0.0,23333.46529991014,-0.07653225389348772,False
2024-05-31,136926.92894374012,1.0,-0.0014977533699450651,0.0,1249.6620479866122,109.5711669921875,36926.92894374009,0.0,23538.855693325753,-0.07791538082225435,False
2024-06-03,142190.40009233748,0.0,0.03844000000000003,142190.40009233748,0.0,114.93513488769533,42190.40009233746,0.0,23752.461702477987,-0.042470448061061816,False
2024-06-04,142190.40009233748,0.0,0.0,142190.40009233748,0.0,116.37133026123048,42190.40009233746,0.0,23752.461702477987,-0.042470448061061816,False
2024-06-05,142190.40009233748,0.0,0.0,142190.40009233748,0.0,122.3709487915039,42190.40009233746,0.0,23752.461702477987,-0.042470448061061816,False
2024-06-06,142190.40009233748,0.0,0.0,142190.40009233748,0.0,120.92976379394533,42190.40009233746,0.0,23752.461702477987,-0.042470448061061816,False
2024-06-07,142190.40009233748,0.0,0.0,142190.40009233748,0.0,120.81982421875,42190.40009233746,0.0,23752.461702477987,-0.042470448061061816,False
2024-06-10,142190.40009233748,0.0,0.0,142190.40009233748,0.0,121.72130584716795,42190.40009233746,0.0,23752.461702477987,-0.042470448061061816,False
2024-06-11,142190.40009233748,0.0,0.0,142190.40009233748,0.0,120.85173034667967,42190.40009233746,0.0,23752.461702477987,-0.042470448061061816,False
2024-06-12,142190.40009233748,0.0,0.0,142190.40009233748,0.0,125.1396713256836,42190.40009233746,0.0,23752.461702477987,-0.042470448061061816,False
2024-06-13,142190.40009233748,0.0,0.0,142190.40009233748,0.0,129.5475311279297,42190.40009233746,0.0,23752.461702477987,-0.042470448061061816,False
2024-06-14,142190.40009233748,0.0,0.0,142190.40009233748,0.0,131.8164520263672,42190.40009233746,0.0,23752.461702477987,-0.042470448061061816,False
2024-06-17,142190.40009233748,0.0,0.0,142190.40009233748,0.0,130.9168701171875,42190.40009233746,0.0,23752.461702477987,-0.042470448061061816,False
2024-06-18,142190.40009233748,0.0,0.0,142190.40009233748,0.0,135.51466369628906,42190.40009233746,0.0,23752.461702477987,-0.042470448061061816,False
2024-06-20,142190.40009233748,0.0,0.0,142190.40009233748,0.0,130.71697998046875,42190.40009233746,0.0,23752.461702477987,-0.042470448061061816,False
2024-06-21,142190.40009233748,0.0,0.0,142190.40009233748,0.0,126.50899505615234,42190.40009233746,0.0,23752.461702477987,-0.042470448061061816,False
2024-06-24,142190.40009233748,0.0,0.0,142190.40009233748,0.0,118.0530776977539,42190.40009233746,0.0,23752.461702477987,-0.042470448061061816,False
2024-06-25,142190.40009233748,0.0,0.0,142190.40009233748,0.0,126.02922821044922,42190.40009233746,0.0,23752.461702477987,-0.042470448061061816,False
2024-06-26,142190.40009233748,0.0,0.0,142190.40009233748,0.0,126.33908081054688,42190.40009233746,0.0,23752.461702477987,-0.042470448061061816,False
2024-06-27,142190.40009233748,0.0,0.0,142190.40009233748,0.0,123.93024444580078,42190.40009233746,0.0,23752.461702477987,-0.042470448061061816,False
2024-06-28,142190.40009233748,0.0,0.0,142190.40009233748,0.0,123.48046875,42190.40009233746,0.0,23752.461702477987,-0.042470448061061816,False
2024-07-01,142190.40009233748,0.0,0.0,142190.40009233748,0.0,124.24009704589844,42190.40009233746,0.0,23752.461702477987,-0.042470448061061816,False
2024-07-02,142190.40009233748,0.0,0.0,142190.40009233748,0.0,122.61087036132812,42190.40009233746,0.0,23752.461702477987,-0.042470448061061816,False
2024-07-03,142190.40009233748,0.0,0.0,142190.40009233748,0.0,128.21817016601562,42190.40009233746,0.0,23752.461702477987,-0.042470448061061816,False
2024-07-05,142190.40009233748,0.0,0.0,142190.40009233748,0.0,125.76936340332033,42190.40009233746,0.0,23752.461702477987,-0.042470448061061816,False
2024-07-08,142190.40009233748,0.0,0.0,142190.40009233748,0.0,128.13819885253906,42190.40009233746,0.0,23752.461702477987,-0.042470448061061816,False
2024-07-09,142190.40009233748,0.0,0.0,142190.40009233748,0.0,131.3166961669922,42190.40009233746,0.0,23752.461702477987,-0.042470448061061816,False
2024-07-10,142190.40009233748,0.0,0.0,142190.40009233748,0.0,134.84498596191406,42190.40009233746,0.0,23752.461702477987,-0.042470448061061816,False
2024-07-11,142190.40009233748,0.0,0.0,142190.40009233748,0.0,127.3386001586914,42190.40009233746,0.0,23752.461702477987,-0.042470448061061816,False
2024-07-12,142190.40009233748,0.0,0.0,142190.40009233748,0.0,129.177734375,42190.40009233746,0.0,23752.461702477987,-0.042470448061061816,False
2024-07-15,142190.40009233748,0.0,0.0,142190.40009233748,0.0,128.37811279296875,42190.40009233746,0.0,23752.461702477987,-0.042470448061061816,False
2024-07-16,142190.40009233748,0.0,0.0,142190.40009233748,0.0,126.29910278320312,42190.40009233746,0.0,23752.461702477987,-0.042470448061061816,False
2024-07-17,142190.40009233748,0.0,0.0,142190.40009233748,0.0,117.93313598632812,42190.40009233746,0.0,23752.461702477987,-0.042470448061061816,False
2024-07-18,142190.40009233748,0.0,0.0,142190.40009233748,0.0,121.0316390991211,42190.40009233746,0.0,23752.461702477987,-0.042470448061061816,False
2024-07-19,142190.40009233748,0.0,0.0,142190.40009233748,0.0,117.87316131591795,42190.40009233746,0.0,23752.461702477987,-0.042470448061061816,False
2024-07-22,142190.40009233748,0.0,0.0,142190.40009233748,0.0,123.48046875,42190.40009233746,0.0,23752.461702477987,-0.042470448061061816,False
2024-07-23,142190.40009233748,0.0,0.0,142190.40009233748,0.0,122.53092193603516,42190.40009233746,0.0,23752.461702477987,-0.042470448061061816,False
2024-07-24,142190.40009233748,0.0,0.0,142190.40009233748,0.0,114.1949462890625,42190.40009233746,0.0,23752.461702477987,-0.042470448061061816,False
2024-07-25,142190.40009233748,0.0,0.0,142190.40009233748,0.0,112.22589111328124,42190.40009233746,0.0,23752.461702477987,-0.042470448061061816,False
2024-07-26,142190.40009233748,0.0,0.0,142190.40009233748,0.0,113.00550079345705,42190.40009233746,0.0,23752.461702477987,-0.042470448061061816,False
2024-07-29,142190.40009233748,0.0,0.0,142190.40009233748,0.0,111.53621673583984,42190.40009233746,0.0,23752.461702477987,-0.042470448061061816,False
2024-07-30,142190.40009233748,0.0,0.0,142190.40009233748,0.0,103.68000030517578,42190.40009233746,0.0,23752.461702477987,-0.042470448061061816,False
2024-07-31,142190.40009233748,0.0,0.0,142190.40009233748,0.0,116.96358489990234,42190.40009233746,0.0,23752.461702477987,-0.042470448061061816,False
2024-08-01,142190.40009233748,0.0,0.0,142190.40009233748,0.0,109.15736389160156,42190.40009233746,0.0,23752.461702477987,-0.042470448061061816,False
2024-08-02,142190.40009233748,0.0,0.0,142190.40009233748,0.0,107.21829986572266,42190.40009233746,0.0,23752.461702477987,-0.042470448061061816,False
2024-08-05,142190.40009233748,0.0,0.0,142190.40009233748,0.0,100.4015884399414,42190.40009233746,0.0,23752.461702477987,-0.042470448061061816,False
2024-08-06,142190.40009233748,0.0,0.0,142190.40009233748,0.0,104.19977569580078,42190.40009233746,0.0,23752.461702477987,-0.042470448061061816,False
2024-08-07,142190.40009233748,0.0,0.0,142190.40009233748,0.0,98.86233520507812,42190.40009233746,0.0,23752.461702477987,-0.042470448061061816,False
2024-08-08,142190.40009233748,0.0,0.0,142190.40009233748,0.0,104.9194107055664,42190.40009233746,0.0,23752.461702477987,-0.042470448061061816,False
2024-08-09,142190.40009233748,0.0,0.0,142190.40009233748,0.0,104.69951629638672,42190.40009233746,0.0,23752.461702477987,-0.042470448061061816,False
2024-08-12,142190.40009233748,0.0,0.0,142190.40009233748,0.0,108.96746063232422,42190.40009233746,0.0,23752.461702477987,-0.042470448061061816,False
2024-08-13,142190.40009233748,0.0,0.0,142190.40009233748,0.0,116.08402252197266,42190.40009233746,0.0,23752.461702477987,-0.042470448061061816,False
2024-08-14,142190.40009233748,0.0,0.0,142190.40009233748,0.0,118.02310180664062,42190.40009233746,0.0,23752.461702477987,-0.042470448061061816,False
2024-08-15,142190.40009233748,0.0,0.0,142190.40009233748,0.0,122.80079650878906,42190.40009233746,0.0,23752.461702477987,-0.042470448061061816,False
2024-08-16,142190.40009233748,0.0,0.0,142190.40009233748,0.0,124.51995849609376,42190.40009233746,0.0,23752.461702477987,-0.042470448061061816,False
2024-08-19,142190.40009233748,0.0,0.0,142190.40009233748,0.0,129.93734741210938,42190.40009233746,0.0,23752.461702477987,-0.042470448061061816,False
2024-08-20,142190.40009233748,0.0,0.0,142190.40009233748,0.0,127.1886749267578,42190.40009233746,0.0,23752.461702477987,-0.042470448061061816,False
2024-08-21,142190.40009233748,0.0,0.0,142190.40009233748,0.0,128.4380645751953,42190.40009233746,0.0,23752.461702477987,-0.042470448061061816,False
2024-08-22,142190.40009233748,0.0,0.0,142190.40009233748,0.0,123.68035125732422,42190.40009233746,0.0,23752.461702477987,-0.042470448061061816,False
2024-08-23,142190.40009233748,0.0,0.0,142190.40009233748,0.0,129.30763244628906,42190.40009233746,0.0,23752.461702477987,-0.042470448061061816,False
2024-08-26,142190.40009233748,0.0,0.0,142190.40009233748,0.0,126.39905548095705,42190.40009233746,0.0,23752.461702477987,-0.042470448061061816,False
2024-08-27,142190.40009233748,0.0,0.0,142190.40009233748,0.0,128.23817443847656,42190.40009233746,0.0,23752.461702477987,-0.042470448061061816,False
2024-08-28,142190.40009233748,0.0,0.0,142190.40009233748,0.0,125.54946899414062,42190.40009233746,0.0,23752.461702477987,-0.042470448061061816,False
2024-08-29,142190.40009233748,0.0,0.0,142190.40009233748,0.0,117.5333251953125,42190.40009233746,0.0,23752.461702477987,-0.042470448061061816,False
2024-08-30,142190.40009233748,0.0,0.0,142190.40009233748,0.0,119.31246948242188,42190.40009233746,0.0,23752.461702477987,-0.042470448061061816,False
2024-09-03,142190.40009233748,0.0,0.0,142190.40009233748,0.0,107.9479522705078,42190.40009233746,0.0,23752.461702477987,-0.042470448061061816,False
2024-09-04,142190.40009233748,0.0,0.0,142190.40009233748,0.0,106.15882110595705,42190.40009233746,0.0,23752.461702477987,-0.042470448061061816,False
2024-09-05,142190.40009233748,0.0,0.0,142190.40009233748,0.0,107.15834045410156,42190.40009233746,0.0,23752.461702477987,-0.042470448061061816,False
2024-09-06,142190.40009233748,0.0,0.0,142190.40009233748,0.0,102.78044128417967,42190.40009233746,0.0,23752.461702477987,-0.042470448061061816,False
2024-09-09,142190.40009233748,0.0,0.0,142190.40009233748,0.0,106.41869354248048,42190.40009233746,0.0,23752.461702477987,-0.042470448061061816,False
2024-09-10,142190.40009233748,0.0,0.0,142190.40009233748,0.0,108.0478973388672,42190.40009233746,0.0,23752.461702477987,-0.042470448061061816,False
2024-09-11,142190.40009233748,0.0,0.0,142190.40009233748,0.0,116.8536605834961,42190.40009233746,0.0,23752.461702477987,-0.042470448061061816,False
2024-09-12,142190.40009233748,0.0,0.0,142190.40009233748,0.0,119.09276580810548,42190.40009233746,0.0,23752.461702477987,-0.042470448061061816,False
2024-09-13,142190.40009233748,0.0,0.0,142190.40009233748,0.0,119.0527801513672,42190.40009233746,0.0,23752.461702477987,-0.042470448061061816,False
2024-09-16,142190.40009233748,0.0,0.0,142190.40009233748,0.0,116.73370361328124,42190.40009233746,0.0,23752.461702477987,-0.042470448061061816,False
2024-09-17,142190.40009233748,0.0,0.0,142190.40009233748,0.0,115.54417419433594,42190.40009233746,0.0,23752.461702477987,-0.042470448061061816,False
2024-09-18,142190.40009233748,0.0,0.0,142190.40009233748,0.0,113.3250503540039,42190.40009233746,0.0,23752.461702477987,-0.042470448061061816,False
2024-09-19,142190.40009233748,0.0,0.0,142190.40009233748,0.0,117.82327270507812,42190.40009233746,0.0,23752.461702477987,-0.042470448061061816,False
2024-09-20,142190.40009233748,0.0,0.0,142190.40009233748,0.0,115.95402526855467,42190.40009233746,0.0,23752.461702477987,-0.042470448061061816,False
2024-09-23,142190.40009233748,0.0,0.0,142190.40009233748,0.0,116.2139129638672,42190.40009233746,0.0,23752.461702477987,-0.042470448061061816,False
2024-09-24,141977.43394142535,1.0,-0.0014977533699450651,0.0,1175.0949993202685,120.82209014892578,41977.433941425326,0.0,23965.427853390127,-0.043904591174300345,False
2024-09-25,144860.8291458418,0.0,0.020308827426801068,144860.8291458418,0.0,123.4610366821289,44860.82914584178,0.0,24183.045523614226,-0.024487414512902483,False
2024-09-26,144860.8291458418,0.0,0.0,144860.8291458418,0.0,123.9908218383789,44860.82914584178,0.0,24183.045523614226,-0.024487414512902483,False
2024-09-27,144860.8291458418,0.0,0.0,144860.8291458418,0.0,121.35187530517578,44860.82914584178,0.0,24183.045523614226,-0.024487414512902483,False
2024-09-30,144860.8291458418,0.0,0.0,144860.8291458418,0.0,121.39185333251952,44860.82914584178,0.0,24183.045523614226,-0.024487414512902483,False
2024-10-01,144860.8291458418,0.0,0.0,144860.8291458418,0.0,116.95362091064452,44860.82914584178,0.0,24183.045523614226,-0.024487414512902483,False
2024-10-02,144860.8291458418,0.0,0.0,144860.8291458418,0.0,118.80288696289062,44860.82914584178,0.0,24183.045523614226,-0.024487414512902483,False
2024-10-03,144860.8291458418,0.0,0.0,144860.8291458418,0.0,122.80130004882812,44860.82914584178,0.0,24183.045523614226,-0.024487414512902483,False
2024-10-04,144860.8291458418,0.0,0.0,144860.8291458418,0.0,124.87047576904295,44860.82914584178,0.0,24183.045523614226,-0.024487414512902483,False
2024-10-07,144860.8291458418,0.0,0.0,144860.8291458418,0.0,127.66936492919922,44860.82914584178,0.0,24183.045523614226,-0.024487414512902483,False
2024-10-08,144643.86335081558,1.0,-0.0014977533699450651,0.0,1088.8797920516054,132.83731079101562,44643.863350815554,0.0,24400.01131864045,-0.025948491775239613,False
2024-10-09,144166.0851505155,0.0,-0.003303134949744102,144166.0851505155,0.0,132.59742736816406,44166.08515051548,0.0,24616.585307349284,-0.029165915354907757,False
2024-10-10,144166.0851505155,0.0,0.0,144166.0851505155,0.0,134.7565460205078,44166.08515051548,0.0,24616.585307349284,-0.029165915354907757,False
2024-10-11,144166.0851505155,0.0,0.0,144166.0851505155,0.0,134.74656677246094,44166.08515051548,0.0,24616.585307349284,-0.029165915354907757,False
2024-10-14,144166.0851505155,0.0,0.0,144166.0851505155,0.0,138.01527404785156,44166.08515051548,0.0,24616.585307349284,-0.029165915354907757,False
2024-10-15,144166.0851505155,0.0,0.0,144166.0851505155,0.0,131.54783630371094,44166.08515051548,0.0,24616.585307349284,-0.029165915354907757,False
2024-10-16,144166.0851505155,0.0,0.0,144166.0851505155,0.0,135.66619873046875,44166.08515051548,0.0,24616.585307349284,-0.029165915354907757,False
2024-10-17,144166.0851505155,0.0,0.0,144166.0851505155,0.0,136.87571716308594,44166.08515051548,0.0,24616.585307349284,-0.029165915354907757,False
2024-10-18,144166.0851505155,0.0,0.0,144166.0851505155,0.0,137.94529724121094,44166.08515051548,0.0,24616.585307349284,-0.029165915354907757,False
2024-10-21,144166.0851505155,0.0,0.0,144166.0851505155,0.0,143.6530303955078,44166.08515051548,0.0,24616.585307349284,-0.029165915354907757,False
2024-10-22,144166.0851505155,0.0,0.0,144166.0851505155,0.0,143.5330810546875,44166.08515051548,0.0,24616.585307349284,-0.029165915354907757,False
2024-10-23,144166.0851505155,0.0,0.0,144166.0851505155,0.0,139.50466918945312,44166.08515051548,0.0,24616.585307349284,-0.029165915354907757,False
2024-10-24,144166.0851505155,0.0,0.0,144166.0851505155,0.0,140.35433959960938,44166.08515051548,0.0,24616.585307349284,-0.029165915354907757,False
2024-10-25,144166.0851505155,0.0,0.0,144166.0851505155,0.0,141.48388671875,44166.08515051548,0.0,24616.585307349284,-0.029165915354907757,False
2024-10-28,144166.0851505155,0.0,0.0,144166.0851505155,0.0,140.4643096923828,44166.08515051548,0.0,24616.585307349284,-0.029165915354907757,False
2024-10-29,144166.0851505155,0.0,0.0,144166.0851505155,0.0,141.19400024414062,44166.08515051548,0.0,24616.585307349284,-0.029165915354907757,False
2024-10-30,144166.0851505155,0.0,0.0,144166.0851505155,0.0,139.28475952148438,44166.08515051548,0.0,24616.585307349284,-0.029165915354907757,False
2024-10-31,144166.0851505155,0.0,0.0,144166.0851505155,0.0,132.70736694335938,44166.08515051548,0.0,24616.585307349284,-0.029165915354907757,False
2024-11-01,144166.0851505155,0.0,0.0,144166.0851505155,0.0,135.34632873535156,44166.08515051548,0.0,24616.585307349284,-0.029165915354907757,False
2024-11-04,144166.0851505155,0.0,0.0,144166.0851505155,0.0,135.99607849121094,44166.08515051548,0.0,24616.585307349284,-0.029165915354907757,False
2024-11-05,144166.0851505155,0.0,0.0,144166.0851505155,0.0,139.8545379638672,44166.08515051548,0.0,24616.585307349284,-0.029165915354907757,False
2024-11-06,144166.0851505155,0.0,0.0,144166.0851505155,0.0,145.5522918701172,44166.08515051548,0.0,24616.585307349284,-0.029165915354907757,False
2024-11-07,144166.0851505155,0.0,0.0,144166.0851505155,0.0,148.8209991455078,44166.08515051548,0.0,24616.585307349284,-0.029165915354907757,False
2024-11-08,144166.0851505155,0.0,0.0,144166.0851505155,0.0,147.5714569091797,44166.08515051548,0.0,24616.585307349284,-0.029165915354907757,False
2024-11-11,144166.0851505155,0.0,0.0,144166.0851505155,0.0,145.20240783691406,44166.08515051548,0.0,24616.585307349284,-0.029165915354907757,False
2024-11-12,144166.0851505155,0.0,0.0,144166.0851505155,0.0,148.231201171875,44166.08515051548,0.0,24616.585307349284,-0.029165915354907757,False
2024-11-13,144166.0851505155,0.0,0.0,144166.0851505155,0.0,146.21202087402344,44166.08515051548,0.0,24616.585307349284,-0.029165915354907757,False
2024-11-14,144166.0851505155,0.0,0.0,144166.0851505155,0.0,146.70181274414062,44166.08515051548,0.0,24616.585307349284,-0.029165915354907757,False
2024-11-15,144166.0851505155,0.0,0.0,144166.0851505155,0.0,141.92369079589844,44166.08515051548,0.0,24616.585307349284,-0.029165915354907757,False
2024-11-18,144166.0851505155,0.0,0.0,144166.0851505155,0.0,140.09442138671875,44166.08515051548,0.0,24616.585307349284,-0.029165915354907757,False
2024-11-19,144166.0851505155,0.0,0.0,144166.0851505155,0.0,146.95172119140625,44166.08515051548,0.0,24616.585307349284,-0.029165915354907757,False
2024-11-20,144166.0851505155,0.0,0.0,144166.0851505155,0.0,145.83216857910156,44166.08515051548,0.0,24616.585307349284,-0.029165915354907757,False
2024-11-21,144166.0851505155,0.0,0.0,144166.0851505155,0.0,146.6118621826172,44166.08515051548,0.0,24616.585307349284,-0.029165915354907757,False
2024-11-22,144166.0851505155,0.0,0.0,144166.0851505155,0.0,141.89370727539062,44166.08515051548,0.0,24616.585307349284,-0.029165915354907757,False
2024-11-25,144166.0851505155,0.0,0.0,144166.0851505155,0.0,135.96607971191406,44166.08515051548,0.0,24616.585307349284,-0.029165915354907757,False
2024-11-26,144166.0851505155,0.0,0.0,144166.0851505155,0.0,136.86572265625,44166.08515051548,0.0,24616.585307349284,-0.029165915354907757,False
2024-11-27,144166.0851505155,0.0,0.0,144166.0851505155,0.0,135.2863311767578,44166.08515051548,0.0,24616.585307349284,-0.029165915354907757,False
2024-11-29,144166.0851505155,0.0,0.0,144166.0851505155,0.0,138.19520568847656,44166.08515051548,0.0,24616.585307349284,-0.029165915354907757,False
2024-12-02,144166.0851505155,0.0,0.0,144166.0851505155,0.0,138.5750274658203,44166.08515051548,0.0,24616.585307349284,-0.029165915354907757,False
2024-12-03,144166.0851505155,0.0,0.0,144166.0851505155,0.0,140.20440673828125,44166.08515051548,0.0,24616.585307349284,-0.029165915354907757,False
2024-12-04,144166.0851505155,0.0,0.0,144166.0851505155,0.0,145.0824737548828,44166.08515051548,0.0,24616.585307349284,-0.029165915354907757,False
2024-12-05,144166.0851505155,0.0,0.0,144166.0851505155,0.0,145.0124969482422,44166.08515051548,0.0,24616.585307349284,-0.029165915354907757,False
2024-12-06,144166.0851505155,0.0,0.0,144166.0851505155,0.0,142.3933563232422,44166.08515051548,0.0,24616.585307349284,-0.029165915354907757,False
2024-12-09,144166.0851505155,0.0,0.0,144166.0851505155,0.0,138.7645263671875,44166.08515051548,0.0,24616.585307349284,-0.029165915354907757,False
2024-12-10,144166.0851505155,0.0,0.0,144166.0851505155,0.0,135.0257568359375,44166.08515051548,0.0,24616.585307349284,-0.029165915354907757,False
2024-12-11,144166.0851505155,0.0,0.0,144166.0851505155,0.0,139.2643585205078,44166.08515051548,0.0,24616.585307349284,-0.029165915354907757,False
2024-12-12,144166.0851505155,0.0,0.0,144166.0851505155,0.0,137.2949981689453,44166.08515051548,0.0,24616.585307349284,-0.029165915354907757,False
2024-12-13,144166.0851505155,0.0,0.0,144166.0851505155,0.0,134.20602416992188,44166.08515051548,0.0,24616.585307349284,-0.029165915354907757,False
2024-12-16,144166.0851505155,0.0,0.0,144166.0851505155,0.0,131.95675659179688,44166.08515051548,0.0,24616.585307349284,-0.029165915354907757,False
2024-12-17,144166.0851505155,0.0,0.0,144166.0851505155,0.0,130.3472900390625,44166.08515051548,0.0,24616.585307349284,-0.029165915354907757,False
2024-12-18,144166.0851505155,0.0,0.0,144166.0851505155,0.0,128.86778259277344,44166.08515051548,0.0,24616.585307349284,-0.029165915354907757,False
2024-12-19,144166.0851505155,0.0,0.0,144166.0851505155,0.0,130.63717651367188,44166.08515051548,0.0,24616.585307349284,-0.029165915354907757,False
2024-12-20,144166.0851505155,0.0,0.0,144166.0851505155,0.0,134.65586853027344,44166.08515051548,0.0,24616.585307349284,-0.029165915354907757,False
2024-12-23,144166.0851505155,0.0,0.0,144166.0851505155,0.0,139.624267578125,44166.08515051548,0.0,24616.585307349284,-0.029165915354907757,False
2024-12-24,144166.0851505155,0.0,0.0,144166.0851505155,0.0,140.17408752441406,44166.08515051548,0.0,24616.585307349284,-0.029165915354907757,False
2024-12-26,144166.0851505155,0.0,0.0,144166.0851505155,0.0,139.88417053222656,44166.08515051548,0.0,24616.585307349284,-0.029165915354907757,False
2024-12-27,144166.0851505155,0.0,0.0,144166.0851505155,0.0,136.96511840820312,44166.08515051548,0.0,24616.585307349284,-0.029165915354907757,False
2024-12-30,144166.0851505155,0.0,0.0,144166.0851505155,0.0,137.44496154785156,44166.08515051548,0.0,24616.585307349284,-0.029165915354907757,False
2024-12-31,144166.0851505155,0.0,0.0,144166.0851505155,0.0,134.2460174560547,44166.08515051548,0.0,24616.585307349284,-0.029165915354907757,False
2025-01-02,144166.0851505155,0.0,0.0,144166.0851505155,0.0,138.26470947265625,44166.08515051548,0.0,24616.585307349284,-0.029165915354907757,False
2025-01-03,143950.1599106495,1.0,-0.0014977533699451762,0.0,996.7281884464867,144.4226837158203,43950.159910649505,0.0,24832.510547215257,-0.03061998537684263,False
2025-01-06,149483.60405761487,0.0,0.03844000000000003,149483.60405761487,0.0,149.38104248046875,49483.60405761488,0.0,25057.07279667587,0.0,False
2025-01-07,149483.60405761487,0.0,0.0,149483.60405761487,0.0,140.09408569335938,49483.60405761488,0.0,25057.07279667587,0.0,False
2025-01-08,149483.60405761487,0.0,0.0,149483.60405761487,0.0,140.06411743164062,49483.60405761488,0.0,25057.07279667587,0.0,False
2025-01-10,149483.60405761487,0.0,0.0,149483.60405761487,0.0,135.86549377441406,49483.60405761488,0.0,25057.07279667587,0.0,False
2025-01-13,149483.60405761487,0.0,0.0,149483.60405761487,0.0,133.18637084960938,49483.60405761488,0.0,25057.07279667587,0.0,False
2025-01-14,149483.60405761487,0.0,0.0,149483.60405761487,0.0,131.7168426513672,49483.60405761488,0.0,25057.07279667587,0.0,False
2025-01-15,149483.60405761487,0.0,0.0,149483.60405761487,0.0,136.1953887939453,49483.60405761488,0.0,25057.07279667587,0.0,False
2025-01-16,149483.60405761487,0.0,0.0,149483.60405761487,0.0,133.5262451171875,49483.60405761488,0.0,25057.07279667587,0.0,False
2025-01-17,149483.60405761487,0.0,0.0,149483.60405761487,0.0,137.66490173339844,49483.60405761488,0.0,25057.07279667587,0.0,False
2025-01-21,149483.60405761487,0.0,0.0,149483.60405761487,0.0,140.78387451171875,49483.60405761488,0.0,25057.07279667587,0.0,False
2025-01-22,149483.60405761487,0.0,0.0,149483.60405761487,0.0,147.0218505859375,49483.60405761488,0.0,25057.07279667587,0.0,False
2025-01-23,149483.60405761487,0.0,0.0,149483.60405761487,0.0,147.17178344726562,49483.60405761488,0.0,25057.07279667587,0.0,False
2025-01-24,149483.60405761487,0.0,0.0,149483.60405761487,0.0,142.57327270507812,49483.60405761488,0.0,25057.07279667587,0.0,False
2025-01-27,149483.60405761487,0.0,0.0,149483.60405761487,0.0,118.38121032714844,49483.60405761488,0.0,25057.07279667587,0.0,False
2025-01-28,149483.60405761487,0.0,0.0,149483.60405761487,0.0,128.94776916503906,49483.60405761488,0.0,25057.07279667587,0.0,False
2025-01-29,149483.60405761487,0.0,0.0,149483.60405761487,0.0,123.65948486328124,49483.60405761488,0.0,25057.07279667587,0.0,False
2025-01-30,149483.60405761487,0.0,0.0,149483.60405761487,0.0,124.6091766357422,49483.60405761488,0.0,25057.07279667587,0.0,False
2025-01-31,149483.60405761487,0.0,0.0,149483.60405761487,0.0,120.03067016601562,49483.60405761488,0.0,25057.07279667587,0.0,False
2025-02-03,149483.60405761487,0.0,0.0,149483.60405761487,0.0,116.62179565429688,49483.60405761488,0.0,25057.07279667587,0.0,False
2025-02-04,149483.60405761487,0.0,0.0,149483.60405761487,0.0,118.6111297607422,49483.60405761488,0.0,25057.07279667587,0.0,False
2025-02-05,149483.60405761487,0.0,0.0,149483.60405761487,0.0,124.7891082763672,49483.60405761488,0.0,25057.07279667587,0.0,False
2025-02-06,149483.60405761487,0.0,0.0,149483.60405761487,0.0,128.63784790039062,49483.60405761488,0.0,25057.07279667587,0.0,False
2025-02-07,149483.60405761487,0.0,0.0,149483.60405761487,0.0,129.79745483398438,49483.60405761488,0.0,25057.07279667587,0.0,False
2025-02-10,149483.60405761487,0.0,0.0,149483.60405761487,0.0,133.5262451171875,49483.60405761488,0.0,25057.07279667587,0.0,False
2025-02-11,149483.60405761487,0.0,0.0,149483.60405761487,0.0,132.7565155029297,49483.60405761488,0.0,25057.07279667587,0.0,False
2025-02-12,149483.60405761487,0.0,0.0,149483.60405761487,0.0,131.0970458984375,49483.60405761488,0.0,25057.07279667587,0.0,False
2025-02-13,149483.60405761487,0.0,0.0,149483.60405761487,0.0,135.2456817626953,49483.60405761488,0.0,25057.07279667587,0.0,False
2025-02-14,149483.60405761487,0.0,0.0,149483.60405761487,0.0,138.80453491210938,49483.60405761488,0.0,25057.07279667587,0.0,False
2025-02-18,149483.60405761487,0.0,0.0,149483.60405761487,0.0,139.35435485839844,49483.60405761488,0.0,25057.07279667587,0.0,False
2025-02-19,149483.60405761487,0.0,0.0,149483.60405761487,0.0,139.1844024658203,49483.60405761488,0.0,25057.07279667587,0.0,False
2025-02-20,149483.60405761487,0.0,0.0,149483.60405761487,0.0,140.06411743164062,49483.60405761488,0.0,25057.07279667587,0.0,False
2025-02-21,149483.60405761487,0.0,0.0,149483.60405761487,0.0,134.38595581054688,49483.60405761488,0.0,25057.07279667587,0.0,False
2025-02-24,149483.60405761487,0.0,0.0,149483.60405761487,0.0,130.23733520507812,49483.60405761488,0.0,25057.07279667587,0.0,False
2025-02-25,149483.60405761487,0.0,0.0,149483.60405761487,0.0,126.5885238647461,49483.60405761488,0.0,25057.07279667587,0.0,False
2025-02-26,149483.60405761487,0.0,0.0,149483.60405761487,0.0,131.23699951171875,49483.60405761488,0.0,25057.07279667587,0.0,False
2025-02-27,149483.60405761487,0.0,0.0,149483.60405761487,0.0,120.11065673828124,49483.60405761488,0.0,25057.07279667587,0.0,False
2025-02-28,149483.60405761487,0.0,0.0,149483.60405761487,0.0,124.87908172607422,49483.60405761488,0.0,25057.07279667587,0.0,False
2025-03-03,149483.60405761487,0.0,0.0,149483.60405761487,0.0,114.02263641357422,49483.60405761488,0.0,25057.07279667587,0.0,False
2025-03-04,149483.60405761487,0.0,0.0,149483.60405761487,0.0,115.95201110839844,49483.60405761488,0.0,25057.07279667587,0.0,False
2025-03-05,149483.60405761487,0.0,0.0,149483.60405761487,0.0,117.26158142089844,49483.60405761488,0.0,25057.07279667587,0.0,False
2025-03-06,149483.60405761487,0.0,0.0,149483.60405761487,0.0,110.53378295898438,49483.60405761488,0.0,25057.07279667587,0.0,False
2025-03-07,149483.60405761487,0.0,0.0,149483.60405761487,0.0,112.6530990600586,49483.60405761488,0.0,25057.07279667587,0.0,False
2025-03-10,149483.60405761487,0.0,0.0,149483.60405761487,0.0,106.94496154785156,49483.60405761488,0.0,25057.07279667587,0.0,False
2025-03-11,149483.60405761487,0.0,0.0,149483.60405761487,0.0,108.72438049316406,49483.60405761488,0.0,25057.07279667587,0.0,False
2025-03-12,149483.60405761487,0.0,0.0,149483.60405761487,0.0,115.71273803710938,49483.60405761488,0.0,25057.07279667587,0.0,False
2025-03-13,149483.60405761487,0.0,0.0,149483.60405761487,0.0,115.55277252197266,49483.60405761488,0.0,25057.07279667587,0.0,False
2025-03-14,149483.60405761487,0.0,0.0,149483.60405761487,0.0,121.6413345336914,49483.60405761488,0.0,25057.07279667587,0.0,False
2025-03-17,149483.60405761487,0.0,0.0,149483.60405761487,0.0,119.50183868408205,49483.60405761488,0.0,25057.07279667587,0.0,False
2025-03-18,149483.60405761487,0.0,0.0,149483.60405761487,0.0,115.4028091430664,49483.60405761488,0.0,25057.07279667587,0.0,False
2025-03-19,149483.60405761487,0.0,0.0,149483.60405761487,0.0,117.4923095703125,49483.60405761488,0.0,25057.07279667587,0.0,False
2025-03-20,149483.60405761487,0.0,0.0,149483.60405761487,0.0,118.50206756591795,49483.60405761488,0.0,25057.07279667587,0.0,False
2025-03-21,149483.60405761487,0.0,0.0,149483.60405761487,0.0,117.6722640991211,49483.60405761488,0.0,25057.07279667587,0.0,False
2025-03-24,149483.60405761487,0.0,0.0,149483.60405761487,0.0,121.38140106201172,49483.60405761488,0.0,25057.07279667587,0.0,False
2025-03-25,149483.60405761487,0.0,0.0,149483.60405761487,0.0,120.66156768798828,49483.60405761488,0.0,25057.07279667587,0.0,False
2025-03-26,149483.60405761487,0.0,0.0,149483.60405761487,0.0,113.7332000732422,49483.60405761488,0.0,25057.07279667587,0.0,False
2025-03-27,149483.60405761487,0.0,0.0,149483.60405761487,0.0,111.40374755859376,49483.60405761488,0.0,25057.07279667587,0.0,False
2025-03-28,149483.60405761487,0.0,0.0,149483.60405761487,0.0,109.64415740966795,49483.60405761488,0.0,25057.07279667587,0.0,False
2025-03-31,149483.60405761487,0.0,0.0,149483.60405761487,0.0,108.35446166992188,49483.60405761488,0.0,25057.07279667587,0.0,False
2025-04-01,149483.60405761487,0.0,0.0,149483.60405761487,0.0,110.12405395507812,49483.60405761488,0.0,25057.07279667587,0.0,False
2025-04-02,149483.60405761487,0.0,0.0,149483.60405761487,0.0,110.39398193359376,49483.60405761488,0.0,25057.07279667587,0.0,False
2025-04-03,149483.60405761487,0.0,0.0,149483.60405761487,0.0,101.7760238647461,49483.60405761488,0.0,25057.07279667587,0.0,False
2025-04-04,149483.60405761487,0.0,0.0,149483.60405761487,0.0,94.28778076171876,49483.60405761488,0.0,25057.07279667587,0.0,False
2025-04-07,149483.60405761487,0.0,0.0,149483.60405761487,0.0,97.6169891357422,49483.60405761488,0.0,25057.07279667587,0.0,False
2025-04-08,149483.60405761487,0.0,0.0,149483.60405761487,0.0,96.27731323242188,49483.60405761488,0.0,25057.07279667587,0.0,False
2025-04-09,149483.60405761487,0.0,0.0,149483.60405761487,0.0,114.30307006835938,49483.60405761488,0.0,25057.07279667587,0.0,False
2025-04-10,149483.60405761487,0.0,0.0,149483.60405761487,0.0,107.5446548461914,49483.60405761488,0.0,25057.07279667587,0.0,False
2025-04-11,149483.60405761487,0.0,0.0,149483.60405761487,0.0,110.90386199951172,49483.60405761488,0.0,25057.07279667587,0.0,False
2025-04-14,149483.60405761487,0.0,0.0,149483.60405761487,0.0,110.68391418457033,49483.60405761488,0.0,25057.07279667587,0.0,False
2025-04-15,149483.60405761487,0.0,0.0,149483.60405761487,0.0,112.1735610961914,49483.60405761488,0.0,25057.07279667587,0.0,False
2025-04-16,149483.60405761487,0.0,0.0,149483.60405761487,0.0,104.46538543701172,49483.60405761488,0.0,25057.07279667587,0.0,False
2025-04-17,149483.60405761487,0.0,0.0,149483.60405761487,0.0,101.4660873413086,49483.60405761488,0.0,25057.07279667587,0.0,False
2025-04-21,149483.60405761487,0.0,0.0,149483.60405761487,0.0,96.88717651367188,49483.60405761488,0.0,25057.07279667587,0.0,False
2025-04-22,149483.60405761487,0.0,0.0,149483.60405761487,0.0,98.86670684814452,49483.60405761488,0.0,25057.07279667587,0.0,False
2025-04-23,149483.60405761487,0.0,0.0,149483.60405761487,0.0,102.68579864501952,49483.60405761488,0.0,25057.07279667587,0.0,False
2025-04-24,149483.60405761487,0.0,0.0,149483.60405761487,0.0,106.40492248535156,49483.60405761488,0.0,25057.07279667587,0.0,False
2025-04-25,149483.60405761487,0.0,0.0,149483.60405761487,0.0,110.98385620117188,49483.60405761488,0.0,25057.07279667587,0.0,False
2025-04-28,149483.60405761487,0.0,0.0,149483.60405761487,0.0,108.70438385009766,49483.60405761488,0.0,25057.07279667587,0.0,False
2025-04-29,149483.60405761487,0.0,0.0,149483.60405761487,0.0,108.99431610107422,49483.60405761488,0.0,25057.07279667587,0.0,False
2025-04-30,149483.60405761487,0.0,0.0,149483.60405761487,0.0,108.8943328857422,49483.60405761488,0.0,25057.07279667587,0.0,False
2025-05-01,149483.60405761487,0.0,0.0,149483.60405761487,0.0,111.58370208740234,49483.60405761488,0.0,25057.07279667587,0.0,False
2025-05-02,149483.60405761487,0.0,0.0,149483.60405761487,0.0,114.47303009033205,49483.60405761488,0.0,25057.07279667587,0.0,False
2025-05-05,149483.60405761487,0.0,0.0,149483.60405761487,0.0,113.7931900024414,49483.60405761488,0.0,25057.07279667587,0.0,False
2025-05-06,149483.60405761487,0.0,0.0,149483.60405761487,0.0,113.51325988769533,49483.60405761488,0.0,25057.07279667587,0.0,False
2025-05-07,149483.60405761487,0.0,0.0,149483.60405761487,0.0,117.0324249267578,49483.60405761488,0.0,25057.07279667587,0.0,False
2025-05-08,149483.60405761487,0.0,0.0,149483.60405761487,0.0,117.34235382080078,49483.60405761488,0.0,25057.07279667587,0.0,False
2025-05-09,149483.60405761487,0.0,0.0,149483.60405761487,0.0,116.62252044677734,49483.60405761488,0.0,25057.07279667587,0.0,False
2025-05-12,149259.71448588604,1.0,-0.0014977533699450651,0.0,1213.7794815798884,122.97103118896484,49259.71448588605,0.0,25280.9623684047,-0.0014977533699450651,False
2025-05-13,154997.2579107235,0.0,0.03844000000000003,154997.2579107235,0.0,129.89938354492188,54997.25791072352,0.0,25513.80752300268,0.0,False
2025-05-14,154765.11024535546,1.0,-0.0014977533699451762,0.0,1143.7977770008697,135.30810546875,54765.110245355485,0.0,25745.955188370714,-0.0014977533699451762,False
2025-05-15,154181.91928590595,1.0,-0.00376823276593119,0.0,1143.7977770008697,134.79823303222656,54765.110245355485,-583.1909594495248,25745.955188370714,-0.005260342252552452,False
2025-05-16,154833.73531950047,1.0,0.004227577634351665,0.0,1143.7977770008697,135.36810302734375,54765.110245355485,68.62507414501067,25745.955188370714,-0.0010550031234567436,False
2025-05-19,155028.1264883273,1.0,0.0012554832990738785,0.0,1143.7977770008697,135.53805541992188,54765.110245355485,263.0162429718492,25745.955188370714,0.0,False
2025-05-20,153436.83494371097,0.0,-0.010264534447148588,153436.83494371097,0.0,134.3483428955078,53436.83494371099,0.0,25976.456192292164,-0.010264534447148588,False
2025-05-21,153436.83494371097,0.0,0.0,153436.83494371097,0.0,131.76895141601562,53436.83494371099,0.0,25976.456192292164,-0.010264534447148588,False
2025-05-22,153436.83494371097,0.0,0.0,153436.83494371097,0.0,132.7987060546875,53436.83494371099,0.0,25976.456192292164,-0.010264534447148588,False
2025-05-23,153436.83494371097,0.0,0.0,153436.83494371097,0.0,131.25906372070312,53436.83494371099,0.0,25976.456192292164,-0.010264534447148588,False
2025-05-27,153436.83494371097,0.0,0.0,153436.83494371097,0.0,135.4680633544922,53436.83494371099,0.0,25976.456192292164,-0.010264534447148588,False
2025-05-28,153436.83494371097,0.0,0.0,153436.83494371097,0.0,134.7782440185547,53436.83494371099,0.0,25976.456192292164,-0.010264534447148588,False
2025-05-29,153436.83494371097,0.0,0.0,153436.83494371097,0.0,139.15721130371094,53436.83494371099,0.0,25976.456192292164,-0.010264534447148588,False
2025-05-30,153436.83494371097,0.0,0.0,153436.83494371097,0.0,135.09817504882812,53436.83494371099,0.0,25976.456192292164,-0.010264534447148588,False
2025-06-02,153436.83494371097,0.0,0.0,153436.83494371097,0.0,137.34764099121094,53436.83494371099,0.0,25976.456192292164,-0.010264534447148588,False
2025-06-03,153207.0244071003,1.0,-0.0014977533699451762,0.0,1085.1376280428153,141.1867218017578,53207.02440710033,0.0,26206.266728902814,-0.011746914076034565,False
2025-06-04,153735.50217850693,0.0,0.0034494356473000476,153735.50217850693,0.0,141.88656616210938,53735.50217850693,0.0,26437.21640668725,-0.008337998652894196,False
2025-06-05,153505.24431203888,0.9999999999999998,-0.0014977533699450651,2.9103830456733704e-11,1096.8026610813013,139.95703125,53505.24431203888,0.0,26667.47427315531,-0.009823263757258283,False
2025-06-06,155169.13626557292,0.0,0.010839316669544852,155169.13626557292,0.0,141.6865997314453,55169.136265572924,0.0,26900.577632592824,0.0,False
2025-06-09,155169.13626557292,0.0,0.0,155169.13626557292,0.0,142.59640502929688,55169.136265572924,0.0,26900.577632592824,0.0,False
2025-06-10,155169.13626557292,0.0,0.0,155169.13626557292,0.0,143.92608642578125,55169.136265572924,0.0,26900.577632592824,0.0,False
2025-06-11,155169.13626557292,0.0,0.0,155169.13626557292,0.0,142.80625915527344,55169.136265572924,0.0,26900.577632592824,0.0,False
2025-06-12,155169.13626557292,0.0,0.0,155169.13626557292,0.0,144.9759063720703,55169.136265572924,0.0,26900.577632592824,0.0,False
2025-06-13,155169.13626557292,0.0,0.0,155169.13626557292,0.0,141.94639587402344,55169.136265572924,0.0,26900.577632592824,0.0,False
2025-06-16,155169.13626557292,0.0,0.0,155169.13626557292,0.0,144.66595458984375,55169.136265572924,0.0,26900.577632592824,0.0,False
2025-06-17,155169.13626557292,0.0,0.0,155169.13626557292,0.0,144.09603881835938,55169.136265572924,0.0,26900.577632592824,0.0,False
2025-06-18,155169.13626557292,0.0,0.0,155169.13626557292,0.0,145.455810546875,55169.136265572924,0.0,26900.577632592824,0.0,False
2025-06-20,155169.13626557292,0.0,0.0,155169.13626557292,0.0,143.8260955810547,55169.136265572924,0.0,26900.577632592824,0.0,False
2025-06-23,155169.13626557292,0.0,0.0,155169.13626557292,0.0,144.1460418701172,55169.136265572924,0.0,26900.577632592824,0.0,False
2025-06-24,154936.73116881968,1.0,-0.0014977533699451762,0.0,1047.7519222029068,147.87539672851562,54936.73116881969,0.0,27132.982729346055,-0.0014977533699451762,False
2025-06-25,160892.4991149491,0.0,0.03844000000000003,160892.4991149491,0.0,154.28436279296875,60892.49911494913,0.0,27374.684029969412,0.0,False
2025-06-26,160651.52183220081,0.9999999999999998,-0.0014977533699450651,2.9103830456733704e-11,1036.5000011611987,154.99423217773438,60651.52183220083,0.0,27615.661312717715,-0.0014977533699450651,False
2025-06-27,163235.4984870389,0.0,0.016084358401142307,163235.4984870389,0.0,157.7238006591797,63235.49848703889,0.0,27860.8823920673,0.0,False
2025-06-30,163235.4984870389,0.0,0.0,163235.4984870389,0.0,157.96376037597656,63235.49848703889,0.0,27860.8823920673,0.0,False
2025-07-01,162991.01196908526,1.0,-0.0014977533699450651,0.0,1063.392629209156,153.2745361328125,62991.01196908526,0.0,28105.368910020927,-0.0014977533699450651,False
2025-07-02,167190.6956615566,1.0,0.025766351418616162,0.0,1063.392629209156,157.22386169433594,62991.01196908526,4199.683692471334,28105.368910020927,0.0,False
2025-07-03,169158.70615041684,0.0,0.011771052695684014,169158.70615041684,0.0,159.3135223388672,69158.70615041682,0.0,28359.488148103675,0.0,False
2025-07-07,169158.70615041684,0.0,0.0,169158.70615041684,0.0,158.21371459960938,69158.70615041682,0.0,28359.488148103675,0.0,False
2025-07-08,169158.70615041684,0.0,0.0,169158.70615041684,0.0,159.97341918945312,69158.70615041682,0.0,28359.488148103675,0.0,False
2025-07-09,168905.3481282245,1.0,-0.0014977533699451762,0.0,1037.164895479537,162.85293579101562,68905.34812822449,0.0,28612.846170296012,-0.0014977533699451762,False
2025-07-10,170170.48483033522,1.0,0.007490211033165828,0.0,1037.164895479537,164.07273864746094,68905.34812822449,1265.1367021107433,28612.846170296012,0.0,False
2025-07-11,170764.27816817403,0.0,0.0034894026330760664,170764.27816817403,0.0,164.89259338378906,70764.27816817403,0.0,28869.37738436938,0.0,False
2025-07-14,170764.27816817403,0.0,0.0,170764.27816817403,0.0,164.04273986816406,70764.27816817403,0.0,28869.37738436938,0.0,False
2025-07-15,170764.27816817403,0.0,0.0,170764.27816817403,0.0,170.671630859375,70764.27816817403,0.0,28869.37738436938,0.0,False
2025-07-16,170764.27816817403,0.0,0.0,170764.27816817403,0.0,171.34152221679688,70764.27816817403,0.0,28869.37738436938,0.0,False
2025-07-17,170764.27816817403,0.0,0.0,170764.27816817403,0.0,172.97125244140625,70764.27816817403,0.0,28869.37738436938,0.0,False
2025-07-18,170764.27816817403,0.0,0.0,170764.27816817403,0.0,172.38136291503906,70764.27816817403,0.0,28869.37738436938,0.0,False
2025-07-21,170764.27816817403,0.0,0.0,170764.27816817403,0.0,171.35153198242188,70764.27816817403,0.0,28869.37738436938,0.0,False
2025-07-22,170764.27816817403,0.0,0.0,170764.27816817403,0.0,167.00225830078125,70764.27816817403,0.0,28869.37738436938,0.0,False
2025-07-23,170764.27816817403,0.0,0.0,170764.27816817403,0.0,170.75161743164062,70764.27816817403,0.0,28869.37738436938,0.0,False
2025-07-24,170764.27816817403,0.0,0.0,170764.27816817403,0.0,173.7111358642578,70764.27816817403,0.0,28869.37738436938,0.0,False
2025-07-25,170764.27816817403,0.0,0.0,170764.27816817403,0.0,173.47117614746094,70764.27816817403,0.0,28869.37738436938,0.0,False
2025-07-28,170764.27816817403,0.0,0.0,170764.27816817403,0.0,176.7206268310547,70764.27816817403,0.0,28869.37738436938,0.0,False
2025-07-29,170508.5153950814,1.0,-0.0014977533699451762,0.0,971.6646004849307,175.4808349609375,70508.51539508141,0.0,29125.140157462003,-0.0014977533699451762,False
2025-07-30,174161.37589838455,1.0,0.021423331819171443,0.0,971.6646004849307,179.24021911621094,70508.51539508141,3652.8605033031436,29125.140157462003,0.0,False
2025-07-31,172542.05706979084,0.0,-0.009297806819914545,172542.05706979084,0.0,177.84043884277344,72542.05706979088,0.0,29384.342045899346,-0.009297806819914545,False
2025-08-01,172542.05706979084,0.0,0.0,172542.05706979084,0.0,173.69113159179688,72542.05706979088,0.0,29384.342045899346,-0.009297806819914545,False
2025-08-04,172542.05706979084,0.0,0.0,172542.05706979084,0.0,179.9700927734375,72542.05706979088,0.0,29384.342045899346,-0.009297806819914545,False
2025-08-05,172542.05706979084,0.0,0.0,172542.05706979084,0.0,178.23037719726562,72542.05706979088,0.0,29384.342045899346,-0.009297806819914545,False
2025-08-06,172542.05706979084,0.0,0.0,172542.05706979084,0.0,179.3901824951172,72542.05706979088,0.0,29384.342045899346,-0.009297806819914545,False
2025-08-07,172283.6316223573,1.0,-0.0014977533699451762,0.0,953.2126561687812,180.7399749755859,72283.63162235735,0.0,29642.76749333288,-0.010781634368362103,False
2025-08-08,173861.83509549976,0.0,0.009160495737644103,173861.83509549976,0.0,182.66964721679688,73861.83509549982,0.0,29903.95202277029,-0.0017199037463940803,False
2025-08-11,173601.43294608063,1.0,-0.0014977533699450651,0.0,953.6981898534012,182.0297393798828,73601.43294608069,0.0,30164.35417218941,-0.003215081124707142,False
2025-08-12,174650.33214847706,1.0,0.0060419962243181136,0.0,953.6981898534012,183.1295623779297,73601.43294608069,1048.8992023964456,30164.35417218941,0.0,False
2025-08-13,172893.55102492473,0.0,-0.010058847881599275,172893.55102492473,0.0,181.5598297119141,72893.55102492479,0.0,30424.084093608926,-0.010058847881599275,False
2025-08-14,172893.55102492473,0.0,0.0,172893.55102492473,0.0,181.98974609375,72893.55102492479,0.0,30424.084093608926,-0.010058847881599275,False
2025-08-15,172893.55102492473,0.0,0.0,172893.55102492473,0.0,180.4200134277344,72893.55102492479,0.0,30424.084093608926,-0.010058847881599275,False
2025-08-18,172893.55102492473,0.0,0.0,172893.55102492473,0.0,181.979736328125,72893.55102492479,0.0,30424.084093608926,-0.010058847881599275,False
2025-08-19,172893.55102492473,0.0,0.0,172893.55102492473,0.0,175.61080932617188,72893.55102492479,0.0,30424.084093608926,-0.010058847881599275,False
2025-08-20,172893.55102492473,0.0,0.0,172893.55102492473,0.0,175.370849609375,72893.55102492479,0.0,30424.084093608926,-0.010058847881599275,False
2025-08-21,172893.55102492473,0.0,0.0,172893.55102492473,0.0,174.95091247558594,72893.55102492479,0.0,30424.084093608926,-0.010058847881599275,False
2025-08-22,172893.55102492473,0.0,0.0,172893.55102492473,0.0,177.96043395996094,72893.55102492479,0.0,30424.084093608926,-0.010058847881599275,False
2025-08-25,172893.55102492473,0.0,0.0,172893.55102492473,0.0,179.78012084960938,72893.55102492479,0.0,30424.084093608926,-0.010058847881599275,False
2025-08-26,172893.55102492473,0.0,0.0,172893.55102492473,0.0,181.7397918701172,72893.55102492479,0.0,30424.084093608926,-0.010058847881599275,False
2025-08-27,172893.55102492473,0.0,0.0,172893.55102492473,0.0,181.56983947753903,72893.55102492479,0.0,30424.084093608926,-0.010058847881599275,False
2025-08-28,172893.55102492473,0.0,0.0,172893.55102492473,0.0,180.1400604248047,72893.55102492479,0.0,30424.084093608926,-0.010058847881599275,False
2025-08-29,172893.55102492473,0.0,0.0,172893.55102492473,0.0,174.1510467529297,72893.55102492479,0.0,30424.084093608926,-0.010058847881599275,False
2025-09-02,172893.55102492473,0.0,0.0,172893.55102492473,0.0,170.75161743164062,72893.55102492479,0.0,30424.084093608926,-0.010058847881599275,False
2025-09-03,172893.55102492473,0.0,0.0,172893.55102492473,0.0,170.59165954589844,72893.55102492479,0.0,30424.084093608926,-0.010058847881599275,False
2025-09-04,172893.55102492473,0.0,0.0,172893.55102492473,0.0,171.63148498535156,72893.55102492479,0.0,30424.084093608926,-0.010058847881599275,False
2025-09-05,172893.55102492473,0.0,0.0,172893.55102492473,0.0,166.9922637939453,72893.55102492479,0.0,30424.084093608926,-0.010058847881599275,False
2025-09-08,172893.55102492473,0.0,0.0,172893.55102492473,0.0,168.2820281982422,72893.55102492479,0.0,30424.084093608926,-0.010058847881599275,False
2025-09-09,172893.55102492473,0.0,0.0,172893.55102492473,0.0,170.7316131591797,72893.55102492479,0.0,30424.084093608926,-0.010058847881599275,False
2025-09-10,172893.55102492473,0.0,0.0,172893.55102492473,0.0,177.300537109375,72893.55102492479,0.0,30424.084093608926,-0.010058847881599275,False
2025-09-11,172893.55102492473,0.0,0.0,172893.55102492473,0.0,177.1505584716797,72893.55102492479,0.0,30424.084093608926,-0.010058847881599275,False
2025-09-12,172893.55102492473,0.0,0.0,172893.55102492473,0.0,177.80047607421875,72893.55102492479,0.0,30424.084093608926,-0.010058847881599275,False
2025-09-15,172893.55102492473,0.0,0.0,172893.55102492473,0.0,177.73049926757812,72893.55102492479,0.0,30424.084093608926,-0.010058847881599275,False
2025-09-16,172893.55102492473,0.0,0.0,172893.55102492473,0.0,174.86080932617188,72893.55102492479,0.0,30424.084093608926,-0.010058847881599275,False
2025-09-17,172893.55102492473,0.0,0.0,172893.55102492473,0.0,170.27130126953125,72893.55102492479,0.0,30424.084093608926,-0.010058847881599275,False
2025-09-18,172893.55102492473,0.0,0.0,172893.55102492473,0.0,176.2206573486328,72893.55102492479,0.0,30424.084093608926,-0.010058847881599275,False
2025-09-19,172634.59912623538,1.0,-0.0014977533699450651,0.0,977.2659129754351,176.6505889892578,72634.59912623544,0.0,30683.03599229828,-0.01154153557823201,False
2025-09-22,179270.67311664784,0.0,0.03843999999999981,179270.67311664784,0.0,183.58984375,79270.67311664793,0.0,30952.345966935205,0.0,False
2025-09-23,179270.67311664784,0.0,0.0,179270.67311664784,0.0,178.410400390625,79270.67311664793,0.0,30952.345966935205,0.0,False
2025-09-24,179270.67311664784,0.0,0.0,179270.67311664784,0.0,176.9505615234375,79270.67311664793,0.0,30952.345966935205,0.0,False
2025-09-25,179270.67311664784,0.0,0.0,179270.67311664784,0.0,177.67050170898438,79270.67311664793,0.0,30952.345966935205,0.0,False
2025-09-26,179270.67311664784,0.0,0.0,179270.67311664784,0.0,178.17044067382812,79270.67311664793,0.0,30952.345966935205,0.0,False
2025-09-29,179270.67311664784,0.0,0.0,179270.67311664784,0.0,181.83004760742188,79270.67311664793,0.0,30952.345966935205,0.0,False
2025-09-30,179002.16986185507,0.9999999999999999,-0.0014977533699449541,2.9103830456733704e-11,959.490998637578,186.55950927734375,79002.16986185515,0.0,31220.84922172799,-0.0014977533699449541,False
2025-10-01,179635.37887203382,0.9999999999999999,0.0035374376225016935,2.9103830456733704e-11,959.490998637578,187.21945190429688,79002.16986185515,633.2090101787604,31220.84922172799,0.0,False
2025-10-02,180946.52993925524,0.0,0.007298957897126979,180946.52993925524,0.0,188.8692626953125,80946.52993925534,0.0,31492.67675794119,0.0,False
2025-10-03,180946.52993925524,0.0,0.0,180946.52993925524,0.0,187.5994110107422,80946.52993925534,0.0,31492.67675794119,0.0,False
2025-10-06,180946.52993925524,0.0,0.0,180946.52993925524,0.0,185.5196228027344,80946.52993925534,0.0,31492.67675794119,0.0,False
2025-10-07,180946.52993925524,0.0,0.0,180946.52993925524,0.0,185.01968383789065,80946.52993925534,0.0,31492.67675794119,0.0,False
2025-10-08,180946.52993925524,0.0,0.0,180946.52993925524,0.0,189.0892333984375,80946.52993925534,0.0,31492.67675794119,0.0,False
2025-10-09,180675.51666425884,1.0,-0.0014977533699451762,0.0,938.3359524329388,192.54885864257812,80675.51666425896,0.0,31763.69003293758,-0.0014977533699451762,False
2025-10-10,175894.3908045309,0.0,-0.026462499999999944,175894.3908045309,0.0,183.139892578125,75894.390804531,0.0,32027.927976059058,-0.02792061907139287,False
2025-10-13,175894.3908045309,0.0,0.0,175894.3908045309,0.0,188.29933166503903,75894.390804531,0.0,32027.927976059058,-0.02792061907139287,False
2025-10-14,175894.3908045309,0.0,0.0,175894.3908045309,0.0,180.01022338867188,75894.390804531,0.0,32027.927976059058,-0.02792061907139287,False
2025-10-15,175894.3908045309,0.0,0.0,175894.3908045309,0.0,179.8102569580078,75894.390804531,0.0,32027.927976059058,-0.02792061907139287,False
2025-10-16,175894.3908045309,0.0,0.0,175894.3908045309,0.0,181.7900390625,75894.390804531,0.0,32027.927976059058,-0.02792061907139287,False
2025-10-17,175894.3908045309,0.0,0.0,175894.3908045309,0.0,183.19989013671875,75894.390804531,0.0,32027.927976059058,-0.02792061907139287,False
2025-10-20,175894.3908045309,0.0,0.0,175894.3908045309,0.0,182.6199493408203,75894.390804531,0.0,32027.927976059058,-0.02792061907139287,False
2025-10-21,175894.3908045309,0.0,0.0,175894.3908045309,0.0,181.14010620117188,75894.390804531,0.0,32027.927976059058,-0.02792061907139287,False
2025-10-22,175894.3908045309,0.0,0.0,175894.3908045309,0.0,180.2602081298828,75894.390804531,0.0,32027.927976059058,-0.02792061907139287,False
2025-10-23,175894.3908045309,0.0,0.0,175894.3908045309,0.0,182.13999938964844,75894.390804531,0.0,32027.927976059058,-0.02792061907139287,False
2025-10-24,175894.3908045309,0.0,0.0,175894.3908045309,0.0,186.23953247070312,75894.390804531,0.0,32027.927976059058,-0.02792061907139287,False
2025-10-27,175894.3908045309,0.0,0.0,175894.3908045309,0.0,191.4689788818359,75894.390804531,0.0,32027.927976059058,-0.02792061907139287,False
2025-10-28,175630.94438794898,1.0,-0.0014977533699450651,0.0,873.7513012279292,201.0079345703125,75630.94438794907,0.0,32291.37439264098,-0.029376554240032826,False
2025-10-29,182382.19789022175,0.0,0.03844000000000003,182382.19789022175,0.0,207.01727294921875,82382.19789022184,0.0,32565.358665886182,0.0,False
2025-10-30,182109.03433871368,1.0,-0.0014977533699450651,0.0,897.6737794484089,202.8677215576172,82109.03433871377,0.0,32838.52221739425,-0.0014977533699450651,False
2025-10-31,181750.0113981448,1.0,-0.0019714724306379994,0.0,897.6737794484089,202.4677734375,82109.03433871377,-359.02294056888195,32838.52221739425,-0.0034662730211063586,False
2025-11-03,188736.48183628952,0.0,0.03844000000000025,188736.48183628952,0.0,206.85728454589844,88736.48183628959,0.0,33122.05223517536,0.0,False
2025-11-04,188736.48183628952,0.0,0.0,188736.48183628952,0.0,198.66818237304688,88736.48183628959,0.0,33122.05223517536,0.0,False
2025-11-05,188736.48183628952,0.0,0.0,188736.48183628952,0.0,195.18858337402344,88736.48183628959,0.0,33122.05223517536,0.0,False
2025-11-06,188736.48183628952,0.0,0.0,188736.48183628952,0.0,188.05935668945312,88736.48183628959,0.0,33122.05223517536,0.0,False
2025-11-07,188736.48183628952,0.0,0.0,188736.48183628952,0.0,188.1293487548828,88736.48183628959,0.0,33122.05223517536,0.0,False
2025-11-10,188736.48183628952,0.0,0.0,188736.48183628952,0.0,199.0281524658203,88736.48183628959,0.0,33122.05223517536,0.0,False
2025-11-11,188736.48183628952,0.0,0.0,188736.48183628952,0.0,193.1387939453125,88736.48183628959,0.0,33122.05223517536,0.0,False
2025-11-12,188736.48183628952,0.0,0.0,188736.48183628952,0.0,193.7787322998047,88736.48183628959,0.0,33122.05223517536,0.0,False
2025-11-13,188736.48183628952,0.0,0.0,188736.48183628952,0.0,186.8394775390625,88736.48183628959,0.0,33122.05223517536,0.0,False
2025-11-14,188736.48183628952,0.0,0.0,188736.48183628952,0.0,190.14910888671875,88736.48183628959,0.0,33122.05223517536,0.0,False
2025-11-17,188736.48183628952,0.0,0.0,188736.48183628952,0.0,186.5795135498047,88736.48183628959,0.0,33122.05223517536,0.0,False
2025-11-18,188736.48183628952,0.0,0.0,188736.48183628952,0.0,181.340087890625,88736.48183628959,0.0,33122.05223517536,0.0,False
2025-11-19,188736.48183628952,0.0,0.0,188736.48183628952,0.0,186.49952697753903,88736.48183628959,0.0,33122.05223517536,0.0,False
2025-11-20,188736.48183628952,0.0,0.0,188736.48183628952,0.0,180.6201629638672,88736.48183628959,0.0,33122.05223517536,0.0,False
2025-11-21,188736.48183628952,0.0,0.0,188736.48183628952,0.0,178.86036682128906,88736.48183628959,0.0,33122.05223517536,0.0,False
2025-11-24,188736.48183628952,0.0,0.0,188736.48183628952,0.0,182.52996826171875,88736.48183628959,0.0,33122.05223517536,0.0,False
2025-11-25,188736.48183628952,0.0,0.0,188736.48183628952,0.0,177.80047607421875,88736.48183628959,0.0,33122.05223517536,0.0,False
2025-11-26,188736.48183628952,0.0,0.0,188736.48183628952,0.0,180.24020385742188,88736.48183628959,0.0,33122.05223517536,0.0,False
2025-11-28,188736.48183628952,0.0,0.0,188736.48183628952,0.0,176.98056030273438,88736.48183628959,0.0,33122.05223517536,0.0,False
2025-12-01,188736.48183628952,0.0,0.0,188736.48183628952,0.0,179.90025329589844,88736.48183628959,0.0,33122.05223517536,0.0,False
2025-12-02,188736.48183628952,0.0,0.0,188736.48183628952,0.0,181.44007873535156,88736.48183628959,0.0,33122.05223517536,0.0,False
2025-12-03,188736.48183628952,0.0,0.0,188736.48183628952,0.0,179.57028198242188,88736.48183628959,0.0,33122.05223517536,0.0,False
2025-12-04,188736.48183628952,0.0,0.0,188736.48183628952,0.0,183.37008666992188,88736.48183628959,0.0,33122.05223517536,0.0,False
2025-12-05,188736.48183628952,0.0,0.0,188736.48183628952,0.0,182.4001312255859,88736.48183628959,0.0,33122.05223517536,0.0,False
2025-12-08,188736.48183628952,0.0,0.0,188736.48183628952,0.0,185.5399627685547,88736.48183628959,0.0,33122.05223517536,0.0,False
2025-12-09,188736.48183628952,0.0,0.0,188736.48183628952,0.0,184.95999145507812,88736.48183628959,0.0,33122.05223517536,0.0,False
2025-12-10,188736.48183628952,0.0,0.0,188736.48183628952,0.0,183.77005004882812,88736.48183628959,0.0,33122.05223517536,0.0,False
2025-12-11,188736.48183628952,0.0,0.0,188736.48183628952,0.0,180.92019653320312,88736.48183628959,0.0,33122.05223517536,0.0,False
2025-12-12,188736.48183628952,0.0,0.0,188736.48183628952,0.0,175.01052856445312,88736.48183628959,0.0,33122.05223517536,0.0,False
2025-12-15,188736.48183628952,0.0,0.0,188736.48183628952,0.0,176.28045654296875,88736.48183628959,0.0,33122.05223517536,0.0,False
2025-12-16,188736.48183628952,0.0,0.0,188736.48183628952,0.0,177.71038818359375,88736.48183628959,0.0,33122.05223517536,0.0,False
2025-12-17,188736.48183628952,0.0,0.0,188736.48183628952,0.0,170.93075561523438,88736.48183628959,0.0,33122.05223517536,0.0,False
2025-12-18,188736.48183628952,0.0,0.0,188736.48183628952,0.0,174.1305694580078,88736.48183628959,0.0,33122.05223517536,0.0,False
2025-12-19,188736.48183628952,0.0,0.0,188736.48183628952,0.0,180.9802093505859,88736.48183628959,0.0,33122.05223517536,0.0,False
2025-12-22,188736.48183628952,0.0,0.0,188736.48183628952,0.0,183.6800537109375,88736.48183628959,0.0,33122.05223517536,0.0,False
2025-12-23,188736.48183628952,0.0,0.0,188736.48183628952,0.0,189.19976806640625,88736.48183628959,0.0,33122.05223517536,0.0,False
2025-12-24,188736.48183628952,0.0,0.0,188736.48183628952,0.0,188.59979248046875,88736.48183628959,0.0,33122.05223517536,0.0,False
2025-12-26,188736.48183628952,0.0,0.0,188736.48183628952,0.0,190.51968383789065,88736.48183628959,0.0,33122.05223517536,0.0,False
2025-12-29,188736.48183628952,0.0,0.0,188736.48183628952,0.0,188.20980834960935,88736.48183628959,0.0,33122.05223517536,0.0,False
2025-12-30,188736.48183628952,0.0,0.0,188736.48183628952,0.0,187.52984619140625,88736.48183628959,0.0,33122.05223517536,0.0,False
2025-12-31,188736.48183628952,0.0,0.0,188736.48183628952,0.0,186.4899139404297,88736.48183628959,0.0,33122.05223517536,0.0,False
2026-01-02,188453.80113458764,0.9999999999999999,-0.0014977533699450651,2.9103830456733704e-11,997.9560367274994,188.83978271484375,88453.8011345877,0.0,33404.73293687724,-0.0014977533699450651,False
2026-01-05,187443.739954786,0.0,-0.005359728345730175,187443.739954786,0.0,188.1098175048828,87443.73995478607,0.0,33686.3209287973,-0.0068494541644834595,False
2026-01-06,187443.739954786,0.0,0.0,187443.739954786,0.0,187.22987365722656,87443.73995478607,0.0,33686.3209287973,-0.0068494541644834595,False
2026-01-07,187443.739954786,0.0,0.0,187443.739954786,0.0,189.09976196289065,87443.73995478607,0.0,33686.3209287973,-0.0068494541644834595,False
2026-01-08,187443.739954786,0.0,0.0,187443.739954786,0.0,185.0299835205078,87443.73995478607,0.0,33686.3209287973,-0.0068494541644834595,False
2026-01-09,187443.739954786,0.0,0.0,187443.739954786,0.0,184.84999084472656,87443.73995478607,0.0,33686.3209287973,-0.0068494541644834595,False
2026-01-12,187443.739954786,0.0,0.0,187443.739954786,0.0,184.92999267578125,87443.73995478607,0.0,33686.3209287973,-0.0068494541644834595,False
2026-01-13,187443.739954786,0.0,0.0,187443.739954786,0.0,185.79994201660156,87443.73995478607,0.0,33686.3209287973,-0.0068494541644834595,False
2026-01-14,187443.739954786,0.0,0.0,187443.739954786,0.0,183.1300811767578,87443.73995478607,0.0,33686.3209287973,-0.0068494541644834595,False
2026-01-15,187443.739954786,0.0,0.0,187443.739954786,0.0,187.03988647460935,87443.73995478607,0.0,33686.3209287973,-0.0068494541644834595,False
2026-01-16,187443.739954786,0.0,0.0,187443.739954786,0.0,186.21990966796875,87443.73995478607,0.0,33686.3209287973,-0.0068494541644834595,False
2026-01-20,187443.739954786,0.0,0.0,187443.739954786,0.0,178.06036376953125,87443.73995478607,0.0,33686.3209287973,-0.0068494541644834595,False
2026-01-21,187443.739954786,0.0,0.0,187443.739954786,0.0,183.31008911132812,87443.73995478607,0.0,33686.3209287973,-0.0068494541644834595,False
2026-01-22,187443.739954786,0.0,0.0,187443.739954786,0.0,184.8299865722656,87443.73995478607,0.0,33686.3209287973,-0.0068494541644834595,False
2026-01-23,187443.739954786,0.0,0.0,187443.739954786,0.0,187.6598358154297,87443.73995478607,0.0,33686.3209287973,-0.0068494541644834595,False
2026-01-26,187443.739954786,0.0,0.0,187443.739954786,0.0,186.4599151611328,87443.73995478607,0.0,33686.3209287973,-0.0068494541644834595,False
2026-01-27,187443.739954786,0.0,0.0,187443.739954786,0.0,188.50979614257812,87443.73995478607,0.0,33686.3209287973,-0.0068494541644834595,False
2026-01-28,187443.739954786,0.0,0.0,187443.739954786,0.0,191.5096435546875,87443.73995478607,0.0,33686.3209287973,-0.0068494541644834595,False
2026-01-29,187162.99546159361,0.9999999999999999,-0.0014977533699450651,2.9103830456733704e-11,972.2774590303377,192.49957275390625,87162.99546159367,0.0,33967.06542198969,-0.008336948741371253,False
2026-01-30,185542.60483009016,0.0,-0.008657644250174235,185542.60483009016,0.0,191.11965942382812,85542.6048300902,0.0,34245.7974272427,-0.016922414655210827,False
2026-02-02,185542.60483009016,0.0,0.0,185542.60483009016,0.0,185.59996032714844,85542.6048300902,0.0,34245.7974272427,-0.016922414655210827,False
2026-02-03,185542.60483009016,0.0,0.0,185542.60483009016,0.0,180.33023071289065,85542.6048300902,0.0,34245.7974272427,-0.016922414655210827,False
2026-02-04,185542.60483009016,0.0,0.0,185542.60483009016,0.0,174.18057250976562,85542.6048300902,0.0,34245.7974272427,-0.016922414655210827,False
2026-02-05,185542.60483009016,0.0,0.0,185542.60483009016,0.0,171.87069702148438,85542.6048300902,0.0,34245.7974272427,-0.016922414655210827,False
2026-02-06,185542.60483009016,0.0,0.0,185542.60483009016,0.0,185.39996337890625,85542.6048300902,0.0,34245.7974272427,-0.016922414655210827,False
2026-02-09,185542.60483009016,0.0,0.0,185542.60483009016,0.0,190.0297088623047,85542.6048300902,0.0,34245.7974272427,-0.016922414655210827,False
2026-02-10,185542.60483009016,0.0,0.0,185542.60483009016,0.0,188.52978515625,85542.6048300902,0.0,34245.7974272427,-0.016922414655210827,False
2026-02-11,185542.60483009016,0.0,0.0,185542.60483009016,0.0,190.0397186279297,85542.6048300902,0.0,34245.7974272427,-0.016922414655210827,False
2026-02-12,185542.60483009016,0.0,0.0,185542.60483009016,0.0,186.9298858642578,85542.6048300902,0.0,34245.7974272427,-0.016922414655210827,False
2026-02-13,185542.60483009016,0.0,0.0,185542.60483009016,0.0,182.80010986328125,85542.6048300902,0.0,34245.7974272427,-0.016922414655210827,False
2026-02-17,185542.60483009016,0.0,0.0,185542.60483009016,0.0,184.95999145507812,85542.6048300902,0.0,34245.7974272427,-0.016922414655210827,False
2026-02-18,185264.7077684375,0.9999999999999999,-0.0014977533699450651,2.9103830456733704e-11,985.60880478621,187.9698181152344,85264.70776843755,0.0,34523.69448889536,-0.018394822421578416,False
2026-02-19,184908.09349009997,0.0,-0.0019248905127859928,184908.09349009997,0.0,187.88983154296875,84908.09349010003,0.0,34801.47329734318,-0.020284304915200724,False
2026-02-20,184631.14676994504,1.0,-0.0014977533699451762,0.0,972.7169351822627,189.8097381591797,84631.14676994512,0.0,35078.4200174981,-0.02175167739910211,False
2026-02-23,186034.38307623458,0.0,0.007600214432064378,186034.38307623458,0.0,191.5396423339844,86034.38307623463,0.0,35357.89079828363,-0.014316780379527994,False
2026-02-24,186034.38307623458,0.0,0.0,186034.38307623458,0.0,192.83956909179688,86034.38307623463,0.0,35357.89079828363,-0.014316780379527994,False
2026-02-25,186034.38307623458,0.0,0.0,186034.38307623458,0.0,195.5494079589844,86034.38307623463,0.0,35357.89079828363,-0.014316780379527994,False
2026-02-26,186034.38307623458,0.0,0.0,186034.38307623458,0.0,184.87998962402344,86034.38307623463,0.0,35357.89079828363,-0.014316780379527994,False
2026-02-27,186034.38307623458,0.0,0.0,186034.38307623458,0.0,177.180419921875,86034.38307623463,0.0,35357.89079828363,-0.014316780379527994,False
2026-03-02,186034.38307623458,0.0,0.0,186034.38307623458,0.0,182.4701232910156,86034.38307623463,0.0,35357.89079828363,-0.014316780379527994,False
2026-03-03,186034.38307623458,0.0,0.0,186034.38307623458,0.0,180.04025268554688,86034.38307623463,0.0,35357.89079828363,-0.014316780379527994,False
2026-03-04,186034.38307623458,0.0,0.0,186034.38307623458,0.0,183.03009033203125,86034.38307623463,0.0,35357.89079828363,-0.014316780379527994,False
2026-03-05,186034.38307623458,0.0,0.0,186034.38307623458,0.0,183.330078125,86034.38307623463,0.0,35357.89079828363,-0.014316780379527994,False
2026-03-06,186034.38307623458,0.0,0.0,186034.38307623458,0.0,177.8103790283203,86034.38307623463,0.0,35357.89079828363,-0.014316780379527994,False
2026-03-09,186034.38307623458,0.0,0.0,186034.38307623458,0.0,182.64010620117188,86034.38307623463,0.0,35357.89079828363,-0.014316780379527994,False
2026-03-10,186034.38307623458,0.0,0.0,186034.38307623458,0.0,184.760009765625,86034.38307623463,0.0,35357.89079828363,-0.014316780379527994,False
2026-03-11,186034.38307623458,0.0,0.0,186034.38307623458,0.0,186.02999877929688,86034.38307623463,0.0,35357.89079828363,-0.014316780379527994,False
2026-03-12,186034.38307623458,0.0,0.0,186034.38307623458,0.0,183.13999938964844,86034.38307623463,0.0,35357.89079828363,-0.014316780379527994,False
2026-03-13,186034.38307623458,0.0,0.0,186034.38307623458,0.0,180.25,86034.38307623463,0.0,35357.89079828363,-0.014316780379527994,False
2026-03-16,186034.38307623458,0.0,0.0,186034.38307623458,0.0,183.22000122070312,86034.38307623463,0.0,35357.89079828363,-0.014316780379527994,False
2026-03-17,186034.38307623458,0.0,0.0,186034.38307623458,0.0,181.92999267578125,86034.38307623463,0.0,35357.89079828363,-0.014316780379527994,False
2026-03-18,186034.38307623458,0.0,0.0,186034.38307623458,0.0,180.3999938964844,86034.38307623463,0.0,35357.89079828363,-0.014316780379527994,False
2026-03-19,186034.38307623458,0.0,0.0,186034.38307623458,0.0,178.55999755859375,86034.38307623463,0.0,35357.89079828363,-0.014316780379527994,False
2026-03-20,186034.38307623458,0.0,0.0,186034.38307623458,0.0,172.6999969482422,86034.38307623463,0.0,35357.89079828363,-0.014316780379527994,False
2026-03-23,186034.38307623458,0.0,0.0,186034.38307623458,0.0,175.63999938964844,86034.38307623463,0.0,35357.89079828363,-0.014316780379527994,False
2026-03-24,186034.38307623458,0.0,0.0,186034.38307623458,0.0,175.1999969482422,86034.38307623463,0.0,35357.89079828363,-0.014316780379527994,False
2026-03-25,186034.38307623458,0.0,0.0,186034.38307623458,0.0,178.67999267578125,86034.38307623463,0.0,35357.89079828363,-0.014316780379527994,False
2026-03-26,186034.38307623458,0.0,0.0,186034.38307623458,0.0,171.24000549316406,86034.38307623463,0.0,35357.89079828363,-0.014316780379527994,False
2026-03-27,186034.38307623458,0.0,0.0,186034.38307623458,0.0,167.52000427246094,86034.38307623463,0.0,35357.89079828363,-0.014316780379527994,False
2026-03-30,186034.38307623458,0.0,0.0,186034.38307623458,0.0,165.1699981689453,86034.38307623463,0.0,35357.89079828363,-0.014316780379527994,False
2026-03-31,186034.38307623458,0.0,0.0,186034.38307623458,0.0,174.39999389648438,86034.38307623463,0.0,35357.89079828363,-0.014316780379527994,False
2026-04-01,186034.38307623458,0.0,0.0,186034.38307623458,0.0,175.75,86034.38307623463,0.0,35357.89079828363,-0.014316780379527994,False
2026-04-02,186034.38307623458,0.0,0.0,186034.38307623458,0.0,177.38999938964844,86034.38307623463,0.0,35357.89079828363,-0.014316780379527994,False
2026-04-06,186034.38307623458,0.0,0.0,186034.38307623458,0.0,177.63999938964844,86034.38307623463,0.0,35357.89079828363,-0.014316780379527994,False
2026-04-07,186034.38307623458,0.0,0.0,186034.38307623458,0.0,178.10000610351562,86034.38307623463,0.0,35357.89079828363,-0.014316780379527994,False
2026-04-08,186034.38307623458,0.0,0.0,186034.38307623458,0.0,182.0800018310547,86034.38307623463,0.0,35357.89079828363,-0.014316780379527994,False
2026-04-09,186034.38307623458,0.0,0.0,186034.38307623458,0.0,183.91000366210935,86034.38307623463,0.0,35357.89079828363,-0.014316780379527994,False
2026-04-10,185755.74945205648,1.0,-0.0014977533699451762,0.0,984.7624696158935,188.6300048828125,85755.74945205655,0.0,35636.52442246172,-0.015793090743412952,False
2026-04-13,186145.74264770138,0.0,0.0020994946148116256,186145.74264770138,0.0,189.30999755859375,86145.74264770145,0.0,35916.16249353989,-0.013726753637568367,False
2026-04-14,185866.94223434984,1.0,-0.0014977533699451762,0.0,945.8396388479069,196.5099945068359,85866.94223434993,0.0,36194.962906891415,-0.015203947715994426,False
2026-04-15,188099.12435932565,1.0,0.012009570384825974,0.0,945.8396388479069,198.8699951171875,85866.94223434993,2232.1821249757886,36194.962906891415,-0.0033769702113908284,False
2026-04-16,187325.88719122167,0.0,-0.0041107962131012865,187325.88719122167,0.0,198.3500061035156,87325.88719122176,0.0,36476.37385409906,-0.007473884388135454,False
2026-04-17,187045.31921240306,1.0,-0.0014977533699450651,0.0,927.436166229415,201.67999267578125,87045.31921240315,0.0,36756.94183291766,-0.008960443722551559,False
2026-04-20,187116.65285984104,0.0,0.0003813709305229285,187116.65285984104,0.0,202.05999755859375,87116.65285984112,0.0,37038.03845714376,-0.00858249004478917,False
2026-04-21,187116.65285984104,0.0,0.0,187116.65285984104,0.0,199.8800048828125,87116.65285984112,0.0,37038.03845714376,-0.00858249004478917,False
2026-04-22,187116.65285984104,0.0,0.0,187116.65285984104,0.0,202.5,87116.65285984112,0.0,37038.03845714376,-0.00858249004478917,False
2026-04-23,187116.65285984104,0.0,0.0,187116.65285984104,0.0,199.63999938964844,87116.65285984112,0.0,37038.03845714376,-0.00858249004478917,False
2026-04-24,186836.39826244736,1.0,-0.0014977533699451762,0.0,897.0874078344285,208.27000427246097,86836.39826244746,0.0,37318.29305453743,-0.010067388961347179,False
2026-04-27,194018.38941165584,0.0,0.03844000000000003,194018.38941165584,0.0,216.61000061035156,94018.38941165594,0.0,37609.75783582685,0.0,False
2026-04-28,193727.7977150832,1.0,-0.0014977533699451762,0.0,908.7948556510592,213.1699981689453,93727.79771508332,0.0,37900.34953239948,-0.0014977533699451762,False
2026-04-29,188601.27586804781,0.0,-0.026462499999999944,188601.27586804781,0.0,209.25,88601.27586804793,0.0,38183.67643655779,-0.027920619071392982,False
2026-04-30,188601.27586804781,0.0,0.0,188601.27586804781,0.0,199.57000732421875,88601.27586804793,0.0,38183.67643655779,-0.027920619071392982,False
2026-05-01,188601.27586804781,0.0,0.0,188601.27586804781,0.0,198.4499969482422,88601.27586804793,0.0,38183.67643655779,-0.027920619071392982,False
2026-05-04,188601.27586804781,0.0,0.0,188601.27586804781,0.0,198.47999572753903,88601.27586804793,0.0,38183.67643655779,-0.027920619071392982,False
2026-05-05,188601.27586804781,0.0,0.0,188601.27586804781,0.0,196.5,88601.27586804793,0.0,38183.67643655779,-0.027920619071392982,False
2026-05-06,188318.7976715405,1.0,-0.0014977533699451762,0.0,906.1194053427624,207.8300018310547,88318.79767154063,0.0,38466.1546330651,-0.029376554240032937,False
2026-05-07,191644.25422999426,1.0,0.017658654364679505,0.0,906.1194053427624,211.5,88318.79767154063,3325.4565584537536,38466.1546330651,-0.01223665029310339,False
2026-05-08,194704.39792460873,0.0,0.015967834292292205,194704.39792460873,0.0,215.1999969482422,94704.39792460887,0.0,38758.64997296186,0.0,False
2026-05-11,194412.77875647403,0.9999999999999999,-0.0014977533699450651,2.9103830456733704e-11,885.9495834556651,219.44000244140625,94412.77875647416,0.0,39050.26914109657,-0.0014977533699450651,False
2026-05-12,195599.94795386033,0.9999999999999999,0.006106436032548013,2.9103830456733704e-11,885.9495834556651,220.77999877929688,94412.77875647416,1187.169197386316,39050.26914109657,0.0,False
2026-05-13,200073.996054015,0.9999999999999999,0.02287346263103318,2.9103830456733704e-11,885.9495834556651,225.8300018310547,94412.77875647416,5661.217297540988,39050.26914109657,0.0,False
2026-05-14,207764.84046233137,0.0,0.03844000000000003,207764.84046233137,0.0,235.7400054931641,107764.84046233149,0.0,39362.384574940836,0.0,False
2026-05-15,207764.84046233137,0.0,0.0,207764.84046233137,0.0,225.32000732421875,107764.84046233149,0.0,39362.384574940836,0.0,False
2026-05-18,207764.84046233137,0.0,0.0,207764.84046233137,0.0,222.32000732421875,107764.84046233149,0.0,39362.384574940836,0.0,False
2026-05-19,207764.84046233137,0.0,0.0,207764.84046233137,0.0,220.61000061035156,107764.84046233149,0.0,39362.384574940836,0.0,False
2026-05-20,207764.84046233137,0.0,0.0,207764.84046233137,0.0,223.47000122070312,107764.84046233149,0.0,39362.384574940836,0.0,False
2026-05-21,207764.84046233137,0.0,0.0,207764.84046233137,0.0,219.5099945068359,107764.84046233149,0.0,39362.384574940836,0.0,False
2026-05-22,207764.84046233137,0.0,0.0,207764.84046233137,0.0,215.3300018310547,107764.84046233149,0.0,39362.384574940836,0.0,False
