Date,Close,High,Low,Open,Volume
2021-05-24,15.57275104522705,15.705416097601091,15.137846351089925,15.1742545652697,554816000
2021-05-25,15.60840892791748,15.778729299964288,15.443574568167058,15.726361521757942,435408000
2021-05-26,15.660530090332031,15.754044403313245,15.547066551912083,15.69469424475512,370440000
2021-05-27,15.44906234741211,15.71040375065924,15.421132862507694,15.660280028278496,581476000
2021-05-28,16.20366096496582,16.236578947504775,15.462031299114846,15.462031299114846,644536000
2021-06-01,16.22360610961914,16.347045652019425,15.86326447044786,16.229093072524805,472804000
2021-06-02,16.73607063293457,16.876218447528885,16.194685654349467,16.211393881108727,594168000
2021-06-03,16.92708969116211,17.215613878178374,16.54131266131784,16.65876682044273,580008000
2021-06-04,17.534059524536133,17.616599909816845,17.052523208969372,17.069478766631683,617120000
2021-06-07,17.574705123901367,17.76771918028066,17.149528167001655,17.52707659864361,575756000
2021-06-08,17.413108825683594,17.577194510142903,17.207625490251473,17.483181755642672,323848000
2021-06-09,17.31857681274414,17.534832519599075,17.216312069425967,17.47571805921768,381656000
2021-06-10,17.385175704956055,17.45202392117329,17.136746130755657,17.310348253638647,287772000
2021-06-11,17.78451156616211,17.898251342387297,17.403883229039902,17.439550960234815,416308000
2021-06-14,17.97756576538086,17.9982683850617,17.62238044017172,17.865074363855577,321376000
2021-06-15,17.74784278869629,17.975073024219547,17.687481873167364,17.874054743695652,243032000
2021-06-16,17.769540786743164,17.91371123664021,17.544306809592758,17.75008652975666,307124000
2021-06-17,18.614612579345703,18.79195600704923,17.71567253718677,17.7338803438254,809656000
2021-06-18,18.59615135192871,19.330718581922177,18.54152604115206,18.74106970383863,968856000
2021-06-21,18.385133743286133,18.494135068349298,17.78201553321056,18.39311488047978,672384000
2021-06-22,18.843585968017575,18.920411562226604,18.34398078046078,18.429286096445225,580144000
2021-06-23,19.01369857788086,19.10898128082533,18.864540328639993,18.964312184695025,332356000
2021-06-24,19.161603927612305,19.375614096798248,19.044621470468723,19.18380420000892,320924000
2021-06-25,18.98750686645508,19.30128891794506,18.851319416019447,19.236436935503985,278364000
2021-06-28,19.9393253326416,20.03286106908621,19.274847095565143,19.317000214420624,495436000
2021-06-29,19.98097801208496,20.052812050401,19.612072127487256,19.837056837882255,367632000
2021-06-30,19.95677947998047,20.116413605033845,19.818346554021335,19.95353678693168,326568000
2021-07-01,20.16580581665039,20.40924764246024,19.973246122217304,20.0790047597842,480136000
2021-07-02,20.440176010131836,20.458385715167392,20.241382131269432,20.39353374130317,342764000
2021-07-06,20.65119171142578,20.794363107269312,20.303738226115755,20.690102132517197,446708000
2021-07-07,20.32518768310547,20.827287563769445,20.285529389265697,20.805837070095645,418428000
2021-07-08,19.857261657714844,20.086984820406965,19.65572366995776,19.811117972492724,503300000
2021-07-09,20.00442695617676,20.03435908029402,19.709103896247075,19.91687801459504,296624000
2021-07-12,20.465621948242188,20.48582408605355,20.141613226484793,20.19374372414913,321984000
2021-07-13,20.203716278076172,20.414483746196098,20.06802744154041,20.353871638255328,290708000
2021-07-14,19.796152114868164,20.371085187091623,19.7076060162833,20.311222848316984,380100000
2021-07-15,18.922908782958984,19.801646793674696,18.81540506852865,19.766477634388657,550564000
2021-07-16,18.11949157714844,19.113215466883993,18.03169335944509,18.9870054099986,688224000
2021-07-19,18.73682975769043,18.99847938129424,17.824667948945038,17.874305524272554,749060000
2021-07-20,18.5694637298584,18.794947062988875,18.12248763276061,18.687194083624995,434687000
2021-07-21,19.365636825561523,19.482369991726237,18.699164320803423,18.838843731264284,371017000
2021-07-22,19.549217224121097,19.841546833620864,19.23194323043398,19.597107853695302,323826000
2021-07-23,19.5132999420166,19.654975593030052,19.20600332552339,19.611075532676935,195672000
2021-07-26,19.249906539916992,19.39756711649879,18.870773917905098,19.266867886400917,203943000
2021-07-27,19.164098739624023,19.577152067527223,18.698165146922616,19.22096766985396,248863000
2021-07-28,19.458423614501953,19.601096419244247,18.951585293113546,19.27484415522082,202191000
2021-07-29,19.61706924438477,19.807632757827484,19.28383096030469,19.47439447374741,190781000
2021-07-30,19.454435348510746,19.585134561055348,19.21897466845994,19.3736191961783,183497000
2021-08-02,19.704862594604492,19.915380808627756,19.316751690978577,19.65497762771269,217444000
2021-08-03,19.769712448120117,20.175781820042896,19.176071129798512,19.6948831028393,301811000
2021-08-04,20.2276611328125,20.27156118889958,19.782679477126937,19.94430985832058,231309000
2021-08-05,20.589834213256836,20.68561547950289,20.295508346135612,20.45314818824978,211435000
2021-08-06,20.319456100463867,20.52299036416041,20.16381247563589,20.477095961490413,178497000
2021-08-09,20.248611450195312,20.461123937852307,20.09695845290536,20.39926537827409,146443000
2021-08-10,19.89043426513672,20.383304640424186,19.78966337944273,20.27555168766045,179238000
2021-08-11,19.653982162475582,20.00318270372501,19.38559779435754,19.997195897643454,185925000
2021-08-12,19.859508514404297,19.983223761879053,19.57516002402308,19.8245886579006,151652000
2021-08-13,20.141860961914062,20.167802514416582,19.80563126679169,19.859508704764945,183063000
2021-08-16,19.904407501220703,20.24063722279305,19.40854168912828,20.088984173742237,210876000
2021-08-17,19.413528442382812,19.72481563269579,19.222964992831216,19.640008912743852,204585000
2021-08-18,18.996479034423828,19.589121124502523,18.95656955350814,19.45542664702151,285913000
2021-08-19,19.75275230407715,20.44815982346293,18.719118863786036,19.449446238959755,766555000
2021-08-20,20.76842498779297,20.817312785089932,19.887443664031185,19.945309765245906,675741000
2021-08-23,21.907814025878903,21.946724447846748,20.90211844107872,20.923070353137504,575807000
2021-08-24,21.74319076538086,21.908811733166473,21.485781010020887,21.703283176040937,297299000
2021-08-25,22.1622314453125,22.41864404034006,21.672354404189697,21.68731951267329,347701000
2021-08-26,22.01757049560547,22.288948275608032,21.740205909326253,22.14926881575229,237940000
2021-08-27,22.58426284790039,22.670066727828846,22.116334931124943,22.13329627384273,304722000
2021-08-30,22.636144638061523,22.990332802808872,22.499458629372025,22.777820284558313,262580000
2021-08-31,22.33777618408203,22.647121666172826,22.07333584482094,22.647121666172826,259850000
2021-09-01,22.39366149902344,22.64912199389681,22.30983905945331,22.43756930689,201767000
2021-09-02,22.348756790161133,22.545341732077254,22.247970011545803,22.470499179082864,187834000
2021-09-03,22.79481506347656,22.93751306703993,22.15317176699286,22.277908090222944,280532000
2021-09-07,22.614192962646484,22.85069250085524,22.474487011995723,22.78483174949806,198107000
2021-09-08,22.2918758392334,22.5623040643883,21.930638074162353,22.46550856729171,254434000
2021-09-09,22.13021469116211,22.490453174173343,22.08431220635336,22.264930118963175,196856000
2021-09-10,22.430580139160156,22.578266724683587,22.223018761676062,22.30085332657019,248376000
2021-09-13,22.105270385742188,22.915557731283194,21.81188995971526,22.636147711099213,297500000
2021-09-14,22.195077896118164,22.362722745195637,22.039406863407024,22.228007318619177,199755000
2021-09-15,22.29387092590332,22.31981705301157,21.919661994088575,22.261938841506673,166538000
2021-09-16,22.195077896118164,22.23000390634264,21.8807419007731,22.136202349836225,156033000
2021-09-17,21.85379981994629,22.273911214791905,21.78394779506993,22.252955607329,294503000
2021-09-20,21.068462371826172,21.38778701785786,20.61841355645307,21.10139179807724,349440000
2021-09-21,21.20117950439453,21.379800833477784,20.905804421130274,21.37181828897263,204688000
2021-09-22,21.89471435546875,21.91367337565563,21.151285132509745,21.32092658519888,268726000
2021-09-23,22.4345760345459,22.48746373201777,21.843823860737224,22.09329650200951,248555000
2021-09-24,22.0344181060791,22.10227544755049,21.81488289522603,22.02344163103519,217655000
2021-09-27,21.61430549621582,21.753012198242896,21.28001313223828,21.664199253926697,245215000
2021-09-28,20.65533447265625,21.373816837113832,20.607435394582403,21.16924936463911,343069000
2021-09-29,20.473718643188477,20.972663870201263,20.423822978492204,20.895826640226495,218394000
2021-09-30,20.672298431396484,21.02156047404019,20.64435762025099,20.72418878114169,221009000
2021-10-01,20.698244094848633,20.814995951669495,20.16037968568149,20.706226639761606,240978000
2021-10-04,19.69037628173828,20.498667077843145,19.51374961230619,20.460747131129327,345635000
2021-10-05,20.40785789489746,20.60444281688041,19.812117171843163,19.907915325430285,279282000
2021-10-06,20.65633201599121,20.676288377439818,20.0376391312872,20.077555660834182,297202000
2021-10-07,21.03054428100586,21.277022990094792,20.927760913966573,21.047506715120413,256919000
2021-10-08,20.787052154541016,21.16126101595246,20.73117054152913,21.056482991555185,151258000
2021-10-11,20.65134048461914,21.01856416379945,20.467728645028984,20.53159470850479,163388000
2021-10-12,20.627391815185547,21.012577186630253,20.4846938393816,20.784060195567157,162134000
2021-10-13,20.89482879638672,20.945721806793703,20.66930570613976,20.873873186805923,180652000
2021-10-14,21.700124740600582,21.709104627354822,21.07744058821198,21.24309075862208,243589000
2021-10-15,21.815879821777344,21.88473450421562,21.616302880257265,21.763989474383635,226994000
2021-10-18,22.175119400024418,22.243974077553172,21.59833775960984,21.703117692511093,189494000
2021-10-19,22.24298095703125,22.331792011817765,21.99051439261649,22.229008647111023,161473000
2021-10-20,22.05637550354004,22.38567930946501,21.93563045748002,22.257949059996356,146276000
2021-10-21,22.644126892089844,22.66308781338826,22.036412424885217,22.05038282865257,187590000
2021-10-22,22.678056716918945,23.08120376239796,22.51340579315989,22.774852206054973,249384000
2021-10-25,23.117128372192383,23.305728827400447,22.72196388223994,22.92453474153749,230235000
2021-10-26,24.66485595703125,25.205714271899417,23.873529604420657,23.93839301304731,485898000
2021-10-27,24.39942169189453,25.03707368304749,24.23077756713748,24.422373889856782,245990000
2021-10-28,24.888383865356445,24.897365655301588,24.471266418851215,24.825517045714975,234204000
2021-10-29,25.5130672454834,25.654767902179135,24.94726386442255,24.94826120681947,292503000
2021-11-01,25.772518157958984,25.83937625950011,25.173783464529546,25.59489414765004,265740000
2021-11-02,26.345304489135746,26.62172056643218,25.74557250420256,25.767527357616604,294112000
2021-11-03,26.541887283325195,26.72749571192284,26.179654119222267,26.613735891491203,239910000
2021-11-04,29.738134384155273,31.298834251427845,27.060793699318,27.171559601999014,1153631000
2021-11-05,29.68923568725586,31.333757862133087,29.347956214635,30.123317473930538,851260000
2021-11-08,30.73902130126953,31.034396431529643,29.843912215673015,30.08540230696262,503101000
2021-11-09,30.59232711791992,32.241841813464795,29.90079014753513,32.2139010026745,646746000
2021-11-10,29.3968563079834,30.784922760075833,28.717293111078096,29.294074848774112,636206000
2021-11-11,30.325891494750977,30.525470354822794,29.714185657516225,30.40372797344251,332172000
2021-11-12,30.325891494750977,30.615280651522603,29.567494491133164,29.946693944604604,413054000
2021-11-15,29.961658477783203,30.579352109400386,29.1852998788009,30.48754713787992,384909000
2021-11-16,30.13928604125977,30.325891839785264,29.643334719095915,29.696224316711493,264484000
2021-11-17,29.19927215576172,30.444640534447625,28.739244216455628,30.353830996008032,428508000
2021-11-18,31.60818099975586,32.690891284605854,31.254927669456254,32.29872256948904,781711000
2021-11-19,32.91541290283203,33.018196245585706,31.83769143046511,32.174977704788965,533867000
2021-11-22,31.888587951660156,34.573911251550705,31.832706327709936,33.446293929247794,754335000
2021-11-23,31.679027557373047,32.29173255622799,30.814853381586097,31.468472250509617,532163000
2021-11-24,32.605072021484375,32.78568994748824,30.862755024040684,31.39463157257882,435162000
2021-11-26,31.436542510986328,32.640995088921485,31.283865396835044,32.53122653243234,283069000
2021-11-29,33.30559539794922,33.34151875834948,31.968421870569852,32.29772758864819,454964000
2021-11-30,32.60707092285156,33.28264478706327,31.79678541007752,33.09903100381717,622066000
2021-12-01,31.372528076171875,33.222845580609224,31.31763707417919,33.15298499754876,484368000
2021-12-02,32.062156677246094,32.413458348891545,30.963344820067583,31.151970308797033,472890000
2021-12-03,30.632003784179688,32.06515080587632,30.070121019469727,31.936405556758363,544325000
2021-12-06,29.97730255126953,30.180895672741254,27.982274986665256,29.820613094112023,658938000
2021-12-07,32.36256408691406,32.384523539345906,30.59009401582162,30.895487638567595,593053000
2021-12-08,31.762752532958984,32.22583112815729,31.358556702529327,31.93540906578949,475551000
2021-12-09,30.429407119750977,32.1410009631348,30.367530057984055,31.67093440589045,488507000
2021-12-10,30.137989044189453,31.242789511090688,29.801658853309153,31.08809684922416,488825000
2021-12-13,28.10503578186035,30.23379825928453,28.060125132879463,30.188887610303645,598344000
2021-12-14,28.280683517456055,28.621005425069747,27.19584390568892,27.643950978334946,667035000
2021-12-15,30.39846992492676,30.439388813076704,27.782678223157248,28.343561661628623,698297000
2021-12-16,28.330585479736328,31.098075396246916,28.03717102685846,31.090091873375695,707366000
2021-12-17,27.745750427246097,28.864522903312924,27.704831542890716,27.929384771071867,713758000
2021-12-20,27.663911819458008,28.088066423723262,27.091053166532397,27.25073503427165,461847000
2021-12-21,29.01721954345703,29.062130190371207,27.346544620384616,28.31761243890149,524385000
2021-12-22,29.341567993164062,29.49626062055205,28.392457864198384,28.83358074244095,395184000
2021-12-23,29.58109474182129,29.99926267226298,29.372510460598956,29.69586596971552,343022000
2021-12-27,30.883499145507812,31.02521713058112,29.58109241720771,29.601053125766303,403686000
2021-12-28,30.261741638183594,31.267737862639216,29.952356330148938,31.24977398426647,420591000
2021-12-29,29.94137191772461,30.487285628510293,29.307633763365953,30.21283257673172,343139000
2021-12-30,29.52720069885254,30.39646994729714,29.481292592153306,29.7677209545132,308864000
2021-12-31,29.352550506591797,29.970321747102997,29.272709567584418,29.615028331207352,266530000
2022-01-03,30.061138153076172,30.64996574600368,29.725805474067663,29.75574653768631,391547000
2022-01-04,29.23179054260254,30.40744890598463,28.29266068276136,30.216828510864207,527154000
2022-01-05,27.54914665222168,29.357546200651647,27.478288593053083,28.891473242855163,498064000
2022-01-06,28.12199592590332,28.38147940620743,27.011209040903,27.58506509041977,454186000
2022-01-07,27.192848205566406,28.36551411614278,27.00322528448176,28.085072447229507,409939000
2022-01-10,27.34554672241211,27.41440984015935,25.593035959641192,26.528174103666952,594681000
2022-01-11,27.76171875,28.009226996384303,26.785663592042308,27.26870099330091,404089000
2022-01-12,27.943355560302734,28.53816984117976,27.553131884370423,28.01121930597054,383413000
2022-01-13,26.522186279296875,28.423399112253964,26.445337738615446,28.322600004609768,540171000
2022-01-14,26.888456344604492,27.14295063721548,26.1579107320568,26.24773202314796,395832000
2022-01-18,25.851518630981445,26.585058455010692,25.718783542206612,26.20780945704016,424270000
2022-01-19,25.017179489135746,26.490245813728656,25.00220991034634,26.02716920354063,488315000
2022-01-20,24.102001190185547,25.52816188748509,24.03014378855294,25.25370883415951,435181000
2022-01-21,23.327547073364254,24.77366673764392,23.216767613789905,23.460282170555125,718958000
2022-01-24,23.325551986694336,23.333535509414546,20.846489247606883,22.28562296184168,913982000
2022-01-25,22.279632568359375,22.89740375021859,21.956277081612978,22.501191486192457,664616000
2022-01-26,22.726741790771484,24.009187801451084,22.255679732041735,23.193812088529302,755959000
2022-01-27,21.900390625,23.94731523787376,21.63192420739024,23.52116377527102,573353000
2022-01-28,22.794612884521484,22.8125767649664,21.25368047125006,21.968257252029776,543774000
2022-01-31,24.437334060668945,24.460289063835987,23.00618412484713,23.135924911882224,564680000
2022-02-01,24.58903694152832,25.09502934074459,23.842522359091557,25.05411045530758,518925000
2022-02-02,25.191837310791016,25.76569347477143,24.50420547493788,25.74274037034712,543419000
2022-02-03,23.900400161743164,25.02715583674962,23.73273481475502,24.40938669824542,410178000
2022-02-04,24.270668029785156,24.586039987928007,23.585033117362396,23.92435754479338,354829000
2022-02-07,24.678855895996097,25.131952179111504,24.153900300504695,24.32356251647183,376868000
2022-02-08,25.05809783935547,25.179855106381822,23.932339472055837,24.310585923042694,410359000
2022-02-09,26.651927947998047,26.671888658006186,25.30261555051223,25.571080056956752,524282000
2022-02-10,25.772680282592773,26.871492136649884,25.54912640450638,25.943341891805627,513200000
2022-02-11,23.90139961242676,26.100022063881525,23.72575073057103,25.86449106436083,605472000
2022-02-14,24.21877670288086,24.82556828448741,23.70779311612271,23.88643825928562,440424000
2022-02-15,26.442344665527344,26.4922445340871,24.734744665885565,24.899415754979135,699869000
2022-02-16,26.45831298828125,26.529172937045136,25.501219224442693,26.206814897463676,732676000
2022-02-17,24.45829200744629,25.733751844995112,24.116972680791868,25.579059224109187,810595000
2022-02-18,23.59501266479492,24.9363413812796,23.054090050944858,24.61897260173139,761255000
2022-02-22,23.343517303466797,24.016177674838435,22.95429294527255,22.989223238774173,633422000
2022-02-23,22.342504501342773,24.10699211767521,22.25667689007346,23.7546930729614,566511000
2022-02-24,23.700803756713867,23.752700460531265,20.848483782736597,20.97323536478468,735801000
2022-02-25,24.10898780822754,24.168868025869426,23.334531028911424,23.673855434811756,528866000
2022-02-28,24.336538314819336,24.615982537692595,23.659886251331425,23.944319699810443,477319000
2022-03-01,23.430343627929688,24.328556587897697,23.086029928980732,24.242727053391707,412056000
2022-03-02,24.175981521606445,24.364639111563292,23.372446139998853,23.712826005452477,389642000
2022-03-03,23.6709041595459,24.281791456450637,23.426348571587415,24.217906685184182,365095000
2022-03-04,22.894317626953125,23.63696498590784,22.441142240714974,23.341503399554565,431415000
2022-03-07,21.31319999694824,22.991147067317137,21.29124061343807,22.775538058787895,450821000
2022-03-08,21.47490119934082,22.33233933851528,20.61247108080546,21.270273834836345,557467000
2022-03-09,22.97217559814453,23.177800600931413,22.206569302526024,22.346314265208143,492742000
2022-03-10,22.61682510375977,22.74658802016599,21.842234335180756,22.490055090570973,428066000
2022-03-11,22.05983543395996,23.102936307878903,22.005932721614773,22.98015875370695,367209000
2022-03-14,21.291236877441406,22.221542360192014,21.1205481082041,21.829256910095523,385354000
2022-03-15,22.931249618530273,22.996132023942444,21.28325099056678,21.47889393725402,491996000
2022-03-16,24.45148277282715,24.552299054127236,23.12988952261609,23.457292552284873,671422000
2022-03-17,24.720991134643555,24.796851321954325,23.862553485348077,24.076165263385313,471941000
2022-03-18,26.40492248535156,26.520712789888098,24.579248007289475,24.753929194458188,730719000
2022-03-21,26.68541145324707,27.102652930497936,25.919805242036578,26.458824731039037,591727000
2022-03-22,26.475799560546875,27.18850274822909,26.024621290380676,26.67842977640568,547007000
2022-03-23,25.58741569519043,26.56363709584055,25.52852290161085,26.078520250553925,502120000
2022-03-24,28.098840713500977,28.268531837117266,25.859917039185778,26.11844711768974,877379000
2022-03-25,27.64167594909668,28.306466021323548,27.221441486555513,27.835323644890032,579016000
2022-03-28,28.16771697998047,28.198660780217057,27.15655743522871,27.705559052925192,425494000
2022-03-29,28.603923797607425,28.89339579270697,27.929151693458024,28.64285248149159,488984000
2022-03-30,27.63968086242676,28.444215914701186,27.45302041414032,28.25256539037633,463487000
2022-03-31,27.23641014099121,28.196661710311588,27.2204403767065,27.73150900758,523440000
2022-04-01,26.66345596313477,27.446031589701068,26.219264969798488,27.325251194574196,517235000
2022-04-04,27.310274124145508,27.507914215731244,26.564632046975778,26.67942280733354,397120000
2022-04-05,25.88387680053711,27.269354953173288,25.773078453703725,27.204472540950196,436615000
2022-04-06,24.362642288208008,25.25401899900753,23.959377188284968,24.888684944472697,703833000
2022-04-07,24.16400909423828,24.677074985912075,23.435336116546427,24.396585485641776,557992000
2022-04-08,23.07698631286621,23.8795260910143,23.020090688541902,23.87353647670148,524781000
2022-04-11,21.877168655395508,22.279436135946177,21.62063574834751,22.173629781756052,575207000
2022-04-12,21.464921951293945,22.683703781053012,21.243325254974113,22.496045694848977,662258000
2022-04-13,22.16265296936035,22.45911415966956,21.416013003654044,21.688517637984596,516943000
2022-04-14,21.21936416625977,22.73560447190071,21.124537508973223,22.46409755288005,569097000
2022-04-18,21.7434139251709,22.047858038582817,21.040692857198728,21.161473248993577,525701000
2022-04-19,22.15765953063965,22.332340741600348,21.27526524698662,21.680527560297847,512781000
2022-04-20,21.442962646484375,22.62880350480131,21.161475516175667,22.476081662618792,468974000
2022-04-21,20.14632225036621,22.351307496780297,19.963654250425616,21.66954814057906,656209000
2022-04-22,19.47953224182129,20.448768187334096,19.464560112515493,20.26610021349829,624713000
2022-04-25,19.865833282470703,19.908754409123173,19.061298239164504,19.167104604165587,641566000
2022-04-26,18.75385093688965,19.752033331517723,18.63606538386143,19.682160868514853,653143000
2022-04-27,18.38153076171875,19.132162868752985,18.25675795525761,18.56419681004498,499460000
2022-04-28,19.746049880981445,20.000587537213033,18.45639800746317,18.932530442416695,570327000
2022-04-29,18.513294219970703,20.091420341877647,18.48334805551463,19.36673991620479,500435000
2022-05-02,19.49750518798828,19.53842914363521,18.357580255112097,18.507307291350344,572049000
2022-05-03,19.566375732421875,19.788971942411177,19.09822820323041,19.364743170731728,475751000
2022-05-04,20.297046661376953,20.36292670436252,18.716923264105464,19.886794272202145,648855000
2022-05-05,18.809757232666016,19.888792254376693,18.466382474012576,19.83089899019697,626331000
2022-05-06,18.64105987548828,19.47653863115754,17.957305306226015,18.701949838466604,633297000
2022-05-09,16.9191951751709,18.221821818374295,16.79641762349791,18.00122470604806,644455000
2022-05-10,17.56302261352539,18.16492737651773,16.99405882150625,17.656851643260232,761474000
2022-05-11,16.599775314331055,17.720735437950946,16.537889624665944,17.315473177135534,670167000
2022-05-12,16.145599365234375,16.757486037282103,15.538705623241643,16.189520014782023,708728000
2022-05-13,17.673824310302734,17.895421017236522,16.562847872141287,16.757493216581477,670437000
2022-05-16,17.232627868652344,17.755675825530098,17.074915945165092,17.477183493359433,521446000
2022-05-17,18.143964767456055,18.33761243130052,17.60195235864929,18.041151322209387,585830000
2022-05-18,16.907217025756836,18.08507282771539,16.8333521055283,17.672823297029897,545161000
2022-05-19,17.09288215637207,17.65485877694169,16.70358958474404,16.906221705811088,621310000
2022-05-20,16.663660049438477,17.378358372785904,15.726366487747862,17.30050101581057,739105000
2022-05-23,16.867294311523438,16.88426361777237,16.1496009881176,16.244427672325003,639889000
2022-05-24,16.124643325805664,16.566839072025044,15.751323384344335,16.479997280187,588550000
2022-05-25,16.944150924682617,17.079903445712347,15.97092245670094,15.990886566703573,781132000
2022-05-26,17.818557739257812,18.059118973315748,15.992881259502376,16.00685575522456,996575000
2022-05-27,18.77681541442871,18.846687898146087,18.06710707974636,18.152951232834447,738379000
2022-05-31,18.6380672454834,19.165107560608973,18.316651930915967,18.945506160051774,664100000
2022-06-01,18.286706924438477,19.018374652138892,18.089066793747712,18.68997397259425,544514000
2022-06-02,19.556392669677734,19.583344026505568,18.16492701574172,18.258756043613012,648656000
2022-06-03,18.68597412109375,19.29686317548638,18.488334048641335,19.047317571767213,598779000
2022-06-06,18.751859664916992,19.301858931419297,18.53026298173821,19.10421880079085,422406000
2022-06-07,18.891605377197266,18.965470299087695,18.154945715304475,18.43842998315099,388914000
2022-06-08,18.61804580688477,19.14919082607967,18.50522645422863,18.768802321218946,363252000
2022-06-09,18.01901054382324,18.902589231705353,18.01202181811601,18.451315596651252,395574000
2022-06-10,16.946735382080078,17.66857359163236,16.841902597628902,17.571729282063977,465248000
2022-06-13,15.621867179870604,16.285798979640894,15.580932670861287,15.974299858189177,604153000
2022-06-14,15.810561180114746,16.040191246565456,15.387241563186638,15.705729359064668,469680000
2022-06-15,16.500452041625977,16.84090387526414,15.900416682083067,16.06914487895743,563936000
2022-06-16,15.575939178466797,15.916391969438846,15.376260638736388,15.834522958828355,545749000
2022-06-17,15.8544921875,15.969307235334869,15.303378815321718,15.622864496998716,630334000
2022-06-21,16.53938865661621,16.98067807199888,16.380643675300785,16.448535233491057,483089000
2022-06-22,16.333723068237305,16.63523803952557,16.15401188075244,16.199937522982893,437135000
2022-06-23,16.198938369750977,16.558358811416724,15.827535215459164,16.492464841611433,463680000
2022-06-24,17.098491668701172,17.11246912096269,16.283802343214774,16.473497698396116,472153000
2022-06-27,16.841899871826172,17.302159729097916,16.599290214543977,17.284188996018592,427968000
2022-06-28,15.956326484680176,17.17436596206075,15.919385267288108,16.87285105635566,461149000
2022-06-29,15.517034530639648,15.794587854289764,15.145632337338007,15.788597926333088,482352000
2022-06-30,15.134651184082031,15.541995824627715,14.838128310223649,15.336326385518298,686070000
2022-07-01,14.499673843383787,15.03880649158454,14.368884681443168,14.875070339765776,577610000
2022-07-05,14.939964294433594,14.946953020435268,14.032424903135746,14.1522320426541,651397000
2022-07-06,15.10569667816162,15.294393215490263,14.765243873049544,14.985889549347426,529066000
2022-07-07,15.832527160644531,15.919387306256189,15.364280650557577,15.431173417202473,492903000
2022-07-08,15.812559127807615,16.011239824701722,15.36428001522436,15.40521452102006,467972000
2022-07-11,15.127660751342772,15.50205836365756,15.013843557279245,15.501059566316355,437321000
2022-07-12,15.057774543762209,15.40621394491729,14.853103898095975,15.243475654572288,458483000
2022-07-13,15.139638900756836,15.350300375344183,14.44176242417064,14.566561614214088,521918000
2022-07-14,15.34730625152588,15.44814383814876,14.704340715980594,15.083730400494847,456235000
2022-07-15,15.73668098449707,15.75664836262336,15.420189805163654,15.633846749612044,385935000
2022-07-18,16.075138092041016,16.86985906904583,15.976298082766748,16.275815455198785,670517000
2022-07-19,16.964706420898438,17.08251690860308,16.146023887163786,16.459518688005346,702366000
2022-07-20,17.778392791748047,17.904191732344817,16.77401028715721,16.919775651092362,760538000
2022-07-21,18.021005630493164,18.11485450174296,17.516817646879083,17.856271659241287,557049000
2022-07-22,17.291175842285156,17.938133588583703,17.109467128189134,17.86425306982176,536671000
2022-07-25,16.996652603149414,17.096492342767927,16.622255007793466,16.991659568811933,480748000
2022-07-26,16.506439208984375,16.891818745719867,16.45152726669257,16.861866257846795,397865000
2022-07-27,17.76142692565918,17.907192331594356,16.885834740379728,17.00464308668516,569776000
2022-07-28,17.95511245727539,18.11086201941648,17.41198753684129,17.946128040860202,474646000
2022-07-29,18.133827209472656,18.214696484956857,17.663583046050046,17.784388988721815,435460000
2022-08-01,18.411376953125,18.815727059641716,17.96110121179728,18.15279222547974,476469000
2022-08-02,18.496238708496097,18.907577522415323,18.06293587544904,18.092888368674423,489527000
2022-08-03,18.86264991760254,18.93753019924968,18.10786383870972,18.154789221455992,418146000
2022-08-04,19.18413543701172,19.243040681587424,18.72986637165179,18.818724113299595,409652000
2022-08-05,18.958499908447266,19.19811418839831,18.636018761507295,18.779786567763914,386068000
2022-08-08,17.764419555664062,18.20970422667772,17.214305900483794,17.47388850828178,981859000
2022-08-09,17.058551788330078,17.418971902884152,16.697133828709614,17.224285475006486,668263000
2022-08-10,18.06793212890625,18.088898306614105,17.289184304860864,17.669572848171974,597422000
2022-08-11,17.91318130493164,18.67695387002045,17.84728732822926,18.101878818020555,509327000
2022-08-12,18.6789493560791,18.68793567728393,17.92416312056551,18.130831369711036,478094000
2022-08-15,19.001428604125977,19.13321654286925,18.583102920928457,18.67096091199568,457666000
2022-08-16,18.84867477416992,19.11125281035759,18.471281688551823,18.88960928236418,451240000
2022-08-17,18.3055477142334,18.657981332845218,18.115854280880267,18.49324736132435,446799000
2022-08-18,18.742847442626953,18.83469872730568,18.153794950823045,18.271605449183827,415447000
2022-08-19,17.82033348083496,18.490255309098075,17.741459891222686,18.3764380856611,441588000
2022-08-22,17.006641387939453,17.529799937560014,16.93874981335424,17.4619083629748,409593000
2022-08-23,17.153398513793945,17.436942664447834,16.94273704308187,16.961707525081724,369986000
2022-08-24,17.194339752197266,17.378044243797792,16.86786528424407,16.98467604437704,522661000
2022-08-25,17.884227752685547,17.91817353704041,16.80596255460198,16.816944566179142,770691000
2022-08-26,16.2338809967041,17.895207590473877,16.210917226715885,17.828315779513094,769127000
2022-08-29,15.775616645812988,16.31175370277601,15.741671820044608,15.994265655507672,496132000
2022-08-30,15.443153381347656,16.013235302076197,15.157612546233274,15.934362683647723,530181000
2022-08-31,15.069753646850586,15.515037314685223,14.93497027531041,15.359287767857785,573710000
2022-09-01,13.914612770080566,14.356901003294752,13.248684378970616,14.186175206862451,1178865000
2022-09-02,13.625078201293944,14.14823567963121,13.569167449536392,14.077350584914733,743157000
2022-09-06,13.443373680114746,13.756869486377056,13.32955645843724,13.708946245219664,535751000
2022-09-07,13.696038246154783,13.81987638945072,13.328520192699564,13.545235991042178,512657000
2022-09-08,13.97167682647705,13.989653853498536,13.351490823804518,13.441372149210842,624873000
2022-09-09,14.368159294128418,14.455045254829914,14.107501412023929,14.138460000064642,486612000
2022-09-12,14.486004829406738,14.527949644682035,14.179406706797373,14.35018325067947,484159000
2022-09-13,13.11380100250244,13.903765341770807,13.081843326525124,13.78392262821803,714956000
2022-09-14,13.11080837249756,13.27259592683206,12.896089775229148,13.236642819504809,588507000
2022-09-15,12.912069320678713,13.215671132338676,12.773251402722764,12.997957145239823,523625000
2022-09-16,13.180716514587402,13.19469811993345,12.60047703545006,12.72531334171146,670751000
2022-09-19,13.364473342895508,13.445367583490736,12.992960816504963,12.99495805230326,569685000
2022-09-20,13.158745765686035,13.465343911425606,13.039902113440291,13.197695205969652,524818000
2022-09-21,13.243634223937988,14.012626355851008,13.09283193759008,13.195697697748727,807679000
2022-09-22,12.544548988342283,13.131779194049958,12.411723754768438,13.052882186314475,759162000
2022-09-23,12.499608039855955,12.594483888456596,12.240947418074,12.40373404951629,663309000
2022-09-26,12.211986541748049,12.642422835414386,12.19800493636716,12.47464261841831,547343000
2022-09-27,12.396742820739746,12.719319742448128,12.241946090666987,12.490619571943231,553854000
2022-09-28,12.719320297241213,12.806206250600736,12.337820615857858,12.393747031367376,542414000
2022-09-29,12.20399570465088,12.483628721329582,11.930354395452484,12.431696780132436,532763000
2022-09-30,12.123102188110352,12.616455658995797,12.05918587570381,12.07117024380662,565638000
2022-10-03,12.49561595916748,12.661398952401171,12.089148373651025,12.330832060289325,547478000
2022-10-04,13.149755477905272,13.20268651528483,12.862132554319986,12.862132554319986,584182000
2022-10-05,13.191701889038086,13.303555685075708,12.604472555223252,12.8940927498375,507131000
2022-10-06,13.112804412841797,13.63811555992222,13.085839346698974,13.202686696750762,644157000
2022-10-07,12.06018352508545,12.65340538919283,12.006254351296162,12.488621538051891,672478000
2022-10-10,11.654715538024902,12.108120441007816,11.393058603226072,12.021234494107956,698699000
2022-10-11,11.570826530456545,11.830485290733634,11.26822291287926,11.545858700912865,667482000
2022-10-12,11.484939575195312,11.719631475815296,11.330142830208745,11.563836589027906,492590000
2022-10-13,11.944337844848633,12.062183348670452,10.798839583929336,10.95663266773692,850103000
2022-10-14,11.21229648590088,12.095138555665246,11.18932684468692,12.041209377307329,713432000
2022-10-17,11.872429847717283,11.932351684916148,11.501916408490736,11.502914550195962,580774000
2022-10-18,11.95132827758789,12.475640367724392,11.602785343462813,12.327834421594872,659362000
2022-10-19,12.03521728515625,12.333826444729338,11.818501467347716,11.863442610170829,523131000
2022-10-20,12.17803192138672,12.752278755225092,12.08914776794108,12.097137665108534,652398000
2022-10-21,12.44967269897461,12.481631329078258,11.871431503871706,12.082154643546934,609494000
2022-10-24,12.582499504089355,12.693354192196823,12.048200327410264,12.49161907984014,517457000
2022-10-25,13.243634223937988,13.282583663418825,12.647415881475542,12.67737728182248,505482000
2022-10-26,12.879112243652344,13.370467582837383,12.691358709095724,12.852148126630082,532953000
2022-10-27,13.158745765686035,13.819879536767935,13.104816577345671,13.61215172838995,583113000
2022-10-28,13.815882682800291,13.831862475965329,13.043895236732384,13.086839145065817,521040000
2022-10-31,13.479324340820312,13.819878330285553,13.2795864472885,13.759956486013303,486341000
2022-11-01,13.525263786315918,13.90676347391886,13.50129505001384,13.792912452696658,432817000
2022-11-02,13.201687812805176,14.191390140892414,13.1936988689507,13.83186195195651,672628000
2022-11-03,13.403422355651855,13.762951481566452,12.939032155387688,13.025918106836963,500065000
2022-11-04,14.137460708618164,14.210365058332464,13.67906125202417,13.96768327320192,612576000
2022-11-07,14.282271385192873,14.393126083132,13.93572663883021,14.209367030009965,410061000
2022-11-08,14.582876205444336,14.871497264348417,14.197381111718515,14.781614983674388,595292000
2022-11-09,13.757960319519045,14.192391105096668,13.740982382953218,14.143454531625968,454414000
2022-11-10,15.729374885559082,15.752344530142832,14.527950182868413,14.780619130566006,700819000
2022-11-11,16.30561637878418,16.367535452388744,15.461723751407224,15.786297912123384,655487000
2022-11-14,16.273656845092773,16.518336781624008,15.90114525664208,16.196758035135932,527852000
2022-11-15,16.644174575805664,16.975738615290787,16.36054610593409,16.70010099439711,545876000
2022-11-16,15.889163970947266,16.340571692497278,15.85221272363111,16.140834757175984,649547000
2022-11-17,15.656469345092772,16.244698687867267,15.514655111106975,15.694419686718572,710894000
2022-11-18,15.388819694519045,15.981043471785322,15.10019767858643,15.945089416031916,492072000
2022-11-21,15.296941757202148,15.45673207416043,15.060251659699269,15.12716430732762,404739000
2022-11-22,16.016998291015625,16.036972558111696,15.102197430405884,15.30792800033822,472866000
2022-11-23,16.497365951538086,16.505356800578657,16.026984003688426,16.076917762150764,427241000
2022-11-25,16.248695373535156,16.465410273649304,16.150824128322316,16.296632854209083,167934000
2022-11-28,15.806272506713867,16.33557910048079,15.704406802903588,16.005011300506297,303741000
2022-11-29,15.618517875671388,15.91113436080898,15.499674245542238,15.806271381799128,298384000
2022-11-30,16.905160903930664,16.912153494374177,15.58055849742568,15.68045251052316,565298000
2022-12-01,17.11693572998047,17.24679783970152,16.61746285278934,16.981079427481237,470977000
2022-12-02,16.85820960998535,16.915150636132893,16.42766419266872,16.641439305658572,371389000
2022-12-05,16.592491149902344,16.977085530136808,16.454636135070988,16.66141865731802,352255000
2022-12-06,15.970148086547852,16.55552985566231,15.802324959390123,16.512575914907618,352694000
2022-12-07,16.103010177612305,16.16894059762961,15.650486623430004,15.7553764476407,372388000
2022-12-08,17.150903701782227,17.160893389958503,15.94217810718751,16.255848218840367,515456000
2022-12-09,16.983078002929688,17.564465224613613,16.957106340396344,17.141910790847255,465338000
2022-12-12,17.516515731811523,17.5195128285567,16.779294713991607,17.01904149488724,457328000
2022-12-13,18.05295181274414,18.770195420423224,17.692332261799088,18.51146764054295,656589000
2022-12-14,17.655370712280273,18.23276249935812,17.401638727640112,17.968040523898743,496888000
2022-12-15,16.934127807617188,17.30173986952119,16.68239457922902,17.127923524585228,478542000
2022-12-16,16.55353355407715,17.023039400348072,16.39270394689365,16.846225910038616,478232000
2022-12-19,16.236865997314453,16.591491326415667,16.127981643599433,16.554531578863497,354039000
2022-12-20,16.06804656982422,16.292809815920624,15.835293287085545,16.04706879387778,403260000
2022-12-21,16.483604431152344,16.609472961104036,16.0850248812042,16.097013267551,325025000
2022-12-22,15.322829246520996,16.120987673315565,14.866311240758934,16.077033433532407,565045000
2022-12-23,15.189970016479492,15.322829227379442,14.867310571909698,15.179980329934986,349326000
2022-12-27,14.106115341186523,15.08408346858157,14.041183324202558,15.058110852321793,464902000
2022-12-28,14.02120304107666,14.246964616812692,13.869362857654098,13.91231774666642,351066000
2022-12-29,14.587606430053713,14.667522024551849,14.212003326446284,14.386819046661842,354923000
2022-12-30,14.59859561920166,14.613579197907772,14.217996715226494,14.318890082879692,310490000
2023-01-03,14.299907684326172,14.980190434221416,14.08113870696864,14.835342846307617,401277000
2023-01-04,14.73345184326172,14.837342302451898,14.22598793393784,14.5516444923479,431324000
2023-01-05,14.249963760375977,14.548648374304229,14.133086509590797,14.475725368544696,389168000
2023-01-06,14.843335151672363,14.99417598326044,14.019205095866276,14.45874080807322,405044000
2023-01-09,15.611526489257812,16.03907482336761,15.125039380250245,15.267889243337128,504231000
2023-01-10,15.892229080200195,15.945172704430046,15.455689492558554,15.49065244302524,384101000
2023-01-11,15.984132766723633,16.011104732768004,15.546594737725536,15.823303178294324,353285000
2023-01-12,16.493593215942383,16.619459833672344,15.475667427433098,16.083027207439695,551409000
2023-01-13,16.881187438964844,16.904163911762296,16.147961873227626,16.260841726815173,447287000
2023-01-17,17.683340072631836,17.709313641691512,16.881187014032182,16.881187014032182,511102000
2023-01-18,17.358680725097656,17.85415619050999,17.263779661511762,17.648373995471697,439624000
2023-01-19,16.74732780456543,17.17887355641003,16.713365152180454,17.018042058487556,452932000
2023-01-20,17.8201961517334,17.837178429750637,16.80726509622476,16.993067946601407,564967000
2023-01-23,19.17276954650879,19.2247147792948,17.799218927189443,18.044958004082773,655163000
2023-01-24,19.244691848754883,19.474450850170054,18.800161235154988,18.80715382585874,496204000
2023-01-25,19.302631378173828,19.349582719059857,18.560414551747876,18.893063715882672,449537000
2023-01-26,19.781126022338867,20.14474263652142,19.25767822252368,19.680232657858443,489535000
2023-01-27,20.343528747558594,20.60625195178664,19.38454179975137,19.441480911459067,542142000
2023-01-30,19.141799926757812,20.11876764644554,19.129811540746857,19.928969317759073,488611000
2023-01-31,19.516407012939453,19.66624851924581,18.930025867048208,19.14979328260832,498017000
2023-02-01,20.92092514038086,21.169661317208572,19.59032844677635,19.670244043953495,660477000
2023-02-02,21.68610954284668,21.925856256860428,20.678174566064236,20.97785748224705,564276000
2023-02-03,21.0777587890625,21.72207934933685,20.767085792265146,20.977863818383533,429366000
2023-02-06,21.066774368286133,21.54726642186655,20.764092306791717,20.78407168546999,452197000
2023-02-07,22.149627685546875,22.235537474634327,21.12770531761483,21.3594611160502,664150000
2023-02-08,22.181591033935547,22.853881881192613,21.98479821168747,22.363398373809797,559651000
2023-02-09,22.313453674316406,22.995734263923605,22.0966833667124,22.582171117953777,523876000
2023-02-10,21.242584228515625,22.054726981350132,20.78906421686464,21.6671373847091,550737000
2023-02-13,21.765033721923828,22.024759888693577,20.939904182007883,21.515297242953466,474919000
2023-02-14,22.94678497314453,23.024701862590533,21.343475492983863,21.55525189893666,675474000
2023-02-15,22.739999771118164,22.83090343317728,22.082694463199154,22.52522629397233,420575000
2023-02-16,21.97880744934082,22.526228206382104,21.903885748285937,22.109667968901128,412026000
2023-02-17,21.365453720092773,21.717081932888007,20.9528889890741,21.60819758522636,465888000
2023-02-21,20.63322639465332,21.47134072519899,20.596264744241378,20.977862013234812,410015000
2023-02-22,20.73212242126465,21.081753858938537,20.399473261638228,20.685172986353,513184000
2023-02-23,23.63905334472656,23.86281813728652,23.00072702935598,23.415290457504543,1117995000
2023-02-24,23.261457443237305,23.449260935030985,22.92281593028707,23.20052281530855,589716000
2023-02-27,23.476226806640625,23.854827009250343,23.429277371082858,23.645049286961875,452994000
2023-02-28,23.1915283203125,23.799887550278743,23.18153863236945,23.347364022615437,455963000
2023-03-01,22.674072265625,23.23148459935281,22.484272025585433,23.167550984389926,460026000
2023-03-02,23.28942108154297,23.35535148775119,22.408350934456944,22.464293559566897,389415000
2023-03-03,23.86482048034668,23.87481016946868,23.10562125511998,23.29542153776125,412393000
2023-03-06,23.52917098999023,24.222437736222577,23.462240277861365,23.865815628810815,437429000
2023-03-07,23.26740074157715,24.103660267777396,23.220441431129053,23.5791250368648,515154000
2023-03-08,24.159608840942383,24.178593039415297,23.40327852623449,23.466222520970515,513573000
2023-03-09,23.415271759033203,24.432370990770355,23.36231723479036,24.15361653047561,501257000
2023-03-10,22.94468879699707,23.60610394776299,22.705899859992172,23.388296345871805,474866000
2023-03-13,22.945688247680664,23.277395355394315,22.2772811984554,22.73187871576052,421890000
2023-03-14,24.041717529296875,24.197579694405405,23.439250204223796,23.475219568886818,474910000
2023-03-15,24.20656967163086,24.26451702592668,23.339337433810194,23.73998179778675,524486000
2023-03-16,25.518409729003903,25.565367136764166,23.872865210794146,24.00574890060099,583253000
2023-03-17,25.702245712280273,26.375649322099584,25.64529501788219,25.959018356234974,848547000
2023-03-20,25.87709045410156,26.000981321988803,25.107771080019624,25.592342695819287,432747000
2023-03-21,26.17582893371582,26.36865903671038,25.358553488198883,26.156846636843376,547408000
2023-03-22,26.44458770751953,27.56459639821907,26.213791142891207,26.401624569988297,797295000
2023-03-23,27.166948318481445,27.47467644266125,26.66639202441552,27.09101533047624,564889000
2023-03-24,26.755313873291016,27.142971183393072,26.33168910570672,27.007091792651533,454920000
2023-03-27,26.507537841796875,26.97612295141189,26.34168427554185,26.813266991321488,361026000
2023-03-28,26.386640548706055,26.489550086858387,25.827136394951317,26.42360847823861,356104000
2023-03-29,26.960132598876953,27.054049321086534,26.57347575940691,26.801274739572264,393694000
2023-03-30,27.35877990722656,27.474678436555607,27.078028306822056,27.204916786801245,364516000
2023-03-31,27.75243377685547,27.809382571922825,27.081027225666865,27.115996118368173,433933000
2023-04-03,27.940265655517575,27.97523454624746,27.31182228340709,27.48466960367856,398716000
2023-04-04,27.428720474243164,27.975237607444253,27.282849683904686,27.941267279686127,368592000
2023-04-05,26.85722541809082,26.97412061023067,26.371655203421952,26.80527136414144,515015000
2023-04-06,27.01308822631836,27.056049463902667,26.403627120957175,26.56048785327074,397654000
2023-04-10,27.554607391357425,27.59657006024275,26.645412420852104,26.7992755400983,395279000
2023-04-11,27.144969940185547,27.76542096210327,27.102006799330113,27.699479353630412,314378000
2023-04-12,26.471567153930664,27.443706150535657,26.42460783917617,27.345793254176353,446259000
2023-04-13,26.439592361450195,26.863217112653786,26.3057120149286,26.71035256577281,353615000
2023-04-14,26.73433494567871,26.859224397081093,26.19681064012579,26.48055987008966,395660000
2023-04-17,26.978116989135746,26.98211316139373,26.409620037298097,26.541503250119483,321471000
2023-04-18,27.64253044128418,28.08513943393583,27.332805146499545,27.50865008233409,604812000
2023-04-19,27.906293869018555,27.97523308017652,27.207912752047683,27.336798357649375,358660000
2023-04-20,27.08002662658691,28.00520817494305,26.976118523026464,27.64652455149464,427713000
2023-04-21,27.09501266479492,27.15895713906588,26.698364452495547,26.928160559616323,345103000
2023-04-24,27.018083572387695,27.341796428628392,26.64741139924113,26.989109891102213,339282000
2023-04-25,26.217788696289062,27.22289939376249,26.20180400715183,27.05404825153496,378527000
2023-04-26,26.932153701782227,27.305823404724503,26.68137628889595,26.978114442564554,406337000
2023-04-27,27.201921463012695,27.470684568616697,26.601453148375764,27.338801338428016,377161000
2023-04-28,27.724456787109375,27.733447698531908,27.047055069952613,27.200920093090993,292216000
2023-05-01,28.88442611694336,29.032295912955636,27.75542655126911,27.815372941798888,570329000
2023-05-02,28.18504524230957,28.810492855585,28.05815868091553,28.65463071197907,402730000
2023-05-03,27.77741050720215,28.34191132532553,27.44770245263645,27.815377004737694,383387000
2023-05-04,27.537620544433594,27.834356814204146,27.21590486366876,27.626540615871196,321850000
2023-05-05,28.654634475708008,28.72956699907564,27.70647440681242,27.801389698676097,361494000
2023-05-08,29.125215530395508,29.194154745050692,28.32492531170623,28.49677215933893,344979000
2023-05-09,28.545734405517575,28.94737935215137,28.424843019300983,28.87344538337799,314869000
2023-05-10,28.859455108642575,29.08725411185413,28.435830296315775,28.979347916687313,369350000
2023-05-11,28.552719116210938,28.924391692794167,28.22101397614548,28.870438607270344,322149000
2023-05-12,28.3149356842041,28.754547072904792,28.02119507868358,28.503767705541893,274222000
2023-05-15,28.927391052246097,28.943377647743457,28.127100823911366,28.482784946357548,293926000
2023-05-16,29.18716049194336,29.84358087051638,28.806498873165175,28.815489784527685,449405000
2023-05-17,30.151308059692383,30.17228939441913,29.403970448812785,29.557833570142268,432535000
2023-05-18,31.649980545043945,31.799847490043984,30.293181883981152,30.383102432113493,748725000
2023-05-19,31.236347198486328,31.552067683944458,30.888655428377344,31.508105976511025,473908000
2023-05-22,31.14842987060547,31.49212551447805,30.652868222178014,30.873671544340333,372000000
2023-05-23,30.660860061645508,31.26032981848292,30.603911263708845,30.97258441142743,356253000
2023-05-24,30.510986328125,30.579925534957415,29.779633501418378,30.183275454027516,721419000
2023-05-25,37.94640350341797,39.44507664562874,36.60259203294565,38.48892244912427,1543911000
2023-05-26,38.91154861450195,39.13534949472907,37.51678356815055,37.85648296620509,714397000
2023-05-30,40.07551956176758,41.90090313921144,39.913664110250345,40.55909259441889,923401000
2023-05-31,37.80052947998047,40.259350872876006,37.788539059197795,39.45306558470878,1002580000
2023-06-01,39.734825134277344,40.01457626339759,38.306089619716126,38.45495609590561,635873000
2023-06-02,39.29222106933594,40.46418406925683,39.02345795167412,40.061540581838685,482731000
2023-06-05,39.136356353759766,39.53000507242546,38.6727660406919,38.87458704490847,396094000
2023-06-06,38.61981201171875,39.125365001144544,38.11425902229296,38.79565884971586,388729000
2023-06-07,37.44572067260742,39.468141471393565,37.32681416120832,38.88459809447063,511998000
2023-06-08,38.47991943359375,38.833643027365426,37.47570715034152,37.694534053593046,417772000
2023-06-09,38.73971176147461,39.67997469301632,38.536871237623615,39.00650146259984,427717000
2023-06-12,39.4511604309082,39.499123275212575,38.58783685686491,39.16938300880245,388701000
2023-06-13,40.98996353149414,41.06890421553936,39.708967017457006,40.154617863223834,613208000
2023-06-14,42.963417053222656,42.966413063285984,40.52032331528582,40.79211402973289,740465000
2023-06-15,42.619686126708984,43.2551909701653,42.11408081517457,42.56872727104233,568622000
2023-06-16,42.65864944458008,43.68684489706271,42.627671619358104,43.41605669949975,655709000
2023-06-20,43.77377700805664,43.9556378533534,42.6406639871136,42.964412198119035,451153000
2023-06-21,43.011375427246094,43.58093370313804,42.04713285457767,43.467020523272616,551603000
2023-06-22,42.99139404296875,43.392077979853475,42.201011539171446,42.21999389255843,417737000
2023-06-23,42.176025390625,42.77555513779792,41.982176702107104,42.43082724844622,358140000
2023-06-26,40.60026550292969,42.730600334546075,40.06867951218722,42.42783558135576,594322000
2023-06-27,41.84328842163086,41.90723760532333,40.416406298926006,40.76713004512084,462175000
2023-06-28,41.08488464355469,41.812316652912195,40.486353490200045,40.628240868259915,582639000
2023-06-29,40.79011154174805,41.56750370507978,40.56828482936424,41.52553669526217,380514000
2023-06-30,42.268951416015625,42.516758773836536,41.468578476048215,41.647439493374065,501148000
2023-07-03,42.3798713684082,42.86449316721701,42.169037634447896,42.48379023030001,198209000
2023-07-05,42.28395462036133,43.143279816552536,42.0521335401683,42.10209373119875,323618000
2023-07-06,42.07011795043945,42.146058807449926,41.31370920237291,41.81132135922697,303582000
2023-07-07,42.46980667114258,43.18025378103571,42.14706086172191,42.28894826263219,355881000
2023-07-10,42.14706039428711,42.77756814161345,41.61647302860195,42.62368907673001,353908000
2023-07-11,42.371883392333984,42.72460836398589,42.034149908557275,42.447824255018325,298244000
2023-07-12,43.86770248413086,43.90067764855856,42.74358137770357,42.99938189898188,481277000
2023-07-13,45.94109725952149,46.11895584841678,44.45725630198698,44.48323697410953,478204000
2023-07-14,45.43348693847656,48.05044077711324,45.02480600291115,46.54661523204283,772075000
2023-07-17,46.424705505371094,46.45967801263674,45.22664460524396,46.252842790646994,510488000
2023-07-18,47.4568977355957,47.85858412490547,45.69827430374762,46.66451794958182,569164000
2023-07-19,47.04022216796875,47.78064441217516,46.70548479149979,47.426920872593946,427502000
2023-07-20,45.48443984985352,47.05021703797439,45.02679746035021,46.47066830923723,537865000
2023-07-21,44.274391174316406,45.83017811976025,44.06555477681696,45.75223611318822,963769000
2023-07-24,44.57715606689453,45.0737695401444,44.00560422049565,44.69606260557121,382516000
2023-07-25,45.64331817626953,46.14692227530892,44.887908215993086,44.90589571026622,348081000
2023-07-26,45.41648483276367,46.017016967502514,44.59512852166176,45.98504047715142,364237000
2023-07-27,45.86415100097656,47.357982253239214,45.71426663486367,46.4826670082,455976000
2023-07-28,46.71348571777344,46.99026979268205,46.34477444515405,46.63154903236518,331194000
2023-07-31,46.692501068115234,47.09318883138378,46.469675675562414,46.717483065836525,251055000
2023-08-01,46.470672607421875,46.86336718401233,45.991048000510794,46.42370843555568,237858000
2023-08-02,44.23442459106445,45.80419670368741,43.35311350990517,45.79520486142881,530142000
2023-08-03,44.480228424072266,45.08275805708307,43.765786762914985,43.765786762914985,324176000
2023-08-04,44.64509963989258,45.60634618505477,44.35832507301121,44.94986170170467,362666000
2023-08-07,45.38152694702149,45.504431975857,44.528193870776704,45.07576619174701,322154000
2023-08-08,44.629119873046875,45.20666758358326,44.02159299987499,44.817971444919216,353843000
2023-08-09,42.52075958251953,44.277385732589195,42.101085685540646,44.23941340389369,586449000
2023-08-10,42.35489273071289,43.53996721168232,41.80232325660613,42.12707017302428,492705000
2023-08-11,40.82308197021485,41.98517540033476,40.60725111453781,41.71838188742653,533085000
2023-08-14,43.71882629394531,43.76579047022575,40.279517041963544,40.454379600754656,690286000
2023-08-15,43.90568161010742,45.2326473732039,43.67586169687328,44.52520013627042,676512000
2023-08-16,43.45203399658203,44.640104468597144,43.37209465339346,44.4852267558164,527451000
2023-08-17,43.31014251708984,44.02758013920778,42.96740814260929,43.93565295261865,452395000
2023-08-18,43.26517868041992,43.543960081000186,41.62745897404412,42.601695871064955,583768000
2023-08-21,46.930320739746094,47.028243780909854,44.18746548183145,44.45925242632736,692573000
2023-08-22,45.632328033447266,48.14936145105243,45.29759061646536,48.09740011660735,755293000
2023-08-23,47.079200744628906,47.1631347697341,45.172690060210584,45.830177068585726,779046000
2023-08-24,47.12615966796875,50.22673658703904,47.12216498787686,50.17677640386691,1156044000
2023-08-25,45.9820556640625,47.767658540303835,44.98882881073535,46.975278705672146,925341000
2023-08-28,46.79841613769531,46.94330333520207,44.852938347469795,46.44569122659898,685192000
2023-08-29,48.74589920043945,49.04266812232758,46.35476662201277,46.629553366671765,701397000
2023-08-30,49.22552490234375,49.88800530219565,48.38717945747848,49.005695501936046,735206000
2023-08-31,49.31644821166992,49.705144301675666,48.91975894986802,49.34143020878583,528570000
2023-09-01,48.47111511230469,49.76110725432437,48.10440114653563,49.72313873006912,463830000
2023-09-05,48.51008605957031,48.81285082996846,47.82262363775037,48.185339110764936,382653000
2023-09-06,47.028114318847656,48.515073458793,46.547451450862816,48.40715103407181,468670000
2023-09-07,46.20869064331055,46.311619313403384,45.120450870903866,45.4931913383561,433330000
2023-09-08,45.5401611328125,46.57343915723393,45.23937272846592,45.90990538845147,473069000
2023-09-11,45.14643096923828,46.13073944810292,44.2810350025815,46.11575054004364,473966000
2023-09-12,44.838645935058594,45.64108624011381,44.49988211053749,44.70673820080512,349256000
2023-09-13,45.45322799682617,45.89791684624789,44.47191169604579,44.56884406067191,398355000
2023-09-14,45.54915237426758,45.95486692026357,45.099466041293624,45.917894023696675,370097000
2023-09-15,43.86931991577149,45.567129987886304,43.777381347712456,45.30931088292171,506831000
2023-09-18,43.93527603149414,44.211084137750255,41.97065027461465,42.71812866784668,500271000
2023-09-19,43.48958969116211,43.93527718281478,42.97195010223496,43.80237069955783,373064000
2023-09-20,42.20948791503906,43.872326816521394,42.19350025238085,43.56953710623469,367108000
2023-09-21,40.988338470458984,42.07058192849427,40.95136557382746,41.55394487986268,450736000
2023-09-22,41.5809211730957,42.08556931771517,41.20218442357063,41.54294571690647,479236000
2023-09-25,42.19249725341797,42.50627702068914,41.14822547100166,41.56193764990907,419091000
2023-09-26,41.88172149658203,42.790086892150065,41.62589981227778,41.97165877768874,402282000
2023-09-27,42.43832015991211,42.84204096958368,41.59990959746065,42.3004199239516,444935000
2023-09-28,43.05888748168945,43.41563643301945,42.085569148140415,42.430325448929366,424663000
2023-09-29,43.468605041503906,44.113154796580034,43.276737862234015,43.79637496273023,397830000
2023-10-02,44.75070571899414,45.14342881532186,43.83034792394179,43.9992285379224,433298000
2023-10-03,43.48658752441406,45.098463094837925,43.2157769974795,44.77668570728605,470850000
2023-10-04,44.01022720336914,44.11215712134903,43.26175000991843,43.71143633979229,361821000
2023-10-05,44.656776428222656,44.86863010408986,43.85733614690028,44.01922170790888,393483000
2023-10-06,45.73002243041992,45.75700398969615,43.99523549081201,44.16211860779347,434436000
2023-10-09,45.241363525390625,45.573132266606365,44.33699712951298,44.810664938003,409675000
2023-10-10,45.765995025634766,46.22667139823051,45.05649211437215,45.27833709467453,368582000
2023-10-11,46.77328872680664,46.82625308984122,46.01781654956794,46.16371442393257,378137000
2023-10-12,46.91218948364258,47.57572687289941,46.297621446476896,46.744307632008294,481325000
2023-10-13,45.42922592163086,47.08307183716441,45.24835266618891,46.92717882204684,474115000
2023-10-16,46.06279373168945,46.19270015345539,44.88061784699003,45.03151331618372,375099000
2023-10-17,43.90729904174805,44.72273077097073,42.45031760329598,43.96925599511655,812333000
2023-10-18,42.1665153503418,43.18880316775222,41.79577619709707,42.561239807706784,627294000
2023-10-19,42.07158279418945,43.26674621056965,41.85273405618411,42.78108575212414,501233000
2023-10-20,41.35807418823242,42.44031742392992,41.049288238076365,41.86072097681651,477266000
2023-10-23,42.94497299194336,43.21778487682209,40.91639251850647,41.200194491752654,478530000
2023-10-24,43.63249206542969,43.66646870701763,42.661174865100485,43.046902951307125,401463000
2023-10-25,41.74980926513672,43.61950423451798,41.52596674486631,43.36767758718175,398379000
2023-10-26,40.297821044921875,42.22647269652664,39.852133556535904,41.8237544285133,541001000
2023-10-27,40.47169876098633,41.177206691835266,39.987037067133414,41.1012595868594,416784000
2023-10-30,41.13224029541016,41.73681712722262,40.45271510334961,41.05829449956598,388028000
2023-10-31,40.751502990722656,40.85043664876845,39.20258684468398,40.42173556666503,517969000
2023-11-01,42.29542922973633,42.35138985981638,40.840445223590976,40.8554341335007,437593000
2023-11-02,43.4755973815918,43.853331578454224,42.864025551225126,43.29772036984495,409172000
2023-11-03,44.97355270385742,45.27733731815709,43.69244703893823,43.989240387189966,424610000
2023-11-06,45.71903610229492,45.90290947432144,44.86763015180242,45.253362063663495,400733000
2023-11-07,45.922889709472656,46.18570260804149,45.12644574728523,45.687054558944546,343165000
2023-11-08,46.54145431518555,46.834248828049994,45.93587499644732,46.06778272127609,346719000
2023-11-09,46.91719055175781,48.19629482563236,46.71732955595706,47.43382754729244,540496000
2023-11-10,48.30122375488281,48.43812905946533,47.24996072733801,47.466808147596865,421245000
2023-11-13,48.58601379394531,49.08166928813684,48.06537806184819,48.286224254862496,384136000
2023-11-14,49.62130355834961,49.79918059248535,49.005736641538505,49.64528886328257,416954000
2023-11-15,48.85383605957031,49.92508551038347,48.166317129461184,49.9001052683663,475497000
2023-11-16,49.44542694091797,49.490397480832705,48.296232754650504,48.64498792594149,339756000
2023-11-17,49.263553619384766,49.68225956451404,48.972756588136555,49.48939362933796,325205000
2023-11-20,50.373775482177734,50.51267829045294,49.14663294635536,49.27754192431734,414120000
2023-11-21,49.90910339355469,50.48170107547834,49.18760774710226,50.09097543368955,565747000
2023-11-22,48.68195724487305,50.29982538193606,47.6566732297451,49.81716500278888,899420000
2023-11-24,47.74261093139648,48.88681116276577,47.71163055365719,48.436126147509995,294645000
2023-11-27,48.20828628540039,48.496083215098835,47.61869845897272,47.76659383867669,395662000
2023-11-28,47.78758239746094,48.289234319970646,47.43982600268848,48.202293315261734,401491000
2023-11-29,48.10636520385742,48.72793227517069,47.826562052543174,48.34520044689955,382005000
2023-11-30,46.73732376098633,48.076387698516726,46.389567324354005,47.99044543574213,526247000
2023-12-01,46.732322692871094,47.16702011217605,46.15472745047927,46.4924925258304,369317000
2023-12-04,45.47819519042969,46.04480030339198,44.97854459860675,46.04480030339198,437543000
2023-12-05,46.53755569458008,46.571531508809755,45.243344800588865,45.43822537417424,371718000
2023-12-06,45.475196838378906,47.35804843216662,45.38425283422849,47.18615263660435,380590000
2023-12-07,46.567535400390625,46.60051618631754,45.57614082890342,45.67208285394523,350823000
2023-12-08,47.47697830200195,47.71183534651791,46.52156105756746,46.566535548739374,359224000
2023-12-11,46.59851837158203,47.50196552269277,45.80200812005124,47.46199285274284,509728000
2023-12-12,47.62788772583008,47.63688109924922,46.017871828359986,46.017871828359986,372387000
2023-12-13,48.05862808227539,48.56431952524785,47.578921733918634,47.59990881517736,447792000
2023-12-14,48.320457458496094,48.64026163902283,47.393026859915174,48.360433934153576,391232000
2023-12-15,48.86012649536133,49.37381236874974,48.09059652527536,48.16455262105739,479948000
2023-12-18,50.04641342163086,50.40219497597293,49.119981479065736,49.369828783003264,412587000
2023-12-19,49.57368850708008,49.669630515204666,48.86512212267112,49.39379819493803,464444000
2023-12-20,48.08161163330078,49.96845884341608,48.06861908632006,49.62466720561467,397894000
2023-12-21,48.9600715637207,49.06500695718709,48.389417453965386,48.781180068606574,300425000
2023-12-22,48.800174713134766,49.35283451146827,48.43739367116176,49.16494962310715,252507000
2023-12-26,49.24889373779297,49.56969677808233,48.93008837769936,48.93808291084912,244200000
2023-12-27,49.386810302734375,49.64965012045702,49.05501239405432,49.48075464580007,233648000
2023-12-28,49.49174880981445,49.85352719386826,49.38181539341571,49.6126770927999,246587000
2023-12-29,49.49174880981445,49.96646094313931,48.72121986722186,49.7825714182401,389293000
2024-01-02,48.138572692871094,49.26488309320295,47.56592469935288,49.21391556134482,411254000
2024-01-03,47.539939880371094,48.15456203597886,47.2910914479061,47.45599156277329,320896000
2024-01-04,47.96868133544922,48.47037358886087,47.4789789763883,47.737819636783634,306535000
2024-01-05,49.0670051574707,49.516731000212985,48.27648803927744,48.43239477719924,415039000
2024-01-08,52.22107696533203,52.24306669740862,49.44877334196531,49.48175412771333,642510000
2024-01-09,53.10753631591797,54.291813775257275,51.658421354299875,52.368989354850214,773100000
2024-01-10,54.31679916381836,54.56664645309511,53.45632503855136,53.58325017590931,533796000
2024-01-11,54.78850555419922,55.31218749470485,53.527279337957886,54.965399369459846,596759000
2024-01-12,54.67657470703125,54.93641799826661,54.29680960809761,54.58662953889082,352994000
2024-01-16,56.347557067871094,56.800279452629056,54.86646395445467,54.984391900558016,449580000
2024-01-17,56.018760681152344,56.43650460830921,54.706563019184806,56.312579806380306,474394000
2024-01-18,57.07210922241211,57.564808057146664,56.07272016716743,57.22501562586881,491650000
2024-01-19,59.45466232299805,59.46365569707979,57.190043807244585,57.95357707318065,543501000
2024-01-22,59.61756134033203,60.29414976562131,59.03391842649556,60.01232052303933,452955000
2024-01-23,59.836429595947266,59.873405745227366,58.54921431651321,59.5336132708294,294654000
2024-01-24,61.324520111083984,62.81061137582762,59.90139009197215,60.26716767066686,560271000
2024-01-25,61.57935333251953,62.68068121321326,60.812819855881294,62.311903373896776,482777000
2024-01-26,60.99371719360352,61.74526054571479,60.53600059416135,60.92276141821586,390309000
2024-01-29,62.42683792114258,62.45082152019551,60.86979110422985,61.19458949954275,348733000
2024-01-30,62.73564910888672,63.45421163481392,62.221963176710254,62.861575397836866,410735000
2024-01-31,61.48941802978515,62.230965375095856,60.662923519798866,61.4024693723596,453795000
2024-02-01,62.988494873046875,63.15239614325578,61.612337231861346,62.06205926012063,369146000
2024-02-02,66.11959838867188,66.55932448681259,63.65110183609076,63.93492878794245,476578000
2024-02-05,69.28964233398438,69.45454244217241,67.16394292298222,68.18331639891433,680078000
2024-02-06,68.18132019042969,69.71138308978904,66.25949848302591,69.58745829595591,683111000
2024-02-07,70.05616760253906,70.17709586585252,67.55869397580136,68.27725642617484,495575000
2024-02-08,69.59844970703125,70.75074512715133,69.412566337875,70.03118381151026,414422000
2024-02-09,72.08894348144531,72.14090604638328,70.16911160679686,70.48991468195457,436637000
2024-02-12,72.20386505126953,74.56542046599529,71.2064736279646,72.55564739281085,613710000
2024-02-13,72.08393859863281,73.40512964528038,69.57747501499297,70.3569973280816,602580000
2024-02-14,73.8548583984375,74.19065168292555,71.89405893388704,73.15728673605686,504917000
2024-02-15,72.61360931396484,73.92980608164119,72.35577132172895,73.82387565740021,420122000
2024-02-16,72.5686264038086,74.35653464053262,72.45669533307102,74.05471723562285,495327000
2024-02-20,69.4095687866211,71.91203666406658,67.69261615478561,71.90303947909813,704833000
2024-02-21,67.4307861328125,68.84592156210476,66.2075347659216,67.96445653317794,673755000
2024-02-22,78.49002075195312,78.52699308470093,74.17465795695503,74.97916646287784,865100000
2024-02-23,78.76885223388672,82.34366290568272,77.5226123761237,80.74064650613892,829388000
2024-02-26,79.04369354248047,80.59674521460998,78.45704646976243,79.6513162598183,503973000
2024-02-27,78.65290832519531,79.43143929248194,77.11485484949267,79.33249313493509,391705000
2024-02-28,77.61556243896484,78.88478331880187,77.07788905731108,77.57258943700786,393110000
2024-02-29,79.06365966796875,79.94112153625711,78.30212423623774,79.04567292343845,507289000
2024-03-01,82.22872161865234,82.24971250718404,79.38645771488409,79.95111490380661,479135000
2024-03-04,85.18492889404297,87.64142750402274,83.66785848531528,84.07860289478097,615616000
2024-03-05,85.91551971435547,86.04844794548417,83.36995895717057,85.22191083370436,520639000
2024-03-06,88.64997100830078,89.67339555623481,86.98091470216241,87.97235961581464,582520000
2024-03-07,92.6167221069336,92.71466639598265,89.55145092677502,90.10713703099752,608119000
2024-03-08,87.4786376953125,97.34507194141518,86.45721088913098,95.08434657912662,1142269000
2024-03-11,85.72563171386719,88.7469219574668,84.11853680206842,86.38026112101332,678364000
2024-03-12,91.86116027832033,91.90813084085208,86.10141029804566,87.9993412781643,668075000
2024-03-13,90.83673095703124,91.45238079004136,88.38511175577527,91.00363657004534,635713000
2024-03-14,87.89439392089844,90.5948732884495,86.55115025815236,89.52647603225017,602318000
2024-03-15,87.7874526977539,89.49548835416286,86.20834970674177,86.88096661769565,642086000
2024-03-18,88.40511322021484,92.3528823706334,87.03588315502401,90.33702166642148,668976000
2024-03-19,89.34757995605469,90.49292967987031,84.9620544077868,86.65109602123033,672171000
2024-03-20,90.32102966308594,90.35901024319512,88.17323967680368,89.74634940187569,479063000
2024-03-21,91.3834228515625,92.59574371140432,90.3540050520513,92.2479404308415,480372000
2024-03-22,94.2358169555664,94.72453954495889,90.78276394753544,91.0895899885777,586719000
2024-03-25,94.94841003417967,96.711414933466,93.4572548767714,93.88801151365492,552136000
2024-03-26,92.50879669189452,96.32064875325118,92.44983185631352,95.79694219210086,513648000
2024-03-27,90.1990966796875,93.18740810778952,89.07273343467564,93.0594819501001,586067000
2024-03-28,90.3050308227539,91.24849853375164,89.14268488587938,89.9492288448454,435212000
2024-04-01,90.31202697753906,92.17297617207028,89.15368416261286,90.24806771473165,452441000
2024-04-02,89.40155792236328,90.04319416490718,87.57059032830745,88.39811868898816,433064000
2024-04-03,88.91382598876953,90.32303448482294,88.35014869042175,88.43410095294554,370067000
2024-04-04,85.85653686523438,90.58287298050408,85.83154944356146,90.35499714995936,434965000
2024-04-05,87.95836639404297,88.4310991932804,85.87753991776991,86.81700456921507,399678000
2024-04-08,87.0838623046875,88.77990383425171,86.68308748308648,88.64997227108425,283220000
2024-04-09,85.30583953857422,87.5855584540804,82.97516214642668,87.39266655170175,501700000
2024-04-10,86.98991394042969,87.35071040768491,83.66179013581636,83.87867062101493,431929000
2024-04-11,90.56488037109376,90.6878120841834,86.8769671038577,87.37068410490238,431637000
2024-04-12,88.13626861572266,90.1241530507074,87.48064030544892,89.64841591771264,426805000
2024-04-15,85.9524917602539,90.56188993656951,85.8805337738884,89.0477450616577,443077000
2024-04-16,87.36569213867188,88.06829089560239,86.01545628049773,86.38424380509475,370453000
2024-04-17,83.98759460449219,88.7249183584023,83.90263584788114,88.2901585822677,495400000
2024-04-18,84.62323760986328,86.14138561304675,82.35552028108327,84.92207255324703,447260000
2024-04-19,76.15702819824219,84.27644766930946,75.56336900757456,83.10311370735981,875198000
2024-04-22,79.47315216064453,80.02783946358336,76.35691439393003,78.05994814693265,596341000
2024-04-23,82.37651062011719,82.72231614993429,80.21873169463018,80.7234441336971,438559000
2024-04-24,79.63206481933594,84.03457921776213,79.13834013698539,83.90264988256477,512208000
2024-04-25,82.58538818359375,83.2759926322814,78.178871245499,78.82350402342217,424641000
2024-04-26,87.6855239868164,88.28118855401848,83.3399763925944,83.7707330936579,551011000
2024-04-29,87.70751190185547,87.94237235498613,85.21791179771557,87.54560070216142,388971000
2024-04-30,86.353271484375,88.76890816331654,86.25133163329888,87.19079630766022,363709000
2024-05-01,82.99415588378906,85.95148630832341,81.20916027802339,85.02901046138126,559863000
2024-05-02,85.76859283447266,86.18835408667036,83.15306466582874,84.4013606664833,377898000
2024-05-03,88.7389144897461,89.23063371341577,86.9909005732954,87.73947860212795,398341000
2024-05-06,92.08802795410156,92.16798466023728,89.00476895897276,89.3395790876885,376203000
2024-05-07,90.5029296875,91.72923505394095,88.96080064953647,91.04662159823116,437342000
2024-05-08,90.36101531982422,91.14257199813076,89.36957035953105,89.43253836914545,325721000
2024-05-09,88.69695281982422,91.02063858717588,88.18124497678554,90.4779455437688,378013000
2024-05-10,89.82731628417969,91.34946008980582,89.17668240608715,90.2540774515466,335325000
2024-05-13,90.3480224609375,90.94668368485893,88.47907428372562,90.4269726636133,289680000
2024-05-14,91.30447387695312,91.59930565354624,88.88383529778994,89.54846112262796,296507000
2024-05-15,94.57662200927734,94.80849340867992,91.5473333880384,92.41984207783548,417735000
2024-05-16,94.30579376220705,95.76496957862231,94.0499337850962,94.8564855639332,323952000
2024-05-17,92.42684173583984,94.68656820618962,91.7542247585896,94.31578286476112,359691000
2024-05-20,94.72655487060548,95.1463162138061,93.38731412084368,93.6971368800976,318764000
2024-05-21,95.33219909667967,95.3461911389766,93.12744211033532,93.54620449229954,328946000
2024-05-22,94.89645385742188,95.96585017054332,93.196416664474,95.40516951213256,548648000
2024-05-23,103.74047088623048,106.26004537919088,101.46274907027386,101.9704658398778,835065000
2024-05-24,106.4089584350586,106.4149517573109,102.9419130131948,104.3900933466901,429494000
2024-05-28,113.83676147460938,114.87417806167193,109.82102986026251,110.18182631936332,652728000
2024-05-29,114.7602310180664,115.42685462015828,110.83844833840384,112.98623828974068,557442000
2024-05-30,110.43766784667967,115.75366768594492,109.60114200461162,114.58532839037406,484553000
2024-05-31,109.5711669921875,112.65342715935483,106.87968513049076,112.45653205108223,613263000
2024-06-03,114.93513488769533,114.93513488769533,111.93982368190672,113.55691490102478,438392000
2024-06-04,116.37133026123048,116.53424034822848,113.98068096958718,115.65074383289046,403324000
2024-06-05,122.3709487915039,122.37993877462908,117.40175277551737,118.30424338003812,528402000
2024-06-06,120.92976379394533,125.51617269807858,118.2532726596956,123.9780391592412,664696000
2024-06-07,120.81982421875,121.62337164710613,117.95544321860926,119.7024508855064,412386000
2024-06-10,121.72130584716795,123.0305645078952,116.94400320335374,120.30210862140808,313434100
2024-06-11,120.85173034667967,122.81078479761145,118.68277039590036,121.71130884876212,222551200
2024-06-12,125.1396713256836,126.81886214949532,122.51094129451408,123.00070306062464,299595000
2024-06-13,129.5475311279297,129.7374419918796,127.09871503024355,129.32763594350715,260704500
2024-06-14,131.8164520263672,132.7759808624214,128.2581700274141,129.89737910282292,309320400
2024-06-17,130.9168701171875,133.66554475885698,129.5175509456389,132.9259111616535,288504400
2024-06-18,135.51466369628906,136.2643022594959,130.6270208742377,131.07680096187468,294335100
2024-06-20,130.71697998046875,140.69216665961412,129.45759262565218,139.73263779444994,517768400
2024-06-21,126.50899505615234,130.56704338903992,124.2400925137838,127.05873301556976,649445800
2024-06-24,118.0530776977539,124.40001580098117,117.98311173916277,123.1806025577778,476060900
2024-06-25,126.02922821044922,126.43903427437068,119.26249431645674,121.14158551930764,414192600
2024-06-26,126.33908081054688,128.05824542053676,122.54090923743924,126.0692066714184,362975900
2024-06-27,123.93024444580078,126.34908399185862,122.8607604065947,124.04019204451784,252571700
2024-06-28,123.48046875,127.648457456266,122.69084852465332,124.5199685039101,315516700
2024-07-01,124.24009704589844,124.77983008392049,118.77273207553426,123.41049523168472,284885500
2024-07-02,122.61087036132812,123.35051916660528,120.97166146299664,121.07161173714522,218374000
2024-07-03,128.21817016601562,128.21817016601562,121.30150730962696,121.60136576540062,215749000
2024-07-05,125.76936340332033,128.78791231292527,125.61943416430904,127.31861187118912,214176700
2024-07-08,128.13819885253906,130.70696731901708,126.9787619894619,127.42854201917729,237677300
2024-07-09,131.3166961669922,133.7555228326683,128.58800070420872,130.28719371816868,285366600
2024-07-10,134.84498596191406,135.03489683470838,132.35618048673416,133.96540518326054,248978600
2024-07-11,127.3386001586914,136.08437540615716,126.98877036890757,135.68457428967133,374782700
2024-07-12,129.177734375,131.85643576222122,127.15870339191848,128.1981955828636,252680500
2024-07-15,128.37811279296875,131.32668826604316,127.11871779694197,130.49708637675548,208326200
2024-07-16,126.29910278320312,128.97780386568002,124.51996185494664,128.3781021800115,214769500
2024-07-17,117.93313598632812,121.7912763806817,116.66375138152576,121.29151734126508,390086200
2024-07-18,121.0316390991211,122.34101295266512,116.50382347473696,121.79127496540796,320979500
2024-07-19,117.87316131591795,121.54139064753636,117.31343366061544,120.29199311286656,217223800
2024-07-22,123.48046875,124.01021213043964,119.8022417845173,120.2920035253006,258068900
2024-07-23,122.53092193603516,124.62991607602876,122.04116019537172,122.72083281792666,173911000
2024-07-24,114.1949462890625,119.8921965766103,113.38533904444206,119.11257365575833,327776900
2024-07-25,112.22589111328124,116.57379332567128,106.24877714220032,112.98552700492492,460067000
2024-07-26,113.00550079345705,116.14398665212224,111.52621844802754,116.13399696280182,293399100
2024-07-29,111.53621673583984,116.22395888086476,111.2463632088614,113.6352107639342,248152100
2024-07-30,103.68000030517578,111.93601308136988,102.49057150448816,111.46623842477167,486833300
2024-07-31,116.96358489990234,118.28294826345072,110.82654541521488,112.8455759057114,473174200
2024-08-01,109.15736389160156,120.10209097077004,106.75851907796756,117.47335365334,523462300
2024-08-02,107.21829986572266,108.66760564065456,101.3211493614294,103.7099969353776,482027500
2024-08-05,100.4015884399414,103.36016867781126,90.6462974352404,92.0156323292122,552842400
2024-08-06,104.19977569580078,107.65810786375978,100.50156128734052,103.78996956029714,409012100
2024-08-07,98.86233520507812,108.74756823143176,98.64244001125142,107.75803985921162,411440400
2024-08-08,104.9194107055664,105.4491540508254,97.47299667346624,101.95084088326249,391910000
2024-08-09,104.69951629638672,106.54862317361376,103.38015276837264,105.58908675557784,290844200
2024-08-12,108.96746063232422,111.01647580125626,106.20879614847053,106.26876479464012,325559900
2024-08-13,116.08402252197266,116.1739831093698,111.52622277964618,112.38580888904526,312646700
2024-08-14,118.02310180664062,118.54284787534029,114.0150319977807,118.4728819117515,339246400
2024-08-15,122.80079650878906,123.180610648127,117.41339446628128,118.70277375276062,318086700
2024-08-16,124.51995849609376,124.93975424016854,121.12159565561768,121.8812314965988,302589900
2024-08-19,129.93734741210938,129.93734741210938,123.3605167667704,124.22010290586176,318333600
2024-08-20,127.1886749267578,129.81741234204915,125.82932973595076,128.3381146113763,300087400
2024-08-21,128.4380645751953,129.28766098618868,126.59895509298428,127.2586330157018,257883600
2024-08-22,123.68035125732422,130.6869743500294,123.040660367695,129.95733050360087,376189100
2024-08-23,129.30763244628906,129.53753255606168,125.15963905002394,125.79932992863569,323230300
2024-08-26,126.39905548095705,131.19673768949764,124.31006635411408,129.50756494551362,331964700
2024-08-27,128.23817443847656,129.1377346219971,123.82029866993176,124.98974063480068,303134600
2024-08-28,125.54946899414062,128.26815944285755,122.580899020736,128.05825393148814,448101100
2024-08-29,117.5333251953125,124.37003270157088,116.65375204642189,121.30151255769351,453023300
2024-08-30,119.31246948242188,121.69131963851616,117.16350420185492,119.4723884011734,333751600
2024-09-03,107.9479522705078,116.15399476413344,107.238295351223,115.95409419910476,477155100
2024-09-04,106.15882110595705,113.2154167588311,104.0698318463886,105.35921116658868,372470300
2024-09-05,107.15834045410156,109.59716719188592,104.70952402528704,104.93940893047392,306850700
2024-09-06,102.78044128417967,108.09787692095124,100.90134249947532,107.98792932713482,413638100
2024-09-09,106.41869354248048,106.4986568208146,103.640034438972,104.82945579489092,273912000
2024-09-10,108.0478973388672,109.34727382600164,104.8994140244394,107.75803619556127,268283700
2024-09-11,116.8536605834961,117.13352442144716,107.36822866067496,109.3372804678962,441422400
2024-09-12,119.09276580810548,120.74211318355616,115.33425434141012,116.79367460276576,366052700
2024-09-13,119.0527801513672,119.91243980632908,117.55337484057826,119.0327914361594,238358300
2024-09-16,116.73370361328124,118.13315013570288,114.31466480568342,116.74370178435876,248772300
2024-09-17,115.54417419433594,118.75290839853,114.78448096424104,118.12315326201993,231925900
2024-09-18,113.3250503540039,117.65332766764698,113.17510830529989,115.84404779202798,310318900
2024-09-19,117.82327270507812,119.6125639674696,117.2035157611041,117.30347459042382,293506400
2024-09-20,115.95402526855467,118.57298961925171,115.344266422119,117.01360271419075,382462400
2024-09-23,116.2139129638672,116.9436192978204,114.814466443239,116.50379891378353,206228500
2024-09-24,120.82209014892578,121.75172180406904,115.33426088161052,116.47380837806097,354966800
2024-09-25,123.4610366821289,124.89047006468223,121.5617884105282,121.97162190060216,284692900
2024-09-26,123.9908218383789,127.61937987933592,121.7517120835012,126.7497296956914,302582900
2024-09-27,121.35187530517578,123.98082995705606,119.21272426875332,123.92085618310573,271009200
2024-09-30,121.39185333251952,121.45182710299632,118.1031568521794,118.26308944890737,226553700
2024-10-01,116.95362091064452,122.3914669216292,115.74410147280145,121.72172671524484,302094500
2024-10-02,118.80288696289062,119.33267565347262,115.09435850244638,116.39384623986544,221845900
2024-10-03,122.80130004882812,124.31070361178112,120.29229289145832,120.87206480654892,277118000
2024-10-04,124.87047576904295,124.99043094258552,121.78170440742984,124.89047211115172,243678100
2024-10-07,127.66936492919922,130.58820542607234,124.90045886173723,124.94044391837012,346250200
2024-10-08,132.83731079101562,133.4270732055081,129.36868536610157,130.20834865989482,285722500
2024-10-09,132.59742736816406,134.46669669658758,131.32794162563073,134.05685551069462,246191600
2024-10-10,134.7565460205078,134.94647312682827,130.94805910825556,131.85770195813822,242311300
2024-10-11,134.74656677246094,135.72617401836632,133.60701929174726,133.9568713960576,170209500
2024-10-14,138.01527404785156,139.54466630986312,136.24597143489578,136.4159022137037,232347700
2024-10-15,131.54783630371094,138.5150744275185,128.68896947491228,137.8153397242487,377831000
2024-10-16,135.66619873046875,136.56583584893667,131.527840530584,133.92688301499192,264879700
2024-10-17,136.87571716308594,140.83415423256426,136.81574338597488,139.28476556198524,306435900
2024-10-18,137.94529724121094,138.8449343829922,137.22558142668973,138.61502982502418,176090200
2024-10-21,143.6530303955078,143.6530303955078,137.94528751258602,138.07524085271365,264554500
2024-10-22,143.5330810546875,144.3627538949317,141.72380093133486,142.85335791004843,226311600
2024-10-23,139.50466918945312,142.37352650102258,137.40551088320953,141.97369118156848,285930000
2024-10-24,140.35433959960938,141.293969386979,138.40511570705533,140.76418072009866,172354900
2024-10-25,141.48388671875,144.0728716327459,140.74418981710016,140.8741279131319,205122100
2024-10-28,140.4643096923828,143.08326638426843,139.99449475491215,142.9433224828564,173586700
2024-10-29,141.19400024414062,142.20359433012132,138.8449258203989,140.23437413304583,157593600
2024-10-30,139.28475952148438,140.27437255912164,136.75576367804047,139.48467718743143,179418100
2024-10-31,132.70736694335938,137.55545044959692,132.05763071180766,137.54545990469654,270039600
2024-11-01,135.34632873535156,137.25557537634637,134.5166711244238,134.64660922766117,207127800
2024-11-04,135.99607849121094,138.90492874894582,135.51627301400697,137.15562237613318,187528200
2024-11-05,139.8545379638672,140.31434706066804,137.27555894461494,137.39550649112996,160537400
2024-11-06,145.5522918701172,146.4319479858603,141.90374455387283,142.90334822985668,242043900
2024-11-07,148.8209991455078,148.8709671267726,146.1120664908763,146.33198051831096,207323300
2024-11-08,147.5714569091797,149.71060760531262,146.20198985995728,148.71100419118065,175665800
2024-11-11,145.20240783691406,148.7909962143961,143.51309063046196,148.62105018654825,182325600
2024-11-12,148.231201171875,149.5906625866308,145.95210633724608,146.72180532829077,198634700
2024-11-13,146.21202087402344,149.27080540839845,145.84215717514013,149.01091396688446,191903300
2024-11-14,146.70181274414062,148.94093020600926,145.49230097997514,147.5814687564354,194463300
2024-11-15,141.92369079589844,145.18240774117885,140.0244503789864,144.81254410002094,250132900
2024-11-18,140.09442138671875,141.49387540802255,137.09561095173166,139.44468522690033,221205300
2024-11-19,146.95172119140625,147.07168399645053,140.9341184421503,141.26398946372595,227834900
2024-11-20,145.83216857910156,147.5015047606034,142.67341754276418,147.3515703217148,309871700
2024-11-21,146.6118621826172,152.8293979645091,140.64422730754492,149.290807835149,400946600
2024-11-22,141.89370727539062,147.10164798306,141.04405349095012,145.87212475240295,236406200
2024-11-25,135.96607971191406,141.99368792347047,135.7661620516237,141.93371415065735,344941900
2024-11-26,136.86572265625,139.2447840977321,135.61621816013383,137.64541224160723,190287700
2024-11-27,135.2863311767578,137.1655905980091,131.74774157257602,134.95646019838466,226370900
2024-11-29,138.19520568847656,139.29477581313424,135.99608069190262,136.7257870913165,141863200
2024-12-02,138.5750274658203,140.39429776497158,137.7653511333102,138.7749450999513,171682800
2024-12-03,140.20440673828125,140.48429454860658,137.8953246767264,138.2051993772479,164414000
2024-12-04,145.0824737548828,145.73221002899123,140.2343899311033,141.94371889092554,231224300
2024-12-05,145.0124969482422,146.49200804389403,143.9028598130552,145.06248362625453,172621200
2024-12-06,142.3933563232422,145.65228325014007,141.26372149336697,144.5526526293818,188505600
2024-12-09,138.7645263671875,139.90415231737651,137.08508402113657,138.92447761551347,189308600
2024-12-10,135.0257568359375,141.77354545828368,133.74616214517607,138.96445323342698,210020900
2024-12-11,139.2643585205078,140.12407738797447,135.16571086465208,137.31500040642362,184905200
2024-12-12,137.2949981689453,138.39464386571996,135.7555094472505,137.0350888468848,159211400
2024-12-13,134.20602416992188,139.55427778956917,132.4965775973186,138.89449032268433,231514900
2024-12-16,131.95675659179688,134.35596424649526,130.37727237183418,134.13603509853905,237951100
2024-12-17,130.3472900390625,131.54689392732612,126.81844751374322,129.04771280436398,259410300
2024-12-18,128.86778259277344,136.6552244722092,128.23798405143236,133.8161583001621,277444500
2024-12-19,130.63717651367188,133.98608501684748,129.50755712091288,131.7168244915274,209719200
2024-12-20,134.65586853027344,135.2356803497186,128.1779956829599,129.76747112979962,306528600
2024-12-23,139.624267578125,139.74422340664867,135.07575428315474,136.23537813819377,176053500
2024-12-24,140.17408752441406,141.8535301026856,138.60459428405517,139.95415834100334,105157000
2024-12-26,139.88417053222656,140.8038826879709,137.68489400548984,139.65425012018665,116205600
2024-12-27,136.96511840820312,138.97446981750295,134.66588395063462,138.50462254046806,170582600
2024-12-30,137.44496154785156,140.2240495546706,133.97609715556487,134.78582934588258,167734700
2024-12-31,134.2460174560547,138.02479365615312,133.7861766339878,137.98479821279548,155659200
2025-01-02,138.26470947265625,138.83453015425235,134.58592176996075,135.95546829733047,198247200
2025-01-03,144.4226837158203,144.85253555834646,139.68423069189672,139.96413776465596,229322500
2025-01-06,149.38104248046875,152.11015917129038,147.77158452702758,148.5413213081193,265377400
2025-01-07,140.09408569335938,153.07983530547875,139.9641234037018,152.97986196669754,351782200
2025-01-08,140.06411743164062,143.90285624874434,137.51494945407617,142.53330977712477,227349900
2025-01-10,135.86549377441406,139.87417502688794,134.17604480086774,137.40498271998055,207602500
2025-01-13,133.18637084960938,133.44629547754278,129.46758770744978,129.94744151880715,204808900
2025-01-14,131.7168426513672,136.33533995791203,130.00741122442506,136.0054462036023,195590500
2025-01-15,136.1953887939453,136.4053114797544,131.24699764678536,133.60622538989423,185217300
2025-01-16,133.5262451171875,138.70454064615834,133.44626949753135,138.59457607585483,209235600
2025-01-17,137.66490173339844,138.45463626831489,135.41563868932835,136.6452315490251,201188800
2025-01-21,140.78387451171875,141.78354697270905,137.0450940162502,139.1144233323199,197749000
2025-01-22,147.0218505859375,147.7416007949869,143.62295473278476,144.61263605764083,237651400
2025-01-23,147.17178344726562,147.18177468068177,143.67292977388993,145.0024960002277,155915500
2025-01-24,142.57327270507812,148.92119854206575,141.83352489203162,148.32138900097752,234657600
2025-01-27,118.38121032714844,128.3579371600633,116.66177248371496,124.75912547322824,818830900
2025-01-28,128.94776916503906,128.95776039928603,116.21193524354264,121.77011224340114,579666400
2025-01-29,123.65948486328124,126.84844257022412,120.0106863497111,126.458570906435,467120600
2025-01-30,124.6091766357422,124.9590604797062,118.06131881584726,123.05968123503553,392925500
2025-01-31,120.03067016601562,127.80812056780856,119.15096116009845,123.73945402173636,388161100
2025-02-03,116.62179565429688,118.53116613291392,112.9729895620065,114.71241754878405,371235700
2025-02-04,118.6111297607422,121.16028976109212,116.66176403787988,116.92168099297383,256550000
2025-02-05,124.7891082763672,124.95905075493906,120.72044188886218,121.72011429490168,262230800
2025-02-06,128.63784790039062,128.72783001681898,125.168990788013,127.37826606210074,251483600
2025-02-07,129.79745483398438,130.32727996151158,124.95904429961288,129.17766285547097,228186300
2025-02-10,133.5262451171875,134.95576927734325,129.91742726932324,130.04737430419848,216989100
2025-02-11,132.7565155029297,134.43595803743202,130.9770996135579,132.5365863252507,178902400
2025-02-12,131.0970458984375,132.19669170682792,129.03772306980744,129.97741762356085,160278600
2025-02-13,135.2456817626953,136.45529216313562,131.127036067263,131.51690772043457,197430000
2025-02-14,138.80453491210938,139.20439781688884,135.4556258828613,136.4353006772254,195479600
2025-02-18,139.35435485839844,143.3930407195906,137.88483491061234,141.2237529999524,219176600
2025-02-19,139.1844024658203,141.31370984182348,137.17506616632772,139.46430955469114,167536000
2025-02-20,140.06411743164062,140.6139403685729,136.74519734237094,139.9841417995603,143903600
2025-02-21,134.38595581054688,141.41366694156105,133.98609294492073,139.99411868487,228217600
2025-02-24,130.23733520507812,138.544611438826,130.03740375103862,136.51527743543022,251381100
2025-02-25,126.5885238647461,130.1573543264651,124.39924631174092,129.93742515974864,271428700
2025-02-26,131.23699951171875,133.68619399137987,128.44792005609298,129.9474287481865,322553800
2025-02-27,120.11065673828124,134.96578360804298,119.97070319337836,134.9557923740472,443175800
2025-02-28,124.87908172607422,125.04902421361967,116.36187573271177,117.98134023479652,389091100
2025-03-03,114.02263641357422,123.65947815441596,112.2432206852501,123.46954557652552,411381400
2025-03-04,115.95201110839844,119.27092350243323,110.07393955565604,110.61376362073892,398163300
2025-03-05,117.26158142089844,118.2412561507128,114.47249437052442,117.54148848655969,284337900
2025-03-06,110.53378295898438,115.31221606989396,110.18389912538346,113.49281250827369,321181900
2025-03-07,112.6530990600586,113.44284126847424,107.52477413573756,111.21356818629886,341755500
2025-03-10,106.94496154785156,111.81336147496827,105.42545516002184,109.86400325750408,366487400
2025-03-11,108.72438049316406,112.2032364343548,104.73568182740638,106.95495594173272,354865700
2025-03-12,115.71273803710938,116.7325020716217,112.85341103244578,114.09312447156262,323857500
2025-03-13,115.55277252197266,117.73225924433854,113.76319330991836,117.0024278677365,299033100
2025-03-14,121.6413345336914,121.85128414551468,118.12216714928688,118.5820578648422,277593500
2025-03-17,119.50183868408205,122.86104771124882,118.00219206936818,122.711081524258,255501500
2025-03-18,115.4028091430664,118.99195980676367,114.51301940530756,117.9722034382706,299686900
2025-03-19,117.4923095703125,120.4216195833343,115.65274672556286,117.24236846895433,273426200
2025-03-20,118.50206756591795,120.17167220516042,116.4425554391302,116.52253841801044,248829700
2025-03-21,117.6722640991211,117.9621966837067,115.39280254041712,116.91244866461768,266498500
2025-03-24,121.38140106201172,122.19120779583362,119.31188140429414,119.8517551027078,228452500
2025-03-25,120.66156768798828,121.26142480153008,118.89198043130344,120.5216012824151,167447200
2025-03-26,113.7332000732422,118.81199741904776,112.68344440410922,118.70203035263673,293463300
2025-03-27,111.40374755859376,114.42303269482778,110.63393232562052,111.32376457585453,236902100
2025-03-28,109.64415740966795,112.84340799305504,109.04430030890693,111.46372827094804,229872500
2025-03-31,108.35446166992188,110.9338556226425,103.6255803841977,105.10522740758996,299212700
2025-04-01,110.12405395507812,110.17403760023085,106.4449205320371,108.49443304563393,222614000
2025-04-02,110.39398193359376,111.95361956622256,106.76483994973236,107.26472214391916,220601200
2025-04-03,101.7760238647461,105.60511590388695,101.57606639857327,103.48562015563714,338769400
2025-04-04,94.28778076171876,100.1064094274434,92.08830207120737,98.88670323249266,532273800
2025-04-07,97.6169891357422,101.72602116602216,86.59958951154498,87.43938789235719,611041300
2025-04-08,96.27731323242188,105.82505852328022,94.43774279946976,103.78553826456236,476243400
2025-04-09,114.30307006835938,115.072885329754,97.50702445286696,98.8667046992448,612918300
2025-04-10,107.5446548461914,110.83388059600858,99.1266405350102,109.34423379452804,437812400
2025-04-11,110.90386199951172,111.52371865557488,107.45467796999776,108.47443427245337,313417300
2025-04-14,110.68391418457033,114.2630725146749,109.04430120283688,114.08311462021162,264705000
2025-04-15,112.1735610961914,113.5932323217664,110.47396469045395,110.94385517244878,228966900
2025-04-16,104.46538543701172,106.7648467272822,100.4263361362673,104.52537649088836,397016900
2025-04-17,101.4660873413086,104.44538862475022,100.02643178468183,104.42538906519316,292517500
2025-04-21,96.88717651367188,99.41657935183264,95.01761424618036,98.74673137333838,288501100
2025-04-22,98.86670684814452,99.78648832080442,97.25708545719098,98.75673214732676,241004800
2025-04-23,102.68579864501952,104.77531016741209,101.99595878138034,104.4953697335839,247526000
2025-04-24,106.40492248535156,106.51489717654988,103.08570507328524,103.45562063709752,220815000
2025-04-25,110.98385620117188,111.8936379045766,105.70510100806126,106.8248323353286,251064700
2025-04-28,108.70438385009766,110.343996814893,105.9950156815573,109.66415673478784,207708500
2025-04-29,108.99431610107422,110.17403844763396,107.41469407982768,107.64463563001284,170444300
2025-04-30,108.8943328857422,108.8943328857422,104.0554770168086,104.44538450923936,235044600
2025-05-01,111.58370208740234,114.91291927434725,111.27377757314032,113.05335693358144,236121500
2025-05-02,114.47303009033205,115.37281962529518,113.34329900218786,114.15310576985596,190194800
2025-05-05,113.7931900024414,114.64298826396649,112.63346720059008,112.88340831442672,133163200
2025-05-06,113.51325988769533,114.7129742117387,110.7938992837595,111.4537475013017,158525600
2025-05-07,117.0324249267578,117.65228163619798,112.25355204144066,113.02337494499028,206758800
2025-05-08,117.34235382080078,118.65204278244111,115.82270761670767,118.2221437727092,198428100
2025-05-09,116.62252044677734,118.20215005190204,115.18285724943864,117.32235248570746,132972200
2025-05-12,122.97103118896484,122.97103118896484,120.25167057965504,121.94127499373305,225023300
2025-05-13,129.89938354492188,131.18908818741485,124.44067836400951,124.95056035306072,330430100
2025-05-14,135.30810546875,135.4080880073059,131.6489642323906,133.16861033831793,281180800
2025-05-15,134.79823303222656,136.2678878895653,132.6287461607251,134.258351724734,226632600
2025-05-16,135.36810302734375,136.31789147723805,133.42857277146337,136.18791721457987,226542500
2025-05-19,135.53805541992188,135.83797251007488,132.35879696756518,132.35879696756518,193154600
2025-05-20,134.3483428955078,134.54829272140586,132.58874781513978,134.2583525069389,161514200
2025-05-21,131.76895141601562,137.36762292180558,130.55922977564506,133.02864907239967,270608700
2025-05-22,132.7987060546875,134.21836966107523,131.5190088530086,132.19884131725317,187344000
2025-05-23,131.25906372070312,132.6487356514494,129.12957588399638,129.96937433382988,198821300
2025-05-27,135.4680633544922,135.6280293045703,133.27857708527512,134.1183754403962,192953600
2025-05-28,134.7782440185547,137.2176717346689,134.75824445795843,135.9979578766118,304021100
2025-05-29,139.15721130371094,143.45620133736625,137.87751407348716,142.21648797143945,369241900
2025-05-30,135.09817504882812,139.58710766728817,132.88868890141003,138.6873257641086,333170900
2025-06-02,137.34764099121094,138.08745689917103,135.36809645457458,135.45808684638126,197663100
2025-06-03,141.1867218017578,141.9665367692297,137.91748812723765,138.74729436292043,225578800
2025-06-04,141.88656616210938,142.3564566649135,139.5071219355859,142.15650682982962,167120800
2025-06-05,139.95703125,143.96608121416313,138.79730082341692,142.13651043477643,231397900
2025-06-06,141.6865997314453,143.23623746842864,141.47664251332282,142.4764068268356,153986200
2025-06-09,142.59640502929688,144.96584183837217,141.9065651342004,143.15627066728982,185114500
2025-06-10,143.92608642578125,144.25599524562207,141.4966510569608,142.65638139553192,155881900
2025-06-11,142.80625915527344,144.96590375929992,141.84641202362192,144.5859620448177,167694000
2025-06-12,144.9759063720703,144.9759063720703,141.82643588786814,141.94641106631286,162365000
2025-06-13,141.94639587402344,143.556128789635,140.8265869783813,142.4563055840922,180820600
2025-06-16,144.66595458984375,146.1556971839991,143.1761967394354,143.32618096280035,183133700
2025-06-17,144.09603881835938,145.1958620737219,143.75609899624828,144.46598768948277,139108000
2025-06-18,145.455810546875,145.62578045463974,143.0962022725339,143.9860537050978,161494100
2025-06-20,143.8260955810547,146.17569581398777,142.6262828381709,145.42582047781178,242956200
2025-06-23,144.1460418701172,144.7559411184857,142.00639807778802,142.47632119978937,154308900
2025-06-24,147.87539672851562,147.93539956519925,145.47580197371775,145.53578955415,187566100
2025-06-25,154.28436279296875,154.4243389252029,149.23519867353343,149.24520677628502,269146500
2025-06-26,154.99423217773438,156.69394650127538,153.97439748110884,155.95406403411533,198145700
2025-06-27,157.7238006591797,158.68364793378802,155.23420870961348,156.01407794562124,263234500
2025-06-30,157.96376037597656,158.6336472456001,155.93409881773164,158.37368067249696,194580300
2025-07-01,153.2745361328125,157.17388214393176,151.46483925954294,156.26402965591922,213143600
2025-07-02,157.22386169433594,157.57380961936815,152.94457434216997,152.9545671877056,171224100
2025-07-03,159.3135223388672,160.95324924613055,157.74379112425564,158.34368228178877,143716100
2025-07-07,158.21371459960938,159.28352889047815,157.31385497697042,158.17371270193448,140139000
2025-07-08,159.97341918945312,160.19338386133896,158.36368604860908,159.3035323273478,138133000
2025-07-09,162.85293579101562,164.39267314506114,161.13322041798892,161.1932080055649,183656400
2025-07-10,164.07273864746094,164.4726660794993,161.5831469026993,164.29270331195812,167704100
2025-07-11,164.89259338378906,167.862101078866,163.44283738179527,163.6927958392512,193633300
2025-07-14,164.04273986816406,165.4625020418882,161.99307751467913,165.3425116109199,136975800
2025-07-15,170.671630859375,172.37134531045626,169.17188012202328,171.1615549258278,230627400
2025-07-16,171.34152221679688,171.72146396229547,168.87193138356372,171.03157616389174,158831500
2025-07-17,172.97125244140625,174.13106334471073,170.80161486292053,171.99141956059896,160841100
2025-07-18,172.38136291503906,174.22105359276725,171.23154479926822,173.61115431570738,146456400
2025-07-21,171.35153198242188,173.35119970444802,170.97159023323564,172.72129949000853,123126100
2025-07-22,167.00225830078125,171.36153479867312,164.55266825003173,171.31154005146294,193114300
2025-07-23,170.75161743164062,171.23153339032083,167.94208685699226,169.5018251648929,154082200
2025-07-24,173.7111358642578,173.80111724784433,171.27153886755505,172.41134882841166,128984600
2025-07-25,173.47117614746094,174.69097468726906,172.9312725713388,173.58115848322245,122316800
2025-07-28,176.7206268310547,176.97058528484683,173.94109004538618,173.99108478739527,140023500
2025-07-29,175.4808349609375,179.35020236643535,174.99092613442062,177.93044011853777,154077500
2025-07-30,179.24021911621094,179.86011122312902,176.01074478620916,176.48066791766442,174312200
2025-07-31,177.84043884277344,183.2695444846075,175.9007587673991,182.86960179799485,221685400
2025-08-01,173.69113159179688,176.51065501732398,170.86160006411595,174.06106522140863,204529000
2025-08-04,179.9700927734375,180.170056491935,174.49100755408614,175.1309006070304,148174600
2025-08-05,178.23037719726562,180.23004490386853,175.87076869322405,179.59015184800575,156407600
2025-08-06,179.3901824951172,179.87009845787975,176.22071111043454,176.30069964693718,137192300
2025-08-07,180.7399749755859,183.84945895635624,178.7703010091291,181.53984513179375,151878400
2025-08-08,182.66964721679688,183.2695536485861,180.37002623661053,181.51984435483087,123396700
2025-08-11,182.0297393798828,183.8094423252684,180.2200426409657,182.01974653412333,138323200
2025-08-12,183.1295623779297,184.44933506001817,179.4301803710301,182.9295986692803,145485700
2025-08-13,181.5598297119141,183.93943921657484,179.3202115957667,182.58965738273272,179871700
2025-08-14,181.98974609375,182.98957985829236,179.43017409752198,179.72011917648817,129554000
2025-08-15,180.4200134277344,181.86976944489336,178.01041021115256,181.84978375259033,156602200
2025-08-18,181.979736328125,182.9095896538983,180.55997422620712,180.56998232776263,132008000
2025-08-19,175.61080932617188,182.46966985536903,175.46084035755914,182.39967416584764,185229200
2025-08-20,175.370849609375,175.9707560164781,168.77195541250927,175.1408920976954,215142700
2025-08-21,174.95091247558594,176.87059152353538,173.78110877087863,174.8209444570093,140040900
2025-08-22,177.96043395996094,178.56032512128596,171.17155351749952,172.58132291943235,172789400
2025-08-25,179.78012084960938,181.87977802218637,176.54066896263805,178.3203719824875,163012800
2025-08-26,181.7397918701172,182.359683936518,178.7802771456414,180.03006938032237,168688200
2025-08-27,181.56983947753903,182.4596910242481,179.07025476697962,181.94976597929116,235518900
2025-08-28,180.1400604248047,184.43934897141472,176.3806906932069,180.7899615720414,281787800
2025-08-29,174.1510467529297,178.12038822306508,173.12121914292007,178.08040158317536,243257900
2025-09-02,170.75161743164062,172.351357635579,167.19221149694363,169.9717482776903,231164900
2025-09-03,170.59165954589844,172.3813708166661,168.851958278929,171.03158891427162,164424900
2025-09-04,171.63148498535156,171.83144870716828,169.381858788342,170.54166973363456,141670100
2025-09-05,166.9922637939453,169.0019244592772,164.04275681292185,168.00209055003162,224441400
2025-09-08,168.2820281982422,170.93159698121408,167.32219627229085,167.5221599855096,163769100
2025-09-09,170.7316131591797,170.95157781434446,166.71229229208453,169.0618925540675,157548400
2025-09-10,177.300537109375,179.26020289704138,175.44084555219968,176.61064931709572,226852000
2025-09-11,177.1505584716797,180.26021784214308,176.4606317396978,179.66027757334626,151159300
2025-09-12,177.80047607421875,178.5803891806412,176.43061617633268,177.75047851465564,124911000
2025-09-15,177.73049926757812,178.83038469078608,174.49084923140515,175.650725630949,147061600
2025-09-16,174.86080932617188,177.4805168617991,174.36086420825131,176.98057174387853,140737800
2025-09-17,170.27130126953125,173.18098551277336,168.39151800406466,172.62104942275718,211843800
2025-09-18,176.2206573486328,177.08056354559588,172.9410186572187,173.96089569350613,191763300
2025-09-19,176.6505889892578,178.06043774665943,175.16074718989944,175.7506939671915,237182100
2025-09-22,183.58984375,184.52974299714737,174.69082690233378,175.28075846993005,269637000
2025-09-23,178.410400390625,182.3999677661597,176.19065819152993,181.95002022927713,192559600
2025-09-24,176.9505615234375,179.76025041106172,175.38072666046574,179.75025700209653,143564100
2025-09-25,177.67050170898438,180.2402117285651,173.11100459099512,174.4608472798892,191586700
2025-09-26,178.17044067382812,179.750269051669,174.91078879333958,178.15043859744398,148573700
2025-09-29,181.83004760742188,183.97980553666213,180.30021674934375,180.41019002973695,193063500
2025-09-30,186.55950927734375,187.32942897828707,181.4600633204032,182.06000352373024,236981000
2025-10-01,187.21945190429688,188.11934700723293,183.87980694521147,185.21967144700423,173844900
2025-10-02,188.8692626953125,191.0290292282152,188.0393519833977,189.57919146332628,136805800
2025-10-03,187.5994110107422,190.33911589327732,185.35966652947783,189.16924608680657,137596900
2025-10-06,185.5196228027344,187.2094396983396,183.3098739831843,185.4796339074747,157678100
2025-10-07,185.01968383789065,189.03924688644503,183.97980469837793,186.2095556681108,140088000
2025-10-08,189.0892333984375,189.57918508139647,186.51950830089396,186.5495190429729,130168900
2025-10-09,192.54885864257812,195.27855455286465,191.039014711271,192.20888438710807,182997200
2025-10-10,183.139892578125,195.59851591827857,182.03001384654092,193.4887469873255,268774400
2025-10-13,188.29933166503903,190.089128427756,185.93959015922437,187.9493639887039,153482800
2025-10-14,180.01022338867188,184.77970370013512,179.6802578066599,184.74970821605345,205641400
2025-10-15,179.8102569580078,184.84969686580231,177.2705272995106,184.7797124853219,214450500
2025-10-16,181.7900390625,183.2598789113643,179.75026972003684,182.20999112544493,179723300
2025-10-17,183.19989013671875,184.07979842608083,179.7302697995737,180.1602152773484,173135200
2025-10-20,182.6199493408203,185.1796658652692,181.7100455780644,183.10990104163824,128544700
2025-10-21,181.14010620117188,182.76991679751697,179.7802549646251,182.76991679751697,124240200
2025-10-22,180.2602081298828,183.4198648953589,176.74059027394597,181.12011433169937,162249600
2025-10-23,182.13999938964844,183.0098989665471,179.7702492811968,180.4001849787377,111363700
2025-10-24,186.23953247070312,187.44940625639555,183.47984116964935,183.81980015643103,131296700
2025-10-27,191.4689788818359,191.97891738858848,188.4093020699799,189.9691435897376,153452700
2025-10-28,201.0079345703125,203.12769700573313,191.8889404255143,193.0288146936141,297986200
2025-10-29,207.01727294921875,212.1667169482571,204.7575264516481,207.95717223581016,308829600
2025-10-30,202.8677215576172,206.13736677538768,201.38788833732997,205.12746791137428,178864400
2025-10-31,202.4677734375,207.94716749796044,202.04782138155983,206.42733011185777,179802200
2025-11-03,206.85728454589844,211.31678618801203,205.5374221898275,208.05714970598171,180267300
2025-11-04,198.66818237304688,203.9476013046771,197.90825607143535,202.9777066091775,188919300
2025-11-05,195.18858337402344,202.89772869539195,194.6286320152979,198.7481902403631,171350300
2025-11-06,188.05935668945312,197.59830279082223,186.35954634625867,196.39843756369172,223029800
2025-11-07,188.1293487548828,188.29934352754728,178.8903723972709,184.87970536775757,264942300
2025-11-10,199.0281524658203,199.91805415635875,193.76872011438095,195.08858253564551,198897100
2025-11-11,193.1387939453125,195.3985402959953,191.2789975702345,195.1385743375635,176483300
2025-11-12,193.7787322998047,195.86849924763865,191.1090271797132,195.6985197370464,154935300
2025-11-13,186.8394775390625,191.4189763426968,183.82981362374773,191.02901978717685,207423100
2025-11-14,190.14910888671875,190.989012954952,180.56016596493993,182.8399142970662,186591900
2025-11-17,186.5795135498047,188.9792438771453,184.29976516169708,185.9495778546046,173628900
2025-11-18,181.340087890625,184.7797126313021,179.6302689297591,183.3598703733926,213598900
2025-11-19,186.49952697753903,187.8393762025218,182.8099296469334,184.76970592228736,247246400
2025-11-20,180.6201629638672,195.97847686300787,179.83025642841662,195.92847930218133,343504800
2025-11-21,178.86036682128906,184.5397359279593,172.91100782704066,181.22010834266524,346926200
2025-11-24,182.52996826171875,183.4798609481747,176.4606271183833,179.47030653663683,256618300
2025-11-25,177.80047607421875,178.14043506786686,169.53138015579162,174.89079203873564,320600300
2025-11-26,180.24020385742188,182.8899220695924,178.22043661727494,181.6100638206842,183852000
2025-11-28,176.98056030273438,179.2703020816569,176.48061521713345,178.99033405428943,121332800
2025-12-01,179.90025329589844,180.2802164760195,173.66093259662904,174.7408159055669,188131000
2025-12-02,181.44007873535156,185.63961443898967,179.98023235974816,181.7400335835938,182632200
2025-12-03,179.57028198242188,182.4299686383783,179.09033894604931,181.06012391136443,165138000
2025-12-04,183.37008666992188,184.51002440204857,179.95027347354184,181.61017209543593,167364900
2025-12-05,182.4001312255859,184.6500094505641,180.9002124089338,183.88004685245295,143971100
2025-12-08,185.5399627685547,187.98982714518385,182.39012406320575,182.6301165694494,204378100
2025-12-09,184.95999145507812,185.7099508683659,183.31008684903043,185.5499558649533,144719700
2025-12-10,183.77005004882812,185.46995496958337,182.03013874897007,184.9599880707457,162785400
2025-12-11,180.92019653320312,181.31019006496976,176.61043233199788,180.27023782951787,182136600
2025-12-12,175.01052856445312,182.81010931847595,174.61054106596097,181.10019518559332,204274900
2025-12-15,176.28045654296875,178.4103461991077,175.02053019793698,177.93037643785232,164775600
2025-12-16,177.71038818359375,178.48035080582065,174.8905333961456,176.25046044282257,148588100
2025-12-17,170.93075561523438,176.12047730871902,170.30078481189744,176.0904801521757,222775500
2025-12-18,174.1305694580078,176.14045512074784,171.8107030234881,174.52054772862792,176096000
2025-12-19,180.9802093505859,181.4401759084778,176.3304518785618,176.6604358481607,324925900
2025-12-22,183.6800537109375,184.15002947617,182.34012994783168,183.91003698180788,129064400
2025-12-23,189.19976806640625,189.31975669034463,182.89009670029145,182.96010023623109,174873600
2025-12-24,188.59979248046875,188.899779295176,186.57989753660073,187.92983057380172,65528500
2025-12-26,190.51968383789065,192.67957056140057,187.98982202804387,189.9097162518428,139740300
2025-12-29,188.20980834960935,188.749772392931,185.8999358866866,187.6998414610299,120006100
2025-12-30,187.52984619140625,188.9797799436452,186.91987858592935,188.22982052336857,97687300
2025-12-31,186.4899139404297,190.54969193131708,186.47991997410415,189.55975523635485,120100500
2026-01-02,188.83978271484375,192.91954841717475,188.24980305842183,189.82971935613105,148240500
2026-01-05,188.1098175048828,193.61952916959007,186.1399228646027,191.74961996436147,183529700
2026-01-06,187.22987365722656,192.15959956375175,186.80989821500853,190.50969495089785,176862600
2026-01-07,189.09976196289065,191.35963411085103,186.54989697142676,188.55979791265688,153543200
2026-01-08,185.0299835205078,189.53974931649188,183.7000688940612,189.09977067708235,172457000
2026-01-09,184.84999084472656,186.32990643372668,183.66005283935564,185.06998015284367,131327500
2026-01-12,184.92999267578125,187.1098673607792,183.010098425574,183.2100845491025,137968500
2026-01-13,185.79994201660156,188.0998205983224,183.3900687774691,184.9899882929175,160128900
2026-01-14,183.1300811767578,184.45001701406107,180.79021156477043,184.3100252062831,159586100
2026-01-15,187.03988647460935,189.6897370464893,186.31992419508657,186.4899131697011,206188600
2026-01-16,186.21990966796875,190.4296883714215,186.06992389502736,189.0697614175565,187967200
2026-01-20,178.06036376953125,182.37012791600927,177.60038196777572,181.89014292514364,223345300
2026-01-21,183.31008911132812,185.3699752173061,178.3903418724365,179.04031586008543,200381000
2026-01-22,184.8299865722656,186.1599163788295,183.92003219020145,184.7399951080077,139636600
2026-01-23,187.6598358154297,189.58973923983265,186.8098909978121,187.48984685190615,142748100
2026-01-26,186.4599151611328,189.1097657209082,185.97994539629804,187.1498802806874,124799600
2026-01-27,188.50979614257812,189.9897117301412,185.6899415183402,187.22986667366473,143711600
2026-01-28,191.5096435546875,192.33960048487265,189.82972650403363,191.2596570790159,148552700
2026-01-29,192.49957275390625,193.46952146246272,186.04992498376657,191.32963792417547,171764400
2026-01-30,191.11965942382812,194.47947816452233,189.45974561417185,191.19965692455455,179489500
2026-02-02,185.59996032714844,190.2897090701948,184.87000408758857,187.1898706566695,165794100
2026-02-03,180.33023071289065,186.2599175304879,176.22045266395375,186.22992037566056,204019600
2026-02-04,174.18057250976562,179.57028010697434,171.90069716024271,179.4502914858299,207014100
2026-02-05,171.87069702148438,176.81043194569037,171.020736948564,174.92051964769362,206312900
2026-02-06,185.39996337890625,186.98987361565233,174.59055120100808,176.6804343618602,231346200
2026-02-09,190.0297088623047,193.64952333361757,183.9400420976916,184.25002288009932,196387400
2026-02-10,188.52978515625,192.46957427391544,188.10980972728564,191.36964298604585,136764800
2026-02-11,190.0397186279297,193.2495363765512,188.75978911487715,192.4395826504124,144192700
2026-02-12,186.9298858642578,193.5995230748733,186.49990120030049,193.0195526316072,189932500
2026-02-13,182.80010986328125,187.4898586352177,181.58017462912431,187.4698554447334,161888000
2026-02-17,184.95999145507812,187.1398661592121,179.17029624003743,181.74016448672575,162276900
2026-02-18,187.9698181152344,190.3596881055438,186.7498829478333,188.73978069812657,164749100
2026-02-19,187.88983154296875,188.41980165789556,185.64996245587088,187.04988063530703,126554500
2026-02-20,189.8097381591797,190.3197050755744,185.92994318264132,186.5599139825128,178422300
2026-02-23,191.5396423339844,193.93950641757905,189.56974766836524,191.3896412925324,171584800
2026-02-24,192.83956909179688,193.75951747058733,187.3898518385612,191.47964208446243,175123600
2026-02-25,195.5494079589844,197.61930319203404,193.77949953248776,194.43946745531196,250637100
2026-02-26,184.87998962402344,194.27947461393583,184.31002841741252,194.25948668244985,360807900
2026-02-27,177.180419921875,182.5801217841234,176.3704661683341,181.2401979138715,311636500
2026-03-02,182.4701232910156,183.45008125730604,174.63055110847353,175.00052620838028,209095300
2026-03-03,180.04025268554688,180.8901975001603,176.910417303947,178.4803396065267,178099400
2026-03-04,183.03009033203125,184.69000418349444,180.0502558302461,180.4302401537762,177731200
2026-03-05,183.330078125,184.05004039552568,177.87038204113773,181.1601973472636,198779700
2026-03-06,177.8103790283203,182.7500987288974,176.81043317462274,179.83025866705609,189021900
2026-03-09,182.64010620117188,182.90010189125664,175.55049367782215,176.82042919903367,177213600
2026-03-10,184.760009765625,186.42991760168223,182.0001492933692,182.39012758732315,179118500
2026-03-11,186.02999877929688,187.6199951171875,184.4499969482422,185.91000366210935,145280400
2026-03-12,183.13999938964844,184.94000244140625,181.75,184.0500030517578,155762700
2026-03-13,180.25,186.08999633789065,179.94000244140625,184.9199981689453,160988400
2026-03-16,183.22000122070312,188.8800048828125,181.41000366210935,182.97000122070312,217307400
2026-03-17,181.92999267578125,185.3999938964844,181.67999267578125,185.05999755859375,182497800
2026-03-18,180.3999938964844,183.3800048828125,180.3300018310547,182.47999572753903,156683100
2026-03-19,178.55999755859375,179.97999572753906,175.7899932861328,178.00999450683594,170968500
2026-03-20,172.6999969482422,178.25999450683594,171.72000122070312,178.0,241323500
2026-03-23,175.63999938964844,178.3699951171875,174.75999450683594,177.25999450683594,182836300
2026-03-24,175.1999969482422,176.22000122070312,173.97999572753906,174.8300018310547,147667800
2026-03-25,178.67999267578125,181.22000122070312,176.85000610351562,177.10000610351562,162602100
2026-03-26,171.24000549316406,176.50999450683594,171.13999938964844,176.07000732421875,186152200
2026-03-27,167.52000427246094,170.97000122070312,167.00999450683594,170.0,196212700
2026-03-30,165.1699981689453,169.4499969482422,164.27000427246094,168.77999877929688,185627000
2026-03-31,174.39999389648438,174.6199951171875,166.9600067138672,166.97000122070312,226181300
2026-04-01,175.75,177.3699951171875,174.75,176.0,168132000
2026-04-02,177.38999938964844,177.49000549316406,171.3699951171875,172.17999267578125,143143200
2026-04-06,177.63999938964844,177.7899932861328,175.75999450683594,177.16000366210938,107564300
2026-04-07,178.10000610351562,178.22999572753906,173.66000366210938,175.72999572753906,132534900
2026-04-08,182.0800018310547,185.2599945068359,180.3000030517578,184.5,147732700
2026-04-09,183.91000366210935,184.0800018310547,180.6199951171875,181.83999633789065,116428500
2026-04-10,188.6300048828125,190.0,184.3000030517578,184.30999755859375,160459500
2026-04-13,189.30999755859375,189.66000366210935,185.7400054931641,186.02999877929688,133648200
2026-04-14,196.5099945068359,196.5099945068359,190.77000427246097,190.83999633789065,161307000
2026-04-15,198.8699951171875,200.3999938964844,195.7400054931641,196.5399932861328,185338400
2026-04-16,198.3500061035156,199.8500061035156,195.80999755859375,197.42999267578125,134012900
2026-04-17,201.67999267578125,201.6999969482422,199.27000427246097,199.8999938964844,160324400
2026-04-20,202.05999755859375,202.1699981689453,197.83999633789065,199.97999572753903,119381400
2026-04-21,199.8800048828125,202.75,199.0,202.1300048828125,107945300
2026-04-22,202.5,202.5,199.0,200.9900054931641,107501000
2026-04-23,199.63999938964844,203.8300018310547,197.22000122070312,202.4600067138672,113561800
2026-04-24,208.27000427246097,210.9499969482422,199.80999755859375,199.9600067138672,214134400
2026-04-27,216.61000061035156,216.8300018310547,207.3800048828125,209.6499938964844,187172400
2026-04-28,213.1699981689453,214.72999572753903,208.1999969482422,209.4900054931641,180275400
2026-04-29,209.25,212.72000122070312,207.5800018310547,212.6999969482422,123711800
2026-04-30,199.57000732421875,210.3000030517578,198.6999969482422,209.92999267578125,225239200
2026-05-01,198.4499969482422,203.0,197.1199951171875,201.27999877929688,128647000
2026-05-04,198.47999572753903,201.72999572753903,194.7400054931641,199.5,125368100
2026-05-05,196.5,200.2400054931641,196.02999877929688,199.3000030517578,113406600
2026-05-06,207.8300018310547,208.27000427246097,198.61000061035156,199.88999938964844,188362800
2026-05-07,211.5,214.1999969482422,206.5,208.33999633789065,168307900
2026-05-08,215.1999969482422,217.8000030517578,212.88999938964844,213.02999877929688,136421400
2026-05-11,219.44000244140625,222.3000030517578,213.88999938964844,214.0399932861328,160685800
2026-05-12,220.77999877929688,223.75,214.9199981689453,218.5500030517578,159176600
2026-05-13,225.8300018310547,227.83999633789065,221.57000732421875,224.92999267578125,150405400
2026-05-14,235.7400054931641,236.5399932861328,229.3000030517578,229.8500061035156,180782900
2026-05-15,225.32000732421875,231.5,224.2400054931641,229.7599945068359,180977600
2026-05-18,222.32000732421875,230.0,218.3699951171875,229.8699951171875,146280900
2026-05-19,220.61000061035156,224.47999572753903,217.91000366210935,219.6199951171875,140948200
2026-05-20,223.47000122070312,226.1300048828125,220.5,223.17999267578125,184201600
2026-05-21,219.5099945068359,227.3999938964844,217.92999267578125,222.2899932861328,203381800
2026-05-22,215.3300018310547,221.0099945068359,214.8000030517578,220.8999938964844,168346300
