Date,equity,position,strategy_return,cash,shares,mark_price,realized_pnl,unrealized_pnl,cumulative_fees,drawdown,halted
2021-05-24,100000.0,0.0,0.0,100000.0,0.0,15.57275104522705,0.0,0.0,0.0,0.0,False
2021-05-25,99101.31697839836,1.0,-0.008986830216016428,0.0,6349.226076537754,15.60840892791748,-149.77533699450822,-748.9076846071276,149.77533699450822,-0.008986830216016428,False
2021-05-26,99432.24602194029,1.0,0.003339300158988312,0.0,6349.226076537754,15.660530090332031,-149.77533699450822,-417.97864106520234,149.77533699450822,-0.005677539780597152,False
2021-05-27,98089.58951424653,1.0,-0.013503230203585015,0.0,6349.226076537754,15.44906234741211,-149.77533699450822,-1760.6351487589523,149.77533699450822,-0.019104104857534665,False
2021-05-28,102880.7067341379,1.0,0.04884429880497665,0.0,6349.226076537754,16.20366096496582,-149.77533699450822,3030.482071132409,149.77533699450822,0.0,False
2021-06-01,103007.34296667107,1.0,0.0012309036023676612,0.0,6349.226076537754,16.22360610961914,-149.77533699450822,3157.118303665588,149.77533699450822,0.0,False
2021-06-02,103688.46729905144,0.0,0.006612386192708097,103688.46729905144,0.0,16.73607063293457,3688.4672990514355,0.0,305.5416874687968,0.0,False
2021-06-03,105200.77698308053,1.0,0.014585129122097973,0.0,6214.935875126098,16.92708969116211,3533.167547729841,1667.6094353507,460.8414387903915,0.0,False
2021-06-04,107512.98250826458,0.0,0.021978977641542663,107512.98250826458,0.0,17.534059524536133,7512.982508264583,0.0,622.3531801648501,0.0,False
2021-06-07,107512.98250826458,0.0,0.0,107512.98250826458,0.0,17.574705123901367,7512.982508264583,0.0,622.3531801648501,0.0,False
2021-06-08,107512.98250826458,0.0,0.0,107512.98250826458,0.0,17.413108825683594,7512.982508264583,0.0,622.3531801648501,0.0,False
2021-06-09,107512.98250826458,0.0,0.0,107512.98250826458,0.0,17.31857681274414,7512.982508264583,0.0,622.3531801648501,0.0,False
2021-06-10,107512.98250826458,0.0,0.0,107512.98250826458,0.0,17.385175704956055,7512.982508264583,0.0,622.3531801648501,0.0,False
2021-06-11,107512.98250826458,0.0,0.0,107512.98250826458,0.0,17.78451156616211,7512.982508264583,0.0,622.3531801648501,0.0,False
2021-06-14,107512.98250826458,0.0,0.0,107512.98250826458,0.0,17.97756576538086,7512.982508264583,0.0,622.3531801648501,0.0,False
2021-06-15,107512.98250826458,0.0,0.0,107512.98250826458,0.0,17.74784278869629,7512.982508264583,0.0,622.3531801648501,0.0,False
2021-06-16,107512.98250826458,0.0,0.0,107512.98250826458,0.0,17.769540786743164,7512.982508264583,0.0,622.3531801648501,0.0,False
2021-06-17,107512.98250826458,0.0,0.0,107512.98250826458,0.0,18.614612579345703,7512.982508264583,0.0,622.3531801648501,0.0,False
2021-06-18,107512.98250826458,0.0,0.0,107512.98250826458,0.0,18.59615135192871,7512.982508264583,0.0,622.3531801648501,0.0,False
2021-06-21,107512.98250826458,0.0,0.0,107512.98250826458,0.0,18.385133743286133,7512.982508264583,0.0,622.3531801648501,0.0,False
2021-06-22,107512.98250826458,0.0,0.0,107512.98250826458,0.0,18.843585968017575,7512.982508264583,0.0,622.3531801648501,0.0,False
2021-06-23,107512.98250826458,0.0,0.0,107512.98250826458,0.0,19.01369857788086,7512.982508264583,0.0,622.3531801648501,0.0,False
2021-06-24,107512.98250826458,0.0,0.0,107512.98250826458,0.0,19.161603927612305,7512.982508264583,0.0,622.3531801648501,0.0,False
2021-06-25,107512.98250826458,0.0,0.0,107512.98250826458,0.0,18.98750686645508,7512.982508264583,0.0,622.3531801648501,0.0,False
2021-06-28,107512.98250826458,0.0,0.0,107512.98250826458,0.0,19.9393253326416,7512.982508264583,0.0,622.3531801648501,0.0,False
2021-06-29,107512.98250826458,0.0,0.0,107512.98250826458,0.0,19.98097801208496,7512.982508264583,0.0,622.3531801648501,0.0,False
2021-06-30,107512.98250826458,0.0,0.0,107512.98250826458,0.0,19.95677947998047,7512.982508264583,0.0,622.3531801648501,0.0,False
2021-07-01,107512.98250826458,0.0,0.0,107512.98250826458,0.0,20.16580581665039,7512.982508264583,0.0,622.3531801648501,0.0,False
2021-07-02,107512.98250826458,0.0,0.0,107512.98250826458,0.0,20.440176010131836,7512.982508264583,0.0,622.3531801648501,0.0,False
2021-07-06,107512.98250826458,0.0,0.0,107512.98250826458,0.0,20.65119171142578,7512.982508264583,0.0,622.3531801648501,0.0,False
2021-07-07,107512.98250826458,0.0,0.0,107512.98250826458,0.0,20.32518768310547,7512.982508264583,0.0,622.3531801648501,0.0,False
2021-07-08,107512.98250826458,0.0,0.0,107512.98250826458,0.0,19.857261657714844,7512.982508264583,0.0,622.3531801648501,0.0,False
2021-07-09,107512.98250826458,0.0,0.0,107512.98250826458,0.0,20.00442695617676,7512.982508264583,0.0,622.3531801648501,0.0,False
2021-07-12,107512.98250826458,0.0,0.0,107512.98250826458,0.0,20.465621948242188,7512.982508264583,0.0,622.3531801648501,0.0,False
2021-07-13,107512.98250826458,0.0,0.0,107512.98250826458,0.0,20.203716278076172,7512.982508264583,0.0,622.3531801648501,0.0,False
2021-07-14,107512.98250826458,0.0,0.0,107512.98250826458,0.0,19.796152114868164,7512.982508264583,0.0,622.3531801648501,0.0,False
2021-07-15,107512.98250826458,0.0,0.0,107512.98250826458,0.0,18.922908782958984,7512.982508264583,0.0,622.3531801648501,0.0,False
2021-07-16,107512.98250826458,0.0,0.0,107512.98250826458,0.0,18.11949157714844,7512.982508264583,0.0,622.3531801648501,0.0,False
2021-07-19,107512.98250826458,0.0,0.0,107512.98250826458,0.0,18.73682975769043,7512.982508264583,0.0,622.3531801648501,0.0,False
2021-07-20,107512.98250826458,0.0,0.0,107512.98250826458,0.0,18.5694637298584,7512.982508264583,0.0,622.3531801648501,0.0,False
2021-07-21,107512.98250826458,0.0,0.0,107512.98250826458,0.0,19.365636825561523,7512.982508264583,0.0,622.3531801648501,0.0,False
2021-07-22,107512.98250826458,0.0,0.0,107512.98250826458,0.0,19.549217224121097,7512.982508264583,0.0,622.3531801648501,0.0,False
2021-07-23,107512.98250826458,0.0,0.0,107512.98250826458,0.0,19.5132999420166,7512.982508264583,0.0,622.3531801648501,0.0,False
2021-07-26,107512.98250826458,0.0,0.0,107512.98250826458,0.0,19.249906539916992,7512.982508264583,0.0,622.3531801648501,0.0,False
2021-07-27,107512.98250826458,0.0,0.0,107512.98250826458,0.0,19.164098739624023,7512.982508264583,0.0,622.3531801648501,0.0,False
2021-07-28,107512.98250826458,0.0,0.0,107512.98250826458,0.0,19.458423614501953,7512.982508264583,0.0,622.3531801648501,0.0,False
2021-07-29,107512.98250826458,0.0,0.0,107512.98250826458,0.0,19.61706924438477,7512.982508264583,0.0,622.3531801648501,0.0,False
2021-07-30,107512.98250826458,0.0,0.0,107512.98250826458,0.0,19.454435348510746,7512.982508264583,0.0,622.3531801648501,0.0,False
2021-08-02,107512.98250826458,0.0,0.0,107512.98250826458,0.0,19.704862594604492,7512.982508264583,0.0,622.3531801648501,0.0,False
2021-08-03,107512.98250826458,0.0,0.0,107512.98250826458,0.0,19.769712448120117,7512.982508264583,0.0,622.3531801648501,0.0,False
2021-08-04,107512.98250826458,0.0,0.0,107512.98250826458,0.0,20.2276611328125,7512.982508264583,0.0,622.3531801648501,0.0,False
2021-08-05,107512.98250826458,0.0,0.0,107512.98250826458,0.0,20.589834213256836,7512.982508264583,0.0,622.3531801648501,0.0,False
2021-08-06,107512.98250826458,0.0,0.0,107512.98250826458,0.0,20.319456100463867,7512.982508264583,0.0,622.3531801648501,0.0,False
2021-08-09,107512.98250826458,0.0,0.0,107512.98250826458,0.0,20.248611450195312,7512.982508264583,0.0,622.3531801648501,0.0,False
2021-08-10,107512.98250826458,0.0,0.0,107512.98250826458,0.0,19.89043426513672,7512.982508264583,0.0,622.3531801648501,0.0,False
2021-08-11,107512.98250826458,0.0,0.0,107512.98250826458,0.0,19.653982162475582,7512.982508264583,0.0,622.3531801648501,0.0,False
2021-08-12,107512.98250826458,0.0,0.0,107512.98250826458,0.0,19.859508514404297,7512.982508264583,0.0,622.3531801648501,0.0,False
2021-08-13,107512.98250826458,0.0,0.0,107512.98250826458,0.0,20.141860961914062,7512.982508264583,0.0,622.3531801648501,0.0,False
2021-08-16,107512.98250826458,0.0,0.0,107512.98250826458,0.0,19.904407501220703,7512.982508264583,0.0,622.3531801648501,0.0,False
2021-08-17,107512.98250826458,0.0,0.0,107512.98250826458,0.0,19.413528442382812,7512.982508264583,0.0,622.3531801648501,0.0,False
2021-08-18,107512.98250826458,0.0,0.0,107512.98250826458,0.0,18.996479034423828,7512.982508264583,0.0,622.3531801648501,0.0,False
2021-08-19,107512.98250826458,0.0,0.0,107512.98250826458,0.0,19.75275230407715,7512.982508264583,0.0,622.3531801648501,0.0,False
2021-08-20,107512.98250826458,0.0,0.0,107512.98250826458,0.0,20.76842498779297,7512.982508264583,0.0,622.3531801648501,0.0,False
2021-08-23,107512.98250826458,0.0,0.0,107512.98250826458,0.0,21.907814025878903,7512.982508264583,0.0,622.3531801648501,0.0,False
2021-08-24,107549.3513335322,1.0,0.00033827380116457917,0.0,4946.346306484625,21.74319076538086,7351.954576399983,197.3967571322289,783.38111202945,0.0,False
2021-08-25,109622.07165297889,1.0,0.01927227169431056,0.0,4946.346306484625,22.1622314453125,7351.954576399983,2270.117076578905,783.38111202945,0.0,False
2021-08-26,108906.52849870296,1.0,-0.006527363910263095,0.0,4946.346306484625,22.01757049560547,7351.954576399983,1554.5739223029732,783.38111202945,-0.006527363910263095,False
2021-08-27,109314.72985204023,0.0,0.0037481807469617046,109314.72985204023,0.0,22.58426284790039,9314.72985204022,0.0,947.5995344411278,-0.0028036489030383027,False
2021-08-30,108472.09558623427,1.0,-0.0077083323258126946,0.0,4791.98632632184,22.636144638061523,9151.00334701969,-678.9077607854227,1111.3260394616573,-0.010490369771381514,False
2021-08-31,106262.59492094918,0.0,-0.020369300079839947,106262.59492094918,0.0,22.33777618408203,6262.594920949181,0.0,1270.9593818566736,-0.030645988361399645,False
2021-09-01,105895.80722396326,0.9999999999999999,-0.0034517103338082,1.4551915228366852e-11,4728.829505107114,22.39366149902344,6103.439761307221,-207.63253734396426,1430.1145414986345,-0.03399191762049114,False
2021-09-02,106099.77077326343,0.0,0.0019260776667842094,106099.77077326343,0.0,22.348756790161133,6099.770773263439,0.0,1589.503280767433,-0.03213131102708677,False
2021-09-03,106099.77077326343,0.0,0.0,106099.77077326343,0.0,22.79481506347656,6099.770773263439,0.0,1589.503280767433,-0.03213131102708677,False
2021-09-07,105147.45359282347,1.0,-0.00897567613482475,0.0,4649.622198170114,22.614192962646484,5940.859484037383,-793.4058912139071,1748.4145699934888,-0.040818586920345123,False
2021-09-08,104299.44313666891,0.0,-0.008064964268544528,104299.44313666891,0.0,22.2918758392334,4299.443136668926,0.0,1905.0987609849794,-0.04855435074388459,False
2021-09-09,104299.44313666891,0.0,0.0,104299.44313666891,0.0,22.13021469116211,4299.443136668926,0.0,1905.0987609849794,-0.04855435074388459,False
2021-09-10,104299.44313666891,0.0,0.0,104299.44313666891,0.0,22.430580139160156,4299.443136668926,0.0,1905.0987609849794,-0.04855435074388459,False
2021-09-13,104299.44313666891,0.0,0.0,104299.44313666891,0.0,22.105270385742188,4299.443136668926,0.0,1905.0987609849794,-0.04855435074388459,False
2021-09-14,104299.44313666891,0.0,0.0,104299.44313666891,0.0,22.195077896118164,4299.443136668926,0.0,1905.0987609849794,-0.04855435074388459,False
2021-09-15,104299.44313666891,0.0,0.0,104299.44313666891,0.0,22.29387092590332,4299.443136668926,0.0,1905.0987609849794,-0.04855435074388459,False
2021-09-16,104299.44313666891,0.0,0.0,104299.44313666891,0.0,22.195077896118164,4299.443136668926,0.0,1905.0987609849794,-0.04855435074388459,False
2021-09-17,104299.44313666891,0.0,0.0,104299.44313666891,0.0,21.85379981994629,4299.443136668926,0.0,1905.0987609849794,-0.04855435074388459,False
2021-09-20,104299.44313666891,0.0,0.0,104299.44313666891,0.0,21.068462371826172,4299.443136668926,0.0,1905.0987609849794,-0.04855435074388459,False
2021-09-21,104299.44313666891,0.0,0.0,104299.44313666891,0.0,21.20117950439453,4299.443136668926,0.0,1905.0987609849794,-0.04855435074388459,False
2021-09-22,104299.44313666891,0.0,0.0,104299.44313666891,0.0,21.89471435546875,4299.443136668926,0.0,1905.0987609849794,-0.04855435074388459,False
2021-09-23,104299.44313666891,0.0,0.0,104299.44313666891,0.0,22.4345760345459,4299.443136668926,0.0,1905.0987609849794,-0.04855435074388459,False
2021-09-24,104299.44313666891,0.0,0.0,104299.44313666891,0.0,22.0344181060791,4299.443136668926,0.0,1905.0987609849794,-0.04855435074388459,False
2021-09-27,104299.44313666891,0.0,0.0,104299.44313666891,0.0,21.61430549621582,4299.443136668926,0.0,1905.0987609849794,-0.04855435074388459,False
2021-09-28,104299.44313666891,0.0,0.0,104299.44313666891,0.0,20.65533447265625,4299.443136668926,0.0,1905.0987609849794,-0.04855435074388459,False
2021-09-29,104299.44313666891,0.0,0.0,104299.44313666891,0.0,20.473718643188477,4299.443136668926,0.0,1905.0987609849794,-0.04855435074388459,False
2021-09-30,104299.44313666891,0.0,0.0,104299.44313666891,0.0,20.672298431396484,4299.443136668926,0.0,1905.0987609849794,-0.04855435074388459,False
2021-10-01,104299.44313666891,0.0,0.0,104299.44313666891,0.0,20.698244094848633,4299.443136668926,0.0,1905.0987609849794,-0.04855435074388459,False
2021-10-04,104299.44313666891,0.0,0.0,104299.44313666891,0.0,19.69037628173828,4299.443136668926,0.0,1905.0987609849794,-0.04855435074388459,False
2021-10-05,104299.44313666891,0.0,0.0,104299.44313666891,0.0,20.40785789489746,4299.443136668926,0.0,1905.0987609849794,-0.04855435074388459,False
2021-10-06,104299.44313666891,0.0,0.0,104299.44313666891,0.0,20.65633201599121,4299.443136668926,0.0,1905.0987609849794,-0.04855435074388459,False
2021-10-07,104299.44313666891,0.0,0.0,104299.44313666891,0.0,21.03054428100586,4299.443136668926,0.0,1905.0987609849794,-0.04855435074388459,False
2021-10-08,104299.44313666891,0.0,0.0,104299.44313666891,0.0,20.787052154541016,4299.443136668926,0.0,1905.0987609849794,-0.04855435074388459,False
2021-10-11,104299.44313666891,0.0,0.0,104299.44313666891,0.0,20.65134048461914,4299.443136668926,0.0,1905.0987609849794,-0.04855435074388459,False
2021-10-12,104299.44313666891,0.0,0.0,104299.44313666891,0.0,20.627391815185547,4299.443136668926,0.0,1905.0987609849794,-0.04855435074388459,False
2021-10-13,104299.44313666891,0.0,0.0,104299.44313666891,0.0,20.89482879638672,4299.443136668926,0.0,1905.0987609849794,-0.04855435074388459,False
2021-10-14,104299.44313666891,0.0,0.0,104299.44313666891,0.0,21.700124740600582,4299.443136668926,0.0,1905.0987609849794,-0.04855435074388459,False
2021-10-15,104299.44313666891,0.0,0.0,104299.44313666891,0.0,21.815879821777344,4299.443136668926,0.0,1905.0987609849794,-0.04855435074388459,False
2021-10-18,104299.44313666891,0.0,0.0,104299.44313666891,0.0,22.175119400024418,4299.443136668926,0.0,1905.0987609849794,-0.04855435074388459,False
2021-10-19,104299.44313666891,0.0,0.0,104299.44313666891,0.0,22.24298095703125,4299.443136668926,0.0,1905.0987609849794,-0.04855435074388459,False
2021-10-20,104299.44313666891,0.0,0.0,104299.44313666891,0.0,22.05637550354004,4299.443136668926,0.0,1905.0987609849794,-0.04855435074388459,False
2021-10-21,104299.44313666891,0.0,0.0,104299.44313666891,0.0,22.644126892089844,4299.443136668926,0.0,1905.0987609849794,-0.04855435074388459,False
2021-10-22,103700.60874913717,1.0,-0.00574149170429461,0.0,4572.729050094113,22.678056716918945,4143.228294227584,-442.6195450903837,2061.3136034263207,-0.05401706804617579,False
2021-10-25,105708.36446227893,1.0,0.019361079335597164,0.0,4572.729050094113,23.117128372192383,4143.228294227584,1565.136168051372,2061.3136034263207,-0.03570181745049705,False
2021-10-26,109299.58946561637,0.0,0.033972950216431874,109299.58946561637,0.0,24.66485595703125,9299.589465616395,0.0,2225.509281141318,-0.0029417633009469757,False
2021-10-27,109299.58946561637,0.0,0.0,109299.58946561637,0.0,24.39942169189453,9299.589465616395,0.0,2225.509281141318,-0.0029417633009469757,False
2021-10-28,109412.25555228181,1.0,0.0010308006390169488,0.0,4396.117327030581,24.888383865356445,9135.885637160654,276.3699151211762,2389.213109597059,-0.0019139950334206013,False
2021-10-29,112158.43698356595,1.0,0.025099395103612476,0.0,4396.117327030581,25.5130672454834,9135.885637160654,3022.5513464053056,2389.213109597059,0.0,False
2021-11-01,112349.38040952895,0.0,0.0017024437135386705,112349.38040952895,0.0,25.772518157958984,12349.38040952898,0.0,2557.9903460660557,0.0,False
2021-11-02,112349.38040952895,0.0,0.0,112349.38040952895,0.0,26.345304489135746,12349.38040952898,0.0,2557.9903460660557,0.0,False
2021-11-03,112349.38040952895,0.0,0.0,112349.38040952895,0.0,26.541887283325195,12349.38040952898,0.0,2557.9903460660557,0.0,False
2021-11-04,112349.38040952895,0.0,0.0,112349.38040952895,0.0,29.738134384155273,12349.38040952898,0.0,2557.9903460660557,0.0,False
2021-11-05,112349.38040952895,0.0,0.0,112349.38040952895,0.0,29.68923568725586,12349.38040952898,0.0,2557.9903460660557,0.0,False
2021-11-08,112349.38040952895,0.0,0.0,112349.38040952895,0.0,30.73902130126953,12349.38040952898,0.0,2557.9903460660557,0.0,False
2021-11-09,112349.38040952895,0.0,0.0,112349.38040952895,0.0,30.59232711791992,12349.38040952898,0.0,2557.9903460660557,0.0,False
2021-11-10,112349.38040952895,0.0,0.0,112349.38040952895,0.0,29.3968563079834,12349.38040952898,0.0,2557.9903460660557,0.0,False
2021-11-11,112349.38040952895,0.0,0.0,112349.38040952895,0.0,30.325891494750977,12349.38040952898,0.0,2557.9903460660557,0.0,False
2021-11-12,112349.38040952895,0.0,0.0,112349.38040952895,0.0,30.325891494750977,12349.38040952898,0.0,2557.9903460660557,0.0,False
2021-11-15,112349.38040952895,0.0,0.0,112349.38040952895,0.0,29.961658477783203,12349.38040952898,0.0,2557.9903460660557,0.0,False
2021-11-16,112349.38040952895,0.0,0.0,112349.38040952895,0.0,30.13928604125977,12349.38040952898,0.0,2557.9903460660557,0.0,False
2021-11-17,112349.38040952895,0.0,0.0,112349.38040952895,0.0,29.19927215576172,12349.38040952898,0.0,2557.9903460660557,0.0,False
2021-11-18,112349.38040952895,0.0,0.0,112349.38040952895,0.0,31.60818099975586,12349.38040952898,0.0,2557.9903460660557,0.0,False
2021-11-19,114762.7062298157,0.9999999999999999,0.021480544098150256,1.4551915228366852e-11,3486.5947624172604,32.91541290283203,12181.108746409365,2581.5974834063413,2726.2620091856697,0.0,False
2021-11-22,116438.7527261296,0.0,0.014604452538419466,116438.7527261296,0.0,31.888587951660156,16438.752726129627,0.0,2901.1825190396453,0.0,False
2021-11-23,116438.7527261296,0.0,0.0,116438.7527261296,0.0,31.679027557373047,16438.752726129627,0.0,2901.1825190396453,0.0,False
2021-11-24,116438.7527261296,0.0,0.0,116438.7527261296,0.0,32.605072021484375,16438.752726129627,0.0,2901.1825190396453,0.0,False
2021-11-26,116438.7527261296,0.0,0.0,116438.7527261296,0.0,31.436542510986328,16438.752726129627,0.0,2901.1825190396453,0.0,False
2021-11-29,116438.7527261296,0.0,0.0,116438.7527261296,0.0,33.30559539794922,16438.752726129627,0.0,2901.1825190396453,0.0,False
2021-11-30,116438.7527261296,0.0,0.0,116438.7527261296,0.0,32.60707092285156,16438.752726129627,0.0,2901.1825190396453,0.0,False
2021-12-01,116438.7527261296,0.0,0.0,116438.7527261296,0.0,31.372528076171875,16438.752726129627,0.0,2901.1825190396453,0.0,False
2021-12-02,116438.7527261296,0.0,0.0,116438.7527261296,0.0,32.062156677246094,16438.752726129627,0.0,2901.1825190396453,0.0,False
2021-12-03,116438.7527261296,0.0,0.0,116438.7527261296,0.0,30.632003784179688,16438.752726129627,0.0,2901.1825190396453,0.0,False
2021-12-06,116438.7527261296,0.0,0.0,116438.7527261296,0.0,29.97730255126953,16438.752726129627,0.0,2901.1825190396453,0.0,False
2021-12-07,116438.7527261296,0.0,0.0,116438.7527261296,0.0,32.36256408691406,16438.752726129627,0.0,2901.1825190396453,0.0,False
2021-12-08,116438.7527261296,0.0,0.0,116438.7527261296,0.0,31.762752532958984,16438.752726129627,0.0,2901.1825190396453,0.0,False
2021-12-09,116438.7527261296,0.0,0.0,116438.7527261296,0.0,30.429407119750977,16438.752726129627,0.0,2901.1825190396453,0.0,False
2021-12-10,116438.7527261296,0.0,0.0,116438.7527261296,0.0,30.137989044189453,16438.752726129627,0.0,2901.1825190396453,0.0,False
2021-12-13,116438.7527261296,0.0,0.0,116438.7527261296,0.0,28.10503578186035,16438.752726129627,0.0,2901.1825190396453,0.0,False
2021-12-14,116438.7527261296,0.0,0.0,116438.7527261296,0.0,28.280683517456055,16438.752726129627,0.0,2901.1825190396453,0.0,False
2021-12-15,116438.7527261296,0.0,0.0,116438.7527261296,0.0,30.39846992492676,16438.752726129627,0.0,2901.1825190396453,0.0,False
2021-12-16,116438.7527261296,0.0,0.0,116438.7527261296,0.0,28.330585479736328,16438.752726129627,0.0,2901.1825190396453,0.0,False
2021-12-17,116438.7527261296,0.0,0.0,116438.7527261296,0.0,27.745750427246097,16438.752726129627,0.0,2901.1825190396453,0.0,False
2021-12-20,116438.7527261296,0.0,0.0,116438.7527261296,0.0,27.663911819458008,16438.752726129627,0.0,2901.1825190396453,0.0,False
2021-12-21,116438.7527261296,0.0,0.0,116438.7527261296,0.0,29.01721954345703,16438.752726129627,0.0,2901.1825190396453,0.0,False
2021-12-22,116438.7527261296,0.0,0.0,116438.7527261296,0.0,29.341567993164062,16438.752726129627,0.0,2901.1825190396453,0.0,False
2021-12-23,116438.7527261296,0.0,0.0,116438.7527261296,0.0,29.58109474182129,16438.752726129627,0.0,2901.1825190396453,0.0,False
2021-12-27,116438.7527261296,0.0,0.0,116438.7527261296,0.0,30.883499145507812,16438.752726129627,0.0,2901.1825190396453,0.0,False
2021-12-28,116438.7527261296,0.0,0.0,116438.7527261296,0.0,30.261741638183594,16438.752726129627,0.0,2901.1825190396453,0.0,False
2021-12-29,116438.7527261296,0.0,0.0,116438.7527261296,0.0,29.94137191772461,16438.752726129627,0.0,2901.1825190396453,0.0,False
2021-12-30,116438.7527261296,0.0,0.0,116438.7527261296,0.0,29.52720069885254,16438.752726129627,0.0,2901.1825190396453,0.0,False
2021-12-31,116438.7527261296,0.0,0.0,116438.7527261296,0.0,29.352550506591797,16438.752726129627,0.0,2901.1825190396453,0.0,False
2022-01-03,116438.7527261296,0.0,0.0,116438.7527261296,0.0,30.061138153076172,16438.752726129627,0.0,2901.1825190396453,0.0,False
2022-01-04,116438.7527261296,0.0,0.0,116438.7527261296,0.0,29.23179054260254,16438.752726129627,0.0,2901.1825190396453,0.0,False
2022-01-05,116438.7527261296,0.0,0.0,116438.7527261296,0.0,27.54914665222168,16438.752726129627,0.0,2901.1825190396453,0.0,False
2022-01-06,116438.7527261296,0.0,0.0,116438.7527261296,0.0,28.12199592590332,16438.752726129627,0.0,2901.1825190396453,0.0,False
2022-01-07,116438.7527261296,0.0,0.0,116438.7527261296,0.0,27.192848205566406,16438.752726129627,0.0,2901.1825190396453,0.0,False
2022-01-10,116438.7527261296,0.0,0.0,116438.7527261296,0.0,27.34554672241211,16438.752726129627,0.0,2901.1825190396453,0.0,False
2022-01-11,116438.7527261296,0.0,0.0,116438.7527261296,0.0,27.76171875,16438.752726129627,0.0,2901.1825190396453,0.0,False
2022-01-12,116438.7527261296,0.0,0.0,116438.7527261296,0.0,27.943355560302734,16438.752726129627,0.0,2901.1825190396453,0.0,False
2022-01-13,116438.7527261296,0.0,0.0,116438.7527261296,0.0,26.522186279296875,16438.752726129627,0.0,2901.1825190396453,0.0,False
2022-01-14,116438.7527261296,0.0,0.0,116438.7527261296,0.0,26.888456344604492,16438.752726129627,0.0,2901.1825190396453,0.0,False
2022-01-18,116438.7527261296,0.0,0.0,116438.7527261296,0.0,25.851518630981445,16438.752726129627,0.0,2901.1825190396453,0.0,False
2022-01-19,116438.7527261296,0.0,0.0,116438.7527261296,0.0,25.017179489135746,16438.752726129627,0.0,2901.1825190396453,0.0,False
2022-01-20,116438.7527261296,0.0,0.0,116438.7527261296,0.0,24.102001190185547,16438.752726129627,0.0,2901.1825190396453,0.0,False
2022-01-21,116438.7527261296,0.0,0.0,116438.7527261296,0.0,23.327547073364254,16438.752726129627,0.0,2901.1825190396453,0.0,False
2022-01-24,116438.7527261296,0.0,0.0,116438.7527261296,0.0,23.325551986694336,16438.752726129627,0.0,2901.1825190396453,0.0,False
2022-01-25,116438.7527261296,0.0,0.0,116438.7527261296,0.0,22.279632568359375,16438.752726129627,0.0,2901.1825190396453,0.0,False
2022-01-26,116438.7527261296,0.0,0.0,116438.7527261296,0.0,22.726741790771484,16438.752726129627,0.0,2901.1825190396453,0.0,False
2022-01-27,116438.7527261296,0.0,0.0,116438.7527261296,0.0,21.900390625,16438.752726129627,0.0,2901.1825190396453,0.0,False
2022-01-28,116438.7527261296,0.0,0.0,116438.7527261296,0.0,22.794612884521484,16438.752726129627,0.0,2901.1825190396453,0.0,False
2022-01-31,116438.7527261296,0.0,0.0,116438.7527261296,0.0,24.437334060668945,16438.752726129627,0.0,2901.1825190396453,0.0,False
2022-02-01,116438.7527261296,0.0,0.0,116438.7527261296,0.0,24.58903694152832,16438.752726129627,0.0,2901.1825190396453,0.0,False
2022-02-02,116438.7527261296,0.0,0.0,116438.7527261296,0.0,25.191837310791016,16438.752726129627,0.0,2901.1825190396453,0.0,False
2022-02-03,116438.7527261296,0.0,0.0,116438.7527261296,0.0,23.900400161743164,16438.752726129627,0.0,2901.1825190396453,0.0,False
2022-02-04,116438.7527261296,0.0,0.0,116438.7527261296,0.0,24.270668029785156,16438.752726129627,0.0,2901.1825190396453,0.0,False
2022-02-07,116438.7527261296,0.0,0.0,116438.7527261296,0.0,24.678855895996097,16438.752726129627,0.0,2901.1825190396453,0.0,False
2022-02-08,116438.7527261296,0.0,0.0,116438.7527261296,0.0,25.05809783935547,16438.752726129627,0.0,2901.1825190396453,0.0,False
2022-02-09,116438.7527261296,0.0,0.0,116438.7527261296,0.0,26.651927947998047,16438.752726129627,0.0,2901.1825190396453,0.0,False
2022-02-10,116438.7527261296,0.0,0.0,116438.7527261296,0.0,25.772680282592773,16438.752726129627,0.0,2901.1825190396453,0.0,False
2022-02-11,116438.7527261296,0.0,0.0,116438.7527261296,0.0,23.90139961242676,16438.752726129627,0.0,2901.1825190396453,0.0,False
2022-02-14,116438.7527261296,0.0,0.0,116438.7527261296,0.0,24.21877670288086,16438.752726129627,0.0,2901.1825190396453,0.0,False
2022-02-15,116438.7527261296,0.0,0.0,116438.7527261296,0.0,26.442344665527344,16438.752726129627,0.0,2901.1825190396453,0.0,False
2022-02-16,116438.7527261296,0.0,0.0,116438.7527261296,0.0,26.45831298828125,16438.752726129627,0.0,2901.1825190396453,0.0,False
2022-02-17,116438.7527261296,0.0,0.0,116438.7527261296,0.0,24.45829200744629,16438.752726129627,0.0,2901.1825190396453,0.0,False
2022-02-18,116438.7527261296,0.0,0.0,116438.7527261296,0.0,23.59501266479492,16438.752726129627,0.0,2901.1825190396453,0.0,False
2022-02-22,116438.7527261296,0.0,0.0,116438.7527261296,0.0,23.343517303466797,16438.752726129627,0.0,2901.1825190396453,0.0,False
2022-02-23,116438.7527261296,0.0,0.0,116438.7527261296,0.0,22.342504501342773,16438.752726129627,0.0,2901.1825190396453,0.0,False
2022-02-24,116438.7527261296,0.0,0.0,116438.7527261296,0.0,23.700803756713867,16438.752726129627,0.0,2901.1825190396453,0.0,False
2022-02-25,116438.7527261296,0.0,0.0,116438.7527261296,0.0,24.10898780822754,16438.752726129627,0.0,2901.1825190396453,0.0,False
2022-02-28,116438.7527261296,0.0,0.0,116438.7527261296,0.0,24.336538314819336,16438.752726129627,0.0,2901.1825190396453,0.0,False
2022-03-01,116438.7527261296,0.0,0.0,116438.7527261296,0.0,23.430343627929688,16438.752726129627,0.0,2901.1825190396453,0.0,False
2022-03-02,116438.7527261296,0.0,0.0,116438.7527261296,0.0,24.175981521606445,16438.752726129627,0.0,2901.1825190396453,0.0,False
2022-03-03,116438.7527261296,0.0,0.0,116438.7527261296,0.0,23.6709041595459,16438.752726129627,0.0,2901.1825190396453,0.0,False
2022-03-04,116438.7527261296,0.0,0.0,116438.7527261296,0.0,22.894317626953125,16438.752726129627,0.0,2901.1825190396453,0.0,False
2022-03-07,116438.7527261296,0.0,0.0,116438.7527261296,0.0,21.31319999694824,16438.752726129627,0.0,2901.1825190396453,0.0,False
2022-03-08,116438.7527261296,0.0,0.0,116438.7527261296,0.0,21.47490119934082,16438.752726129627,0.0,2901.1825190396453,0.0,False
2022-03-09,116438.7527261296,0.0,0.0,116438.7527261296,0.0,22.97217559814453,16438.752726129627,0.0,2901.1825190396453,0.0,False
2022-03-10,116438.7527261296,0.0,0.0,116438.7527261296,0.0,22.61682510375977,16438.752726129627,0.0,2901.1825190396453,0.0,False
2022-03-11,116438.7527261296,0.0,0.0,116438.7527261296,0.0,22.05983543395996,16438.752726129627,0.0,2901.1825190396453,0.0,False
2022-03-14,116438.7527261296,0.0,0.0,116438.7527261296,0.0,21.291236877441406,16438.752726129627,0.0,2901.1825190396453,0.0,False
2022-03-15,116438.7527261296,0.0,0.0,116438.7527261296,0.0,22.931249618530273,16438.752726129627,0.0,2901.1825190396453,0.0,False
2022-03-16,116438.7527261296,0.0,0.0,116438.7527261296,0.0,24.45148277282715,16438.752726129627,0.0,2901.1825190396453,0.0,False
2022-03-17,116438.7527261296,0.0,0.0,116438.7527261296,0.0,24.720991134643555,16438.752726129627,0.0,2901.1825190396453,0.0,False
2022-03-18,116438.7527261296,0.0,0.0,116438.7527261296,0.0,26.40492248535156,16438.752726129627,0.0,2901.1825190396453,0.0,False
2022-03-21,117260.0149048395,1.0,0.0070531688074806365,0.0,4394.161773007676,26.68541145324707,16264.356191841864,995.6587129976485,3075.579053327408,0.0,False
2022-03-22,116338.94633876851,1.0,-0.007854924518118644,0.0,4394.161773007676,26.475799560546875,16264.356191841864,74.59014692666355,3075.579053327408,-0.007854924518118644,False
2022-03-23,113187.71066611522,0.0,-0.02708667881069826,113187.71066611522,0.0,25.58741569519043,13187.710666115243,0.0,3245.615674257977,-0.03472883951131245,False
2022-03-24,117362.60236057983,0.0,0.036884672990514344,117362.60236057983,0.0,28.098840713500977,17362.602360579847,0.0,3591.4513154345245,0.0,False
2022-03-25,116371.5645657444,1.0,-0.008444238410721394,0.0,4210.003936810763,27.64167594909668,17186.822127388765,-815.2575616443456,3767.2315486256075,-0.008444238410721394,False
2022-03-28,118586.19937668914,1.0,0.019030721286672936,0.0,4210.003936810763,28.16771697998047,17186.822127388765,1399.3772493003983,3767.2315486256075,0.0,False
2022-03-29,120405.64192600666,0.0,0.015342784901454465,120405.64192600666,0.0,28.603923797607425,20405.64192600669,0.0,3948.111331188462,0.0,False
2022-03-30,117043.84186374408,0.0,-0.027920619071393094,117043.84186374408,0.0,27.63968086242676,17043.841863744117,0.0,4304.27879419974,-0.027920619071393094,False
2022-03-31,117043.84186374408,0.0,0.0,117043.84186374408,0.0,27.23641014099121,17043.841863744117,0.0,4304.27879419974,-0.027920619071393094,False
2022-04-01,117043.84186374408,0.0,0.0,117043.84186374408,0.0,26.66345596313477,17043.841863744117,0.0,4304.27879419974,-0.027920619071393094,False
2022-04-04,117043.84186374408,0.0,0.0,117043.84186374408,0.0,27.310274124145508,17043.841863744117,0.0,4304.27879419974,-0.027920619071393094,False
2022-04-05,117043.84186374408,0.0,0.0,117043.84186374408,0.0,25.88387680053711,17043.841863744117,0.0,4304.27879419974,-0.027920619071393094,False
2022-04-06,117043.84186374408,0.0,0.0,117043.84186374408,0.0,24.362642288208008,17043.841863744117,0.0,4304.27879419974,-0.027920619071393094,False
2022-04-07,117043.84186374408,0.0,0.0,117043.84186374408,0.0,24.16400909423828,17043.841863744117,0.0,4304.27879419974,-0.027920619071393094,False
2022-04-08,117043.84186374408,0.0,0.0,117043.84186374408,0.0,23.07698631286621,17043.841863744117,0.0,4304.27879419974,-0.027920619071393094,False
2022-04-11,117043.84186374408,0.0,0.0,117043.84186374408,0.0,21.877168655395508,17043.841863744117,0.0,4304.27879419974,-0.027920619071393094,False
2022-04-12,117043.84186374408,0.0,0.0,117043.84186374408,0.0,21.464921951293945,17043.841863744117,0.0,4304.27879419974,-0.027920619071393094,False
2022-04-13,117043.84186374408,0.0,0.0,117043.84186374408,0.0,22.16265296936035,17043.841863744117,0.0,4304.27879419974,-0.027920619071393094,False
2022-04-14,117043.84186374408,0.0,0.0,117043.84186374408,0.0,21.21936416625977,17043.841863744117,0.0,4304.27879419974,-0.027920619071393094,False
2022-04-18,117043.84186374408,0.0,0.0,117043.84186374408,0.0,21.7434139251709,17043.841863744117,0.0,4304.27879419974,-0.027920619071393094,False
2022-04-19,117043.84186374408,0.0,0.0,117043.84186374408,0.0,22.15765953063965,17043.841863744117,0.0,4304.27879419974,-0.027920619071393094,False
2022-04-20,117043.84186374408,0.0,0.0,117043.84186374408,0.0,21.442962646484375,17043.841863744117,0.0,4304.27879419974,-0.027920619071393094,False
2022-04-21,117043.84186374408,0.0,0.0,117043.84186374408,0.0,20.14632225036621,17043.841863744117,0.0,4304.27879419974,-0.027920619071393094,False
2022-04-22,117043.84186374408,0.0,0.0,117043.84186374408,0.0,19.47953224182129,17043.841863744117,0.0,4304.27879419974,-0.027920619071393094,False
2022-04-25,117043.84186374408,0.0,0.0,117043.84186374408,0.0,19.865833282470703,17043.841863744117,0.0,4304.27879419974,-0.027920619071393094,False
2022-04-26,117043.84186374408,0.0,0.0,117043.84186374408,0.0,18.75385093688965,17043.841863744117,0.0,4304.27879419974,-0.027920619071393094,False
2022-04-27,117043.84186374408,0.0,0.0,117043.84186374408,0.0,18.38153076171875,17043.841863744117,0.0,4304.27879419974,-0.027920619071393094,False
2022-04-28,117043.84186374408,0.0,0.0,117043.84186374408,0.0,19.746049880981445,17043.841863744117,0.0,4304.27879419974,-0.027920619071393094,False
2022-04-29,117043.84186374408,0.0,0.0,117043.84186374408,0.0,18.513294219970703,17043.841863744117,0.0,4304.27879419974,-0.027920619071393094,False
2022-05-02,117043.84186374408,0.0,0.0,117043.84186374408,0.0,19.49750518798828,17043.841863744117,0.0,4304.27879419974,-0.027920619071393094,False
2022-05-03,117043.84186374408,0.0,0.0,117043.84186374408,0.0,19.566375732421875,17043.841863744117,0.0,4304.27879419974,-0.027920619071393094,False
2022-05-04,117043.84186374408,0.0,0.0,117043.84186374408,0.0,20.297046661376953,17043.841863744117,0.0,4304.27879419974,-0.027920619071393094,False
2022-05-05,117043.84186374408,0.0,0.0,117043.84186374408,0.0,18.809757232666016,17043.841863744117,0.0,4304.27879419974,-0.027920619071393094,False
2022-05-06,117043.84186374408,0.0,0.0,117043.84186374408,0.0,18.64105987548828,17043.841863744117,0.0,4304.27879419974,-0.027920619071393094,False
2022-05-09,117043.84186374408,0.0,0.0,117043.84186374408,0.0,16.9191951751709,17043.841863744117,0.0,4304.27879419974,-0.027920619071393094,False
2022-05-10,117043.84186374408,0.0,0.0,117043.84186374408,0.0,17.56302261352539,17043.841863744117,0.0,4304.27879419974,-0.027920619071393094,False
2022-05-11,117043.84186374408,0.0,0.0,117043.84186374408,0.0,16.599775314331055,17043.841863744117,0.0,4304.27879419974,-0.027920619071393094,False
2022-05-12,117043.84186374408,0.0,0.0,117043.84186374408,0.0,16.145599365234375,17043.841863744117,0.0,4304.27879419974,-0.027920619071393094,False
2022-05-13,117043.84186374408,0.0,0.0,117043.84186374408,0.0,17.673824310302734,17043.841863744117,0.0,4304.27879419974,-0.027920619071393094,False
2022-05-16,117043.84186374408,0.0,0.0,117043.84186374408,0.0,17.232627868652344,17043.841863744117,0.0,4304.27879419974,-0.027920619071393094,False
2022-05-17,117043.84186374408,0.0,0.0,117043.84186374408,0.0,18.143964767456055,17043.841863744117,0.0,4304.27879419974,-0.027920619071393094,False
2022-05-18,117043.84186374408,0.0,0.0,117043.84186374408,0.0,16.907217025756836,17043.841863744117,0.0,4304.27879419974,-0.027920619071393094,False
2022-05-19,117043.84186374408,0.0,0.0,117043.84186374408,0.0,17.09288215637207,17043.841863744117,0.0,4304.27879419974,-0.027920619071393094,False
2022-05-20,117043.84186374408,0.0,0.0,117043.84186374408,0.0,16.663660049438477,17043.841863744117,0.0,4304.27879419974,-0.027920619071393094,False
2022-05-23,117043.84186374408,0.0,0.0,117043.84186374408,0.0,16.867294311523438,17043.841863744117,0.0,4304.27879419974,-0.027920619071393094,False
2022-05-24,117043.84186374408,0.0,0.0,117043.84186374408,0.0,16.124643325805664,17043.841863744117,0.0,4304.27879419974,-0.027920619071393094,False
2022-05-25,117043.84186374408,0.0,0.0,117043.84186374408,0.0,16.944150924682617,17043.841863744117,0.0,4304.27879419974,-0.027920619071393094,False
2022-05-26,117043.84186374408,0.0,0.0,117043.84186374408,0.0,17.818557739257812,17043.841863744117,0.0,4304.27879419974,-0.027920619071393094,False
2022-05-27,117043.84186374408,0.0,0.0,117043.84186374408,0.0,18.77681541442871,17043.841863744117,0.0,4304.27879419974,-0.027920619071393094,False
2022-05-31,117043.84186374408,0.0,0.0,117043.84186374408,0.0,18.6380672454834,17043.841863744117,0.0,4304.27879419974,-0.027920619071393094,False
2022-06-01,117043.84186374408,0.0,0.0,117043.84186374408,0.0,18.286706924438477,17043.841863744117,0.0,4304.27879419974,-0.027920619071393094,False
2022-06-02,117043.84186374408,0.0,0.0,117043.84186374408,0.0,19.556392669677734,17043.841863744117,0.0,4304.27879419974,-0.027920619071393094,False
2022-06-03,117043.84186374408,0.0,0.0,117043.84186374408,0.0,18.68597412109375,17043.841863744117,0.0,4304.27879419974,-0.027920619071393094,False
2022-06-06,117043.84186374408,0.0,0.0,117043.84186374408,0.0,18.751859664916992,17043.841863744117,0.0,4304.27879419974,-0.027920619071393094,False
2022-06-07,117043.84186374408,0.0,0.0,117043.84186374408,0.0,18.891605377197266,17043.841863744117,0.0,4304.27879419974,-0.027920619071393094,False
2022-06-08,117043.84186374408,0.0,0.0,117043.84186374408,0.0,18.61804580688477,17043.841863744117,0.0,4304.27879419974,-0.027920619071393094,False
2022-06-09,117043.84186374408,0.0,0.0,117043.84186374408,0.0,18.01901054382324,17043.841863744117,0.0,4304.27879419974,-0.027920619071393094,False
2022-06-10,117043.84186374408,0.0,0.0,117043.84186374408,0.0,16.946735382080078,17043.841863744117,0.0,4304.27879419974,-0.027920619071393094,False
2022-06-13,117043.84186374408,0.0,0.0,117043.84186374408,0.0,15.621867179870604,17043.841863744117,0.0,4304.27879419974,-0.027920619071393094,False
2022-06-14,117043.84186374408,0.0,0.0,117043.84186374408,0.0,15.810561180114746,17043.841863744117,0.0,4304.27879419974,-0.027920619071393094,False
2022-06-15,117043.84186374408,0.0,0.0,117043.84186374408,0.0,16.500452041625977,17043.841863744117,0.0,4304.27879419974,-0.027920619071393094,False
2022-06-16,117043.84186374408,0.0,0.0,117043.84186374408,0.0,15.575939178466797,17043.841863744117,0.0,4304.27879419974,-0.027920619071393094,False
2022-06-17,117043.84186374408,0.0,0.0,117043.84186374408,0.0,15.8544921875,17043.841863744117,0.0,4304.27879419974,-0.027920619071393094,False
2022-06-21,117043.84186374408,0.0,0.0,117043.84186374408,0.0,16.53938865661621,17043.841863744117,0.0,4304.27879419974,-0.027920619071393094,False
2022-06-22,117043.84186374408,0.0,0.0,117043.84186374408,0.0,16.333723068237305,17043.841863744117,0.0,4304.27879419974,-0.027920619071393094,False
2022-06-23,117043.84186374408,0.0,0.0,117043.84186374408,0.0,16.198938369750977,17043.841863744117,0.0,4304.27879419974,-0.027920619071393094,False
2022-06-24,117043.84186374408,0.0,0.0,117043.84186374408,0.0,17.098491668701172,17043.841863744117,0.0,4304.27879419974,-0.027920619071393094,False
2022-06-27,117043.84186374408,0.0,0.0,117043.84186374408,0.0,16.841899871826172,17043.841863744117,0.0,4304.27879419974,-0.027920619071393094,False
2022-06-28,117043.84186374408,0.0,0.0,117043.84186374408,0.0,15.956326484680176,17043.841863744117,0.0,4304.27879419974,-0.027920619071393094,False
2022-06-29,117043.84186374408,0.0,0.0,117043.84186374408,0.0,15.517034530639648,17043.841863744117,0.0,4304.27879419974,-0.027920619071393094,False
2022-06-30,117043.84186374408,0.0,0.0,117043.84186374408,0.0,15.134651184082031,17043.841863744117,0.0,4304.27879419974,-0.027920619071393094,False
2022-07-01,117043.84186374408,0.0,0.0,117043.84186374408,0.0,14.499673843383787,17043.841863744117,0.0,4304.27879419974,-0.027920619071393094,False
2022-07-05,117043.84186374408,0.0,0.0,117043.84186374408,0.0,14.939964294433594,17043.841863744117,0.0,4304.27879419974,-0.027920619071393094,False
2022-07-06,117043.84186374408,0.0,0.0,117043.84186374408,0.0,15.10569667816162,17043.841863744117,0.0,4304.27879419974,-0.027920619071393094,False
2022-07-07,117043.84186374408,0.0,0.0,117043.84186374408,0.0,15.832527160644531,17043.841863744117,0.0,4304.27879419974,-0.027920619071393094,False
2022-07-08,117043.84186374408,0.0,0.0,117043.84186374408,0.0,15.812559127807615,17043.841863744117,0.0,4304.27879419974,-0.027920619071393094,False
2022-07-11,117043.84186374408,0.0,0.0,117043.84186374408,0.0,15.127660751342772,17043.841863744117,0.0,4304.27879419974,-0.027920619071393094,False
2022-07-12,117043.84186374408,0.0,0.0,117043.84186374408,0.0,15.057774543762209,17043.841863744117,0.0,4304.27879419974,-0.027920619071393094,False
2022-07-13,117043.84186374408,0.0,0.0,117043.84186374408,0.0,15.139638900756836,17043.841863744117,0.0,4304.27879419974,-0.027920619071393094,False
2022-07-14,117043.84186374408,0.0,0.0,117043.84186374408,0.0,15.34730625152588,17043.841863744117,0.0,4304.27879419974,-0.027920619071393094,False
2022-07-15,117043.84186374408,0.0,0.0,117043.84186374408,0.0,15.73668098449707,17043.841863744117,0.0,4304.27879419974,-0.027920619071393094,False
2022-07-18,117043.84186374408,0.0,0.0,117043.84186374408,0.0,16.075138092041016,17043.841863744117,0.0,4304.27879419974,-0.027920619071393094,False
2022-07-19,117043.84186374408,0.0,0.0,117043.84186374408,0.0,16.964706420898438,17043.841863744117,0.0,4304.27879419974,-0.027920619071393094,False
2022-07-20,121360.96569644174,0.0,0.03688467299051412,121360.96569644174,0.0,17.778392791748047,21360.965696441777,0.0,4661.896523708534,0.0,False
2022-07-21,122297.14194133026,0.9999999999999999,0.0077139815056364025,1.4551915228366852e-11,6786.366113464416,18.021005630493164,21179.19690109014,1117.9450402401606,4843.665319060169,0.0,False
2022-07-22,117972.49240309502,0.0,-0.03536182015038347,117972.49240309502,0.0,17.291175842285156,17972.49240309505,0.0,5020.889894528013,-0.03536182015038347,False
2022-07-25,117830.41324432737,0.9999999999999999,-0.0012043414178466438,1.4551915228366852e-11,6932.565840787605,16.996652603149414,17795.798705037494,34.61453928990109,5197.58359258557,-0.0365235738636126,False
2022-07-26,116720.65403403122,0.0,-0.009418274787808878,116720.65403403122,0.0,16.506439208984375,16720.654034031242,0.0,5372.927589632187,-0.04559785959654117,False
2022-07-27,116720.65403403122,0.0,0.0,116720.65403403122,0.0,17.76142692565918,16720.654034031242,0.0,5372.927589632187,-0.04559785959654117,False
2022-07-28,113461.74111498319,0.0,-0.027920619071392982,113461.74111498319,0.0,17.95511245727539,13461.741114983204,0.0,5718.194626652475,-0.07224535819966826,False
2022-07-29,113461.74111498319,0.0,0.0,113461.74111498319,0.0,18.133827209472656,13461.741114983204,0.0,5718.194626652475,-0.07224535819966826,False
2022-08-01,113461.74111498319,0.0,0.0,113461.74111498319,0.0,18.411376953125,13461.741114983204,0.0,5718.194626652475,-0.07224535819966826,False
2022-08-02,113461.74111498319,0.0,0.0,113461.74111498319,0.0,18.496238708496097,13461.741114983204,0.0,5718.194626652475,-0.07224535819966826,False
2022-08-03,113461.74111498319,0.0,0.0,113461.74111498319,0.0,18.86264991760254,13461.741114983204,0.0,5718.194626652475,-0.07224535819966826,False
2022-08-04,113461.74111498319,0.0,0.0,113461.74111498319,0.0,19.18413543701172,13461.741114983204,0.0,5718.194626652475,-0.07224535819966826,False
2022-08-05,113461.74111498319,0.0,0.0,113461.74111498319,0.0,18.958499908447266,13461.741114983204,0.0,5718.194626652475,-0.07224535819966826,False
2022-08-08,113461.74111498319,0.0,0.0,113461.74111498319,0.0,17.764419555664062,13461.741114983204,0.0,5718.194626652475,-0.07224535819966826,False
2022-08-09,113461.74111498319,0.0,0.0,113461.74111498319,0.0,17.058551788330078,13461.741114983204,0.0,5718.194626652475,-0.07224535819966826,False
2022-08-10,113461.74111498319,0.0,0.0,113461.74111498319,0.0,18.06793212890625,13461.741114983204,0.0,5718.194626652475,-0.07224535819966826,False
2022-08-11,113461.74111498319,0.0,0.0,113461.74111498319,0.0,17.91318130493164,13461.741114983204,0.0,5718.194626652475,-0.07224535819966826,False
2022-08-12,113461.74111498319,0.0,0.0,113461.74111498319,0.0,18.6789493560791,13461.741114983204,0.0,5718.194626652475,-0.07224535819966826,False
2022-08-15,113461.74111498319,0.0,0.0,113461.74111498319,0.0,19.001428604125977,13461.741114983204,0.0,5718.194626652475,-0.07224535819966826,False
2022-08-16,113461.74111498319,0.0,0.0,113461.74111498319,0.0,18.84867477416992,13461.741114983204,0.0,5718.194626652475,-0.07224535819966826,False
2022-08-17,113461.74111498319,0.0,0.0,113461.74111498319,0.0,18.3055477142334,13461.741114983204,0.0,5718.194626652475,-0.07224535819966826,False
2022-08-18,113461.74111498319,0.0,0.0,113461.74111498319,0.0,18.742847442626953,13461.741114983204,0.0,5718.194626652475,-0.07224535819966826,False
2022-08-19,113461.74111498319,0.0,0.0,113461.74111498319,0.0,17.82033348083496,13461.741114983204,0.0,5718.194626652475,-0.07224535819966826,False
2022-08-22,113461.74111498319,0.0,0.0,113461.74111498319,0.0,17.006641387939453,13461.741114983204,0.0,5718.194626652475,-0.07224535819966826,False
2022-08-23,113461.74111498319,0.0,0.0,113461.74111498319,0.0,17.153398513793945,13461.741114983204,0.0,5718.194626652475,-0.07224535819966826,False
2022-08-24,113461.74111498319,0.0,0.0,113461.74111498319,0.0,17.194339752197266,13461.741114983204,0.0,5718.194626652475,-0.07224535819966826,False
2022-08-25,113461.74111498319,0.0,0.0,113461.74111498319,0.0,17.884227752685547,13461.741114983204,0.0,5718.194626652475,-0.07224535819966826,False
2022-08-26,113461.74111498319,0.0,0.0,113461.74111498319,0.0,16.2338809967041,13461.741114983204,0.0,5718.194626652475,-0.07224535819966826,False
2022-08-29,113461.74111498319,0.0,0.0,113461.74111498319,0.0,15.775616645812988,13461.741114983204,0.0,5718.194626652475,-0.07224535819966826,False
2022-08-30,113461.74111498319,0.0,0.0,113461.74111498319,0.0,15.443153381347656,13461.741114983204,0.0,5718.194626652475,-0.07224535819966826,False
2022-08-31,113461.74111498319,0.0,0.0,113461.74111498319,0.0,15.069753646850586,13461.741114983204,0.0,5718.194626652475,-0.07224535819966826,False
2022-09-01,113461.74111498319,0.0,0.0,113461.74111498319,0.0,13.914612770080566,13461.741114983204,0.0,5718.194626652475,-0.07224535819966826,False
2022-09-02,113461.74111498319,0.0,0.0,113461.74111498319,0.0,13.625078201293944,13461.741114983204,0.0,5718.194626652475,-0.07224535819966826,False
2022-09-06,113461.74111498319,0.0,0.0,113461.74111498319,0.0,13.443373680114746,13461.741114983204,0.0,5718.194626652475,-0.07224535819966826,False
2022-09-07,113461.74111498319,0.0,0.0,113461.74111498319,0.0,13.696038246154783,13461.741114983204,0.0,5718.194626652475,-0.07224535819966826,False
2022-09-08,113461.74111498319,0.0,0.0,113461.74111498319,0.0,13.97167682647705,13461.741114983204,0.0,5718.194626652475,-0.07224535819966826,False
2022-09-09,113461.74111498319,0.0,0.0,113461.74111498319,0.0,14.368159294128418,13461.741114983204,0.0,5718.194626652475,-0.07224535819966826,False
2022-09-12,113461.74111498319,0.0,0.0,113461.74111498319,0.0,14.486004829406738,13461.741114983204,0.0,5718.194626652475,-0.07224535819966826,False
2022-09-13,113461.74111498319,0.0,0.0,113461.74111498319,0.0,13.11380100250244,13461.741114983204,0.0,5718.194626652475,-0.07224535819966826,False
2022-09-14,113461.74111498319,0.0,0.0,113461.74111498319,0.0,13.11080837249756,13461.741114983204,0.0,5718.194626652475,-0.07224535819966826,False
2022-09-15,113461.74111498319,0.0,0.0,113461.74111498319,0.0,12.912069320678713,13461.741114983204,0.0,5718.194626652475,-0.07224535819966826,False
2022-09-16,113461.74111498319,0.0,0.0,113461.74111498319,0.0,13.180716514587402,13461.741114983204,0.0,5718.194626652475,-0.07224535819966826,False
2022-09-19,113461.74111498319,0.0,0.0,113461.74111498319,0.0,13.364473342895508,13461.741114983204,0.0,5718.194626652475,-0.07224535819966826,False
2022-09-20,113461.74111498319,0.0,0.0,113461.74111498319,0.0,13.158745765686035,13461.741114983204,0.0,5718.194626652475,-0.07224535819966826,False
2022-09-21,113461.74111498319,0.0,0.0,113461.74111498319,0.0,13.243634223937988,13461.741114983204,0.0,5718.194626652475,-0.07224535819966826,False
2022-09-22,113461.74111498319,0.0,0.0,113461.74111498319,0.0,12.544548988342283,13461.741114983204,0.0,5718.194626652475,-0.07224535819966826,False
2022-09-23,113461.74111498319,0.0,0.0,113461.74111498319,0.0,12.499608039855955,13461.741114983204,0.0,5718.194626652475,-0.07224535819966826,False
2022-09-26,113461.74111498319,0.0,0.0,113461.74111498319,0.0,12.211986541748049,13461.741114983204,0.0,5718.194626652475,-0.07224535819966826,False
2022-09-27,113461.74111498319,0.0,0.0,113461.74111498319,0.0,12.396742820739746,13461.741114983204,0.0,5718.194626652475,-0.07224535819966826,False
2022-09-28,113461.74111498319,0.0,0.0,113461.74111498319,0.0,12.719320297241213,13461.741114983204,0.0,5718.194626652475,-0.07224535819966826,False
2022-09-29,113461.74111498319,0.0,0.0,113461.74111498319,0.0,12.20399570465088,13461.741114983204,0.0,5718.194626652475,-0.07224535819966826,False
2022-09-30,113461.74111498319,0.0,0.0,113461.74111498319,0.0,12.123102188110352,13461.741114983204,0.0,5718.194626652475,-0.07224535819966826,False
2022-10-03,113461.74111498319,0.0,0.0,113461.74111498319,0.0,12.49561595916748,13461.741114983204,0.0,5718.194626652475,-0.07224535819966826,False
2022-10-04,113461.74111498319,0.0,0.0,113461.74111498319,0.0,13.149755477905272,13461.741114983204,0.0,5718.194626652475,-0.07224535819966826,False
2022-10-05,113461.74111498319,0.0,0.0,113461.74111498319,0.0,13.191701889038086,13461.741114983204,0.0,5718.194626652475,-0.07224535819966826,False
2022-10-06,113461.74111498319,0.0,0.0,113461.74111498319,0.0,13.112804412841797,13461.741114983204,0.0,5718.194626652475,-0.07224535819966826,False
2022-10-07,113461.74111498319,0.0,0.0,113461.74111498319,0.0,12.06018352508545,13461.741114983204,0.0,5718.194626652475,-0.07224535819966826,False
2022-10-10,113461.74111498319,0.0,0.0,113461.74111498319,0.0,11.654715538024902,13461.741114983204,0.0,5718.194626652475,-0.07224535819966826,False
2022-10-11,113461.74111498319,0.0,0.0,113461.74111498319,0.0,11.570826530456545,13461.741114983204,0.0,5718.194626652475,-0.07224535819966826,False
2022-10-12,113461.74111498319,0.0,0.0,113461.74111498319,0.0,11.484939575195312,13461.741114983204,0.0,5718.194626652475,-0.07224535819966826,False
2022-10-13,113461.74111498319,0.0,0.0,113461.74111498319,0.0,11.944337844848633,13461.741114983204,0.0,5718.194626652475,-0.07224535819966826,False
2022-10-14,113461.74111498319,0.0,0.0,113461.74111498319,0.0,11.21229648590088,13461.741114983204,0.0,5718.194626652475,-0.07224535819966826,False
2022-10-17,113461.74111498319,0.0,0.0,113461.74111498319,0.0,11.872429847717283,13461.741114983204,0.0,5718.194626652475,-0.07224535819966826,False
2022-10-18,113461.74111498319,0.0,0.0,113461.74111498319,0.0,11.95132827758789,13461.741114983204,0.0,5718.194626652475,-0.07224535819966826,False
2022-10-19,113461.74111498319,0.0,0.0,113461.74111498319,0.0,12.03521728515625,13461.741114983204,0.0,5718.194626652475,-0.07224535819966826,False
2022-10-20,113461.74111498319,0.0,0.0,113461.74111498319,0.0,12.17803192138672,13461.741114983204,0.0,5718.194626652475,-0.07224535819966826,False
2022-10-21,113461.74111498319,0.0,0.0,113461.74111498319,0.0,12.44967269897461,13461.741114983204,0.0,5718.194626652475,-0.07224535819966826,False
2022-10-24,113461.74111498319,0.0,0.0,113461.74111498319,0.0,12.582499504089355,13461.741114983204,0.0,5718.194626652475,-0.07224535819966826,False
2022-10-25,113461.74111498319,0.0,0.0,113461.74111498319,0.0,13.243634223937988,13461.741114983204,0.0,5718.194626652475,-0.07224535819966826,False
2022-10-26,113461.74111498319,0.0,0.0,113461.74111498319,0.0,12.879112243652344,13461.741114983204,0.0,5718.194626652475,-0.07224535819966826,False
2022-10-27,113461.74111498319,0.0,0.0,113461.74111498319,0.0,13.158745765686035,13461.741114983204,0.0,5718.194626652475,-0.07224535819966826,False
2022-10-28,113461.74111498319,0.0,0.0,113461.74111498319,0.0,13.815882682800291,13461.741114983204,0.0,5718.194626652475,-0.07224535819966826,False
2022-10-31,113461.74111498319,0.0,0.0,113461.74111498319,0.0,13.479324340820312,13461.741114983204,0.0,5718.194626652475,-0.07224535819966826,False
2022-11-01,113461.74111498319,0.0,0.0,113461.74111498319,0.0,13.525263786315918,13461.741114983204,0.0,5718.194626652475,-0.07224535819966826,False
2022-11-02,113461.74111498319,0.0,0.0,113461.74111498319,0.0,13.201687812805176,13461.741114983204,0.0,5718.194626652475,-0.07224535819966826,False
2022-11-03,113461.74111498319,0.0,0.0,113461.74111498319,0.0,13.403422355651855,13461.741114983204,0.0,5718.194626652475,-0.07224535819966826,False
2022-11-04,113461.74111498319,0.0,0.0,113461.74111498319,0.0,14.137460708618164,13461.741114983204,0.0,5718.194626652475,-0.07224535819966826,False
2022-11-07,113461.74111498319,0.0,0.0,113461.74111498319,0.0,14.282271385192873,13461.741114983204,0.0,5718.194626652475,-0.07224535819966826,False
2022-11-08,113461.74111498319,0.0,0.0,113461.74111498319,0.0,14.582876205444336,13461.741114983204,0.0,5718.194626652475,-0.07224535819966826,False
2022-11-09,110293.81906213475,0.0,-0.02792061907139287,110293.81906213475,0.0,13.757960319519045,10293.81906213476,0.0,6053.821594254209,-0.0981488421450919,False
2022-11-10,110293.81906213475,0.0,0.0,110293.81906213475,0.0,15.729374885559082,10293.81906213476,0.0,6053.821594254209,-0.0981488421450919,False
2022-11-11,113751.50398652523,1.0,0.031349761516940244,0.0,6976.216129709232,16.30561637878418,10128.626122950334,3622.8778635749077,6219.014533438634,-0.06987602342256405,False
2022-11-14,114361.97051111652,0.0,0.005366667720398732,114361.97051111652,0.0,16.273656845092773,14361.970511116539,0.0,6390.815190190437,-0.06488435710149698,False
2022-11-15,113808.27505932956,0.9999999999999999,-0.004841604681279366,1.4551915228366852e-11,6837.724186380726,16.644174575805664,14190.684484389954,-382.40942506039124,6562.101216917022,-0.06941181737569202,False
2022-11-16,110201.02634320562,0.0,-0.03169583858681135,110201.02634320562,0.0,15.889163970947266,10201.026343205636,0.0,6727.651081228297,-0.09890759020294626,False
2022-11-17,109769.89674586787,1.0,-0.003912210363586466,0.0,7011.152663245446,15.656469345092772,10035.972384628692,-266.07563876080235,6892.70503980524,-0.10243285326710339,False
2022-11-18,111625.7659407116,0.0,0.01690690480597179,111625.7659407116,0.0,15.388819694519045,11625.765940711612,0.0,7060.395223992588,-0.08725777096032261,False
2022-11-21,111625.7659407116,0.0,0.0,111625.7659407116,0.0,15.296941757202148,11625.765940711612,0.0,7060.395223992588,-0.08725777096032261,False
2022-11-22,111625.7659407116,0.0,0.0,111625.7659407116,0.0,16.016998291015625,11625.765940711612,0.0,7060.395223992588,-0.08725777096032261,False
2022-11-23,111625.7659407116,0.0,0.0,111625.7659407116,0.0,16.497365951538086,11625.765940711612,0.0,7060.395223992588,-0.08725777096032261,False
2022-11-25,111625.7659407116,0.0,0.0,111625.7659407116,0.0,16.248695373535156,11625.765940711612,0.0,7060.395223992588,-0.08725777096032261,False
2022-11-28,111625.7659407116,0.0,0.0,111625.7659407116,0.0,15.806272506713867,11625.765940711612,0.0,7060.395223992588,-0.08725777096032261,False
2022-11-29,111625.7659407116,0.0,0.0,111625.7659407116,0.0,15.618517875671388,11625.765940711612,0.0,7060.395223992588,-0.08725777096032261,False
2022-11-30,111625.7659407116,0.0,0.0,111625.7659407116,0.0,16.905160903930664,11625.765940711612,0.0,7060.395223992588,-0.08725777096032261,False
2022-12-01,112350.29702253891,1.0,0.006490715434034566,0.0,6563.692169840677,17.11693572998047,11458.57807360121,891.7189489377116,7227.58309110299,-0.08133342088699969,False
2022-12-02,108509.10545132852,0.0,-0.03418942070477837,108509.10545132852,0.0,16.85820960998535,8509.105451328538,0.0,7390.591261535632,-0.1127420990477136,False
2022-12-05,108509.10545132852,0.0,0.0,108509.10545132852,0.0,16.592491149902344,8509.105451328538,0.0,7390.591261535632,-0.1127420990477136,False
2022-12-06,108509.10545132852,0.0,0.0,108509.10545132852,0.0,15.970148086547852,8509.105451328538,0.0,7390.591261535632,-0.1127420990477136,False
2022-12-07,108509.10545132852,0.0,0.0,108509.10545132852,0.0,16.103010177612305,8509.105451328538,0.0,7390.591261535632,-0.1127420990477136,False
2022-12-08,108509.10545132852,0.0,0.0,108509.10545132852,0.0,17.150903701782227,8509.105451328538,0.0,7390.591261535632,-0.1127420990477136,False
2022-12-09,108509.10545132852,0.0,0.0,108509.10545132852,0.0,16.983078002929688,8509.105451328538,0.0,7390.591261535632,-0.1127420990477136,False
2022-12-12,108509.10545132852,0.0,0.0,108509.10545132852,0.0,17.516515731811523,8509.105451328538,0.0,7390.591261535632,-0.1127420990477136,False
2022-12-13,105479.46405224438,0.0,-0.02792061907139287,105479.46405224438,0.0,18.05295181274414,5479.464052244395,0.0,7711.568021295552,-0.137514888918286,False
2022-12-14,102534.41211658697,0.0,-0.027920619071392982,102534.41211658697,0.0,17.655370712280273,2534.412116586999,0.0,8023.582911215446,-0.16159600715954658,False
2022-12-15,99671.58785417053,0.0,-0.027920619071392982,99671.58785417053,0.0,16.934127807617188,-328.4121458294371,0.0,8326.886152249284,-0.18500476567157975,False
2022-12-16,99671.58785417053,0.0,0.0,99671.58785417053,0.0,16.55353355407715,-328.4121458294371,0.0,8326.886152249284,-0.18500476567157975,False
2022-12-19,99671.58785417053,0.0,0.0,99671.58785417053,0.0,16.236865997314453,-328.4121458294371,0.0,8326.886152249284,-0.18500476567157975,False
2022-12-20,99671.58785417053,0.0,0.0,99671.58785417053,0.0,16.06804656982422,-328.4121458294371,0.0,8326.886152249284,-0.18500476567157975,False
2022-12-21,99671.58785417053,0.0,0.0,99671.58785417053,0.0,16.483604431152344,-328.4121458294371,0.0,8326.886152249284,-0.18500476567157975,False
2022-12-22,99671.58785417053,0.0,0.0,99671.58785417053,0.0,15.322829246520996,-328.4121458294371,0.0,8326.886152249284,-0.18500476567157975,False
2022-12-23,99671.58785417053,0.0,0.0,99671.58785417053,0.0,15.189970016479492,-328.4121458294371,0.0,8326.886152249284,-0.18500476567157975,False
2022-12-27,99671.58785417053,0.0,0.0,99671.58785417053,0.0,14.106115341186523,-328.4121458294371,0.0,8326.886152249284,-0.18500476567157975,False
2022-12-28,99671.58785417053,0.0,0.0,99671.58785417053,0.0,14.02120304107666,-328.4121458294371,0.0,8326.886152249284,-0.18500476567157975,False
2022-12-29,99671.58785417053,0.0,0.0,99671.58785417053,0.0,14.587606430053713,-328.4121458294371,0.0,8326.886152249284,-0.18500476567157975,False
2022-12-30,99671.58785417053,0.0,0.0,99671.58785417053,0.0,14.59859561920166,-328.4121458294371,0.0,8326.886152249284,-0.18500476567157975,False
2023-01-03,99671.58785417053,0.0,0.0,99671.58785417053,0.0,14.299907684326172,-328.4121458294371,0.0,8326.886152249284,-0.18500476567157975,False
2023-01-04,99671.58785417053,0.0,0.0,99671.58785417053,0.0,14.73345184326172,-328.4121458294371,0.0,8326.886152249284,-0.18500476567157975,False
2023-01-05,99671.58785417053,0.0,0.0,99671.58785417053,0.0,14.249963760375977,-328.4121458294371,0.0,8326.886152249284,-0.18500476567157975,False
2023-01-06,99671.58785417053,0.0,0.0,99671.58785417053,0.0,14.843335151672363,-328.4121458294371,0.0,8326.886152249284,-0.18500476567157975,False
2023-01-09,99671.58785417053,0.0,0.0,99671.58785417053,0.0,15.611526489257812,-328.4121458294371,0.0,8326.886152249284,-0.18500476567157975,False
2023-01-10,99671.58785417053,0.0,0.0,99671.58785417053,0.0,15.892229080200195,-328.4121458294371,0.0,8326.886152249284,-0.18500476567157975,False
2023-01-11,99671.58785417053,0.0,0.0,99671.58785417053,0.0,15.984132766723633,-328.4121458294371,0.0,8326.886152249284,-0.18500476567157975,False
2023-01-12,99671.58785417053,0.0,0.0,99671.58785417053,0.0,16.493593215942383,-328.4121458294371,0.0,8326.886152249284,-0.18500476567157975,False
2023-01-13,103319.04726202744,0.9999999999999999,0.03659477576692671,1.4551915228366852e-11,6120.366096021677,16.881187438964844,-477.69560242579837,3796.7428644532697,8476.169608845645,-0.1551801978202173,False
2023-01-17,103347.94177861694,0.0,0.00027966301814830175,103347.94177861694,0.0,17.683340072631836,3347.941778616962,0.0,8631.42440370586,-0.15494393296454834,False
2023-01-18,101499.26446036441,0.9999999999999999,-0.01788789681184555,1.4551915228366852e-11,5847.176180480927,17.358680725097656,3193.1520505411504,-1693.8875901767142,8786.214131781671,-0.17006020869190253,False
2023-01-19,99358.22892756683,0.0,-0.021094098998457933,99358.22892756683,0.0,16.74732780456543,-641.7710724331446,0.0,8935.475367025887,-0.18756704081251496,False
2023-01-20,99358.22892756683,0.0,0.0,99358.22892756683,0.0,17.8201961517334,-641.7710724331446,0.0,8935.475367025887,-0.18756704081251496,False
2023-01-23,103023.02471047678,0.0,0.03688467299051412,103023.02471047678,0.0,19.17276954650879,3023.0247104768173,0.0,9239.056176330285,-0.15760071678616894,False
2023-01-24,105261.90549284148,1.0,0.02173184866835909,0.0,5469.659182911357,19.244691848754883,2868.721628034765,2393.183864806762,9393.359258772336,-0.13929382304503168,False
2023-01-25,105578.81497198138,1.0,0.003010675872302526,0.0,5469.659182911357,19.302631378173828,2868.721628034765,2710.0933439466585,9393.359258772336,-0.13670251572493153,False
2023-01-26,107482.69903096909,0.0,0.018032822773138335,107482.69903096909,0.0,19.781126022338867,7482.699030969128,0.0,9554.825506690668,-0.121134825190503,False
2023-01-27,111447.16323686423,0.0,0.03688467299051412,111447.16323686423,0.0,20.343528747558594,11447.16323686428,0.0,9883.2299590469,-0.08871817061490372,False
2023-01-30,108335.48944554041,0.0,-0.02792061907139276,108335.48944554041,0.0,19.141799926757812,8335.489445540457,0.0,10212.897678556845,-0.11416172343984698,False
2023-01-31,108335.48944554041,0.0,0.0,108335.48944554041,0.0,19.516407012939453,8335.489445540457,0.0,10212.897678556845,-0.11416172343984698,False
2023-02-01,112331.40854700649,0.0,0.036884672990514344,112331.40854700649,0.0,20.92092514038086,12331.408547006518,0.0,10543.907761136328,-0.08148786828644494,False
2023-02-02,116474.71581782668,0.0,0.036884672990514344,116474.71581782668,0.0,21.68610954284668,16474.71581782671,0.0,10887.12704236832,-0.047608848670370185,False
2023-02-03,116854.07832003047,0.9999999999999999,0.0032570373710731904,1.4551915228366852e-11,5543.951778244442,21.0777587890625,16300.265419697163,553.8129003333374,11061.577440497866,-0.04450687509861018,False
2023-02-06,115053.05234305158,0.0,-0.015412606927131756,115053.05234305158,0.0,21.066774368286133,15053.05234305161,0.0,11234.416277267597,-0.059233515054292196,False
2023-02-07,115053.05234305158,0.0,0.0,115053.05234305158,0.0,22.149627685546875,15053.05234305161,0.0,11234.416277267597,-0.059233515054292196,False
2023-02-08,113946.78731684027,1.0,-0.009615260122893377,0.0,5136.997934120841,22.181591033935547,14880.731246182337,-933.9439293420307,11406.73737413687,-0.0682792295219451,False
2023-02-09,115830.55953132054,0.0,0.016532034459578515,115830.55953132054,0.0,22.313453674316406,15830.55953132057,0.0,11580.744223708209,-0.05287598963769691,False
2023-02-10,115830.55953132054,0.0,0.0,115830.55953132054,0.0,21.242584228515625,15830.55953132057,0.0,11580.744223708209,-0.05287598963769691,False
2023-02-13,115830.55953132054,0.0,0.0,115830.55953132054,0.0,21.765033721923828,15830.55953132057,0.0,11580.744223708209,-0.05287598963769691,False
2023-02-14,115830.55953132054,0.0,0.0,115830.55953132054,0.0,22.94678497314453,15830.55953132057,0.0,11580.744223708209,-0.05287598963769691,False
2023-02-15,116759.84072944871,0.9999999999999999,0.008022763611677863,1.4551915228366852e-11,5134.557691497612,22.739999771118164,15657.07392043991,1102.7668090088243,11754.229834588868,-0.04527743759161573,False
2023-02-16,113353.0806775904,0.0,-0.02917749827830196,113353.0806775904,0.0,21.97880744934082,13353.080677590431,0.0,11924.514883178137,-0.07313385351254242,False
2023-02-17,113353.0806775904,0.0,0.0,113353.0806775904,0.0,21.365453720092773,13353.080677590431,0.0,11924.514883178137,-0.07313385351254242,False
2023-02-21,113353.0806775904,0.0,0.0,113353.0806775904,0.0,20.63322639465332,13353.080677590431,0.0,11924.514883178137,-0.07313385351254242,False
2023-02-22,113353.0806775904,0.0,0.0,113353.0806775904,0.0,20.73212242126465,13353.080677590431,0.0,11924.514883178137,-0.07313385351254242,False
2023-02-23,113353.0806775904,0.0,0.0,113353.0806775904,0.0,23.63905334472656,13353.080677590431,0.0,11924.514883178137,-0.07313385351254242,False
2023-02-24,113353.0806775904,0.0,0.0,113353.0806775904,0.0,23.261457443237305,13353.080677590431,0.0,11924.514883178137,-0.07313385351254242,False
2023-02-27,113353.0806775904,0.0,0.0,113353.0806775904,0.0,23.476226806640625,13353.080677590431,0.0,11924.514883178137,-0.07313385351254242,False
2023-02-28,113353.0806775904,0.0,0.0,113353.0806775904,0.0,23.1915283203125,13353.080677590431,0.0,11924.514883178137,-0.07313385351254242,False
2023-03-01,113353.0806775904,0.0,0.0,113353.0806775904,0.0,22.674072265625,13353.080677590431,0.0,11924.514883178137,-0.07313385351254242,False
2023-03-02,113353.0806775904,0.0,0.0,113353.0806775904,0.0,23.28942108154297,13353.080677590431,0.0,11924.514883178137,-0.07313385351254242,False
2023-03-03,113353.0806775904,0.0,0.0,113353.0806775904,0.0,23.86482048034668,13353.080677590431,0.0,11924.514883178137,-0.07313385351254242,False
2023-03-06,113353.0806775904,0.0,0.0,113353.0806775904,0.0,23.52917098999023,13353.080677590431,0.0,11924.514883178137,-0.07313385351254242,False
2023-03-07,113353.0806775904,0.0,0.0,113353.0806775904,0.0,23.26740074157715,13353.080677590431,0.0,11924.514883178137,-0.07313385351254242,False
2023-03-08,113353.0806775904,0.0,0.0,113353.0806775904,0.0,24.159608840942383,13353.080677590431,0.0,11924.514883178137,-0.07313385351254242,False
2023-03-09,110188.19249142252,0.0,-0.027920619071392982,110188.19249142252,0.0,23.415271759033203,10188.192491422551,0.0,12259.82042637071,-0.09901253011878874,False
2023-03-10,110188.19249142252,0.0,0.0,110188.19249142252,0.0,22.94468879699707,10188.192491422551,0.0,12259.82042637071,-0.09901253011878874,False
2023-03-13,110188.19249142252,0.0,0.0,110188.19249142252,0.0,22.945688247680664,10188.192491422551,0.0,12259.82042637071,-0.09901253011878874,False
2023-03-14,110188.19249142252,0.0,0.0,110188.19249142252,0.0,24.041717529296875,10188.192491422551,0.0,12259.82042637071,-0.09901253011878874,False
2023-03-15,110188.19249142252,0.0,0.0,110188.19249142252,0.0,24.20656967163086,10188.192491422551,0.0,12259.82042637071,-0.09901253011878874,False
2023-03-16,110188.19249142252,0.0,0.0,110188.19249142252,0.0,25.518409729003903,10188.192491422551,0.0,12259.82042637071,-0.09901253011878874,False
2023-03-17,108934.86786935416,1.0,-0.011374400411967245,0.0,4238.340458215532,25.702245712280273,10023.157754790365,-1088.2898854361806,12424.855163002896,-0.10926072236738293,False
2023-03-20,107111.6699427042,0.0,-0.01673658730496208,107111.6699427042,0.0,25.87709045410156,7111.6699427042295,0.0,12585.764031219276,-0.12416865805344002,False
2023-03-21,107111.6699427042,0.0,0.0,107111.6699427042,0.0,26.17582893371582,7111.6699427042295,0.0,12585.764031219276,-0.12416865805344002,False
2023-03-22,111062.44886200874,0.0,0.03688467299051412,111062.44886200874,0.0,26.44458770751953,11062.448862008772,0.0,12913.034835038223,-0.09186390541089795,False
2023-03-23,111206.93368222158,0.9999999999999999,0.0013009331389077783,1.4551915228366852e-11,4093.464322106743,27.166948318481445,10896.104704951345,310.82897727027176,13079.37899209565,-0.09068248107080867,False
2023-03-24,107961.51653419655,0.0,-0.029183586315750354,107961.51653419655,0.0,26.755313873291016,7961.516534196566,0.0,13241.564545226642,-0.11721962737290259,False
2023-03-27,107961.51653419655,0.0,0.0,107961.51653419655,0.0,26.507537841796875,7961.516534196566,0.0,13241.564545226642,-0.11721962737290259,False
2023-03-28,107961.51653419655,0.0,0.0,107961.51653419655,0.0,26.386640548706055,7961.516534196566,0.0,13241.564545226642,-0.11721962737290259,False
2023-03-29,107961.51653419655,0.0,0.0,107961.51653419655,0.0,26.960132598876953,7961.516534196566,0.0,13241.564545226642,-0.11721962737290259,False
2023-03-30,107961.51653419655,0.0,0.0,107961.51653419655,0.0,27.35877990722656,7961.516534196566,0.0,13241.564545226642,-0.11721962737290259,False
2023-03-31,107961.51653419655,0.0,0.0,107961.51653419655,0.0,27.75243377685547,7961.516534196566,0.0,13241.564545226642,-0.11721962737290259,False
2023-04-03,107961.51653419655,0.0,0.0,107961.51653419655,0.0,27.940265655517575,7961.516534196566,0.0,13241.564545226642,-0.11721962737290259,False
2023-04-04,107961.51653419655,0.0,0.0,107961.51653419655,0.0,27.428720474243164,7961.516534196566,0.0,13241.564545226642,-0.11721962737290259,False
2023-04-05,107961.51653419655,0.0,0.0,107961.51653419655,0.0,26.85722541809082,7961.516534196566,0.0,13241.564545226642,-0.11721962737290259,False
2023-04-06,107961.51653419655,0.0,0.0,107961.51653419655,0.0,27.01308822631836,7961.516534196566,0.0,13241.564545226642,-0.11721962737290259,False
2023-04-10,107961.51653419655,0.0,0.0,107961.51653419655,0.0,27.554607391357425,7961.516534196566,0.0,13241.564545226642,-0.11721962737290259,False
2023-04-11,107961.51653419655,0.0,0.0,107961.51653419655,0.0,27.144969940185547,7961.516534196566,0.0,13241.564545226642,-0.11721962737290259,False
2023-04-12,107961.51653419655,0.0,0.0,107961.51653419655,0.0,26.471567153930664,7961.516534196566,0.0,13241.564545226642,-0.11721962737290259,False
2023-04-13,107961.51653419655,0.0,0.0,107961.51653419655,0.0,26.439592361450195,7961.516534196566,0.0,13241.564545226642,-0.11721962737290259,False
2023-04-14,107961.51653419655,0.0,0.0,107961.51653419655,0.0,26.73433494567871,7961.516534196566,0.0,13241.564545226642,-0.11721962737290259,False
2023-04-17,107961.51653419655,0.0,0.0,107961.51653419655,0.0,26.978116989135746,7961.516534196566,0.0,13241.564545226642,-0.11721962737290259,False
2023-04-18,107961.51653419655,0.0,0.0,107961.51653419655,0.0,27.64253044128418,7961.516534196566,0.0,13241.564545226642,-0.11721962737290259,False
2023-04-19,107961.51653419655,0.0,0.0,107961.51653419655,0.0,27.906293869018555,7961.516534196566,0.0,13241.564545226642,-0.11721962737290259,False
2023-04-20,107961.51653419655,0.0,0.0,107961.51653419655,0.0,27.08002662658691,7961.516534196566,0.0,13241.564545226642,-0.11721962737290259,False
2023-04-21,107961.51653419655,0.0,0.0,107961.51653419655,0.0,27.09501266479492,7961.516534196566,0.0,13241.564545226642,-0.11721962737290259,False
2023-04-24,107961.51653419655,0.0,0.0,107961.51653419655,0.0,27.018083572387695,7961.516534196566,0.0,13241.564545226642,-0.11721962737290259,False
2023-04-25,107961.51653419655,0.0,0.0,107961.51653419655,0.0,26.217788696289062,7961.516534196566,0.0,13241.564545226642,-0.11721962737290259,False
2023-04-26,107961.51653419655,0.0,0.0,107961.51653419655,0.0,26.932153701782227,7961.516534196566,0.0,13241.564545226642,-0.11721962737290259,False
2023-04-27,107961.51653419655,0.0,0.0,107961.51653419655,0.0,27.201921463012695,7961.516534196566,0.0,13241.564545226642,-0.11721962737290259,False
2023-04-28,107961.51653419655,0.0,0.0,107961.51653419655,0.0,27.724456787109375,7961.516534196566,0.0,13241.564545226642,-0.11721962737290259,False
2023-05-01,107961.51653419655,0.0,0.0,107961.51653419655,0.0,28.88442611694336,7961.516534196566,0.0,13241.564545226642,-0.11721962737290259,False
2023-05-02,106033.21830993594,1.0,-0.017860977560923974,0.0,3762.0382510781183,28.18504524230957,7799.8168089830915,-1766.598499047143,13403.264270440117,-0.1329869477996194,False
2023-05-03,104485.54849159192,0.0,-0.01459608453852801,104485.54849159192,0.0,27.77741050720215,4485.548491591946,0.0,13560.22803883009,-0.14564194360554328,False
2023-05-04,104485.54849159192,0.0,0.0,104485.54849159192,0.0,27.537620544433594,4485.548491591946,0.0,13560.22803883009,-0.14564194360554328,False
2023-05-05,104485.54849159192,0.0,0.0,104485.54849159192,0.0,28.654634475708008,4485.548491591946,0.0,13560.22803883009,-0.14564194360554328,False
2023-05-08,104485.54849159192,0.0,0.0,104485.54849159192,0.0,29.125215530395508,4485.548491591946,0.0,13560.22803883009,-0.14564194360554328,False
2023-05-09,104485.54849159192,0.0,0.0,104485.54849159192,0.0,28.545734405517575,4485.548491591946,0.0,13560.22803883009,-0.14564194360554328,False
2023-05-10,104485.54849159192,0.0,0.0,104485.54849159192,0.0,28.859455108642575,4485.548491591946,0.0,13560.22803883009,-0.14564194360554328,False
2023-05-11,103180.91252457719,0.9999999999999999,-0.012486281460442505,1.4551915228366852e-11,3613.698299788048,28.552719116210938,4329.0549092281035,-1148.1423846509022,13716.721621193932,-0.15630969876568113,False
2023-05-12,102849.51086972763,0.0,-0.003211850396948379,102849.51086972763,0.0,28.3149356842041,2849.5108697276437,0.0,13871.227646536538,-0.159019505794602,False
2023-05-15,102849.51086972763,0.0,0.0,102849.51086972763,0.0,28.927391052246097,2849.5108697276437,0.0,13871.227646536538,-0.159019505794602,False
2023-05-16,102849.51086972763,0.0,0.0,102849.51086972763,0.0,29.18716049194336,2849.5108697276437,0.0,13871.227646536538,-0.159019505794602,False
2023-05-17,102849.51086972763,0.0,0.0,102849.51086972763,0.0,30.151308059692383,2849.5108697276437,0.0,13871.227646536538,-0.159019505794602,False
2023-05-18,106643.08144539187,0.0,0.03688467299051412,106643.08144539187,0.0,31.649980545043945,6643.081445391888,0.0,14185.475777601307,-0.12800021527443484,False
2023-05-19,105564.9328520974,0.9999999999999999,-0.010109878472018496,1.4551915228366852e-11,3379.5543435761565,31.236347198486328,6483.356410775725,-918.4235586783142,14345.20081221747,-0.13681602712563656,False
2023-05-22,103665.54059175555,0.0,-0.01799264404405021,103665.54059175555,0.0,31.14842987060547,3665.5405917555736,0.0,14500.93272096823,-0.15234698909409405,False
2023-05-23,103665.54059175555,0.0,0.0,103665.54059175555,0.0,30.660860061645508,3665.5405917555736,0.0,14500.93272096823,-0.15234698909409405,False
2023-05-24,103665.54059175555,0.0,0.0,103665.54059175555,0.0,30.510986328125,3665.5405917555736,0.0,14500.93272096823,-0.15234698909409405,False
2023-05-25,103665.54059175555,0.0,0.0,103665.54059175555,0.0,37.94640350341797,3665.5405917555736,0.0,14500.93272096823,-0.15234698909409405,False
2023-05-26,103665.54059175555,0.0,0.0,103665.54059175555,0.0,38.91154861450195,3665.5405917555736,0.0,14500.93272096823,-0.15234698909409405,False
2023-05-30,103665.54059175555,0.0,0.0,103665.54059175555,0.0,40.07551956176758,3665.5405917555736,0.0,14500.93272096823,-0.15234698909409405,False
2023-05-31,103665.54059175555,0.0,0.0,103665.54059175555,0.0,37.80052947998047,3665.5405917555736,0.0,14500.93272096823,-0.15234698909409405,False
2023-06-01,107489.21015686734,0.0,0.036884672990514344,107489.21015686734,0.0,39.734825134277344,7489.210156867364,0.0,14817.67416301593,-0.12108158497740484,False
2023-06-02,107489.21015686734,0.0,0.0,107489.21015686734,0.0,39.29222106933594,7489.210156867364,0.0,14817.67416301593,-0.12108158497740484,False
2023-06-05,107489.21015686734,0.0,0.0,107489.21015686734,0.0,39.136356353759766,7489.210156867364,0.0,14817.67416301593,-0.12108158497740484,False
2023-06-06,107489.21015686734,0.0,0.0,107489.21015686734,0.0,38.61981201171875,7489.210156867364,0.0,14817.67416301593,-0.12108158497740484,False
2023-06-07,107489.21015686734,0.0,0.0,107489.21015686734,0.0,37.44572067260742,7489.210156867364,0.0,14817.67416301593,-0.12108158497740484,False
2023-06-08,107489.21015686734,0.0,0.0,107489.21015686734,0.0,38.47991943359375,7489.210156867364,0.0,14817.67416301593,-0.12108158497740484,False
2023-06-09,107489.21015686734,0.0,0.0,107489.21015686734,0.0,38.73971176147461,7489.210156867364,0.0,14817.67416301593,-0.12108158497740484,False
2023-06-12,107489.21015686734,0.0,0.0,107489.21015686734,0.0,39.4511604309082,7489.210156867364,0.0,14817.67416301593,-0.12108158497740484,False
2023-06-13,107489.21015686734,0.0,0.0,107489.21015686734,0.0,40.98996353149414,7489.210156867364,0.0,14817.67416301593,-0.12108158497740484,False
2023-06-14,107489.21015686734,0.0,0.0,107489.21015686734,0.0,42.963417053222656,7489.210156867364,0.0,14817.67416301593,-0.12108158497740484,False
2023-06-15,107489.21015686734,0.0,0.0,107489.21015686734,0.0,42.619686126708984,7489.210156867364,0.0,14817.67416301593,-0.12108158497740484,False
2023-06-16,107489.21015686734,0.0,0.0,107489.21015686734,0.0,42.65864944458008,7489.210156867364,0.0,14817.67416301593,-0.12108158497740484,False
2023-06-20,109350.06982764167,0.9999999999999999,0.017312060141279506,1.4551915228366852e-11,2498.0725288456506,43.77377700805664,7328.217830122181,2021.8519975195134,14978.666489761114,-0.10586569651725553,False
2023-06-21,108420.8942251375,0.0,-0.008497256599549918,108420.8942251375,0.0,43.011375427246094,8420.894225137528,0.0,15141.54214458105,-0.11346338512840826,False
2023-06-22,108420.8942251375,0.0,0.0,108420.8942251375,0.0,42.99139404296875,8420.894225137528,0.0,15141.54214458105,-0.11346338512840826,False
2023-06-23,108420.8942251375,0.0,0.0,108420.8942251375,0.0,42.176025390625,8420.894225137528,0.0,15141.54214458105,-0.11346338512840826,False
2023-06-26,108420.8942251375,0.0,0.0,108420.8942251375,0.0,40.60026550292969,8420.894225137528,0.0,15141.54214458105,-0.11346338512840826,False
2023-06-27,108420.8942251375,0.0,0.0,108420.8942251375,0.0,41.84328842163086,8420.894225137528,0.0,15141.54214458105,-0.11346338512840826,False
2023-06-28,108420.8942251375,0.0,0.0,108420.8942251375,0.0,41.08488464355469,8420.894225137528,0.0,15141.54214458105,-0.11346338512840826,False
2023-06-29,108420.8942251375,0.0,0.0,108420.8942251375,0.0,40.79011154174805,8420.894225137528,0.0,15141.54214458105,-0.11346338512840826,False
2023-06-30,108420.8942251375,0.0,0.0,108420.8942251375,0.0,42.268951416015625,8420.894225137528,0.0,15141.54214458105,-0.11346338512840826,False
2023-07-03,108420.8942251375,0.0,0.0,108420.8942251375,0.0,42.3798713684082,8420.894225137528,0.0,15141.54214458105,-0.11346338512840826,False
2023-07-05,108420.8942251375,0.0,0.0,108420.8942251375,0.0,42.28395462036133,8420.894225137528,0.0,15141.54214458105,-0.11346338512840826,False
2023-07-06,108420.8942251375,0.0,0.0,108420.8942251375,0.0,42.07011795043945,8420.894225137528,0.0,15141.54214458105,-0.11346338512840826,False
2023-07-07,108420.8942251375,0.0,0.0,108420.8942251375,0.0,42.46980667114258,8420.894225137528,0.0,15141.54214458105,-0.11346338512840826,False
2023-07-10,108420.8942251375,0.0,0.0,108420.8942251375,0.0,42.14706039428711,8420.894225137528,0.0,15141.54214458105,-0.11346338512840826,False
2023-07-11,108420.8942251375,0.0,0.0,108420.8942251375,0.0,42.371883392333984,8420.894225137528,0.0,15141.54214458105,-0.11346338512840826,False
2023-07-12,108420.8942251375,0.0,0.0,108420.8942251375,0.0,43.86770248413086,8420.894225137528,0.0,15141.54214458105,-0.11346338512840826,False
2023-07-13,108420.8942251375,0.0,0.0,108420.8942251375,0.0,45.94109725952149,8420.894225137528,0.0,15141.54214458105,-0.11346338512840826,False
2023-07-14,105393.71573809766,0.0,-0.02792061907139287,105393.71573809766,0.0,45.43348693847656,5393.715738097682,0.0,15462.257969984914,-0.13821603624508005,False
2023-07-17,105393.71573809766,0.0,0.0,105393.71573809766,0.0,46.424705505371094,5393.715738097682,0.0,15462.257969984914,-0.13821603624508005,False
2023-07-18,107022.80357520386,1.0,0.015457162940857527,0.0,2255.158020894609,47.4568977355957,5235.861945179912,1786.9416300239595,15620.111762902683,-0.12489530109750224,False
2023-07-19,106083.13432675911,1.0,-0.008780084403081867,0.0,2255.158020894609,47.04022216796875,5235.861945179912,847.2723815792223,15620.111762902683,-0.13257879421539964,False
2023-07-20,102451.05794845556,0.0,-0.03423801909091384,102451.05794845556,0.0,45.48443984985352,2451.0579484555838,0.0,15774.019210997509,-0.1622775780189163,False
2023-07-21,102451.05794845556,0.0,0.0,102451.05794845556,0.0,44.274391174316406,2451.0579484555838,0.0,15774.019210997509,-0.1622775780189163,False
2023-07-24,102451.05794845556,0.0,0.0,102451.05794845556,0.0,44.57715606689453,2451.0579484555838,0.0,15774.019210997509,-0.1622775780189163,False
2023-07-25,102451.05794845556,0.0,0.0,102451.05794845556,0.0,45.64331817626953,2451.0579484555838,0.0,15774.019210997509,-0.1622775780189163,False
2023-07-26,102451.05794845556,0.0,0.0,102451.05794845556,0.0,45.41648483276367,2451.0579484555838,0.0,15774.019210997509,-0.1622775780189163,False
2023-07-27,102451.05794845556,0.0,0.0,102451.05794845556,0.0,45.86415100097656,2451.0579484555838,0.0,15774.019210997509,-0.1622775780189163,False
2023-07-28,102451.05794845556,0.0,0.0,102451.05794845556,0.0,46.71348571777344,2451.0579484555838,0.0,15774.019210997509,-0.1622775780189163,False
2023-07-31,102451.05794845556,0.0,0.0,102451.05794845556,0.0,46.692501068115234,2451.0579484555838,0.0,15774.019210997509,-0.1622775780189163,False
2023-08-01,102451.05794845556,0.0,0.0,102451.05794845556,0.0,46.470672607421875,2451.0579484555838,0.0,15774.019210997509,-0.1622775780189163,False
2023-08-02,102451.05794845556,0.0,0.0,102451.05794845556,0.0,44.23442459106445,2451.0579484555838,0.0,15774.019210997509,-0.1622775780189163,False
2023-08-03,102451.05794845556,0.0,0.0,102451.05794845556,0.0,44.480228424072266,2451.0579484555838,0.0,15774.019210997509,-0.1622775780189163,False
2023-08-04,102451.05794845556,0.0,0.0,102451.05794845556,0.0,44.64509963989258,2451.0579484555838,0.0,15774.019210997509,-0.1622775780189163,False
2023-08-07,102451.05794845556,0.0,0.0,102451.05794845556,0.0,45.38152694702149,2451.0579484555838,0.0,15774.019210997509,-0.1622775780189163,False
2023-08-08,102451.05794845556,0.0,0.0,102451.05794845556,0.0,44.629119873046875,2451.0579484555838,0.0,15774.019210997509,-0.1622775780189163,False
2023-08-09,102451.05794845556,0.0,0.0,102451.05794845556,0.0,42.52075958251953,2451.0579484555838,0.0,15774.019210997509,-0.1622775780189163,False
2023-08-10,102451.05794845556,0.0,0.0,102451.05794845556,0.0,42.35489273071289,2451.0579484555838,0.0,15774.019210997509,-0.1622775780189163,False
2023-08-11,102451.05794845556,0.0,0.0,102451.05794845556,0.0,40.82308197021485,2451.0579484555838,0.0,15774.019210997509,-0.1622775780189163,False
2023-08-14,102451.05794845556,0.0,0.0,102451.05794845556,0.0,43.71882629394531,2451.0579484555838,0.0,15774.019210997509,-0.1622775780189163,False
2023-08-15,102451.05794845556,0.0,0.0,102451.05794845556,0.0,43.90568161010742,2451.0579484555838,0.0,15774.019210997509,-0.1622775780189163,False
2023-08-16,102451.05794845556,0.0,0.0,102451.05794845556,0.0,43.45203399658203,2451.0579484555838,0.0,15774.019210997509,-0.1622775780189163,False
2023-08-17,102451.05794845556,0.0,0.0,102451.05794845556,0.0,43.31014251708984,2451.0579484555838,0.0,15774.019210997509,-0.1622775780189163,False
2023-08-18,102451.05794845556,0.0,0.0,102451.05794845556,0.0,43.26517868041992,2451.0579484555838,0.0,15774.019210997509,-0.1622775780189163,False
2023-08-21,102451.05794845556,0.0,0.0,102451.05794845556,0.0,46.930320739746094,2451.0579484555838,0.0,15774.019210997509,-0.1622775780189163,False
2023-08-22,102451.05794845556,0.0,0.0,102451.05794845556,0.0,45.632328033447266,2451.0579484555838,0.0,15774.019210997509,-0.1622775780189163,False
2023-08-23,102451.05794845556,0.0,0.0,102451.05794845556,0.0,47.079200744628906,2451.0579484555838,0.0,15774.019210997509,-0.1622775780189163,False
2023-08-24,99590.56098601552,0.0,-0.027920619071392982,99590.56098601552,0.0,47.12615966796875,-409.43901398444586,0.0,16077.075885158567,-0.18566730665061493,False
2023-08-25,96809.93086961865,0.0,-0.027920619071392982,96809.93086961865,0.0,45.9820556640625,-3190.069130381317,0.0,16371.671029363331,-0.20840397957900458,True
2023-08-28,96809.93086961865,0.0,0.0,96809.93086961865,0.0,46.79841613769531,-3190.069130381317,0.0,16371.671029363331,-0.20840397957900458,True
2023-08-29,96809.93086961865,0.0,0.0,96809.93086961865,0.0,48.74589920043945,-3190.069130381317,0.0,16371.671029363331,-0.20840397957900458,True
2023-08-30,96809.93086961865,0.0,0.0,96809.93086961865,0.0,49.22552490234375,-3190.069130381317,0.0,16371.671029363331,-0.20840397957900458,True
2023-08-31,96809.93086961865,0.0,0.0,96809.93086961865,0.0,49.31644821166992,-3190.069130381317,0.0,16371.671029363331,-0.20840397957900458,True
2023-09-01,96809.93086961865,0.0,0.0,96809.93086961865,0.0,48.47111511230469,-3190.069130381317,0.0,16371.671029363331,-0.20840397957900458,True
2023-09-05,96809.93086961865,0.0,0.0,96809.93086961865,0.0,48.51008605957031,-3190.069130381317,0.0,16371.671029363331,-0.20840397957900458,True
2023-09-06,96809.93086961865,0.0,0.0,96809.93086961865,0.0,47.028114318847656,-3190.069130381317,0.0,16371.671029363331,-0.20840397957900458,True
2023-09-07,96809.93086961865,0.0,0.0,96809.93086961865,0.0,46.20869064331055,-3190.069130381317,0.0,16371.671029363331,-0.20840397957900458,True
2023-09-08,96809.93086961865,0.0,0.0,96809.93086961865,0.0,45.5401611328125,-3190.069130381317,0.0,16371.671029363331,-0.20840397957900458,True
2023-09-11,96809.93086961865,0.0,0.0,96809.93086961865,0.0,45.14643096923828,-3190.069130381317,0.0,16371.671029363331,-0.20840397957900458,True
2023-09-12,96809.93086961865,0.0,0.0,96809.93086961865,0.0,44.838645935058594,-3190.069130381317,0.0,16371.671029363331,-0.20840397957900458,True
2023-09-13,96809.93086961865,0.0,0.0,96809.93086961865,0.0,45.45322799682617,-3190.069130381317,0.0,16371.671029363331,-0.20840397957900458,True
2023-09-14,96809.93086961865,0.0,0.0,96809.93086961865,0.0,45.54915237426758,-3190.069130381317,0.0,16371.671029363331,-0.20840397957900458,True
2023-09-15,96809.93086961865,0.0,0.0,96809.93086961865,0.0,43.86931991577149,-3190.069130381317,0.0,16371.671029363331,-0.20840397957900458,True
2023-09-18,96809.93086961865,0.0,0.0,96809.93086961865,0.0,43.93527603149414,-3190.069130381317,0.0,16371.671029363331,-0.20840397957900458,True
2023-09-19,96809.93086961865,0.0,0.0,96809.93086961865,0.0,43.48958969116211,-3190.069130381317,0.0,16371.671029363331,-0.20840397957900458,True
2023-09-20,96809.93086961865,0.0,0.0,96809.93086961865,0.0,42.20948791503906,-3190.069130381317,0.0,16371.671029363331,-0.20840397957900458,True
2023-09-21,96809.93086961865,0.0,0.0,96809.93086961865,0.0,40.988338470458984,-3190.069130381317,0.0,16371.671029363331,-0.20840397957900458,True
2023-09-22,96809.93086961865,0.0,0.0,96809.93086961865,0.0,41.5809211730957,-3190.069130381317,0.0,16371.671029363331,-0.20840397957900458,True
2023-09-25,96809.93086961865,0.0,0.0,96809.93086961865,0.0,42.19249725341797,-3190.069130381317,0.0,16371.671029363331,-0.20840397957900458,True
2023-09-26,96809.93086961865,0.0,0.0,96809.93086961865,0.0,41.88172149658203,-3190.069130381317,0.0,16371.671029363331,-0.20840397957900458,True
2023-09-27,96809.93086961865,0.0,0.0,96809.93086961865,0.0,42.43832015991211,-3190.069130381317,0.0,16371.671029363331,-0.20840397957900458,True
2023-09-28,96809.93086961865,0.0,0.0,96809.93086961865,0.0,43.05888748168945,-3190.069130381317,0.0,16371.671029363331,-0.20840397957900458,True
2023-09-29,96809.93086961865,0.0,0.0,96809.93086961865,0.0,43.468605041503906,-3190.069130381317,0.0,16371.671029363331,-0.20840397957900458,True
2023-10-02,96809.93086961865,0.0,0.0,96809.93086961865,0.0,44.75070571899414,-3190.069130381317,0.0,16371.671029363331,-0.20840397957900458,True
2023-10-03,96809.93086961865,0.0,0.0,96809.93086961865,0.0,43.48658752441406,-3190.069130381317,0.0,16371.671029363331,-0.20840397957900458,True
2023-10-04,96809.93086961865,0.0,0.0,96809.93086961865,0.0,44.01022720336914,-3190.069130381317,0.0,16371.671029363331,-0.20840397957900458,True
2023-10-05,96809.93086961865,0.0,0.0,96809.93086961865,0.0,44.656776428222656,-3190.069130381317,0.0,16371.671029363331,-0.20840397957900458,True
2023-10-06,96809.93086961865,0.0,0.0,96809.93086961865,0.0,45.73002243041992,-3190.069130381317,0.0,16371.671029363331,-0.20840397957900458,True
2023-10-09,96809.93086961865,0.0,0.0,96809.93086961865,0.0,45.241363525390625,-3190.069130381317,0.0,16371.671029363331,-0.20840397957900458,True
2023-10-10,96809.93086961865,0.0,0.0,96809.93086961865,0.0,45.765995025634766,-3190.069130381317,0.0,16371.671029363331,-0.20840397957900458,True
2023-10-11,96809.93086961865,0.0,0.0,96809.93086961865,0.0,46.77328872680664,-3190.069130381317,0.0,16371.671029363331,-0.20840397957900458,True
2023-10-12,96809.93086961865,0.0,0.0,96809.93086961865,0.0,46.91218948364258,-3190.069130381317,0.0,16371.671029363331,-0.20840397957900458,True
2023-10-13,96809.93086961865,0.0,0.0,96809.93086961865,0.0,45.42922592163086,-3190.069130381317,0.0,16371.671029363331,-0.20840397957900458,True
2023-10-16,96809.93086961865,0.0,0.0,96809.93086961865,0.0,46.06279373168945,-3190.069130381317,0.0,16371.671029363331,-0.20840397957900458,True
2023-10-17,96809.93086961865,0.0,0.0,96809.93086961865,0.0,43.90729904174805,-3190.069130381317,0.0,16371.671029363331,-0.20840397957900458,True
2023-10-18,96809.93086961865,0.0,0.0,96809.93086961865,0.0,42.1665153503418,-3190.069130381317,0.0,16371.671029363331,-0.20840397957900458,True
2023-10-19,96809.93086961865,0.0,0.0,96809.93086961865,0.0,42.07158279418945,-3190.069130381317,0.0,16371.671029363331,-0.20840397957900458,True
2023-10-20,96809.93086961865,0.0,0.0,96809.93086961865,0.0,41.35807418823242,-3190.069130381317,0.0,16371.671029363331,-0.20840397957900458,True
2023-10-23,96809.93086961865,0.0,0.0,96809.93086961865,0.0,42.94497299194336,-3190.069130381317,0.0,16371.671029363331,-0.20840397957900458,True
2023-10-24,96809.93086961865,0.0,0.0,96809.93086961865,0.0,43.63249206542969,-3190.069130381317,0.0,16371.671029363331,-0.20840397957900458,True
2023-10-25,96809.93086961865,0.0,0.0,96809.93086961865,0.0,41.74980926513672,-3190.069130381317,0.0,16371.671029363331,-0.20840397957900458,True
2023-10-26,96809.93086961865,0.0,0.0,96809.93086961865,0.0,40.297821044921875,-3190.069130381317,0.0,16371.671029363331,-0.20840397957900458,True
2023-10-27,96809.93086961865,0.0,0.0,96809.93086961865,0.0,40.47169876098633,-3190.069130381317,0.0,16371.671029363331,-0.20840397957900458,True
2023-10-30,96809.93086961865,0.0,0.0,96809.93086961865,0.0,41.13224029541016,-3190.069130381317,0.0,16371.671029363331,-0.20840397957900458,True
2023-10-31,96809.93086961865,0.0,0.0,96809.93086961865,0.0,40.751502990722656,-3190.069130381317,0.0,16371.671029363331,-0.20840397957900458,True
2023-11-01,96809.93086961865,0.0,0.0,96809.93086961865,0.0,42.29542922973633,-3190.069130381317,0.0,16371.671029363331,-0.20840397957900458,True
2023-11-02,96809.93086961865,0.0,0.0,96809.93086961865,0.0,43.4755973815918,-3190.069130381317,0.0,16371.671029363331,-0.20840397957900458,True
2023-11-03,96809.93086961865,0.0,0.0,96809.93086961865,0.0,44.97355270385742,-3190.069130381317,0.0,16371.671029363331,-0.20840397957900458,True
2023-11-06,96809.93086961865,0.0,0.0,96809.93086961865,0.0,45.71903610229492,-3190.069130381317,0.0,16371.671029363331,-0.20840397957900458,True
2023-11-07,96809.93086961865,0.0,0.0,96809.93086961865,0.0,45.922889709472656,-3190.069130381317,0.0,16371.671029363331,-0.20840397957900458,True
2023-11-08,96809.93086961865,0.0,0.0,96809.93086961865,0.0,46.54145431518555,-3190.069130381317,0.0,16371.671029363331,-0.20840397957900458,True
2023-11-09,96809.93086961865,0.0,0.0,96809.93086961865,0.0,46.91719055175781,-3190.069130381317,0.0,16371.671029363331,-0.20840397957900458,True
2023-11-10,96809.93086961865,0.0,0.0,96809.93086961865,0.0,48.30122375488281,-3190.069130381317,0.0,16371.671029363331,-0.20840397957900458,True
2023-11-13,96809.93086961865,0.0,0.0,96809.93086961865,0.0,48.58601379394531,-3190.069130381317,0.0,16371.671029363331,-0.20840397957900458,True
2023-11-14,96809.93086961865,0.0,0.0,96809.93086961865,0.0,49.62130355834961,-3190.069130381317,0.0,16371.671029363331,-0.20840397957900458,True
2023-11-15,96809.93086961865,0.0,0.0,96809.93086961865,0.0,48.85383605957031,-3190.069130381317,0.0,16371.671029363331,-0.20840397957900458,True
2023-11-16,96809.93086961865,0.0,0.0,96809.93086961865,0.0,49.44542694091797,-3190.069130381317,0.0,16371.671029363331,-0.20840397957900458,True
2023-11-17,96809.93086961865,0.0,0.0,96809.93086961865,0.0,49.263553619384766,-3190.069130381317,0.0,16371.671029363331,-0.20840397957900458,True
2023-11-20,96809.93086961865,0.0,0.0,96809.93086961865,0.0,50.373775482177734,-3190.069130381317,0.0,16371.671029363331,-0.20840397957900458,True
2023-11-21,96809.93086961865,0.0,0.0,96809.93086961865,0.0,49.90910339355469,-3190.069130381317,0.0,16371.671029363331,-0.20840397957900458,True
2023-11-22,96809.93086961865,0.0,0.0,96809.93086961865,0.0,48.68195724487305,-3190.069130381317,0.0,16371.671029363331,-0.20840397957900458,True
2023-11-24,96809.93086961865,0.0,0.0,96809.93086961865,0.0,47.74261093139648,-3190.069130381317,0.0,16371.671029363331,-0.20840397957900458,True
2023-11-27,96809.93086961865,0.0,0.0,96809.93086961865,0.0,48.20828628540039,-3190.069130381317,0.0,16371.671029363331,-0.20840397957900458,True
2023-11-28,96809.93086961865,0.0,0.0,96809.93086961865,0.0,47.78758239746094,-3190.069130381317,0.0,16371.671029363331,-0.20840397957900458,True
2023-11-29,96809.93086961865,0.0,0.0,96809.93086961865,0.0,48.10636520385742,-3190.069130381317,0.0,16371.671029363331,-0.20840397957900458,True
2023-11-30,96809.93086961865,0.0,0.0,96809.93086961865,0.0,46.73732376098633,-3190.069130381317,0.0,16371.671029363331,-0.20840397957900458,True
2023-12-01,96809.93086961865,0.0,0.0,96809.93086961865,0.0,46.732322692871094,-3190.069130381317,0.0,16371.671029363331,-0.20840397957900458,True
2023-12-04,96809.93086961865,0.0,0.0,96809.93086961865,0.0,45.47819519042969,-3190.069130381317,0.0,16371.671029363331,-0.20840397957900458,True
2023-12-05,96809.93086961865,0.0,0.0,96809.93086961865,0.0,46.53755569458008,-3190.069130381317,0.0,16371.671029363331,-0.20840397957900458,True
2023-12-06,96809.93086961865,0.0,0.0,96809.93086961865,0.0,45.475196838378906,-3190.069130381317,0.0,16371.671029363331,-0.20840397957900458,True
2023-12-07,96809.93086961865,0.0,0.0,96809.93086961865,0.0,46.567535400390625,-3190.069130381317,0.0,16371.671029363331,-0.20840397957900458,True
2023-12-08,96809.93086961865,0.0,0.0,96809.93086961865,0.0,47.47697830200195,-3190.069130381317,0.0,16371.671029363331,-0.20840397957900458,True
2023-12-11,96809.93086961865,0.0,0.0,96809.93086961865,0.0,46.59851837158203,-3190.069130381317,0.0,16371.671029363331,-0.20840397957900458,True
2023-12-12,96809.93086961865,0.0,0.0,96809.93086961865,0.0,47.62788772583008,-3190.069130381317,0.0,16371.671029363331,-0.20840397957900458,True
2023-12-13,96809.93086961865,0.0,0.0,96809.93086961865,0.0,48.05862808227539,-3190.069130381317,0.0,16371.671029363331,-0.20840397957900458,True
2023-12-14,96809.93086961865,0.0,0.0,96809.93086961865,0.0,48.320457458496094,-3190.069130381317,0.0,16371.671029363331,-0.20840397957900458,True
2023-12-15,96809.93086961865,0.0,0.0,96809.93086961865,0.0,48.86012649536133,-3190.069130381317,0.0,16371.671029363331,-0.20840397957900458,True
2023-12-18,96809.93086961865,0.0,0.0,96809.93086961865,0.0,50.04641342163086,-3190.069130381317,0.0,16371.671029363331,-0.20840397957900458,True
2023-12-19,96809.93086961865,0.0,0.0,96809.93086961865,0.0,49.57368850708008,-3190.069130381317,0.0,16371.671029363331,-0.20840397957900458,True
2023-12-20,96809.93086961865,0.0,0.0,96809.93086961865,0.0,48.08161163330078,-3190.069130381317,0.0,16371.671029363331,-0.20840397957900458,True
2023-12-21,96809.93086961865,0.0,0.0,96809.93086961865,0.0,48.9600715637207,-3190.069130381317,0.0,16371.671029363331,-0.20840397957900458,True
2023-12-22,96809.93086961865,0.0,0.0,96809.93086961865,0.0,48.800174713134766,-3190.069130381317,0.0,16371.671029363331,-0.20840397957900458,True
2023-12-26,96809.93086961865,0.0,0.0,96809.93086961865,0.0,49.24889373779297,-3190.069130381317,0.0,16371.671029363331,-0.20840397957900458,True
2023-12-27,96809.93086961865,0.0,0.0,96809.93086961865,0.0,49.386810302734375,-3190.069130381317,0.0,16371.671029363331,-0.20840397957900458,True
2023-12-28,96809.93086961865,0.0,0.0,96809.93086961865,0.0,49.49174880981445,-3190.069130381317,0.0,16371.671029363331,-0.20840397957900458,True
2023-12-29,96809.93086961865,0.0,0.0,96809.93086961865,0.0,49.49174880981445,-3190.069130381317,0.0,16371.671029363331,-0.20840397957900458,True
2024-01-02,96809.93086961865,0.0,0.0,96809.93086961865,0.0,48.138572692871094,-3190.069130381317,0.0,16371.671029363331,-0.20840397957900458,True
2024-01-03,96809.93086961865,0.0,0.0,96809.93086961865,0.0,47.539939880371094,-3190.069130381317,0.0,16371.671029363331,-0.20840397957900458,True
2024-01-04,96809.93086961865,0.0,0.0,96809.93086961865,0.0,47.96868133544922,-3190.069130381317,0.0,16371.671029363331,-0.20840397957900458,True
2024-01-05,96809.93086961865,0.0,0.0,96809.93086961865,0.0,49.0670051574707,-3190.069130381317,0.0,16371.671029363331,-0.20840397957900458,True
2024-01-08,96809.93086961865,0.0,0.0,96809.93086961865,0.0,52.22107696533203,-3190.069130381317,0.0,16371.671029363331,-0.20840397957900458,True
2024-01-09,96809.93086961865,0.0,0.0,96809.93086961865,0.0,53.10753631591797,-3190.069130381317,0.0,16371.671029363331,-0.20840397957900458,True
2024-01-10,96809.93086961865,0.0,0.0,96809.93086961865,0.0,54.31679916381836,-3190.069130381317,0.0,16371.671029363331,-0.20840397957900458,True
2024-01-11,96809.93086961865,0.0,0.0,96809.93086961865,0.0,54.78850555419922,-3190.069130381317,0.0,16371.671029363331,-0.20840397957900458,True
2024-01-12,96809.93086961865,0.0,0.0,96809.93086961865,0.0,54.67657470703125,-3190.069130381317,0.0,16371.671029363331,-0.20840397957900458,True
2024-01-16,96809.93086961865,0.0,0.0,96809.93086961865,0.0,56.347557067871094,-3190.069130381317,0.0,16371.671029363331,-0.20840397957900458,True
2024-01-17,96809.93086961865,0.0,0.0,96809.93086961865,0.0,56.018760681152344,-3190.069130381317,0.0,16371.671029363331,-0.20840397957900458,True
2024-01-18,96809.93086961865,0.0,0.0,96809.93086961865,0.0,57.07210922241211,-3190.069130381317,0.0,16371.671029363331,-0.20840397957900458,True
2024-01-19,96809.93086961865,0.0,0.0,96809.93086961865,0.0,59.45466232299805,-3190.069130381317,0.0,16371.671029363331,-0.20840397957900458,True
2024-01-22,96809.93086961865,0.0,0.0,96809.93086961865,0.0,59.61756134033203,-3190.069130381317,0.0,16371.671029363331,-0.20840397957900458,True
2024-01-23,96809.93086961865,0.0,0.0,96809.93086961865,0.0,59.836429595947266,-3190.069130381317,0.0,16371.671029363331,-0.20840397957900458,True
2024-01-24,96809.93086961865,0.0,0.0,96809.93086961865,0.0,61.324520111083984,-3190.069130381317,0.0,16371.671029363331,-0.20840397957900458,True
2024-01-25,96809.93086961865,0.0,0.0,96809.93086961865,0.0,61.57935333251953,-3190.069130381317,0.0,16371.671029363331,-0.20840397957900458,True
2024-01-26,96809.93086961865,0.0,0.0,96809.93086961865,0.0,60.99371719360352,-3190.069130381317,0.0,16371.671029363331,-0.20840397957900458,True
2024-01-29,96809.93086961865,0.0,0.0,96809.93086961865,0.0,62.42683792114258,-3190.069130381317,0.0,16371.671029363331,-0.20840397957900458,True
2024-01-30,96809.93086961865,0.0,0.0,96809.93086961865,0.0,62.73564910888672,-3190.069130381317,0.0,16371.671029363331,-0.20840397957900458,True
2024-01-31,96809.93086961865,0.0,0.0,96809.93086961865,0.0,61.48941802978515,-3190.069130381317,0.0,16371.671029363331,-0.20840397957900458,True
2024-02-01,96809.93086961865,0.0,0.0,96809.93086961865,0.0,62.988494873046875,-3190.069130381317,0.0,16371.671029363331,-0.20840397957900458,True
2024-02-02,96809.93086961865,0.0,0.0,96809.93086961865,0.0,66.11959838867188,-3190.069130381317,0.0,16371.671029363331,-0.20840397957900458,True
2024-02-05,96809.93086961865,0.0,0.0,96809.93086961865,0.0,69.28964233398438,-3190.069130381317,0.0,16371.671029363331,-0.20840397957900458,True
2024-02-06,96809.93086961865,0.0,0.0,96809.93086961865,0.0,68.18132019042969,-3190.069130381317,0.0,16371.671029363331,-0.20840397957900458,True
2024-02-07,96809.93086961865,0.0,0.0,96809.93086961865,0.0,70.05616760253906,-3190.069130381317,0.0,16371.671029363331,-0.20840397957900458,True
2024-02-08,96809.93086961865,0.0,0.0,96809.93086961865,0.0,69.59844970703125,-3190.069130381317,0.0,16371.671029363331,-0.20840397957900458,True
2024-02-09,96809.93086961865,0.0,0.0,96809.93086961865,0.0,72.08894348144531,-3190.069130381317,0.0,16371.671029363331,-0.20840397957900458,True
2024-02-12,96809.93086961865,0.0,0.0,96809.93086961865,0.0,72.20386505126953,-3190.069130381317,0.0,16371.671029363331,-0.20840397957900458,True
2024-02-13,96809.93086961865,0.0,0.0,96809.93086961865,0.0,72.08393859863281,-3190.069130381317,0.0,16371.671029363331,-0.20840397957900458,True
2024-02-14,96809.93086961865,0.0,0.0,96809.93086961865,0.0,73.8548583984375,-3190.069130381317,0.0,16371.671029363331,-0.20840397957900458,True
2024-02-15,96809.93086961865,0.0,0.0,96809.93086961865,0.0,72.61360931396484,-3190.069130381317,0.0,16371.671029363331,-0.20840397957900458,True
2024-02-16,96809.93086961865,0.0,0.0,96809.93086961865,0.0,72.5686264038086,-3190.069130381317,0.0,16371.671029363331,-0.20840397957900458,True
2024-02-20,96809.93086961865,0.0,0.0,96809.93086961865,0.0,69.4095687866211,-3190.069130381317,0.0,16371.671029363331,-0.20840397957900458,True
2024-02-21,96809.93086961865,0.0,0.0,96809.93086961865,0.0,67.4307861328125,-3190.069130381317,0.0,16371.671029363331,-0.20840397957900458,True
2024-02-22,96809.93086961865,0.0,0.0,96809.93086961865,0.0,78.49002075195312,-3190.069130381317,0.0,16371.671029363331,-0.20840397957900458,True
2024-02-23,96809.93086961865,0.0,0.0,96809.93086961865,0.0,78.76885223388672,-3190.069130381317,0.0,16371.671029363331,-0.20840397957900458,True
2024-02-26,96809.93086961865,0.0,0.0,96809.93086961865,0.0,79.04369354248047,-3190.069130381317,0.0,16371.671029363331,-0.20840397957900458,True
2024-02-27,96809.93086961865,0.0,0.0,96809.93086961865,0.0,78.65290832519531,-3190.069130381317,0.0,16371.671029363331,-0.20840397957900458,True
2024-02-28,96809.93086961865,0.0,0.0,96809.93086961865,0.0,77.61556243896484,-3190.069130381317,0.0,16371.671029363331,-0.20840397957900458,True
2024-02-29,96809.93086961865,0.0,0.0,96809.93086961865,0.0,79.06365966796875,-3190.069130381317,0.0,16371.671029363331,-0.20840397957900458,True
2024-03-01,96809.93086961865,0.0,0.0,96809.93086961865,0.0,82.22872161865234,-3190.069130381317,0.0,16371.671029363331,-0.20840397957900458,True
2024-03-04,96809.93086961865,0.0,0.0,96809.93086961865,0.0,85.18492889404297,-3190.069130381317,0.0,16371.671029363331,-0.20840397957900458,True
2024-03-05,96809.93086961865,0.0,0.0,96809.93086961865,0.0,85.91551971435547,-3190.069130381317,0.0,16371.671029363331,-0.20840397957900458,True
2024-03-06,96809.93086961865,0.0,0.0,96809.93086961865,0.0,88.64997100830078,-3190.069130381317,0.0,16371.671029363331,-0.20840397957900458,True
2024-03-07,96809.93086961865,0.0,0.0,96809.93086961865,0.0,92.6167221069336,-3190.069130381317,0.0,16371.671029363331,-0.20840397957900458,True
2024-03-08,96809.93086961865,0.0,0.0,96809.93086961865,0.0,87.4786376953125,-3190.069130381317,0.0,16371.671029363331,-0.20840397957900458,True
2024-03-11,96809.93086961865,0.0,0.0,96809.93086961865,0.0,85.72563171386719,-3190.069130381317,0.0,16371.671029363331,-0.20840397957900458,True
2024-03-12,96809.93086961865,0.0,0.0,96809.93086961865,0.0,91.86116027832033,-3190.069130381317,0.0,16371.671029363331,-0.20840397957900458,True
2024-03-13,96809.93086961865,0.0,0.0,96809.93086961865,0.0,90.83673095703124,-3190.069130381317,0.0,16371.671029363331,-0.20840397957900458,True
2024-03-14,96809.93086961865,0.0,0.0,96809.93086961865,0.0,87.89439392089844,-3190.069130381317,0.0,16371.671029363331,-0.20840397957900458,True
2024-03-15,96809.93086961865,0.0,0.0,96809.93086961865,0.0,87.7874526977539,-3190.069130381317,0.0,16371.671029363331,-0.20840397957900458,True
2024-03-18,96809.93086961865,0.0,0.0,96809.93086961865,0.0,88.40511322021484,-3190.069130381317,0.0,16371.671029363331,-0.20840397957900458,True
2024-03-19,96809.93086961865,0.0,0.0,96809.93086961865,0.0,89.34757995605469,-3190.069130381317,0.0,16371.671029363331,-0.20840397957900458,True
2024-03-20,96809.93086961865,0.0,0.0,96809.93086961865,0.0,90.32102966308594,-3190.069130381317,0.0,16371.671029363331,-0.20840397957900458,True
2024-03-21,96809.93086961865,0.0,0.0,96809.93086961865,0.0,91.3834228515625,-3190.069130381317,0.0,16371.671029363331,-0.20840397957900458,True
2024-03-22,96809.93086961865,0.0,0.0,96809.93086961865,0.0,94.2358169555664,-3190.069130381317,0.0,16371.671029363331,-0.20840397957900458,True
2024-03-25,96809.93086961865,0.0,0.0,96809.93086961865,0.0,94.94841003417967,-3190.069130381317,0.0,16371.671029363331,-0.20840397957900458,True
2024-03-26,96809.93086961865,0.0,0.0,96809.93086961865,0.0,92.50879669189452,-3190.069130381317,0.0,16371.671029363331,-0.20840397957900458,True
2024-03-27,96809.93086961865,0.0,0.0,96809.93086961865,0.0,90.1990966796875,-3190.069130381317,0.0,16371.671029363331,-0.20840397957900458,True
2024-03-28,96809.93086961865,0.0,0.0,96809.93086961865,0.0,90.3050308227539,-3190.069130381317,0.0,16371.671029363331,-0.20840397957900458,True
2024-04-01,96809.93086961865,0.0,0.0,96809.93086961865,0.0,90.31202697753906,-3190.069130381317,0.0,16371.671029363331,-0.20840397957900458,True
2024-04-02,96809.93086961865,0.0,0.0,96809.93086961865,0.0,89.40155792236328,-3190.069130381317,0.0,16371.671029363331,-0.20840397957900458,True
2024-04-03,96809.93086961865,0.0,0.0,96809.93086961865,0.0,88.91382598876953,-3190.069130381317,0.0,16371.671029363331,-0.20840397957900458,True
2024-04-04,96809.93086961865,0.0,0.0,96809.93086961865,0.0,85.85653686523438,-3190.069130381317,0.0,16371.671029363331,-0.20840397957900458,True
2024-04-05,96809.93086961865,0.0,0.0,96809.93086961865,0.0,87.95836639404297,-3190.069130381317,0.0,16371.671029363331,-0.20840397957900458,True
2024-04-08,96809.93086961865,0.0,0.0,96809.93086961865,0.0,87.0838623046875,-3190.069130381317,0.0,16371.671029363331,-0.20840397957900458,True
2024-04-09,96809.93086961865,0.0,0.0,96809.93086961865,0.0,85.30583953857422,-3190.069130381317,0.0,16371.671029363331,-0.20840397957900458,True
2024-04-10,96809.93086961865,0.0,0.0,96809.93086961865,0.0,86.98991394042969,-3190.069130381317,0.0,16371.671029363331,-0.20840397957900458,True
2024-04-11,96809.93086961865,0.0,0.0,96809.93086961865,0.0,90.56488037109376,-3190.069130381317,0.0,16371.671029363331,-0.20840397957900458,True
2024-04-12,96809.93086961865,0.0,0.0,96809.93086961865,0.0,88.13626861572266,-3190.069130381317,0.0,16371.671029363331,-0.20840397957900458,True
2024-04-15,96809.93086961865,0.0,0.0,96809.93086961865,0.0,85.9524917602539,-3190.069130381317,0.0,16371.671029363331,-0.20840397957900458,True
2024-04-16,96809.93086961865,0.0,0.0,96809.93086961865,0.0,87.36569213867188,-3190.069130381317,0.0,16371.671029363331,-0.20840397957900458,True
2024-04-17,96809.93086961865,0.0,0.0,96809.93086961865,0.0,83.98759460449219,-3190.069130381317,0.0,16371.671029363331,-0.20840397957900458,True
2024-04-18,96809.93086961865,0.0,0.0,96809.93086961865,0.0,84.62323760986328,-3190.069130381317,0.0,16371.671029363331,-0.20840397957900458,True
2024-04-19,96809.93086961865,0.0,0.0,96809.93086961865,0.0,76.15702819824219,-3190.069130381317,0.0,16371.671029363331,-0.20840397957900458,True
2024-04-22,96809.93086961865,0.0,0.0,96809.93086961865,0.0,79.47315216064453,-3190.069130381317,0.0,16371.671029363331,-0.20840397957900458,True
2024-04-23,96809.93086961865,0.0,0.0,96809.93086961865,0.0,82.37651062011719,-3190.069130381317,0.0,16371.671029363331,-0.20840397957900458,True
2024-04-24,96809.93086961865,0.0,0.0,96809.93086961865,0.0,79.63206481933594,-3190.069130381317,0.0,16371.671029363331,-0.20840397957900458,True
2024-04-25,96809.93086961865,0.0,0.0,96809.93086961865,0.0,82.58538818359375,-3190.069130381317,0.0,16371.671029363331,-0.20840397957900458,True
2024-04-26,96809.93086961865,0.0,0.0,96809.93086961865,0.0,87.6855239868164,-3190.069130381317,0.0,16371.671029363331,-0.20840397957900458,True
2024-04-29,96809.93086961865,0.0,0.0,96809.93086961865,0.0,87.70751190185547,-3190.069130381317,0.0,16371.671029363331,-0.20840397957900458,True
2024-04-30,96809.93086961865,0.0,0.0,96809.93086961865,0.0,86.353271484375,-3190.069130381317,0.0,16371.671029363331,-0.20840397957900458,True
2024-05-01,96809.93086961865,0.0,0.0,96809.93086961865,0.0,82.99415588378906,-3190.069130381317,0.0,16371.671029363331,-0.20840397957900458,True
2024-05-02,96809.93086961865,0.0,0.0,96809.93086961865,0.0,85.76859283447266,-3190.069130381317,0.0,16371.671029363331,-0.20840397957900458,True
2024-05-03,96809.93086961865,0.0,0.0,96809.93086961865,0.0,88.7389144897461,-3190.069130381317,0.0,16371.671029363331,-0.20840397957900458,True
2024-05-06,96809.93086961865,0.0,0.0,96809.93086961865,0.0,92.08802795410156,-3190.069130381317,0.0,16371.671029363331,-0.20840397957900458,True
2024-05-07,96809.93086961865,0.0,0.0,96809.93086961865,0.0,90.5029296875,-3190.069130381317,0.0,16371.671029363331,-0.20840397957900458,True
2024-05-08,96809.93086961865,0.0,0.0,96809.93086961865,0.0,90.36101531982422,-3190.069130381317,0.0,16371.671029363331,-0.20840397957900458,True
2024-05-09,96809.93086961865,0.0,0.0,96809.93086961865,0.0,88.69695281982422,-3190.069130381317,0.0,16371.671029363331,-0.20840397957900458,True
2024-05-10,96809.93086961865,0.0,0.0,96809.93086961865,0.0,89.82731628417969,-3190.069130381317,0.0,16371.671029363331,-0.20840397957900458,True
2024-05-13,96809.93086961865,0.0,0.0,96809.93086961865,0.0,90.3480224609375,-3190.069130381317,0.0,16371.671029363331,-0.20840397957900458,True
2024-05-14,96809.93086961865,0.0,0.0,96809.93086961865,0.0,91.30447387695312,-3190.069130381317,0.0,16371.671029363331,-0.20840397957900458,True
2024-05-15,96809.93086961865,0.0,0.0,96809.93086961865,0.0,94.57662200927734,-3190.069130381317,0.0,16371.671029363331,-0.20840397957900458,True
2024-05-16,96809.93086961865,0.0,0.0,96809.93086961865,0.0,94.30579376220705,-3190.069130381317,0.0,16371.671029363331,-0.20840397957900458,True
2024-05-17,96809.93086961865,0.0,0.0,96809.93086961865,0.0,92.42684173583984,-3190.069130381317,0.0,16371.671029363331,-0.20840397957900458,True
2024-05-20,96809.93086961865,0.0,0.0,96809.93086961865,0.0,94.72655487060548,-3190.069130381317,0.0,16371.671029363331,-0.20840397957900458,True
2024-05-21,96809.93086961865,0.0,0.0,96809.93086961865,0.0,95.33219909667967,-3190.069130381317,0.0,16371.671029363331,-0.20840397957900458,True
2024-05-22,96809.93086961865,0.0,0.0,96809.93086961865,0.0,94.89645385742188,-3190.069130381317,0.0,16371.671029363331,-0.20840397957900458,True
2024-05-23,96809.93086961865,0.0,0.0,96809.93086961865,0.0,103.74047088623048,-3190.069130381317,0.0,16371.671029363331,-0.20840397957900458,True
2024-05-24,96809.93086961865,0.0,0.0,96809.93086961865,0.0,106.4089584350586,-3190.069130381317,0.0,16371.671029363331,-0.20840397957900458,True
2024-05-28,96809.93086961865,0.0,0.0,96809.93086961865,0.0,113.83676147460938,-3190.069130381317,0.0,16371.671029363331,-0.20840397957900458,True
2024-05-29,96809.93086961865,0.0,0.0,96809.93086961865,0.0,114.7602310180664,-3190.069130381317,0.0,16371.671029363331,-0.20840397957900458,True
2024-05-30,96809.93086961865,0.0,0.0,96809.93086961865,0.0,110.43766784667967,-3190.069130381317,0.0,16371.671029363331,-0.20840397957900458,True
2024-05-31,96809.93086961865,0.0,0.0,96809.93086961865,0.0,109.5711669921875,-3190.069130381317,0.0,16371.671029363331,-0.20840397957900458,True
2024-06-03,96809.93086961865,0.0,0.0,96809.93086961865,0.0,114.93513488769533,-3190.069130381317,0.0,16371.671029363331,-0.20840397957900458,True
2024-06-04,96809.93086961865,0.0,0.0,96809.93086961865,0.0,116.37133026123048,-3190.069130381317,0.0,16371.671029363331,-0.20840397957900458,True
2024-06-05,96809.93086961865,0.0,0.0,96809.93086961865,0.0,122.3709487915039,-3190.069130381317,0.0,16371.671029363331,-0.20840397957900458,True
2024-06-06,96809.93086961865,0.0,0.0,96809.93086961865,0.0,120.92976379394533,-3190.069130381317,0.0,16371.671029363331,-0.20840397957900458,True
2024-06-07,96809.93086961865,0.0,0.0,96809.93086961865,0.0,120.81982421875,-3190.069130381317,0.0,16371.671029363331,-0.20840397957900458,True
2024-06-10,96809.93086961865,0.0,0.0,96809.93086961865,0.0,121.72130584716795,-3190.069130381317,0.0,16371.671029363331,-0.20840397957900458,True
2024-06-11,96809.93086961865,0.0,0.0,96809.93086961865,0.0,120.85173034667967,-3190.069130381317,0.0,16371.671029363331,-0.20840397957900458,True
2024-06-12,96809.93086961865,0.0,0.0,96809.93086961865,0.0,125.1396713256836,-3190.069130381317,0.0,16371.671029363331,-0.20840397957900458,True
2024-06-13,96809.93086961865,0.0,0.0,96809.93086961865,0.0,129.5475311279297,-3190.069130381317,0.0,16371.671029363331,-0.20840397957900458,True
2024-06-14,96809.93086961865,0.0,0.0,96809.93086961865,0.0,131.8164520263672,-3190.069130381317,0.0,16371.671029363331,-0.20840397957900458,True
2024-06-17,96809.93086961865,0.0,0.0,96809.93086961865,0.0,130.9168701171875,-3190.069130381317,0.0,16371.671029363331,-0.20840397957900458,True
2024-06-18,96809.93086961865,0.0,0.0,96809.93086961865,0.0,135.51466369628906,-3190.069130381317,0.0,16371.671029363331,-0.20840397957900458,True
2024-06-20,96809.93086961865,0.0,0.0,96809.93086961865,0.0,130.71697998046875,-3190.069130381317,0.0,16371.671029363331,-0.20840397957900458,True
2024-06-21,96809.93086961865,0.0,0.0,96809.93086961865,0.0,126.50899505615234,-3190.069130381317,0.0,16371.671029363331,-0.20840397957900458,True
2024-06-24,96809.93086961865,0.0,0.0,96809.93086961865,0.0,118.0530776977539,-3190.069130381317,0.0,16371.671029363331,-0.20840397957900458,True
2024-06-25,96809.93086961865,0.0,0.0,96809.93086961865,0.0,126.02922821044922,-3190.069130381317,0.0,16371.671029363331,-0.20840397957900458,True
2024-06-26,96809.93086961865,0.0,0.0,96809.93086961865,0.0,126.33908081054688,-3190.069130381317,0.0,16371.671029363331,-0.20840397957900458,True
2024-06-27,96809.93086961865,0.0,0.0,96809.93086961865,0.0,123.93024444580078,-3190.069130381317,0.0,16371.671029363331,-0.20840397957900458,True
2024-06-28,96809.93086961865,0.0,0.0,96809.93086961865,0.0,123.48046875,-3190.069130381317,0.0,16371.671029363331,-0.20840397957900458,True
2024-07-01,96809.93086961865,0.0,0.0,96809.93086961865,0.0,124.24009704589844,-3190.069130381317,0.0,16371.671029363331,-0.20840397957900458,True
2024-07-02,96809.93086961865,0.0,0.0,96809.93086961865,0.0,122.61087036132812,-3190.069130381317,0.0,16371.671029363331,-0.20840397957900458,True
2024-07-03,96809.93086961865,0.0,0.0,96809.93086961865,0.0,128.21817016601562,-3190.069130381317,0.0,16371.671029363331,-0.20840397957900458,True
2024-07-05,96809.93086961865,0.0,0.0,96809.93086961865,0.0,125.76936340332033,-3190.069130381317,0.0,16371.671029363331,-0.20840397957900458,True
2024-07-08,96809.93086961865,0.0,0.0,96809.93086961865,0.0,128.13819885253906,-3190.069130381317,0.0,16371.671029363331,-0.20840397957900458,True
2024-07-09,96809.93086961865,0.0,0.0,96809.93086961865,0.0,131.3166961669922,-3190.069130381317,0.0,16371.671029363331,-0.20840397957900458,True
2024-07-10,96809.93086961865,0.0,0.0,96809.93086961865,0.0,134.84498596191406,-3190.069130381317,0.0,16371.671029363331,-0.20840397957900458,True
2024-07-11,96809.93086961865,0.0,0.0,96809.93086961865,0.0,127.3386001586914,-3190.069130381317,0.0,16371.671029363331,-0.20840397957900458,True
2024-07-12,96809.93086961865,0.0,0.0,96809.93086961865,0.0,129.177734375,-3190.069130381317,0.0,16371.671029363331,-0.20840397957900458,True
2024-07-15,96809.93086961865,0.0,0.0,96809.93086961865,0.0,128.37811279296875,-3190.069130381317,0.0,16371.671029363331,-0.20840397957900458,True
2024-07-16,96809.93086961865,0.0,0.0,96809.93086961865,0.0,126.29910278320312,-3190.069130381317,0.0,16371.671029363331,-0.20840397957900458,True
2024-07-17,96809.93086961865,0.0,0.0,96809.93086961865,0.0,117.93313598632812,-3190.069130381317,0.0,16371.671029363331,-0.20840397957900458,True
2024-07-18,96809.93086961865,0.0,0.0,96809.93086961865,0.0,121.0316390991211,-3190.069130381317,0.0,16371.671029363331,-0.20840397957900458,True
2024-07-19,96809.93086961865,0.0,0.0,96809.93086961865,0.0,117.87316131591795,-3190.069130381317,0.0,16371.671029363331,-0.20840397957900458,True
2024-07-22,96809.93086961865,0.0,0.0,96809.93086961865,0.0,123.48046875,-3190.069130381317,0.0,16371.671029363331,-0.20840397957900458,True
2024-07-23,96809.93086961865,0.0,0.0,96809.93086961865,0.0,122.53092193603516,-3190.069130381317,0.0,16371.671029363331,-0.20840397957900458,True
2024-07-24,96809.93086961865,0.0,0.0,96809.93086961865,0.0,114.1949462890625,-3190.069130381317,0.0,16371.671029363331,-0.20840397957900458,True
2024-07-25,96809.93086961865,0.0,0.0,96809.93086961865,0.0,112.22589111328124,-3190.069130381317,0.0,16371.671029363331,-0.20840397957900458,True
2024-07-26,96809.93086961865,0.0,0.0,96809.93086961865,0.0,113.00550079345705,-3190.069130381317,0.0,16371.671029363331,-0.20840397957900458,True
2024-07-29,96809.93086961865,0.0,0.0,96809.93086961865,0.0,111.53621673583984,-3190.069130381317,0.0,16371.671029363331,-0.20840397957900458,True
2024-07-30,96809.93086961865,0.0,0.0,96809.93086961865,0.0,103.68000030517578,-3190.069130381317,0.0,16371.671029363331,-0.20840397957900458,True
2024-07-31,96809.93086961865,0.0,0.0,96809.93086961865,0.0,116.96358489990234,-3190.069130381317,0.0,16371.671029363331,-0.20840397957900458,True
2024-08-01,96809.93086961865,0.0,0.0,96809.93086961865,0.0,109.15736389160156,-3190.069130381317,0.0,16371.671029363331,-0.20840397957900458,True
2024-08-02,96809.93086961865,0.0,0.0,96809.93086961865,0.0,107.21829986572266,-3190.069130381317,0.0,16371.671029363331,-0.20840397957900458,True
2024-08-05,96809.93086961865,0.0,0.0,96809.93086961865,0.0,100.4015884399414,-3190.069130381317,0.0,16371.671029363331,-0.20840397957900458,True
2024-08-06,96809.93086961865,0.0,0.0,96809.93086961865,0.0,104.19977569580078,-3190.069130381317,0.0,16371.671029363331,-0.20840397957900458,True
2024-08-07,96809.93086961865,0.0,0.0,96809.93086961865,0.0,98.86233520507812,-3190.069130381317,0.0,16371.671029363331,-0.20840397957900458,True
2024-08-08,96809.93086961865,0.0,0.0,96809.93086961865,0.0,104.9194107055664,-3190.069130381317,0.0,16371.671029363331,-0.20840397957900458,True
2024-08-09,96809.93086961865,0.0,0.0,96809.93086961865,0.0,104.69951629638672,-3190.069130381317,0.0,16371.671029363331,-0.20840397957900458,True
2024-08-12,96809.93086961865,0.0,0.0,96809.93086961865,0.0,108.96746063232422,-3190.069130381317,0.0,16371.671029363331,-0.20840397957900458,True
2024-08-13,96809.93086961865,0.0,0.0,96809.93086961865,0.0,116.08402252197266,-3190.069130381317,0.0,16371.671029363331,-0.20840397957900458,True
2024-08-14,96809.93086961865,0.0,0.0,96809.93086961865,0.0,118.02310180664062,-3190.069130381317,0.0,16371.671029363331,-0.20840397957900458,True
2024-08-15,96809.93086961865,0.0,0.0,96809.93086961865,0.0,122.80079650878906,-3190.069130381317,0.0,16371.671029363331,-0.20840397957900458,True
2024-08-16,96809.93086961865,0.0,0.0,96809.93086961865,0.0,124.51995849609376,-3190.069130381317,0.0,16371.671029363331,-0.20840397957900458,True
2024-08-19,96809.93086961865,0.0,0.0,96809.93086961865,0.0,129.93734741210938,-3190.069130381317,0.0,16371.671029363331,-0.20840397957900458,True
2024-08-20,96809.93086961865,0.0,0.0,96809.93086961865,0.0,127.1886749267578,-3190.069130381317,0.0,16371.671029363331,-0.20840397957900458,True
2024-08-21,96809.93086961865,0.0,0.0,96809.93086961865,0.0,128.4380645751953,-3190.069130381317,0.0,16371.671029363331,-0.20840397957900458,True
2024-08-22,96809.93086961865,0.0,0.0,96809.93086961865,0.0,123.68035125732422,-3190.069130381317,0.0,16371.671029363331,-0.20840397957900458,True
2024-08-23,96809.93086961865,0.0,0.0,96809.93086961865,0.0,129.30763244628906,-3190.069130381317,0.0,16371.671029363331,-0.20840397957900458,True
2024-08-26,96809.93086961865,0.0,0.0,96809.93086961865,0.0,126.39905548095705,-3190.069130381317,0.0,16371.671029363331,-0.20840397957900458,True
2024-08-27,96809.93086961865,0.0,0.0,96809.93086961865,0.0,128.23817443847656,-3190.069130381317,0.0,16371.671029363331,-0.20840397957900458,True
2024-08-28,96809.93086961865,0.0,0.0,96809.93086961865,0.0,125.54946899414062,-3190.069130381317,0.0,16371.671029363331,-0.20840397957900458,True
2024-08-29,96809.93086961865,0.0,0.0,96809.93086961865,0.0,117.5333251953125,-3190.069130381317,0.0,16371.671029363331,-0.20840397957900458,True
2024-08-30,96809.93086961865,0.0,0.0,96809.93086961865,0.0,119.31246948242188,-3190.069130381317,0.0,16371.671029363331,-0.20840397957900458,True
2024-09-03,96809.93086961865,0.0,0.0,96809.93086961865,0.0,107.9479522705078,-3190.069130381317,0.0,16371.671029363331,-0.20840397957900458,True
2024-09-04,96809.93086961865,0.0,0.0,96809.93086961865,0.0,106.15882110595705,-3190.069130381317,0.0,16371.671029363331,-0.20840397957900458,True
2024-09-05,96809.93086961865,0.0,0.0,96809.93086961865,0.0,107.15834045410156,-3190.069130381317,0.0,16371.671029363331,-0.20840397957900458,True
2024-09-06,96809.93086961865,0.0,0.0,96809.93086961865,0.0,102.78044128417967,-3190.069130381317,0.0,16371.671029363331,-0.20840397957900458,True
2024-09-09,96809.93086961865,0.0,0.0,96809.93086961865,0.0,106.41869354248048,-3190.069130381317,0.0,16371.671029363331,-0.20840397957900458,True
2024-09-10,96809.93086961865,0.0,0.0,96809.93086961865,0.0,108.0478973388672,-3190.069130381317,0.0,16371.671029363331,-0.20840397957900458,True
2024-09-11,96809.93086961865,0.0,0.0,96809.93086961865,0.0,116.8536605834961,-3190.069130381317,0.0,16371.671029363331,-0.20840397957900458,True
2024-09-12,96809.93086961865,0.0,0.0,96809.93086961865,0.0,119.09276580810548,-3190.069130381317,0.0,16371.671029363331,-0.20840397957900458,True
2024-09-13,96809.93086961865,0.0,0.0,96809.93086961865,0.0,119.0527801513672,-3190.069130381317,0.0,16371.671029363331,-0.20840397957900458,True
2024-09-16,96809.93086961865,0.0,0.0,96809.93086961865,0.0,116.73370361328124,-3190.069130381317,0.0,16371.671029363331,-0.20840397957900458,True
2024-09-17,96809.93086961865,0.0,0.0,96809.93086961865,0.0,115.54417419433594,-3190.069130381317,0.0,16371.671029363331,-0.20840397957900458,True
2024-09-18,96809.93086961865,0.0,0.0,96809.93086961865,0.0,113.3250503540039,-3190.069130381317,0.0,16371.671029363331,-0.20840397957900458,True
2024-09-19,96809.93086961865,0.0,0.0,96809.93086961865,0.0,117.82327270507812,-3190.069130381317,0.0,16371.671029363331,-0.20840397957900458,True
2024-09-20,96809.93086961865,0.0,0.0,96809.93086961865,0.0,115.95402526855467,-3190.069130381317,0.0,16371.671029363331,-0.20840397957900458,True
2024-09-23,96809.93086961865,0.0,0.0,96809.93086961865,0.0,116.2139129638672,-3190.069130381317,0.0,16371.671029363331,-0.20840397957900458,True
2024-09-24,96809.93086961865,0.0,0.0,96809.93086961865,0.0,120.82209014892578,-3190.069130381317,0.0,16371.671029363331,-0.20840397957900458,True
2024-09-25,96809.93086961865,0.0,0.0,96809.93086961865,0.0,123.4610366821289,-3190.069130381317,0.0,16371.671029363331,-0.20840397957900458,True
2024-09-26,96809.93086961865,0.0,0.0,96809.93086961865,0.0,123.9908218383789,-3190.069130381317,0.0,16371.671029363331,-0.20840397957900458,True
2024-09-27,96809.93086961865,0.0,0.0,96809.93086961865,0.0,121.35187530517578,-3190.069130381317,0.0,16371.671029363331,-0.20840397957900458,True
2024-09-30,96809.93086961865,0.0,0.0,96809.93086961865,0.0,121.39185333251952,-3190.069130381317,0.0,16371.671029363331,-0.20840397957900458,True
2024-10-01,96809.93086961865,0.0,0.0,96809.93086961865,0.0,116.95362091064452,-3190.069130381317,0.0,16371.671029363331,-0.20840397957900458,True
2024-10-02,96809.93086961865,0.0,0.0,96809.93086961865,0.0,118.80288696289062,-3190.069130381317,0.0,16371.671029363331,-0.20840397957900458,True
2024-10-03,96809.93086961865,0.0,0.0,96809.93086961865,0.0,122.80130004882812,-3190.069130381317,0.0,16371.671029363331,-0.20840397957900458,True
2024-10-04,96809.93086961865,0.0,0.0,96809.93086961865,0.0,124.87047576904295,-3190.069130381317,0.0,16371.671029363331,-0.20840397957900458,True
2024-10-07,96809.93086961865,0.0,0.0,96809.93086961865,0.0,127.66936492919922,-3190.069130381317,0.0,16371.671029363331,-0.20840397957900458,True
2024-10-08,96809.93086961865,0.0,0.0,96809.93086961865,0.0,132.83731079101562,-3190.069130381317,0.0,16371.671029363331,-0.20840397957900458,True
2024-10-09,96809.93086961865,0.0,0.0,96809.93086961865,0.0,132.59742736816406,-3190.069130381317,0.0,16371.671029363331,-0.20840397957900458,True
2024-10-10,96809.93086961865,0.0,0.0,96809.93086961865,0.0,134.7565460205078,-3190.069130381317,0.0,16371.671029363331,-0.20840397957900458,True
2024-10-11,96809.93086961865,0.0,0.0,96809.93086961865,0.0,134.74656677246094,-3190.069130381317,0.0,16371.671029363331,-0.20840397957900458,True
2024-10-14,96809.93086961865,0.0,0.0,96809.93086961865,0.0,138.01527404785156,-3190.069130381317,0.0,16371.671029363331,-0.20840397957900458,True
2024-10-15,96809.93086961865,0.0,0.0,96809.93086961865,0.0,131.54783630371094,-3190.069130381317,0.0,16371.671029363331,-0.20840397957900458,True
2024-10-16,96809.93086961865,0.0,0.0,96809.93086961865,0.0,135.66619873046875,-3190.069130381317,0.0,16371.671029363331,-0.20840397957900458,True
2024-10-17,96809.93086961865,0.0,0.0,96809.93086961865,0.0,136.87571716308594,-3190.069130381317,0.0,16371.671029363331,-0.20840397957900458,True
2024-10-18,96809.93086961865,0.0,0.0,96809.93086961865,0.0,137.94529724121094,-3190.069130381317,0.0,16371.671029363331,-0.20840397957900458,True
2024-10-21,96809.93086961865,0.0,0.0,96809.93086961865,0.0,143.6530303955078,-3190.069130381317,0.0,16371.671029363331,-0.20840397957900458,True
2024-10-22,96809.93086961865,0.0,0.0,96809.93086961865,0.0,143.5330810546875,-3190.069130381317,0.0,16371.671029363331,-0.20840397957900458,True
2024-10-23,96809.93086961865,0.0,0.0,96809.93086961865,0.0,139.50466918945312,-3190.069130381317,0.0,16371.671029363331,-0.20840397957900458,True
2024-10-24,96809.93086961865,0.0,0.0,96809.93086961865,0.0,140.35433959960938,-3190.069130381317,0.0,16371.671029363331,-0.20840397957900458,True
2024-10-25,96809.93086961865,0.0,0.0,96809.93086961865,0.0,141.48388671875,-3190.069130381317,0.0,16371.671029363331,-0.20840397957900458,True
2024-10-28,96809.93086961865,0.0,0.0,96809.93086961865,0.0,140.4643096923828,-3190.069130381317,0.0,16371.671029363331,-0.20840397957900458,True
2024-10-29,96809.93086961865,0.0,0.0,96809.93086961865,0.0,141.19400024414062,-3190.069130381317,0.0,16371.671029363331,-0.20840397957900458,True
2024-10-30,96809.93086961865,0.0,0.0,96809.93086961865,0.0,139.28475952148438,-3190.069130381317,0.0,16371.671029363331,-0.20840397957900458,True
2024-10-31,96809.93086961865,0.0,0.0,96809.93086961865,0.0,132.70736694335938,-3190.069130381317,0.0,16371.671029363331,-0.20840397957900458,True
2024-11-01,96809.93086961865,0.0,0.0,96809.93086961865,0.0,135.34632873535156,-3190.069130381317,0.0,16371.671029363331,-0.20840397957900458,True
2024-11-04,96809.93086961865,0.0,0.0,96809.93086961865,0.0,135.99607849121094,-3190.069130381317,0.0,16371.671029363331,-0.20840397957900458,True
2024-11-05,96809.93086961865,0.0,0.0,96809.93086961865,0.0,139.8545379638672,-3190.069130381317,0.0,16371.671029363331,-0.20840397957900458,True
2024-11-06,96809.93086961865,0.0,0.0,96809.93086961865,0.0,145.5522918701172,-3190.069130381317,0.0,16371.671029363331,-0.20840397957900458,True
2024-11-07,96809.93086961865,0.0,0.0,96809.93086961865,0.0,148.8209991455078,-3190.069130381317,0.0,16371.671029363331,-0.20840397957900458,True
2024-11-08,96809.93086961865,0.0,0.0,96809.93086961865,0.0,147.5714569091797,-3190.069130381317,0.0,16371.671029363331,-0.20840397957900458,True
2024-11-11,96809.93086961865,0.0,0.0,96809.93086961865,0.0,145.20240783691406,-3190.069130381317,0.0,16371.671029363331,-0.20840397957900458,True
2024-11-12,96809.93086961865,0.0,0.0,96809.93086961865,0.0,148.231201171875,-3190.069130381317,0.0,16371.671029363331,-0.20840397957900458,True
2024-11-13,96809.93086961865,0.0,0.0,96809.93086961865,0.0,146.21202087402344,-3190.069130381317,0.0,16371.671029363331,-0.20840397957900458,True
2024-11-14,96809.93086961865,0.0,0.0,96809.93086961865,0.0,146.70181274414062,-3190.069130381317,0.0,16371.671029363331,-0.20840397957900458,True
2024-11-15,96809.93086961865,0.0,0.0,96809.93086961865,0.0,141.92369079589844,-3190.069130381317,0.0,16371.671029363331,-0.20840397957900458,True
2024-11-18,96809.93086961865,0.0,0.0,96809.93086961865,0.0,140.09442138671875,-3190.069130381317,0.0,16371.671029363331,-0.20840397957900458,True
2024-11-19,96809.93086961865,0.0,0.0,96809.93086961865,0.0,146.95172119140625,-3190.069130381317,0.0,16371.671029363331,-0.20840397957900458,True
2024-11-20,96809.93086961865,0.0,0.0,96809.93086961865,0.0,145.83216857910156,-3190.069130381317,0.0,16371.671029363331,-0.20840397957900458,True
2024-11-21,96809.93086961865,0.0,0.0,96809.93086961865,0.0,146.6118621826172,-3190.069130381317,0.0,16371.671029363331,-0.20840397957900458,True
2024-11-22,96809.93086961865,0.0,0.0,96809.93086961865,0.0,141.89370727539062,-3190.069130381317,0.0,16371.671029363331,-0.20840397957900458,True
2024-11-25,96809.93086961865,0.0,0.0,96809.93086961865,0.0,135.96607971191406,-3190.069130381317,0.0,16371.671029363331,-0.20840397957900458,True
2024-11-26,96809.93086961865,0.0,0.0,96809.93086961865,0.0,136.86572265625,-3190.069130381317,0.0,16371.671029363331,-0.20840397957900458,True
2024-11-27,96809.93086961865,0.0,0.0,96809.93086961865,0.0,135.2863311767578,-3190.069130381317,0.0,16371.671029363331,-0.20840397957900458,True
2024-11-29,96809.93086961865,0.0,0.0,96809.93086961865,0.0,138.19520568847656,-3190.069130381317,0.0,16371.671029363331,-0.20840397957900458,True
2024-12-02,96809.93086961865,0.0,0.0,96809.93086961865,0.0,138.5750274658203,-3190.069130381317,0.0,16371.671029363331,-0.20840397957900458,True
2024-12-03,96809.93086961865,0.0,0.0,96809.93086961865,0.0,140.20440673828125,-3190.069130381317,0.0,16371.671029363331,-0.20840397957900458,True
2024-12-04,96809.93086961865,0.0,0.0,96809.93086961865,0.0,145.0824737548828,-3190.069130381317,0.0,16371.671029363331,-0.20840397957900458,True
2024-12-05,96809.93086961865,0.0,0.0,96809.93086961865,0.0,145.0124969482422,-3190.069130381317,0.0,16371.671029363331,-0.20840397957900458,True
2024-12-06,96809.93086961865,0.0,0.0,96809.93086961865,0.0,142.3933563232422,-3190.069130381317,0.0,16371.671029363331,-0.20840397957900458,True
2024-12-09,96809.93086961865,0.0,0.0,96809.93086961865,0.0,138.7645263671875,-3190.069130381317,0.0,16371.671029363331,-0.20840397957900458,True
2024-12-10,96809.93086961865,0.0,0.0,96809.93086961865,0.0,135.0257568359375,-3190.069130381317,0.0,16371.671029363331,-0.20840397957900458,True
2024-12-11,96809.93086961865,0.0,0.0,96809.93086961865,0.0,139.2643585205078,-3190.069130381317,0.0,16371.671029363331,-0.20840397957900458,True
2024-12-12,96809.93086961865,0.0,0.0,96809.93086961865,0.0,137.2949981689453,-3190.069130381317,0.0,16371.671029363331,-0.20840397957900458,True
2024-12-13,96809.93086961865,0.0,0.0,96809.93086961865,0.0,134.20602416992188,-3190.069130381317,0.0,16371.671029363331,-0.20840397957900458,True
2024-12-16,96809.93086961865,0.0,0.0,96809.93086961865,0.0,131.95675659179688,-3190.069130381317,0.0,16371.671029363331,-0.20840397957900458,True
2024-12-17,96809.93086961865,0.0,0.0,96809.93086961865,0.0,130.3472900390625,-3190.069130381317,0.0,16371.671029363331,-0.20840397957900458,True
2024-12-18,96809.93086961865,0.0,0.0,96809.93086961865,0.0,128.86778259277344,-3190.069130381317,0.0,16371.671029363331,-0.20840397957900458,True
2024-12-19,96809.93086961865,0.0,0.0,96809.93086961865,0.0,130.63717651367188,-3190.069130381317,0.0,16371.671029363331,-0.20840397957900458,True
2024-12-20,96809.93086961865,0.0,0.0,96809.93086961865,0.0,134.65586853027344,-3190.069130381317,0.0,16371.671029363331,-0.20840397957900458,True
2024-12-23,96809.93086961865,0.0,0.0,96809.93086961865,0.0,139.624267578125,-3190.069130381317,0.0,16371.671029363331,-0.20840397957900458,True
2024-12-24,96809.93086961865,0.0,0.0,96809.93086961865,0.0,140.17408752441406,-3190.069130381317,0.0,16371.671029363331,-0.20840397957900458,True
2024-12-26,96809.93086961865,0.0,0.0,96809.93086961865,0.0,139.88417053222656,-3190.069130381317,0.0,16371.671029363331,-0.20840397957900458,True
2024-12-27,96809.93086961865,0.0,0.0,96809.93086961865,0.0,136.96511840820312,-3190.069130381317,0.0,16371.671029363331,-0.20840397957900458,True
2024-12-30,96809.93086961865,0.0,0.0,96809.93086961865,0.0,137.44496154785156,-3190.069130381317,0.0,16371.671029363331,-0.20840397957900458,True
2024-12-31,96809.93086961865,0.0,0.0,96809.93086961865,0.0,134.2460174560547,-3190.069130381317,0.0,16371.671029363331,-0.20840397957900458,True
2025-01-02,96809.93086961865,0.0,0.0,96809.93086961865,0.0,138.26470947265625,-3190.069130381317,0.0,16371.671029363331,-0.20840397957900458,True
2025-01-03,96809.93086961865,0.0,0.0,96809.93086961865,0.0,144.4226837158203,-3190.069130381317,0.0,16371.671029363331,-0.20840397957900458,True
2025-01-06,96809.93086961865,0.0,0.0,96809.93086961865,0.0,149.38104248046875,-3190.069130381317,0.0,16371.671029363331,-0.20840397957900458,True
2025-01-07,96809.93086961865,0.0,0.0,96809.93086961865,0.0,140.09408569335938,-3190.069130381317,0.0,16371.671029363331,-0.20840397957900458,True
2025-01-08,96809.93086961865,0.0,0.0,96809.93086961865,0.0,140.06411743164062,-3190.069130381317,0.0,16371.671029363331,-0.20840397957900458,True
2025-01-10,96809.93086961865,0.0,0.0,96809.93086961865,0.0,135.86549377441406,-3190.069130381317,0.0,16371.671029363331,-0.20840397957900458,True
2025-01-13,96809.93086961865,0.0,0.0,96809.93086961865,0.0,133.18637084960938,-3190.069130381317,0.0,16371.671029363331,-0.20840397957900458,True
2025-01-14,96809.93086961865,0.0,0.0,96809.93086961865,0.0,131.7168426513672,-3190.069130381317,0.0,16371.671029363331,-0.20840397957900458,True
2025-01-15,96809.93086961865,0.0,0.0,96809.93086961865,0.0,136.1953887939453,-3190.069130381317,0.0,16371.671029363331,-0.20840397957900458,True
2025-01-16,96809.93086961865,0.0,0.0,96809.93086961865,0.0,133.5262451171875,-3190.069130381317,0.0,16371.671029363331,-0.20840397957900458,True
2025-01-17,96809.93086961865,0.0,0.0,96809.93086961865,0.0,137.66490173339844,-3190.069130381317,0.0,16371.671029363331,-0.20840397957900458,True
2025-01-21,96809.93086961865,0.0,0.0,96809.93086961865,0.0,140.78387451171875,-3190.069130381317,0.0,16371.671029363331,-0.20840397957900458,True
2025-01-22,96809.93086961865,0.0,0.0,96809.93086961865,0.0,147.0218505859375,-3190.069130381317,0.0,16371.671029363331,-0.20840397957900458,True
2025-01-23,96809.93086961865,0.0,0.0,96809.93086961865,0.0,147.17178344726562,-3190.069130381317,0.0,16371.671029363331,-0.20840397957900458,True
2025-01-24,96809.93086961865,0.0,0.0,96809.93086961865,0.0,142.57327270507812,-3190.069130381317,0.0,16371.671029363331,-0.20840397957900458,True
2025-01-27,96809.93086961865,0.0,0.0,96809.93086961865,0.0,118.38121032714844,-3190.069130381317,0.0,16371.671029363331,-0.20840397957900458,True
2025-01-28,96809.93086961865,0.0,0.0,96809.93086961865,0.0,128.94776916503906,-3190.069130381317,0.0,16371.671029363331,-0.20840397957900458,True
2025-01-29,96809.93086961865,0.0,0.0,96809.93086961865,0.0,123.65948486328124,-3190.069130381317,0.0,16371.671029363331,-0.20840397957900458,True
2025-01-30,96809.93086961865,0.0,0.0,96809.93086961865,0.0,124.6091766357422,-3190.069130381317,0.0,16371.671029363331,-0.20840397957900458,True
2025-01-31,96809.93086961865,0.0,0.0,96809.93086961865,0.0,120.03067016601562,-3190.069130381317,0.0,16371.671029363331,-0.20840397957900458,True
2025-02-03,96809.93086961865,0.0,0.0,96809.93086961865,0.0,116.62179565429688,-3190.069130381317,0.0,16371.671029363331,-0.20840397957900458,True
2025-02-04,96809.93086961865,0.0,0.0,96809.93086961865,0.0,118.6111297607422,-3190.069130381317,0.0,16371.671029363331,-0.20840397957900458,True
2025-02-05,96809.93086961865,0.0,0.0,96809.93086961865,0.0,124.7891082763672,-3190.069130381317,0.0,16371.671029363331,-0.20840397957900458,True
2025-02-06,96809.93086961865,0.0,0.0,96809.93086961865,0.0,128.63784790039062,-3190.069130381317,0.0,16371.671029363331,-0.20840397957900458,True
2025-02-07,96809.93086961865,0.0,0.0,96809.93086961865,0.0,129.79745483398438,-3190.069130381317,0.0,16371.671029363331,-0.20840397957900458,True
2025-02-10,96809.93086961865,0.0,0.0,96809.93086961865,0.0,133.5262451171875,-3190.069130381317,0.0,16371.671029363331,-0.20840397957900458,True
2025-02-11,96809.93086961865,0.0,0.0,96809.93086961865,0.0,132.7565155029297,-3190.069130381317,0.0,16371.671029363331,-0.20840397957900458,True
2025-02-12,96809.93086961865,0.0,0.0,96809.93086961865,0.0,131.0970458984375,-3190.069130381317,0.0,16371.671029363331,-0.20840397957900458,True
2025-02-13,96809.93086961865,0.0,0.0,96809.93086961865,0.0,135.2456817626953,-3190.069130381317,0.0,16371.671029363331,-0.20840397957900458,True
2025-02-14,96809.93086961865,0.0,0.0,96809.93086961865,0.0,138.80453491210938,-3190.069130381317,0.0,16371.671029363331,-0.20840397957900458,True
2025-02-18,96809.93086961865,0.0,0.0,96809.93086961865,0.0,139.35435485839844,-3190.069130381317,0.0,16371.671029363331,-0.20840397957900458,True
2025-02-19,96809.93086961865,0.0,0.0,96809.93086961865,0.0,139.1844024658203,-3190.069130381317,0.0,16371.671029363331,-0.20840397957900458,True
2025-02-20,96809.93086961865,0.0,0.0,96809.93086961865,0.0,140.06411743164062,-3190.069130381317,0.0,16371.671029363331,-0.20840397957900458,True
2025-02-21,96809.93086961865,0.0,0.0,96809.93086961865,0.0,134.38595581054688,-3190.069130381317,0.0,16371.671029363331,-0.20840397957900458,True
2025-02-24,96809.93086961865,0.0,0.0,96809.93086961865,0.0,130.23733520507812,-3190.069130381317,0.0,16371.671029363331,-0.20840397957900458,True
2025-02-25,96809.93086961865,0.0,0.0,96809.93086961865,0.0,126.5885238647461,-3190.069130381317,0.0,16371.671029363331,-0.20840397957900458,True
2025-02-26,96809.93086961865,0.0,0.0,96809.93086961865,0.0,131.23699951171875,-3190.069130381317,0.0,16371.671029363331,-0.20840397957900458,True
2025-02-27,96809.93086961865,0.0,0.0,96809.93086961865,0.0,120.11065673828124,-3190.069130381317,0.0,16371.671029363331,-0.20840397957900458,True
2025-02-28,96809.93086961865,0.0,0.0,96809.93086961865,0.0,124.87908172607422,-3190.069130381317,0.0,16371.671029363331,-0.20840397957900458,True
2025-03-03,96809.93086961865,0.0,0.0,96809.93086961865,0.0,114.02263641357422,-3190.069130381317,0.0,16371.671029363331,-0.20840397957900458,True
2025-03-04,96809.93086961865,0.0,0.0,96809.93086961865,0.0,115.95201110839844,-3190.069130381317,0.0,16371.671029363331,-0.20840397957900458,True
2025-03-05,96809.93086961865,0.0,0.0,96809.93086961865,0.0,117.26158142089844,-3190.069130381317,0.0,16371.671029363331,-0.20840397957900458,True
2025-03-06,96809.93086961865,0.0,0.0,96809.93086961865,0.0,110.53378295898438,-3190.069130381317,0.0,16371.671029363331,-0.20840397957900458,True
2025-03-07,96809.93086961865,0.0,0.0,96809.93086961865,0.0,112.6530990600586,-3190.069130381317,0.0,16371.671029363331,-0.20840397957900458,True
2025-03-10,96809.93086961865,0.0,0.0,96809.93086961865,0.0,106.94496154785156,-3190.069130381317,0.0,16371.671029363331,-0.20840397957900458,True
2025-03-11,96809.93086961865,0.0,0.0,96809.93086961865,0.0,108.72438049316406,-3190.069130381317,0.0,16371.671029363331,-0.20840397957900458,True
2025-03-12,96809.93086961865,0.0,0.0,96809.93086961865,0.0,115.71273803710938,-3190.069130381317,0.0,16371.671029363331,-0.20840397957900458,True
2025-03-13,96809.93086961865,0.0,0.0,96809.93086961865,0.0,115.55277252197266,-3190.069130381317,0.0,16371.671029363331,-0.20840397957900458,True
2025-03-14,96809.93086961865,0.0,0.0,96809.93086961865,0.0,121.6413345336914,-3190.069130381317,0.0,16371.671029363331,-0.20840397957900458,True
2025-03-17,96809.93086961865,0.0,0.0,96809.93086961865,0.0,119.50183868408205,-3190.069130381317,0.0,16371.671029363331,-0.20840397957900458,True
2025-03-18,96809.93086961865,0.0,0.0,96809.93086961865,0.0,115.4028091430664,-3190.069130381317,0.0,16371.671029363331,-0.20840397957900458,True
2025-03-19,96809.93086961865,0.0,0.0,96809.93086961865,0.0,117.4923095703125,-3190.069130381317,0.0,16371.671029363331,-0.20840397957900458,True
2025-03-20,96809.93086961865,0.0,0.0,96809.93086961865,0.0,118.50206756591795,-3190.069130381317,0.0,16371.671029363331,-0.20840397957900458,True
2025-03-21,96809.93086961865,0.0,0.0,96809.93086961865,0.0,117.6722640991211,-3190.069130381317,0.0,16371.671029363331,-0.20840397957900458,True
2025-03-24,96809.93086961865,0.0,0.0,96809.93086961865,0.0,121.38140106201172,-3190.069130381317,0.0,16371.671029363331,-0.20840397957900458,True
2025-03-25,96809.93086961865,0.0,0.0,96809.93086961865,0.0,120.66156768798828,-3190.069130381317,0.0,16371.671029363331,-0.20840397957900458,True
2025-03-26,96809.93086961865,0.0,0.0,96809.93086961865,0.0,113.7332000732422,-3190.069130381317,0.0,16371.671029363331,-0.20840397957900458,True
2025-03-27,96809.93086961865,0.0,0.0,96809.93086961865,0.0,111.40374755859376,-3190.069130381317,0.0,16371.671029363331,-0.20840397957900458,True
2025-03-28,96809.93086961865,0.0,0.0,96809.93086961865,0.0,109.64415740966795,-3190.069130381317,0.0,16371.671029363331,-0.20840397957900458,True
2025-03-31,96809.93086961865,0.0,0.0,96809.93086961865,0.0,108.35446166992188,-3190.069130381317,0.0,16371.671029363331,-0.20840397957900458,True
2025-04-01,96809.93086961865,0.0,0.0,96809.93086961865,0.0,110.12405395507812,-3190.069130381317,0.0,16371.671029363331,-0.20840397957900458,True
2025-04-02,96809.93086961865,0.0,0.0,96809.93086961865,0.0,110.39398193359376,-3190.069130381317,0.0,16371.671029363331,-0.20840397957900458,True
2025-04-03,96809.93086961865,0.0,0.0,96809.93086961865,0.0,101.7760238647461,-3190.069130381317,0.0,16371.671029363331,-0.20840397957900458,True
2025-04-04,96809.93086961865,0.0,0.0,96809.93086961865,0.0,94.28778076171876,-3190.069130381317,0.0,16371.671029363331,-0.20840397957900458,True
2025-04-07,96809.93086961865,0.0,0.0,96809.93086961865,0.0,97.6169891357422,-3190.069130381317,0.0,16371.671029363331,-0.20840397957900458,True
2025-04-08,96809.93086961865,0.0,0.0,96809.93086961865,0.0,96.27731323242188,-3190.069130381317,0.0,16371.671029363331,-0.20840397957900458,True
2025-04-09,96809.93086961865,0.0,0.0,96809.93086961865,0.0,114.30307006835938,-3190.069130381317,0.0,16371.671029363331,-0.20840397957900458,True
2025-04-10,96809.93086961865,0.0,0.0,96809.93086961865,0.0,107.5446548461914,-3190.069130381317,0.0,16371.671029363331,-0.20840397957900458,True
2025-04-11,96809.93086961865,0.0,0.0,96809.93086961865,0.0,110.90386199951172,-3190.069130381317,0.0,16371.671029363331,-0.20840397957900458,True
2025-04-14,96809.93086961865,0.0,0.0,96809.93086961865,0.0,110.68391418457033,-3190.069130381317,0.0,16371.671029363331,-0.20840397957900458,True
2025-04-15,96809.93086961865,0.0,0.0,96809.93086961865,0.0,112.1735610961914,-3190.069130381317,0.0,16371.671029363331,-0.20840397957900458,True
2025-04-16,96809.93086961865,0.0,0.0,96809.93086961865,0.0,104.46538543701172,-3190.069130381317,0.0,16371.671029363331,-0.20840397957900458,True
2025-04-17,96809.93086961865,0.0,0.0,96809.93086961865,0.0,101.4660873413086,-3190.069130381317,0.0,16371.671029363331,-0.20840397957900458,True
2025-04-21,96809.93086961865,0.0,0.0,96809.93086961865,0.0,96.88717651367188,-3190.069130381317,0.0,16371.671029363331,-0.20840397957900458,True
2025-04-22,96809.93086961865,0.0,0.0,96809.93086961865,0.0,98.86670684814452,-3190.069130381317,0.0,16371.671029363331,-0.20840397957900458,True
2025-04-23,96809.93086961865,0.0,0.0,96809.93086961865,0.0,102.68579864501952,-3190.069130381317,0.0,16371.671029363331,-0.20840397957900458,True
2025-04-24,96809.93086961865,0.0,0.0,96809.93086961865,0.0,106.40492248535156,-3190.069130381317,0.0,16371.671029363331,-0.20840397957900458,True
2025-04-25,96809.93086961865,0.0,0.0,96809.93086961865,0.0,110.98385620117188,-3190.069130381317,0.0,16371.671029363331,-0.20840397957900458,True
2025-04-28,96809.93086961865,0.0,0.0,96809.93086961865,0.0,108.70438385009766,-3190.069130381317,0.0,16371.671029363331,-0.20840397957900458,True
2025-04-29,96809.93086961865,0.0,0.0,96809.93086961865,0.0,108.99431610107422,-3190.069130381317,0.0,16371.671029363331,-0.20840397957900458,True
2025-04-30,96809.93086961865,0.0,0.0,96809.93086961865,0.0,108.8943328857422,-3190.069130381317,0.0,16371.671029363331,-0.20840397957900458,True
2025-05-01,96809.93086961865,0.0,0.0,96809.93086961865,0.0,111.58370208740234,-3190.069130381317,0.0,16371.671029363331,-0.20840397957900458,True
2025-05-02,96809.93086961865,0.0,0.0,96809.93086961865,0.0,114.47303009033205,-3190.069130381317,0.0,16371.671029363331,-0.20840397957900458,True
2025-05-05,96809.93086961865,0.0,0.0,96809.93086961865,0.0,113.7931900024414,-3190.069130381317,0.0,16371.671029363331,-0.20840397957900458,True
2025-05-06,96809.93086961865,0.0,0.0,96809.93086961865,0.0,113.51325988769533,-3190.069130381317,0.0,16371.671029363331,-0.20840397957900458,True
2025-05-07,96809.93086961865,0.0,0.0,96809.93086961865,0.0,117.0324249267578,-3190.069130381317,0.0,16371.671029363331,-0.20840397957900458,True
2025-05-08,96809.93086961865,0.0,0.0,96809.93086961865,0.0,117.34235382080078,-3190.069130381317,0.0,16371.671029363331,-0.20840397957900458,True
2025-05-09,96809.93086961865,0.0,0.0,96809.93086961865,0.0,116.62252044677734,-3190.069130381317,0.0,16371.671029363331,-0.20840397957900458,True
2025-05-12,96809.93086961865,0.0,0.0,96809.93086961865,0.0,122.97103118896484,-3190.069130381317,0.0,16371.671029363331,-0.20840397957900458,True
2025-05-13,96809.93086961865,0.0,0.0,96809.93086961865,0.0,129.89938354492188,-3190.069130381317,0.0,16371.671029363331,-0.20840397957900458,True
2025-05-14,96809.93086961865,0.0,0.0,96809.93086961865,0.0,135.30810546875,-3190.069130381317,0.0,16371.671029363331,-0.20840397957900458,True
2025-05-15,96809.93086961865,0.0,0.0,96809.93086961865,0.0,134.79823303222656,-3190.069130381317,0.0,16371.671029363331,-0.20840397957900458,True
2025-05-16,96809.93086961865,0.0,0.0,96809.93086961865,0.0,135.36810302734375,-3190.069130381317,0.0,16371.671029363331,-0.20840397957900458,True
2025-05-19,96809.93086961865,0.0,0.0,96809.93086961865,0.0,135.53805541992188,-3190.069130381317,0.0,16371.671029363331,-0.20840397957900458,True
2025-05-20,96809.93086961865,0.0,0.0,96809.93086961865,0.0,134.3483428955078,-3190.069130381317,0.0,16371.671029363331,-0.20840397957900458,True
2025-05-21,96809.93086961865,0.0,0.0,96809.93086961865,0.0,131.76895141601562,-3190.069130381317,0.0,16371.671029363331,-0.20840397957900458,True
2025-05-22,96809.93086961865,0.0,0.0,96809.93086961865,0.0,132.7987060546875,-3190.069130381317,0.0,16371.671029363331,-0.20840397957900458,True
2025-05-23,96809.93086961865,0.0,0.0,96809.93086961865,0.0,131.25906372070312,-3190.069130381317,0.0,16371.671029363331,-0.20840397957900458,True
2025-05-27,96809.93086961865,0.0,0.0,96809.93086961865,0.0,135.4680633544922,-3190.069130381317,0.0,16371.671029363331,-0.20840397957900458,True
2025-05-28,96809.93086961865,0.0,0.0,96809.93086961865,0.0,134.7782440185547,-3190.069130381317,0.0,16371.671029363331,-0.20840397957900458,True
2025-05-29,96809.93086961865,0.0,0.0,96809.93086961865,0.0,139.15721130371094,-3190.069130381317,0.0,16371.671029363331,-0.20840397957900458,True
2025-05-30,96809.93086961865,0.0,0.0,96809.93086961865,0.0,135.09817504882812,-3190.069130381317,0.0,16371.671029363331,-0.20840397957900458,True
2025-06-02,96809.93086961865,0.0,0.0,96809.93086961865,0.0,137.34764099121094,-3190.069130381317,0.0,16371.671029363331,-0.20840397957900458,True
2025-06-03,96809.93086961865,0.0,0.0,96809.93086961865,0.0,141.1867218017578,-3190.069130381317,0.0,16371.671029363331,-0.20840397957900458,True
2025-06-04,96809.93086961865,0.0,0.0,96809.93086961865,0.0,141.88656616210938,-3190.069130381317,0.0,16371.671029363331,-0.20840397957900458,True
2025-06-05,96809.93086961865,0.0,0.0,96809.93086961865,0.0,139.95703125,-3190.069130381317,0.0,16371.671029363331,-0.20840397957900458,True
2025-06-06,96809.93086961865,0.0,0.0,96809.93086961865,0.0,141.6865997314453,-3190.069130381317,0.0,16371.671029363331,-0.20840397957900458,True
2025-06-09,96809.93086961865,0.0,0.0,96809.93086961865,0.0,142.59640502929688,-3190.069130381317,0.0,16371.671029363331,-0.20840397957900458,True
2025-06-10,96809.93086961865,0.0,0.0,96809.93086961865,0.0,143.92608642578125,-3190.069130381317,0.0,16371.671029363331,-0.20840397957900458,True
2025-06-11,96809.93086961865,0.0,0.0,96809.93086961865,0.0,142.80625915527344,-3190.069130381317,0.0,16371.671029363331,-0.20840397957900458,True
2025-06-12,96809.93086961865,0.0,0.0,96809.93086961865,0.0,144.9759063720703,-3190.069130381317,0.0,16371.671029363331,-0.20840397957900458,True
2025-06-13,96809.93086961865,0.0,0.0,96809.93086961865,0.0,141.94639587402344,-3190.069130381317,0.0,16371.671029363331,-0.20840397957900458,True
2025-06-16,96809.93086961865,0.0,0.0,96809.93086961865,0.0,144.66595458984375,-3190.069130381317,0.0,16371.671029363331,-0.20840397957900458,True
2025-06-17,96809.93086961865,0.0,0.0,96809.93086961865,0.0,144.09603881835938,-3190.069130381317,0.0,16371.671029363331,-0.20840397957900458,True
2025-06-18,96809.93086961865,0.0,0.0,96809.93086961865,0.0,145.455810546875,-3190.069130381317,0.0,16371.671029363331,-0.20840397957900458,True
2025-06-20,96809.93086961865,0.0,0.0,96809.93086961865,0.0,143.8260955810547,-3190.069130381317,0.0,16371.671029363331,-0.20840397957900458,True
2025-06-23,96809.93086961865,0.0,0.0,96809.93086961865,0.0,144.1460418701172,-3190.069130381317,0.0,16371.671029363331,-0.20840397957900458,True
2025-06-24,96809.93086961865,0.0,0.0,96809.93086961865,0.0,147.87539672851562,-3190.069130381317,0.0,16371.671029363331,-0.20840397957900458,True
2025-06-25,96809.93086961865,0.0,0.0,96809.93086961865,0.0,154.28436279296875,-3190.069130381317,0.0,16371.671029363331,-0.20840397957900458,True
2025-06-26,96809.93086961865,0.0,0.0,96809.93086961865,0.0,154.99423217773438,-3190.069130381317,0.0,16371.671029363331,-0.20840397957900458,True
2025-06-27,96809.93086961865,0.0,0.0,96809.93086961865,0.0,157.7238006591797,-3190.069130381317,0.0,16371.671029363331,-0.20840397957900458,True
2025-06-30,96809.93086961865,0.0,0.0,96809.93086961865,0.0,157.96376037597656,-3190.069130381317,0.0,16371.671029363331,-0.20840397957900458,True
2025-07-01,96809.93086961865,0.0,0.0,96809.93086961865,0.0,153.2745361328125,-3190.069130381317,0.0,16371.671029363331,-0.20840397957900458,True
2025-07-02,96809.93086961865,0.0,0.0,96809.93086961865,0.0,157.22386169433594,-3190.069130381317,0.0,16371.671029363331,-0.20840397957900458,True
2025-07-03,96809.93086961865,0.0,0.0,96809.93086961865,0.0,159.3135223388672,-3190.069130381317,0.0,16371.671029363331,-0.20840397957900458,True
2025-07-07,96809.93086961865,0.0,0.0,96809.93086961865,0.0,158.21371459960938,-3190.069130381317,0.0,16371.671029363331,-0.20840397957900458,True
2025-07-08,96809.93086961865,0.0,0.0,96809.93086961865,0.0,159.97341918945312,-3190.069130381317,0.0,16371.671029363331,-0.20840397957900458,True
2025-07-09,96809.93086961865,0.0,0.0,96809.93086961865,0.0,162.85293579101562,-3190.069130381317,0.0,16371.671029363331,-0.20840397957900458,True
2025-07-10,96809.93086961865,0.0,0.0,96809.93086961865,0.0,164.07273864746094,-3190.069130381317,0.0,16371.671029363331,-0.20840397957900458,True
2025-07-11,96809.93086961865,0.0,0.0,96809.93086961865,0.0,164.89259338378906,-3190.069130381317,0.0,16371.671029363331,-0.20840397957900458,True
2025-07-14,96809.93086961865,0.0,0.0,96809.93086961865,0.0,164.04273986816406,-3190.069130381317,0.0,16371.671029363331,-0.20840397957900458,True
2025-07-15,96809.93086961865,0.0,0.0,96809.93086961865,0.0,170.671630859375,-3190.069130381317,0.0,16371.671029363331,-0.20840397957900458,True
2025-07-16,96809.93086961865,0.0,0.0,96809.93086961865,0.0,171.34152221679688,-3190.069130381317,0.0,16371.671029363331,-0.20840397957900458,True
2025-07-17,96809.93086961865,0.0,0.0,96809.93086961865,0.0,172.97125244140625,-3190.069130381317,0.0,16371.671029363331,-0.20840397957900458,True
2025-07-18,96809.93086961865,0.0,0.0,96809.93086961865,0.0,172.38136291503906,-3190.069130381317,0.0,16371.671029363331,-0.20840397957900458,True
2025-07-21,96809.93086961865,0.0,0.0,96809.93086961865,0.0,171.35153198242188,-3190.069130381317,0.0,16371.671029363331,-0.20840397957900458,True
2025-07-22,96809.93086961865,0.0,0.0,96809.93086961865,0.0,167.00225830078125,-3190.069130381317,0.0,16371.671029363331,-0.20840397957900458,True
2025-07-23,96809.93086961865,0.0,0.0,96809.93086961865,0.0,170.75161743164062,-3190.069130381317,0.0,16371.671029363331,-0.20840397957900458,True
2025-07-24,96809.93086961865,0.0,0.0,96809.93086961865,0.0,173.7111358642578,-3190.069130381317,0.0,16371.671029363331,-0.20840397957900458,True
2025-07-25,96809.93086961865,0.0,0.0,96809.93086961865,0.0,173.47117614746094,-3190.069130381317,0.0,16371.671029363331,-0.20840397957900458,True
2025-07-28,96809.93086961865,0.0,0.0,96809.93086961865,0.0,176.7206268310547,-3190.069130381317,0.0,16371.671029363331,-0.20840397957900458,True
2025-07-29,96809.93086961865,0.0,0.0,96809.93086961865,0.0,175.4808349609375,-3190.069130381317,0.0,16371.671029363331,-0.20840397957900458,True
2025-07-30,96809.93086961865,0.0,0.0,96809.93086961865,0.0,179.24021911621094,-3190.069130381317,0.0,16371.671029363331,-0.20840397957900458,True
2025-07-31,96809.93086961865,0.0,0.0,96809.93086961865,0.0,177.84043884277344,-3190.069130381317,0.0,16371.671029363331,-0.20840397957900458,True
2025-08-01,96809.93086961865,0.0,0.0,96809.93086961865,0.0,173.69113159179688,-3190.069130381317,0.0,16371.671029363331,-0.20840397957900458,True
2025-08-04,96809.93086961865,0.0,0.0,96809.93086961865,0.0,179.9700927734375,-3190.069130381317,0.0,16371.671029363331,-0.20840397957900458,True
2025-08-05,96809.93086961865,0.0,0.0,96809.93086961865,0.0,178.23037719726562,-3190.069130381317,0.0,16371.671029363331,-0.20840397957900458,True
2025-08-06,96809.93086961865,0.0,0.0,96809.93086961865,0.0,179.3901824951172,-3190.069130381317,0.0,16371.671029363331,-0.20840397957900458,True
2025-08-07,96809.93086961865,0.0,0.0,96809.93086961865,0.0,180.7399749755859,-3190.069130381317,0.0,16371.671029363331,-0.20840397957900458,True
2025-08-08,96809.93086961865,0.0,0.0,96809.93086961865,0.0,182.66964721679688,-3190.069130381317,0.0,16371.671029363331,-0.20840397957900458,True
2025-08-11,96809.93086961865,0.0,0.0,96809.93086961865,0.0,182.0297393798828,-3190.069130381317,0.0,16371.671029363331,-0.20840397957900458,True
2025-08-12,96809.93086961865,0.0,0.0,96809.93086961865,0.0,183.1295623779297,-3190.069130381317,0.0,16371.671029363331,-0.20840397957900458,True
2025-08-13,96809.93086961865,0.0,0.0,96809.93086961865,0.0,181.5598297119141,-3190.069130381317,0.0,16371.671029363331,-0.20840397957900458,True
2025-08-14,96809.93086961865,0.0,0.0,96809.93086961865,0.0,181.98974609375,-3190.069130381317,0.0,16371.671029363331,-0.20840397957900458,True
2025-08-15,96809.93086961865,0.0,0.0,96809.93086961865,0.0,180.4200134277344,-3190.069130381317,0.0,16371.671029363331,-0.20840397957900458,True
2025-08-18,96809.93086961865,0.0,0.0,96809.93086961865,0.0,181.979736328125,-3190.069130381317,0.0,16371.671029363331,-0.20840397957900458,True
2025-08-19,96809.93086961865,0.0,0.0,96809.93086961865,0.0,175.61080932617188,-3190.069130381317,0.0,16371.671029363331,-0.20840397957900458,True
2025-08-20,96809.93086961865,0.0,0.0,96809.93086961865,0.0,175.370849609375,-3190.069130381317,0.0,16371.671029363331,-0.20840397957900458,True
2025-08-21,96809.93086961865,0.0,0.0,96809.93086961865,0.0,174.95091247558594,-3190.069130381317,0.0,16371.671029363331,-0.20840397957900458,True
2025-08-22,96809.93086961865,0.0,0.0,96809.93086961865,0.0,177.96043395996094,-3190.069130381317,0.0,16371.671029363331,-0.20840397957900458,True
2025-08-25,96809.93086961865,0.0,0.0,96809.93086961865,0.0,179.78012084960938,-3190.069130381317,0.0,16371.671029363331,-0.20840397957900458,True
2025-08-26,96809.93086961865,0.0,0.0,96809.93086961865,0.0,181.7397918701172,-3190.069130381317,0.0,16371.671029363331,-0.20840397957900458,True
2025-08-27,96809.93086961865,0.0,0.0,96809.93086961865,0.0,181.56983947753903,-3190.069130381317,0.0,16371.671029363331,-0.20840397957900458,True
2025-08-28,96809.93086961865,0.0,0.0,96809.93086961865,0.0,180.1400604248047,-3190.069130381317,0.0,16371.671029363331,-0.20840397957900458,True
2025-08-29,96809.93086961865,0.0,0.0,96809.93086961865,0.0,174.1510467529297,-3190.069130381317,0.0,16371.671029363331,-0.20840397957900458,True
2025-09-02,96809.93086961865,0.0,0.0,96809.93086961865,0.0,170.75161743164062,-3190.069130381317,0.0,16371.671029363331,-0.20840397957900458,True
2025-09-03,96809.93086961865,0.0,0.0,96809.93086961865,0.0,170.59165954589844,-3190.069130381317,0.0,16371.671029363331,-0.20840397957900458,True
2025-09-04,96809.93086961865,0.0,0.0,96809.93086961865,0.0,171.63148498535156,-3190.069130381317,0.0,16371.671029363331,-0.20840397957900458,True
2025-09-05,96809.93086961865,0.0,0.0,96809.93086961865,0.0,166.9922637939453,-3190.069130381317,0.0,16371.671029363331,-0.20840397957900458,True
2025-09-08,96809.93086961865,0.0,0.0,96809.93086961865,0.0,168.2820281982422,-3190.069130381317,0.0,16371.671029363331,-0.20840397957900458,True
2025-09-09,96809.93086961865,0.0,0.0,96809.93086961865,0.0,170.7316131591797,-3190.069130381317,0.0,16371.671029363331,-0.20840397957900458,True
2025-09-10,96809.93086961865,0.0,0.0,96809.93086961865,0.0,177.300537109375,-3190.069130381317,0.0,16371.671029363331,-0.20840397957900458,True
2025-09-11,96809.93086961865,0.0,0.0,96809.93086961865,0.0,177.1505584716797,-3190.069130381317,0.0,16371.671029363331,-0.20840397957900458,True
2025-09-12,96809.93086961865,0.0,0.0,96809.93086961865,0.0,177.80047607421875,-3190.069130381317,0.0,16371.671029363331,-0.20840397957900458,True
2025-09-15,96809.93086961865,0.0,0.0,96809.93086961865,0.0,177.73049926757812,-3190.069130381317,0.0,16371.671029363331,-0.20840397957900458,True
2025-09-16,96809.93086961865,0.0,0.0,96809.93086961865,0.0,174.86080932617188,-3190.069130381317,0.0,16371.671029363331,-0.20840397957900458,True
2025-09-17,96809.93086961865,0.0,0.0,96809.93086961865,0.0,170.27130126953125,-3190.069130381317,0.0,16371.671029363331,-0.20840397957900458,True
2025-09-18,96809.93086961865,0.0,0.0,96809.93086961865,0.0,176.2206573486328,-3190.069130381317,0.0,16371.671029363331,-0.20840397957900458,True
2025-09-19,96809.93086961865,0.0,0.0,96809.93086961865,0.0,176.6505889892578,-3190.069130381317,0.0,16371.671029363331,-0.20840397957900458,True
2025-09-22,96809.93086961865,0.0,0.0,96809.93086961865,0.0,183.58984375,-3190.069130381317,0.0,16371.671029363331,-0.20840397957900458,True
2025-09-23,96809.93086961865,0.0,0.0,96809.93086961865,0.0,178.410400390625,-3190.069130381317,0.0,16371.671029363331,-0.20840397957900458,True
2025-09-24,96809.93086961865,0.0,0.0,96809.93086961865,0.0,176.9505615234375,-3190.069130381317,0.0,16371.671029363331,-0.20840397957900458,True
2025-09-25,96809.93086961865,0.0,0.0,96809.93086961865,0.0,177.67050170898438,-3190.069130381317,0.0,16371.671029363331,-0.20840397957900458,True
2025-09-26,96809.93086961865,0.0,0.0,96809.93086961865,0.0,178.17044067382812,-3190.069130381317,0.0,16371.671029363331,-0.20840397957900458,True
2025-09-29,96809.93086961865,0.0,0.0,96809.93086961865,0.0,181.83004760742188,-3190.069130381317,0.0,16371.671029363331,-0.20840397957900458,True
2025-09-30,96809.93086961865,0.0,0.0,96809.93086961865,0.0,186.55950927734375,-3190.069130381317,0.0,16371.671029363331,-0.20840397957900458,True
2025-10-01,96809.93086961865,0.0,0.0,96809.93086961865,0.0,187.21945190429688,-3190.069130381317,0.0,16371.671029363331,-0.20840397957900458,True
2025-10-02,96809.93086961865,0.0,0.0,96809.93086961865,0.0,188.8692626953125,-3190.069130381317,0.0,16371.671029363331,-0.20840397957900458,True
2025-10-03,96809.93086961865,0.0,0.0,96809.93086961865,0.0,187.5994110107422,-3190.069130381317,0.0,16371.671029363331,-0.20840397957900458,True
2025-10-06,96809.93086961865,0.0,0.0,96809.93086961865,0.0,185.5196228027344,-3190.069130381317,0.0,16371.671029363331,-0.20840397957900458,True
2025-10-07,96809.93086961865,0.0,0.0,96809.93086961865,0.0,185.01968383789065,-3190.069130381317,0.0,16371.671029363331,-0.20840397957900458,True
2025-10-08,96809.93086961865,0.0,0.0,96809.93086961865,0.0,189.0892333984375,-3190.069130381317,0.0,16371.671029363331,-0.20840397957900458,True
2025-10-09,96809.93086961865,0.0,0.0,96809.93086961865,0.0,192.54885864257812,-3190.069130381317,0.0,16371.671029363331,-0.20840397957900458,True
2025-10-10,96809.93086961865,0.0,0.0,96809.93086961865,0.0,183.139892578125,-3190.069130381317,0.0,16371.671029363331,-0.20840397957900458,True
2025-10-13,96809.93086961865,0.0,0.0,96809.93086961865,0.0,188.29933166503903,-3190.069130381317,0.0,16371.671029363331,-0.20840397957900458,True
2025-10-14,96809.93086961865,0.0,0.0,96809.93086961865,0.0,180.01022338867188,-3190.069130381317,0.0,16371.671029363331,-0.20840397957900458,True
2025-10-15,96809.93086961865,0.0,0.0,96809.93086961865,0.0,179.8102569580078,-3190.069130381317,0.0,16371.671029363331,-0.20840397957900458,True
2025-10-16,96809.93086961865,0.0,0.0,96809.93086961865,0.0,181.7900390625,-3190.069130381317,0.0,16371.671029363331,-0.20840397957900458,True
2025-10-17,96809.93086961865,0.0,0.0,96809.93086961865,0.0,183.19989013671875,-3190.069130381317,0.0,16371.671029363331,-0.20840397957900458,True
2025-10-20,96809.93086961865,0.0,0.0,96809.93086961865,0.0,182.6199493408203,-3190.069130381317,0.0,16371.671029363331,-0.20840397957900458,True
2025-10-21,96809.93086961865,0.0,0.0,96809.93086961865,0.0,181.14010620117188,-3190.069130381317,0.0,16371.671029363331,-0.20840397957900458,True
2025-10-22,96809.93086961865,0.0,0.0,96809.93086961865,0.0,180.2602081298828,-3190.069130381317,0.0,16371.671029363331,-0.20840397957900458,True
2025-10-23,96809.93086961865,0.0,0.0,96809.93086961865,0.0,182.13999938964844,-3190.069130381317,0.0,16371.671029363331,-0.20840397957900458,True
2025-10-24,96809.93086961865,0.0,0.0,96809.93086961865,0.0,186.23953247070312,-3190.069130381317,0.0,16371.671029363331,-0.20840397957900458,True
2025-10-27,96809.93086961865,0.0,0.0,96809.93086961865,0.0,191.4689788818359,-3190.069130381317,0.0,16371.671029363331,-0.20840397957900458,True
2025-10-28,96809.93086961865,0.0,0.0,96809.93086961865,0.0,201.0079345703125,-3190.069130381317,0.0,16371.671029363331,-0.20840397957900458,True
2025-10-29,96809.93086961865,0.0,0.0,96809.93086961865,0.0,207.01727294921875,-3190.069130381317,0.0,16371.671029363331,-0.20840397957900458,True
2025-10-30,96809.93086961865,0.0,0.0,96809.93086961865,0.0,202.8677215576172,-3190.069130381317,0.0,16371.671029363331,-0.20840397957900458,True
2025-10-31,96809.93086961865,0.0,0.0,96809.93086961865,0.0,202.4677734375,-3190.069130381317,0.0,16371.671029363331,-0.20840397957900458,True
2025-11-03,96809.93086961865,0.0,0.0,96809.93086961865,0.0,206.85728454589844,-3190.069130381317,0.0,16371.671029363331,-0.20840397957900458,True
2025-11-04,96809.93086961865,0.0,0.0,96809.93086961865,0.0,198.66818237304688,-3190.069130381317,0.0,16371.671029363331,-0.20840397957900458,True
2025-11-05,96809.93086961865,0.0,0.0,96809.93086961865,0.0,195.18858337402344,-3190.069130381317,0.0,16371.671029363331,-0.20840397957900458,True
2025-11-06,96809.93086961865,0.0,0.0,96809.93086961865,0.0,188.05935668945312,-3190.069130381317,0.0,16371.671029363331,-0.20840397957900458,True
2025-11-07,96809.93086961865,0.0,0.0,96809.93086961865,0.0,188.1293487548828,-3190.069130381317,0.0,16371.671029363331,-0.20840397957900458,True
2025-11-10,96809.93086961865,0.0,0.0,96809.93086961865,0.0,199.0281524658203,-3190.069130381317,0.0,16371.671029363331,-0.20840397957900458,True
2025-11-11,96809.93086961865,0.0,0.0,96809.93086961865,0.0,193.1387939453125,-3190.069130381317,0.0,16371.671029363331,-0.20840397957900458,True
2025-11-12,96809.93086961865,0.0,0.0,96809.93086961865,0.0,193.7787322998047,-3190.069130381317,0.0,16371.671029363331,-0.20840397957900458,True
2025-11-13,96809.93086961865,0.0,0.0,96809.93086961865,0.0,186.8394775390625,-3190.069130381317,0.0,16371.671029363331,-0.20840397957900458,True
2025-11-14,96809.93086961865,0.0,0.0,96809.93086961865,0.0,190.14910888671875,-3190.069130381317,0.0,16371.671029363331,-0.20840397957900458,True
2025-11-17,96809.93086961865,0.0,0.0,96809.93086961865,0.0,186.5795135498047,-3190.069130381317,0.0,16371.671029363331,-0.20840397957900458,True
2025-11-18,96809.93086961865,0.0,0.0,96809.93086961865,0.0,181.340087890625,-3190.069130381317,0.0,16371.671029363331,-0.20840397957900458,True
2025-11-19,96809.93086961865,0.0,0.0,96809.93086961865,0.0,186.49952697753903,-3190.069130381317,0.0,16371.671029363331,-0.20840397957900458,True
2025-11-20,96809.93086961865,0.0,0.0,96809.93086961865,0.0,180.6201629638672,-3190.069130381317,0.0,16371.671029363331,-0.20840397957900458,True
2025-11-21,96809.93086961865,0.0,0.0,96809.93086961865,0.0,178.86036682128906,-3190.069130381317,0.0,16371.671029363331,-0.20840397957900458,True
2025-11-24,96809.93086961865,0.0,0.0,96809.93086961865,0.0,182.52996826171875,-3190.069130381317,0.0,16371.671029363331,-0.20840397957900458,True
2025-11-25,96809.93086961865,0.0,0.0,96809.93086961865,0.0,177.80047607421875,-3190.069130381317,0.0,16371.671029363331,-0.20840397957900458,True
2025-11-26,96809.93086961865,0.0,0.0,96809.93086961865,0.0,180.24020385742188,-3190.069130381317,0.0,16371.671029363331,-0.20840397957900458,True
2025-11-28,96809.93086961865,0.0,0.0,96809.93086961865,0.0,176.98056030273438,-3190.069130381317,0.0,16371.671029363331,-0.20840397957900458,True
2025-12-01,96809.93086961865,0.0,0.0,96809.93086961865,0.0,179.90025329589844,-3190.069130381317,0.0,16371.671029363331,-0.20840397957900458,True
2025-12-02,96809.93086961865,0.0,0.0,96809.93086961865,0.0,181.44007873535156,-3190.069130381317,0.0,16371.671029363331,-0.20840397957900458,True
2025-12-03,96809.93086961865,0.0,0.0,96809.93086961865,0.0,179.57028198242188,-3190.069130381317,0.0,16371.671029363331,-0.20840397957900458,True
2025-12-04,96809.93086961865,0.0,0.0,96809.93086961865,0.0,183.37008666992188,-3190.069130381317,0.0,16371.671029363331,-0.20840397957900458,True
2025-12-05,96809.93086961865,0.0,0.0,96809.93086961865,0.0,182.4001312255859,-3190.069130381317,0.0,16371.671029363331,-0.20840397957900458,True
2025-12-08,96809.93086961865,0.0,0.0,96809.93086961865,0.0,185.5399627685547,-3190.069130381317,0.0,16371.671029363331,-0.20840397957900458,True
2025-12-09,96809.93086961865,0.0,0.0,96809.93086961865,0.0,184.95999145507812,-3190.069130381317,0.0,16371.671029363331,-0.20840397957900458,True
2025-12-10,96809.93086961865,0.0,0.0,96809.93086961865,0.0,183.77005004882812,-3190.069130381317,0.0,16371.671029363331,-0.20840397957900458,True
2025-12-11,96809.93086961865,0.0,0.0,96809.93086961865,0.0,180.92019653320312,-3190.069130381317,0.0,16371.671029363331,-0.20840397957900458,True
2025-12-12,96809.93086961865,0.0,0.0,96809.93086961865,0.0,175.01052856445312,-3190.069130381317,0.0,16371.671029363331,-0.20840397957900458,True
2025-12-15,96809.93086961865,0.0,0.0,96809.93086961865,0.0,176.28045654296875,-3190.069130381317,0.0,16371.671029363331,-0.20840397957900458,True
2025-12-16,96809.93086961865,0.0,0.0,96809.93086961865,0.0,177.71038818359375,-3190.069130381317,0.0,16371.671029363331,-0.20840397957900458,True
2025-12-17,96809.93086961865,0.0,0.0,96809.93086961865,0.0,170.93075561523438,-3190.069130381317,0.0,16371.671029363331,-0.20840397957900458,True
2025-12-18,96809.93086961865,0.0,0.0,96809.93086961865,0.0,174.1305694580078,-3190.069130381317,0.0,16371.671029363331,-0.20840397957900458,True
2025-12-19,96809.93086961865,0.0,0.0,96809.93086961865,0.0,180.9802093505859,-3190.069130381317,0.0,16371.671029363331,-0.20840397957900458,True
2025-12-22,96809.93086961865,0.0,0.0,96809.93086961865,0.0,183.6800537109375,-3190.069130381317,0.0,16371.671029363331,-0.20840397957900458,True
2025-12-23,96809.93086961865,0.0,0.0,96809.93086961865,0.0,189.19976806640625,-3190.069130381317,0.0,16371.671029363331,-0.20840397957900458,True
2025-12-24,96809.93086961865,0.0,0.0,96809.93086961865,0.0,188.59979248046875,-3190.069130381317,0.0,16371.671029363331,-0.20840397957900458,True
2025-12-26,96809.93086961865,0.0,0.0,96809.93086961865,0.0,190.51968383789065,-3190.069130381317,0.0,16371.671029363331,-0.20840397957900458,True
2025-12-29,96809.93086961865,0.0,0.0,96809.93086961865,0.0,188.20980834960935,-3190.069130381317,0.0,16371.671029363331,-0.20840397957900458,True
2025-12-30,96809.93086961865,0.0,0.0,96809.93086961865,0.0,187.52984619140625,-3190.069130381317,0.0,16371.671029363331,-0.20840397957900458,True
2025-12-31,96809.93086961865,0.0,0.0,96809.93086961865,0.0,186.4899139404297,-3190.069130381317,0.0,16371.671029363331,-0.20840397957900458,True
2026-01-02,96809.93086961865,0.0,0.0,96809.93086961865,0.0,188.83978271484375,-3190.069130381317,0.0,16371.671029363331,-0.20840397957900458,True
2026-01-05,96809.93086961865,0.0,0.0,96809.93086961865,0.0,188.1098175048828,-3190.069130381317,0.0,16371.671029363331,-0.20840397957900458,True
2026-01-06,96809.93086961865,0.0,0.0,96809.93086961865,0.0,187.22987365722656,-3190.069130381317,0.0,16371.671029363331,-0.20840397957900458,True
2026-01-07,96809.93086961865,0.0,0.0,96809.93086961865,0.0,189.09976196289065,-3190.069130381317,0.0,16371.671029363331,-0.20840397957900458,True
2026-01-08,96809.93086961865,0.0,0.0,96809.93086961865,0.0,185.0299835205078,-3190.069130381317,0.0,16371.671029363331,-0.20840397957900458,True
2026-01-09,96809.93086961865,0.0,0.0,96809.93086961865,0.0,184.84999084472656,-3190.069130381317,0.0,16371.671029363331,-0.20840397957900458,True
2026-01-12,96809.93086961865,0.0,0.0,96809.93086961865,0.0,184.92999267578125,-3190.069130381317,0.0,16371.671029363331,-0.20840397957900458,True
2026-01-13,96809.93086961865,0.0,0.0,96809.93086961865,0.0,185.79994201660156,-3190.069130381317,0.0,16371.671029363331,-0.20840397957900458,True
2026-01-14,96809.93086961865,0.0,0.0,96809.93086961865,0.0,183.1300811767578,-3190.069130381317,0.0,16371.671029363331,-0.20840397957900458,True
2026-01-15,96809.93086961865,0.0,0.0,96809.93086961865,0.0,187.03988647460935,-3190.069130381317,0.0,16371.671029363331,-0.20840397957900458,True
2026-01-16,96809.93086961865,0.0,0.0,96809.93086961865,0.0,186.21990966796875,-3190.069130381317,0.0,16371.671029363331,-0.20840397957900458,True
2026-01-20,96809.93086961865,0.0,0.0,96809.93086961865,0.0,178.06036376953125,-3190.069130381317,0.0,16371.671029363331,-0.20840397957900458,True
2026-01-21,96809.93086961865,0.0,0.0,96809.93086961865,0.0,183.31008911132812,-3190.069130381317,0.0,16371.671029363331,-0.20840397957900458,True
2026-01-22,96809.93086961865,0.0,0.0,96809.93086961865,0.0,184.8299865722656,-3190.069130381317,0.0,16371.671029363331,-0.20840397957900458,True
2026-01-23,96809.93086961865,0.0,0.0,96809.93086961865,0.0,187.6598358154297,-3190.069130381317,0.0,16371.671029363331,-0.20840397957900458,True
2026-01-26,96809.93086961865,0.0,0.0,96809.93086961865,0.0,186.4599151611328,-3190.069130381317,0.0,16371.671029363331,-0.20840397957900458,True
2026-01-27,96809.93086961865,0.0,0.0,96809.93086961865,0.0,188.50979614257812,-3190.069130381317,0.0,16371.671029363331,-0.20840397957900458,True
2026-01-28,96809.93086961865,0.0,0.0,96809.93086961865,0.0,191.5096435546875,-3190.069130381317,0.0,16371.671029363331,-0.20840397957900458,True
2026-01-29,96809.93086961865,0.0,0.0,96809.93086961865,0.0,192.49957275390625,-3190.069130381317,0.0,16371.671029363331,-0.20840397957900458,True
2026-01-30,96809.93086961865,0.0,0.0,96809.93086961865,0.0,191.11965942382812,-3190.069130381317,0.0,16371.671029363331,-0.20840397957900458,True
2026-02-02,96809.93086961865,0.0,0.0,96809.93086961865,0.0,185.59996032714844,-3190.069130381317,0.0,16371.671029363331,-0.20840397957900458,True
2026-02-03,96809.93086961865,0.0,0.0,96809.93086961865,0.0,180.33023071289065,-3190.069130381317,0.0,16371.671029363331,-0.20840397957900458,True
2026-02-04,96809.93086961865,0.0,0.0,96809.93086961865,0.0,174.18057250976562,-3190.069130381317,0.0,16371.671029363331,-0.20840397957900458,True
2026-02-05,96809.93086961865,0.0,0.0,96809.93086961865,0.0,171.87069702148438,-3190.069130381317,0.0,16371.671029363331,-0.20840397957900458,True
2026-02-06,96809.93086961865,0.0,0.0,96809.93086961865,0.0,185.39996337890625,-3190.069130381317,0.0,16371.671029363331,-0.20840397957900458,True
2026-02-09,96809.93086961865,0.0,0.0,96809.93086961865,0.0,190.0297088623047,-3190.069130381317,0.0,16371.671029363331,-0.20840397957900458,True
2026-02-10,96809.93086961865,0.0,0.0,96809.93086961865,0.0,188.52978515625,-3190.069130381317,0.0,16371.671029363331,-0.20840397957900458,True
2026-02-11,96809.93086961865,0.0,0.0,96809.93086961865,0.0,190.0397186279297,-3190.069130381317,0.0,16371.671029363331,-0.20840397957900458,True
2026-02-12,96809.93086961865,0.0,0.0,96809.93086961865,0.0,186.9298858642578,-3190.069130381317,0.0,16371.671029363331,-0.20840397957900458,True
2026-02-13,96809.93086961865,0.0,0.0,96809.93086961865,0.0,182.80010986328125,-3190.069130381317,0.0,16371.671029363331,-0.20840397957900458,True
2026-02-17,96809.93086961865,0.0,0.0,96809.93086961865,0.0,184.95999145507812,-3190.069130381317,0.0,16371.671029363331,-0.20840397957900458,True
2026-02-18,96809.93086961865,0.0,0.0,96809.93086961865,0.0,187.9698181152344,-3190.069130381317,0.0,16371.671029363331,-0.20840397957900458,True
2026-02-19,96809.93086961865,0.0,0.0,96809.93086961865,0.0,187.88983154296875,-3190.069130381317,0.0,16371.671029363331,-0.20840397957900458,True
2026-02-20,96809.93086961865,0.0,0.0,96809.93086961865,0.0,189.8097381591797,-3190.069130381317,0.0,16371.671029363331,-0.20840397957900458,True
2026-02-23,96809.93086961865,0.0,0.0,96809.93086961865,0.0,191.5396423339844,-3190.069130381317,0.0,16371.671029363331,-0.20840397957900458,True
2026-02-24,96809.93086961865,0.0,0.0,96809.93086961865,0.0,192.83956909179688,-3190.069130381317,0.0,16371.671029363331,-0.20840397957900458,True
2026-02-25,96809.93086961865,0.0,0.0,96809.93086961865,0.0,195.5494079589844,-3190.069130381317,0.0,16371.671029363331,-0.20840397957900458,True
2026-02-26,96809.93086961865,0.0,0.0,96809.93086961865,0.0,184.87998962402344,-3190.069130381317,0.0,16371.671029363331,-0.20840397957900458,True
2026-02-27,96809.93086961865,0.0,0.0,96809.93086961865,0.0,177.180419921875,-3190.069130381317,0.0,16371.671029363331,-0.20840397957900458,True
2026-03-02,96809.93086961865,0.0,0.0,96809.93086961865,0.0,182.4701232910156,-3190.069130381317,0.0,16371.671029363331,-0.20840397957900458,True
2026-03-03,96809.93086961865,0.0,0.0,96809.93086961865,0.0,180.04025268554688,-3190.069130381317,0.0,16371.671029363331,-0.20840397957900458,True
2026-03-04,96809.93086961865,0.0,0.0,96809.93086961865,0.0,183.03009033203125,-3190.069130381317,0.0,16371.671029363331,-0.20840397957900458,True
2026-03-05,96809.93086961865,0.0,0.0,96809.93086961865,0.0,183.330078125,-3190.069130381317,0.0,16371.671029363331,-0.20840397957900458,True
2026-03-06,96809.93086961865,0.0,0.0,96809.93086961865,0.0,177.8103790283203,-3190.069130381317,0.0,16371.671029363331,-0.20840397957900458,True
2026-03-09,96809.93086961865,0.0,0.0,96809.93086961865,0.0,182.64010620117188,-3190.069130381317,0.0,16371.671029363331,-0.20840397957900458,True
2026-03-10,96809.93086961865,0.0,0.0,96809.93086961865,0.0,184.760009765625,-3190.069130381317,0.0,16371.671029363331,-0.20840397957900458,True
2026-03-11,96809.93086961865,0.0,0.0,96809.93086961865,0.0,186.02999877929688,-3190.069130381317,0.0,16371.671029363331,-0.20840397957900458,True
2026-03-12,96809.93086961865,0.0,0.0,96809.93086961865,0.0,183.13999938964844,-3190.069130381317,0.0,16371.671029363331,-0.20840397957900458,True
2026-03-13,96809.93086961865,0.0,0.0,96809.93086961865,0.0,180.25,-3190.069130381317,0.0,16371.671029363331,-0.20840397957900458,True
2026-03-16,96809.93086961865,0.0,0.0,96809.93086961865,0.0,183.22000122070312,-3190.069130381317,0.0,16371.671029363331,-0.20840397957900458,True
2026-03-17,96809.93086961865,0.0,0.0,96809.93086961865,0.0,181.92999267578125,-3190.069130381317,0.0,16371.671029363331,-0.20840397957900458,True
2026-03-18,96809.93086961865,0.0,0.0,96809.93086961865,0.0,180.3999938964844,-3190.069130381317,0.0,16371.671029363331,-0.20840397957900458,True
2026-03-19,96809.93086961865,0.0,0.0,96809.93086961865,0.0,178.55999755859375,-3190.069130381317,0.0,16371.671029363331,-0.20840397957900458,True
2026-03-20,96809.93086961865,0.0,0.0,96809.93086961865,0.0,172.6999969482422,-3190.069130381317,0.0,16371.671029363331,-0.20840397957900458,True
2026-03-23,96809.93086961865,0.0,0.0,96809.93086961865,0.0,175.63999938964844,-3190.069130381317,0.0,16371.671029363331,-0.20840397957900458,True
2026-03-24,96809.93086961865,0.0,0.0,96809.93086961865,0.0,175.1999969482422,-3190.069130381317,0.0,16371.671029363331,-0.20840397957900458,True
2026-03-25,96809.93086961865,0.0,0.0,96809.93086961865,0.0,178.67999267578125,-3190.069130381317,0.0,16371.671029363331,-0.20840397957900458,True
2026-03-26,96809.93086961865,0.0,0.0,96809.93086961865,0.0,171.24000549316406,-3190.069130381317,0.0,16371.671029363331,-0.20840397957900458,True
2026-03-27,96809.93086961865,0.0,0.0,96809.93086961865,0.0,167.52000427246094,-3190.069130381317,0.0,16371.671029363331,-0.20840397957900458,True
2026-03-30,96809.93086961865,0.0,0.0,96809.93086961865,0.0,165.1699981689453,-3190.069130381317,0.0,16371.671029363331,-0.20840397957900458,True
2026-03-31,96809.93086961865,0.0,0.0,96809.93086961865,0.0,174.39999389648438,-3190.069130381317,0.0,16371.671029363331,-0.20840397957900458,True
2026-04-01,96809.93086961865,0.0,0.0,96809.93086961865,0.0,175.75,-3190.069130381317,0.0,16371.671029363331,-0.20840397957900458,True
2026-04-02,96809.93086961865,0.0,0.0,96809.93086961865,0.0,177.38999938964844,-3190.069130381317,0.0,16371.671029363331,-0.20840397957900458,True
2026-04-06,96809.93086961865,0.0,0.0,96809.93086961865,0.0,177.63999938964844,-3190.069130381317,0.0,16371.671029363331,-0.20840397957900458,True
2026-04-07,96809.93086961865,0.0,0.0,96809.93086961865,0.0,178.10000610351562,-3190.069130381317,0.0,16371.671029363331,-0.20840397957900458,True
2026-04-08,96809.93086961865,0.0,0.0,96809.93086961865,0.0,182.0800018310547,-3190.069130381317,0.0,16371.671029363331,-0.20840397957900458,True
2026-04-09,96809.93086961865,0.0,0.0,96809.93086961865,0.0,183.91000366210935,-3190.069130381317,0.0,16371.671029363331,-0.20840397957900458,True
2026-04-10,96809.93086961865,0.0,0.0,96809.93086961865,0.0,188.6300048828125,-3190.069130381317,0.0,16371.671029363331,-0.20840397957900458,True
2026-04-13,96809.93086961865,0.0,0.0,96809.93086961865,0.0,189.30999755859375,-3190.069130381317,0.0,16371.671029363331,-0.20840397957900458,True
2026-04-14,96809.93086961865,0.0,0.0,96809.93086961865,0.0,196.5099945068359,-3190.069130381317,0.0,16371.671029363331,-0.20840397957900458,True
2026-04-15,96809.93086961865,0.0,0.0,96809.93086961865,0.0,198.8699951171875,-3190.069130381317,0.0,16371.671029363331,-0.20840397957900458,True
2026-04-16,96809.93086961865,0.0,0.0,96809.93086961865,0.0,198.3500061035156,-3190.069130381317,0.0,16371.671029363331,-0.20840397957900458,True
2026-04-17,96809.93086961865,0.0,0.0,96809.93086961865,0.0,201.67999267578125,-3190.069130381317,0.0,16371.671029363331,-0.20840397957900458,True
2026-04-20,96809.93086961865,0.0,0.0,96809.93086961865,0.0,202.05999755859375,-3190.069130381317,0.0,16371.671029363331,-0.20840397957900458,True
2026-04-21,96809.93086961865,0.0,0.0,96809.93086961865,0.0,199.8800048828125,-3190.069130381317,0.0,16371.671029363331,-0.20840397957900458,True
2026-04-22,96809.93086961865,0.0,0.0,96809.93086961865,0.0,202.5,-3190.069130381317,0.0,16371.671029363331,-0.20840397957900458,True
2026-04-23,96809.93086961865,0.0,0.0,96809.93086961865,0.0,199.63999938964844,-3190.069130381317,0.0,16371.671029363331,-0.20840397957900458,True
2026-04-24,96809.93086961865,0.0,0.0,96809.93086961865,0.0,208.27000427246097,-3190.069130381317,0.0,16371.671029363331,-0.20840397957900458,True
2026-04-27,96809.93086961865,0.0,0.0,96809.93086961865,0.0,216.61000061035156,-3190.069130381317,0.0,16371.671029363331,-0.20840397957900458,True
2026-04-28,96809.93086961865,0.0,0.0,96809.93086961865,0.0,213.1699981689453,-3190.069130381317,0.0,16371.671029363331,-0.20840397957900458,True
2026-04-29,96809.93086961865,0.0,0.0,96809.93086961865,0.0,209.25,-3190.069130381317,0.0,16371.671029363331,-0.20840397957900458,True
2026-04-30,96809.93086961865,0.0,0.0,96809.93086961865,0.0,199.57000732421875,-3190.069130381317,0.0,16371.671029363331,-0.20840397957900458,True
2026-05-01,96809.93086961865,0.0,0.0,96809.93086961865,0.0,198.4499969482422,-3190.069130381317,0.0,16371.671029363331,-0.20840397957900458,True
2026-05-04,96809.93086961865,0.0,0.0,96809.93086961865,0.0,198.47999572753903,-3190.069130381317,0.0,16371.671029363331,-0.20840397957900458,True
2026-05-05,96809.93086961865,0.0,0.0,96809.93086961865,0.0,196.5,-3190.069130381317,0.0,16371.671029363331,-0.20840397957900458,True
2026-05-06,96809.93086961865,0.0,0.0,96809.93086961865,0.0,207.8300018310547,-3190.069130381317,0.0,16371.671029363331,-0.20840397957900458,True
2026-05-07,96809.93086961865,0.0,0.0,96809.93086961865,0.0,211.5,-3190.069130381317,0.0,16371.671029363331,-0.20840397957900458,True
2026-05-08,96809.93086961865,0.0,0.0,96809.93086961865,0.0,215.1999969482422,-3190.069130381317,0.0,16371.671029363331,-0.20840397957900458,True
2026-05-11,96809.93086961865,0.0,0.0,96809.93086961865,0.0,219.44000244140625,-3190.069130381317,0.0,16371.671029363331,-0.20840397957900458,True
2026-05-12,96809.93086961865,0.0,0.0,96809.93086961865,0.0,220.77999877929688,-3190.069130381317,0.0,16371.671029363331,-0.20840397957900458,True
2026-05-13,96809.93086961865,0.0,0.0,96809.93086961865,0.0,225.8300018310547,-3190.069130381317,0.0,16371.671029363331,-0.20840397957900458,True
2026-05-14,96809.93086961865,0.0,0.0,96809.93086961865,0.0,235.7400054931641,-3190.069130381317,0.0,16371.671029363331,-0.20840397957900458,True
2026-05-15,96809.93086961865,0.0,0.0,96809.93086961865,0.0,225.32000732421875,-3190.069130381317,0.0,16371.671029363331,-0.20840397957900458,True
2026-05-18,96809.93086961865,0.0,0.0,96809.93086961865,0.0,222.32000732421875,-3190.069130381317,0.0,16371.671029363331,-0.20840397957900458,True
2026-05-19,96809.93086961865,0.0,0.0,96809.93086961865,0.0,220.61000061035156,-3190.069130381317,0.0,16371.671029363331,-0.20840397957900458,True
2026-05-20,96809.93086961865,0.0,0.0,96809.93086961865,0.0,223.47000122070312,-3190.069130381317,0.0,16371.671029363331,-0.20840397957900458,True
2026-05-21,96809.93086961865,0.0,0.0,96809.93086961865,0.0,219.5099945068359,-3190.069130381317,0.0,16371.671029363331,-0.20840397957900458,True
2026-05-22,96809.93086961865,0.0,0.0,96809.93086961865,0.0,215.3300018310547,-3190.069130381317,0.0,16371.671029363331,-0.20840397957900458,True
