trigger,event_date,t0,t1,t2,t5,eps_est,eps_act,eps_surprise_pct,trigger_1d,trigger_2d,trigger_5d,qqq_1d,smh_1d,qqq_5d,smh_5d,target,target_1d,target_2d,target_5d,excess_qqq_1d,excess_smh_1d,excess_qqq_5d,excess_smh_5d
MU,2018-06-20,2018-06-20,2018-06-21,2018-06-22,2018-06-27,3.14,3.15,0.44,0.008312116676968628,-0.031382626219089604,-0.11348597736707156,-0.008687770669999373,-0.012460898557093092,-0.04242561941818768,-0.06636520607804308,AAOI,0.02325028485786973,0.03795963027756333,-0.021115140501223095,0.0319380555278691,0.03571118341496282,0.02131047891696458,0.04525006557681999
MU,2018-06-20,2018-06-20,2018-06-21,2018-06-22,2018-06-27,3.14,3.15,0.44,0.008312116676968628,-0.031382626219089604,-0.11348597736707156,-0.008687770669999373,-0.012460898557093092,-0.04242561941818768,-0.06636520607804308,COHR,0.009503712300759526,0.0010560306941749253,-0.06441392471696716,0.0181914829707589,0.021964610857852618,-0.021988305298779487,0.0019512813610759183
MU,2018-06-20,2018-06-20,2018-06-21,2018-06-22,2018-06-27,3.14,3.15,0.44,0.008312116676968628,-0.031382626219089604,-0.11348597736707156,-0.008687770669999373,-0.012460898557093092,-0.04242561941818768,-0.06636520607804308,LITE,0.02743361481523099,0.02123895155645039,-0.009734499770983174,0.03612138548523036,0.03989451337232408,0.0326911196472045,0.05663070630705991
MU,2018-06-20,2018-06-20,2018-06-21,2018-06-22,2018-06-27,3.14,3.15,0.44,0.008312116676968628,-0.031382626219089604,-0.11348597736707156,-0.008687770669999373,-0.012460898557093092,-0.04242561941818768,-0.06636520607804308,FN,-0.0010807106901922214,-0.009456862739641303,-0.028911098172130112,0.007607059979807151,0.01138018786690087,0.013514521246057565,0.03745410790591297
MU,2018-06-20,2018-06-20,2018-06-21,2018-06-22,2018-06-27,3.14,3.15,0.44,0.008312116676968628,-0.031382626219089604,-0.11348597736707156,-0.008687770669999373,-0.012460898557093092,-0.04242561941818768,-0.06636520607804308,MRVL,-0.023448364806267663,-0.020229748955506777,-0.0749421708864334,-0.01476059413626829,-0.010987466249174571,-0.032516551468245725,-0.00857696480839032
MU,2018-06-20,2018-06-20,2018-06-21,2018-06-22,2018-06-27,3.14,3.15,0.44,0.008312116676968628,-0.031382626219089604,-0.11348597736707156,-0.008687770669999373,-0.012460898557093092,-0.04242561941818768,-0.06636520607804308,AVGO,-0.0060099474930978,-0.005780300043294884,-0.054015525929975494,0.0026778231769015726,0.006450951063995292,-0.011589906511787818,0.012349680148067588
MU,2018-06-20,2018-06-20,2018-06-21,2018-06-22,2018-06-27,3.14,3.15,0.44,0.008312116676968628,-0.031382626219089604,-0.11348597736707156,-0.008687770669999373,-0.012460898557093092,-0.04242561941818768,-0.06636520607804308,CRDO,,,,,,,
MU,2018-06-20,2018-06-20,2018-06-21,2018-06-22,2018-06-27,3.14,3.15,0.44,0.008312116676968628,-0.031382626219089604,-0.11348597736707156,-0.008687770669999373,-0.012460898557093092,-0.04242561941818768,-0.06636520607804308,CIEN,-0.007053303367830499,-0.02547020403099287,0.00391851017539091,0.0016344673021688738,0.005407595189262593,0.04634412959357859,0.07028371625343399
MU,2018-06-20,2018-06-20,2018-06-21,2018-06-22,2018-06-27,3.14,3.15,0.44,0.008312116676968628,-0.031382626219089604,-0.11348597736707156,-0.008687770669999373,-0.012460898557093092,-0.04242561941818768,-0.06636520607804308,ALAB,,,,,,,
MU,2018-09-20,2018-09-20,2018-09-21,2018-09-24,2018-09-27,3.32,3.53,6.21,-0.028658135499464277,-0.019539556781707268,-0.02323029684718647,-0.005467503120901385,-0.005016185957722907,0.007819748476797006,-0.016535136737558576,AAOI,-0.004563362216484235,0.010343783499733528,-0.13720713319398337,0.00090414090441715,0.00045282374123867264,-0.14502688167078037,-0.12067199645642479
MU,2018-09-20,2018-09-20,2018-09-21,2018-09-24,2018-09-27,3.32,3.53,6.21,-0.028658135499464277,-0.019539556781707268,-0.02323029684718647,-0.005467503120901385,-0.005016185957722907,0.007819748476797006,-0.016535136737558576,COHR,-0.0031120648029997477,0.003111985659904226,-0.029045674351012796,0.002355438317901637,0.0019041211547231596,-0.0368654228278098,-0.01251053761345422
MU,2018-09-20,2018-09-20,2018-09-21,2018-09-24,2018-09-27,3.32,3.53,6.21,-0.028658135499464277,-0.019539556781707268,-0.02323029684718647,-0.005467503120901385,-0.005016185957722907,0.007819748476797006,-0.016535136737558576,LITE,-0.026128289564692042,-0.015835312364801735,-0.030087117655892448,-0.020660786443790657,-0.021112103606969135,-0.037906866132689454,-0.013551980918333872
MU,2018-09-20,2018-09-20,2018-09-21,2018-09-24,2018-09-27,3.32,3.53,6.21,-0.028658135499464277,-0.019539556781707268,-0.02323029684718647,-0.005467503120901385,-0.005016185957722907,0.007819748476797006,-0.016535136737558576,FN,-0.005244708753771921,0.004152151406807247,0.011800719740700627,0.0002227943671294641,-0.00022852279604901327,0.003980971263903621,0.028335856478259203
MU,2018-09-20,2018-09-20,2018-09-21,2018-09-24,2018-09-27,3.32,3.53,6.21,-0.028658135499464277,-0.019539556781707268,-0.02323029684718647,-0.005467503120901385,-0.005016185957722907,0.007819748476797006,-0.016535136737558576,MRVL,0.0,0.0015914573583417635,-0.007427436064396664,0.005467503120901385,0.005016185957722907,-0.01524718454119367,0.009107700673161911
MU,2018-09-20,2018-09-20,2018-09-21,2018-09-24,2018-09-27,3.32,3.53,6.21,-0.028658135499464277,-0.019539556781707268,-0.02323029684718647,-0.005467503120901385,-0.005016185957722907,0.007819748476797006,-0.016535136737558576,AVGO,0.012942518318085572,0.018454434342104697,0.006205795521421864,0.018410021438986957,0.01795870427580848,-0.001613952955375142,0.02274093225898044
MU,2018-09-20,2018-09-20,2018-09-21,2018-09-24,2018-09-27,3.32,3.53,6.21,-0.028658135499464277,-0.019539556781707268,-0.02323029684718647,-0.005467503120901385,-0.005016185957722907,0.007819748476797006,-0.016535136737558576,CRDO,,,,,,,
MU,2018-09-20,2018-09-20,2018-09-21,2018-09-24,2018-09-27,3.32,3.53,6.21,-0.028658135499464277,-0.019539556781707268,-0.02323029684718647,-0.005467503120901385,-0.005016185957722907,0.007819748476797006,-0.016535136737558576,CIEN,0.0016134606253137562,0.011293978188277265,0.0006453842501255025,0.007080963746215141,0.0066296465830366635,-0.0071743642266715035,0.017180520987684078
MU,2018-09-20,2018-09-20,2018-09-21,2018-09-24,2018-09-27,3.32,3.53,6.21,-0.028658135499464277,-0.019539556781707268,-0.02323029684718647,-0.005467503120901385,-0.005016185957722907,0.007819748476797006,-0.016535136737558576,ALAB,,,,,,,
MU,2018-12-18,2018-12-18,2018-12-19,2018-12-20,2018-12-26,2.97,2.97,0.03,-0.07915569475857365,-0.0829667748988735,-0.09440041666112431,-0.02455453485003145,-0.043353805164886294,-0.034867665853868246,-0.04102120610153115,AAOI,-0.03244646365677728,-0.012329628959419359,-0.031148575404881473,-0.00789192880674583,0.010907341508109014,0.0037190904489867727,0.009872630696649676
MU,2018-12-18,2018-12-18,2018-12-19,2018-12-20,2018-12-26,2.97,2.97,0.03,-0.07915569475857365,-0.0829667748988735,-0.09440041666112431,-0.02455453485003145,-0.043353805164886294,-0.034867665853868246,-0.04102120610153115,COHR,-0.02902930430395212,-0.038705739071936196,-0.048079835720008846,-0.004474769453920668,0.014324500860934175,-0.0132121698661406,-0.007058629618477696
MU,2018-12-18,2018-12-18,2018-12-19,2018-12-20,2018-12-26,2.97,2.97,0.03,-0.07915569475857365,-0.0829667748988735,-0.09440041666112431,-0.02455453485003145,-0.043353805164886294,-0.034867665853868246,-0.04102120610153115,LITE,-0.011842728222253518,-0.03292277000140953,-0.0502132327164041,0.012711806627777933,0.031511076942632776,-0.015345566862535853,-0.00919202661487295
MU,2018-12-18,2018-12-18,2018-12-19,2018-12-20,2018-12-26,2.97,2.97,0.03,-0.07915569475857365,-0.0829667748988735,-0.09440041666112431,-0.02455453485003145,-0.043353805164886294,-0.034867665853868246,-0.04102120610153115,FN,-0.017221081794427717,-0.01213305186689495,-0.029549870188311678,0.007333453055603734,0.026132723370458577,0.005317795665556568,0.011471335913219471
MU,2018-12-18,2018-12-18,2018-12-19,2018-12-20,2018-12-26,2.97,2.97,0.03,-0.07915569475857365,-0.0829667748988735,-0.09440041666112431,-0.02455453485003145,-0.043353805164886294,-0.034867665853868246,-0.04102120610153115,MRVL,-0.044041195812145606,-0.0382123362005945,0.005996837532244559,-0.019486660962114155,-0.0006873906472593116,0.040864503386112805,0.04701804363377571
MU,2018-12-18,2018-12-18,2018-12-19,2018-12-20,2018-12-26,2.97,2.97,0.03,-0.07915569475857365,-0.0829667748988735,-0.09440041666112431,-0.02455453485003145,-0.043353805164886294,-0.034867665853868246,-0.04102120610153115,AVGO,-0.02315067379268032,-0.03116124823512889,-0.006128168451866145,0.00140386105735113,0.020203131372205974,0.0287394974020021,0.034893037649665004
MU,2018-12-18,2018-12-18,2018-12-19,2018-12-20,2018-12-26,2.97,2.97,0.03,-0.07915569475857365,-0.0829667748988735,-0.09440041666112431,-0.02455453485003145,-0.043353805164886294,-0.034867665853868246,-0.04102120610153115,CRDO,,,,,,,
MU,2018-12-18,2018-12-18,2018-12-19,2018-12-20,2018-12-26,2.97,2.97,0.03,-0.07915569475857365,-0.0829667748988735,-0.09440041666112431,-0.02455453485003145,-0.043353805164886294,-0.034867665853868246,-0.04102120610153115,CIEN,-0.004520841606366899,-0.008137445909593755,-0.017179014152549743,0.020033693243664552,0.038832963558519396,0.017688651701318503,0.023842191948981406
MU,2018-12-18,2018-12-18,2018-12-19,2018-12-20,2018-12-26,2.97,2.97,0.03,-0.07915569475857365,-0.0829667748988735,-0.09440041666112431,-0.02455453485003145,-0.043353805164886294,-0.034867665853868246,-0.04102120610153115,ALAB,,,,,,,
MU,2019-03-20,2019-03-20,2019-03-21,2019-03-22,2019-03-27,1.66,1.71,3.05,0.09618733737601204,0.03712914713099513,-0.022427295332569708,0.01563207908353781,0.03445350108122058,-0.010347190722693522,-0.013179067132367384,AAOI,0.02306550813209607,-0.054315443826487786,-0.09226189061255907,0.00743342904855826,-0.011387992949124515,-0.08191469988986555,-0.07908282348019169
MU,2019-03-20,2019-03-20,2019-03-21,2019-03-22,2019-03-27,1.66,1.71,3.05,0.09618733737601204,0.03712914713099513,-0.022427295332569708,0.01563207908353781,0.03445350108122058,-0.010347190722693522,-0.013179067132367384,COHR,0.027513252288843715,-0.03518513341803042,-0.02248673257346845,0.011881173205305906,-0.0069402487923768685,-0.012139541850774926,-0.009307665441101065
MU,2019-03-20,2019-03-20,2019-03-21,2019-03-22,2019-03-27,1.66,1.71,3.05,0.09618733737601204,0.03712914713099513,-0.022427295332569708,0.01563207908353781,0.03445350108122058,-0.010347190722693522,-0.013179067132367384,LITE,0.04913408445844247,0.0640354473408542,0.10511480541164664,0.033502005374904664,0.01468058337722189,0.11546199613434016,0.11829387254401402
MU,2019-03-20,2019-03-20,2019-03-21,2019-03-22,2019-03-27,1.66,1.71,3.05,0.09618733737601204,0.03712914713099513,-0.022427295332569708,0.01563207908353781,0.03445350108122058,-0.010347190722693522,-0.013179067132367384,FN,0.026593735104459837,-0.031120360460828667,-0.02414181003858229,0.010961656020922028,-0.007859765976760746,-0.013794619315888768,-0.010962742906214906
MU,2019-03-20,2019-03-20,2019-03-21,2019-03-22,2019-03-27,1.66,1.71,3.05,0.09618733737601204,0.03712914713099513,-0.022427295332569708,0.01563207908353781,0.03445350108122058,-0.010347190722693522,-0.013179067132367384,MRVL,0.03898049119250069,-0.014992473767081238,-0.009495180587516416,0.02334841210896288,0.004526990111280105,0.0008520101351771059,0.0036838865448509672
MU,2019-03-20,2019-03-20,2019-03-21,2019-03-22,2019-03-27,1.66,1.71,3.05,0.09618733737601204,0.03712914713099513,-0.022427295332569708,0.01563207908353781,0.03445350108122058,-0.010347190722693522,-0.013179067132367384,AVGO,0.01982594034170826,0.005566389216692169,0.016973920121434727,0.00419386125817045,-0.014627560739512324,0.02732111084412825,0.03015298725380211
MU,2019-03-20,2019-03-20,2019-03-21,2019-03-22,2019-03-27,1.66,1.71,3.05,0.09618733737601204,0.03712914713099513,-0.022427295332569708,0.01563207908353781,0.03445350108122058,-0.010347190722693522,-0.013179067132367384,CRDO,,,,,,,
MU,2019-03-20,2019-03-20,2019-03-21,2019-03-22,2019-03-27,1.66,1.71,3.05,0.09618733737601204,0.03712914713099513,-0.022427295332569708,0.01563207908353781,0.03445350108122058,-0.010347190722693522,-0.013179067132367384,CIEN,0.016086514762838844,-0.022679241486846746,-0.020305819626779353,0.0004544356793010351,-0.01836698631838174,-0.009958628904085831,-0.00712675249441197
MU,2019-03-20,2019-03-20,2019-03-21,2019-03-22,2019-03-27,1.66,1.71,3.05,0.09618733737601204,0.03712914713099513,-0.022427295332569708,0.01563207908353781,0.03445350108122058,-0.010347190722693522,-0.013179067132367384,ALAB,,,,,,,
MU,2019-06-25,2019-06-25,2019-06-26,2019-06-27,2019-07-02,0.79,1.05,33.01,0.13341527079157012,0.1649328264844463,0.21175052090608038,0.0046505325659795815,0.029576208908007162,0.027469961889379446,0.06133292355682163,AAOI,0.04285707398898464,0.16043955790594921,0.10219772665012372,0.03820654142300506,0.013280865080977478,0.07472776476074428,0.04086480309330209
MU,2019-06-25,2019-06-25,2019-06-26,2019-06-27,2019-07-02,0.79,1.05,33.01,0.13341527079157012,0.1649328264844463,0.21175052090608038,0.0046505325659795815,0.029576208908007162,0.027469961889379446,0.06133292355682163,COHR,0.009809583210753425,0.026832092015869335,0.057126357500089986,0.005159050644773844,-0.019766625697253737,0.02965639561071054,-0.004206566056731642
MU,2019-06-25,2019-06-25,2019-06-26,2019-06-27,2019-07-02,0.79,1.05,33.01,0.13341527079157012,0.1649328264844463,0.21175052090608038,0.0046505325659795815,0.029576208908007162,0.027469961889379446,0.06133292355682163,LITE,0.05300209966311398,0.08550726984165857,0.11511390188645865,0.048351567097134396,0.023425890755106815,0.0876439399970792,0.05378097832963702
MU,2019-06-25,2019-06-25,2019-06-26,2019-06-27,2019-07-02,0.79,1.05,33.01,0.13341527079157012,0.1649328264844463,0.21175052090608038,0.0046505325659795815,0.029576208908007162,0.027469961889379446,0.06133292355682163,FN,0.0248264324738372,0.05007366146097847,0.06795707185339239,0.02017589990785762,-0.004749776434169961,0.040487109964012946,0.006624148296570764
MU,2019-06-25,2019-06-25,2019-06-26,2019-06-27,2019-07-02,0.79,1.05,33.01,0.13341527079157012,0.1649328264844463,0.21175052090608038,0.0046505325659795815,0.029576208908007162,0.027469961889379446,0.06133292355682163,MRVL,0.012815007261561817,0.02050414660744937,0.0264844945785907,0.008164474695582236,-0.016761201646445345,-0.0009854673107887457,-0.03484842897823093
MU,2019-06-25,2019-06-25,2019-06-26,2019-06-27,2019-07-02,0.79,1.05,33.01,0.13341527079157012,0.1649328264844463,0.21175052090608038,0.0046505325659795815,0.029576208908007162,0.027469961889379446,0.06133292355682163,AVGO,0.01782894000743407,0.033271721764053463,0.06806260036862088,0.013178407441454487,-0.011747268900573093,0.04059263847924144,0.006729676811799257
MU,2019-06-25,2019-06-25,2019-06-26,2019-06-27,2019-07-02,0.79,1.05,33.01,0.13341527079157012,0.1649328264844463,0.21175052090608038,0.0046505325659795815,0.029576208908007162,0.027469961889379446,0.06133292355682163,CRDO,,,,,,,
MU,2019-06-25,2019-06-25,2019-06-26,2019-06-27,2019-07-02,0.79,1.05,33.01,0.13341527079157012,0.1649328264844463,0.21175052090608038,0.0046505325659795815,0.029576208908007162,0.027469961889379446,0.06133292355682163,CIEN,-0.01185395913661591,-0.013750636008969308,0.0007112086078671087,-0.016504491702595492,-0.04143016804462307,-0.026758753281512337,-0.06062171494895452
MU,2019-06-25,2019-06-25,2019-06-26,2019-06-27,2019-07-02,0.79,1.05,33.01,0.13341527079157012,0.1649328264844463,0.21175052090608038,0.0046505325659795815,0.029576208908007162,0.027469961889379446,0.06133292355682163,ALAB,,,,,,,
MU,2019-09-26,2019-09-26,2019-09-27,2019-09-30,2019-10-03,0.48,0.56,15.55,-0.11090526851875104,-0.11831294598334119,-0.10576118889831043,-0.012409251509441055,-0.023708823755540287,-0.017478355971283555,-0.02030995185375628,AAOI,-0.006252764335186289,0.0022331909679416118,-0.08709240324912038,0.0061564871742547655,0.017456059420353998,-0.06961404727783682,-0.0667824513953641
MU,2019-09-26,2019-09-26,2019-09-27,2019-09-30,2019-10-03,0.48,0.56,15.55,-0.11090526851875104,-0.11831294598334119,-0.10576118889831043,-0.012409251509441055,-0.023708823755540287,-0.017478355971283555,-0.02030995185375628,COHR,-0.02888467595579647,-0.05830436856811827,-0.1278416383344536,-0.016475424446355413,-0.005175852200256181,-0.11036328236317006,-0.10753168648069733
MU,2019-09-26,2019-09-26,2019-09-27,2019-09-30,2019-10-03,0.48,0.56,15.55,-0.11090526851875104,-0.11831294598334119,-0.10576118889831043,-0.012409251509441055,-0.023708823755540287,-0.017478355971283555,-0.02030995185375628,LITE,-0.055466067417693554,-0.04168899699055939,-0.12739307585684967,-0.0430568159082525,-0.03175724366215327,-0.10991471988556611,-0.10708312400309339
MU,2019-09-26,2019-09-26,2019-09-27,2019-09-30,2019-10-03,0.48,0.56,15.55,-0.11090526851875104,-0.11831294598334119,-0.10576118889831043,-0.012409251509441055,-0.023708823755540287,-0.017478355971283555,-0.02030995185375628,FN,-0.028786501412406906,-0.015992516734067985,-0.04910631299005219,-0.01637724990296585,-0.005077677656866619,-0.03162795701876864,-0.02879636113629591
MU,2019-09-26,2019-09-26,2019-09-27,2019-09-30,2019-10-03,0.48,0.56,15.55,-0.11090526851875104,-0.11831294598334119,-0.10576118889831043,-0.012409251509441055,-0.023708823755540287,-0.017478355971283555,-0.02030995185375628,MRVL,-0.009203650931604468,-0.0008002763358130327,-0.04321736632763595,0.003205600577836587,0.014505172823935819,-0.0257390103563524,-0.022907414473879673
MU,2019-09-26,2019-09-26,2019-09-27,2019-09-30,2019-10-03,0.48,0.56,15.55,-0.11090526851875104,-0.11831294598334119,-0.10576118889831043,-0.012409251509441055,-0.023708823755540287,-0.017478355971283555,-0.02030995185375628,AVGO,-0.01000323448369711,-0.0030333313909681747,-0.008955897154278358,0.002406017025743945,0.013705589271843177,0.008522458817005196,0.011354054699477922
MU,2019-09-26,2019-09-26,2019-09-27,2019-09-30,2019-10-03,0.48,0.56,15.55,-0.11090526851875104,-0.11831294598334119,-0.10576118889831043,-0.012409251509441055,-0.023708823755540287,-0.017478355971283555,-0.02030995185375628,CRDO,,,,,,,
MU,2019-09-26,2019-09-26,2019-09-27,2019-09-30,2019-10-03,0.48,0.56,15.55,-0.11090526851875104,-0.11831294598334119,-0.10576118889831043,-0.012409251509441055,-0.023708823755540287,-0.017478355971283555,-0.02030995185375628,CIEN,0.0038275460866354916,0.0010206919349080579,-0.042612866227741186,0.016236797596076546,0.02753636984217578,-0.02513451025645763,-0.022302914373984906
MU,2019-09-26,2019-09-26,2019-09-27,2019-09-30,2019-10-03,0.48,0.56,15.55,-0.11090526851875104,-0.11831294598334119,-0.10576118889831043,-0.012409251509441055,-0.023708823755540287,-0.017478355971283555,-0.02030995185375628,ALAB,,,,,,,
MU,2019-12-18,2019-12-18,2019-12-19,2019-12-20,2019-12-26,0.47,0.48,1.55,0.028091943759919857,0.03808449049876961,0.03902730185530667,0.006251386660346414,0.005802814197108486,0.022445837898742882,0.0253526618668376,AAOI,0.010733442064713383,-0.005366763683264164,0.03846147940643596,0.004482055404366969,0.004930627867604898,0.01601564150769308,0.01310881753959836
MU,2019-12-18,2019-12-18,2019-12-19,2019-12-20,2019-12-26,0.47,0.48,1.55,0.028091943759919857,0.03808449049876961,0.03902730185530667,0.006251386660346414,0.005802814197108486,0.022445837898742882,0.0253526618668376,COHR,0.008323388358414618,0.005945325997865458,0.01545780223538551,0.0020720016980682043,0.0025205741613061328,-0.006988035663357373,-0.009894859631452091
MU,2019-12-18,2019-12-18,2019-12-19,2019-12-20,2019-12-26,0.47,0.48,1.55,0.028091943759919857,0.03808449049876961,0.03902730185530667,0.006251386660346414,0.005802814197108486,0.022445837898742882,0.0253526618668376,LITE,0.0322411454995557,0.034741406288512744,0.04684833909813313,0.025989758839209287,0.026438331302447216,0.024402501199390247,0.02149567723129553
MU,2019-12-18,2019-12-18,2019-12-19,2019-12-20,2019-12-26,0.47,0.48,1.55,0.028091943759919857,0.03808449049876961,0.03902730185530667,0.006251386660346414,0.005802814197108486,0.022445837898742882,0.0253526618668376,FN,0.009790285901341012,0.0012432297272992887,0.016317064128293257,0.0035388992409945974,0.003987471704232526,-0.006128773770449625,-0.009035597738544343
MU,2019-12-18,2019-12-18,2019-12-19,2019-12-20,2019-12-26,0.47,0.48,1.55,0.028091943759919857,0.03808449049876961,0.03902730185530667,0.006251386660346414,0.005802814197108486,0.022445837898742882,0.0253526618668376,MRVL,0.018373706170356385,0.014855119505185366,0.05516467830668392,0.012122319510009971,0.0125708919732479,0.03271884040794104,0.029812016439846323
MU,2019-12-18,2019-12-18,2019-12-19,2019-12-20,2019-12-26,0.47,0.48,1.55,0.028091943759919857,0.03808449049876961,0.03902730185530667,0.006251386660346414,0.005802814197108486,0.022445837898742882,0.0253526618668376,AVGO,-0.010200070073050349,-0.015907487124488195,-0.019053920609098163,-0.016451456733396763,-0.016002884270158835,-0.041499758507841045,-0.04440658247593576
MU,2019-12-18,2019-12-18,2019-12-19,2019-12-20,2019-12-26,0.47,0.48,1.55,0.028091943759919857,0.03808449049876961,0.03902730185530667,0.006251386660346414,0.005802814197108486,0.022445837898742882,0.0253526618668376,CRDO,,,,,,,
MU,2019-12-18,2019-12-18,2019-12-19,2019-12-20,2019-12-26,0.47,0.48,1.55,0.028091943759919857,0.03808449049876961,0.03902730185530667,0.006251386660346414,0.005802814197108486,0.022445837898742882,0.0253526618668376,CIEN,0.014907151457658196,0.0359237851046319,0.04398834634171256,0.008655764797311782,0.00910433726054971,0.021542508442969677,0.01863568447487496
MU,2019-12-18,2019-12-18,2019-12-19,2019-12-20,2019-12-26,0.47,0.48,1.55,0.028091943759919857,0.03808449049876961,0.03902730185530667,0.006251386660346414,0.005802814197108486,0.022445837898742882,0.0253526618668376,ALAB,,,,,,,
MU,2020-03-25,2020-03-25,2020-03-26,2020-03-27,2020-04-01,0.37,0.45,21.41,0.05388250151323537,0.023058882689718674,-0.06141181990340139,0.052660288832943714,0.06064819408150712,5.477411915943975e-05,-0.029888526139290827,AAOI,-0.06577178304203168,0.004026873902874373,-0.017449616232484533,-0.1184320718749754,-0.1264199771235388,-0.017504390351643973,0.012438909906806295
MU,2020-03-25,2020-03-25,2020-03-26,2020-03-27,2020-04-01,0.37,0.45,21.41,0.05388250151323537,0.023058882689718674,-0.06141181990340139,0.052660288832943714,0.06064819408150712,5.477411915943975e-05,-0.029888526139290827,COHR,0.03784929881493393,-0.005305964488906856,-0.0749911851752797,-0.014810990018009784,-0.022798895266573194,-0.07504595929443914,-0.04510265903598887
MU,2020-03-25,2020-03-25,2020-03-26,2020-03-27,2020-04-01,0.37,0.45,21.41,0.05388250151323537,0.023058882689718674,-0.06141181990340139,0.052660288832943714,0.06064819408150712,5.477411915943975e-05,-0.029888526139290827,LITE,-0.04996668684228878,-0.06728851227727606,-0.08580948940088573,-0.10262697567523249,-0.1106148809237959,-0.08586426352004517,-0.0559209632615949
MU,2020-03-25,2020-03-25,2020-03-26,2020-03-27,2020-04-01,0.37,0.45,21.41,0.05388250151323537,0.023058882689718674,-0.06141181990340139,0.052660288832943714,0.06064819408150712,5.477411915943975e-05,-0.029888526139290827,FN,0.015452144249995081,-0.0778328530880128,0.028615033429906456,-0.03720814458294863,-0.04519604983151204,0.028560259310747016,0.05850355956919728
MU,2020-03-25,2020-03-25,2020-03-26,2020-03-27,2020-04-01,0.37,0.45,21.41,0.05388250151323537,0.023058882689718674,-0.06141181990340139,0.052660288832943714,0.06064819408150712,5.477411915943975e-05,-0.029888526139290827,MRVL,0.07314811108179087,0.03472206903982733,0.0018518049515630075,0.020487822248847154,0.012499917000283745,0.0017970308324035678,0.031740331090853835
MU,2020-03-25,2020-03-25,2020-03-26,2020-03-27,2020-04-01,0.37,0.45,21.41,0.05388250151323537,0.023058882689718674,-0.06141181990340139,0.052660288832943714,0.06064819408150712,5.477411915943975e-05,-0.029888526139290827,AVGO,0.11776583399842622,0.06039981089536717,0.027947459599369617,0.0651055451654825,0.057117639916919094,0.027892685480210178,0.057835985738660445
MU,2020-03-25,2020-03-25,2020-03-26,2020-03-27,2020-04-01,0.37,0.45,21.41,0.05388250151323537,0.023058882689718674,-0.06141181990340139,0.052660288832943714,0.06064819408150712,5.477411915943975e-05,-0.029888526139290827,CRDO,,,,,,,
MU,2020-03-25,2020-03-25,2020-03-26,2020-03-27,2020-04-01,0.37,0.45,21.41,0.05388250151323537,0.023058882689718674,-0.06141181990340139,0.052660288832943714,0.06064819408150712,5.477411915943975e-05,-0.029888526139290827,CIEN,0.05859481861841287,0.019963714385691222,0.0362976805018429,0.005934529785469156,-0.0020533754630942536,0.03624290638268346,0.06618620664113373
MU,2020-03-25,2020-03-25,2020-03-26,2020-03-27,2020-04-01,0.37,0.45,21.41,0.05388250151323537,0.023058882689718674,-0.06141181990340139,0.052660288832943714,0.06064819408150712,5.477411915943975e-05,-0.029888526139290827,ALAB,,,,,,,
MU,2020-06-29,2020-06-29,2020-06-30,2020-07-01,2020-07-07,0.76,0.82,7.45,0.04821959625878458,0.011189983741804355,-0.0012209164911264336,0.019601441236788864,0.024334595190067754,0.056703819033283365,0.043306290411909476,AAOI,0.15515409796191393,0.08289051494360056,0.18490964923837794,0.13555265672512506,0.13081950277184617,0.12820583020509457,0.14160335882646846
MU,2020-06-29,2020-06-29,2020-06-30,2020-07-01,2020-07-07,0.76,0.82,7.45,0.04821959625878458,0.011189983741804355,-0.0012209164911264336,0.019601441236788864,0.024334595190067754,0.056703819033283365,0.043306290411909476,COHR,-0.02417851175248409,-0.10084730584144541,-0.08162845242325911,-0.04377995298927295,-0.04851310694255184,-0.13833227145654248,-0.12493474283516859
MU,2020-06-29,2020-06-29,2020-06-30,2020-07-01,2020-07-07,0.76,0.82,7.45,0.04821959625878458,0.011189983741804355,-0.0012209164911264336,0.019601441236788864,0.024334595190067754,0.056703819033283365,0.043306290411909476,LITE,0.03851545086109698,0.02257360745312309,0.05790068963262529,0.018914009624308115,0.014180855671029224,0.001196870599341926,0.014594399220715815
MU,2020-06-29,2020-06-29,2020-06-30,2020-07-01,2020-07-07,0.76,0.82,7.45,0.04821959625878458,0.011189983741804355,-0.0012209164911264336,0.019601441236788864,0.024334595190067754,0.056703819033283365,0.043306290411909476,FN,0.03687703285499855,0.017607932643853186,0.06395352558182221,0.017275591618209685,0.012542437664930794,0.007249706548538848,0.020647235169912737
MU,2020-06-29,2020-06-29,2020-06-30,2020-07-01,2020-07-07,0.76,0.82,7.45,0.04821959625878458,0.011189983741804355,-0.0012209164911264336,0.019601441236788864,0.024334595190067754,0.056703819033283365,0.043306290411909476,MRVL,0.044696043760460435,0.024135814689929758,0.056019061710867346,0.025094602523671572,0.020361448570392682,-0.0006847573224160186,0.01271277129895787
MU,2020-06-29,2020-06-29,2020-06-30,2020-07-01,2020-07-07,0.76,0.82,7.45,0.04821959625878458,0.011189983741804355,-0.0012209164911264336,0.019601441236788864,0.024334595190067754,0.056703819033283365,0.043306290411909476,AVGO,0.018819884499322148,0.009522775143342876,0.010781771062512435,-0.0007815567374667154,-0.005514710690745606,-0.04592204797077093,-0.03252451934939704
MU,2020-06-29,2020-06-29,2020-06-30,2020-07-01,2020-07-07,0.76,0.82,7.45,0.04821959625878458,0.011189983741804355,-0.0012209164911264336,0.019601441236788864,0.024334595190067754,0.056703819033283365,0.043306290411909476,CRDO,,,,,,,
MU,2020-06-29,2020-06-29,2020-06-30,2020-07-01,2020-07-07,0.76,0.82,7.45,0.04821959625878458,0.011189983741804355,-0.0012209164911264336,0.019601441236788864,0.024334595190067754,0.056703819033283365,0.043306290411909476,CIEN,0.019002790075959508,0.008278431120923857,0.05174035599342397,-0.0005986511608293554,-0.005331805114108246,-0.004963463039859395,0.008434065581514494
MU,2020-06-29,2020-06-29,2020-06-30,2020-07-01,2020-07-07,0.76,0.82,7.45,0.04821959625878458,0.011189983741804355,-0.0012209164911264336,0.019601441236788864,0.024334595190067754,0.056703819033283365,0.043306290411909476,ALAB,,,,,,,
MU,2020-09-29,2020-09-29,2020-09-30,2020-10-01,2020-10-06,0.97,1.08,10.9,-0.07394981459807415,-0.055018640464037816,-0.06685090390091453,0.006848860171295712,-0.0014904619061264501,-0.002862931918918843,0.017310417012542434,AAOI,0.000889700096572188,-0.0017793153466733047,-0.0035587155398179027,-0.005959160074723524,0.002380162002698638,-0.0006957836208990598,-0.020869132552360337
MU,2020-09-29,2020-09-29,2020-09-30,2020-10-01,2020-10-06,0.97,1.08,10.9,-0.07394981459807415,-0.055018640464037816,-0.06685090390091453,0.006848860171295712,-0.0014904619061264501,-0.002862931918918843,0.017310417012542434,COHR,-0.01049037051885926,0.013417887644280757,0.03683821077583538,-0.017339230690154972,-0.00899990861273281,0.03970114269475422,0.019527793763292944
MU,2020-09-29,2020-09-29,2020-09-30,2020-10-01,2020-10-06,0.97,1.08,10.9,-0.07394981459807415,-0.055018640464037816,-0.06685090390091453,0.006848860171295712,-0.0014904619061264501,-0.002862931918918843,0.017310417012542434,LITE,0.006969530073884789,0.03216728999122842,0.07827364013022642,0.00012066990258907673,0.008459991980011239,0.08113657204914526,0.060963223117683984
MU,2020-09-29,2020-09-29,2020-09-30,2020-10-01,2020-10-06,0.97,1.08,10.9,-0.07394981459807415,-0.055018640464037816,-0.06685090390091453,0.006848860171295712,-0.0014904619061264501,-0.002862931918918843,0.017310417012542434,FN,-0.004737139477085872,-0.005684519184318559,0.0034738259852375997,-0.011585999648381584,-0.003246677570959422,0.006336757904156443,-0.013836591027304834
MU,2020-09-29,2020-09-29,2020-09-30,2020-10-01,2020-10-06,0.97,1.08,10.9,-0.07394981459807415,-0.055018640464037816,-0.06685090390091453,0.006848860171295712,-0.0014904619061264501,-0.002862931918918843,0.017310417012542434,MRVL,0.007614057257742335,0.023096654151313123,0.06802022619598791,0.0007651970864466229,0.009104519163868785,0.07088315811490675,0.050709809183445476
MU,2020-09-29,2020-09-29,2020-09-30,2020-10-01,2020-10-06,0.97,1.08,10.9,-0.07394981459807415,-0.055018640464037816,-0.06685090390091453,0.006848860171295712,-0.0014904619061264501,-0.002862931918918843,0.017310417012542434,AVGO,0.00016459179822247982,0.01191472850706421,-0.0007686048733289708,-0.006684268373073232,0.00165505370434893,0.002094327045589872,-0.018079021885871405
MU,2020-09-29,2020-09-29,2020-09-30,2020-10-01,2020-10-06,0.97,1.08,10.9,-0.07394981459807415,-0.055018640464037816,-0.06685090390091453,0.006848860171295712,-0.0014904619061264501,-0.002862931918918843,0.017310417012542434,CRDO,,,,,,,
MU,2020-09-29,2020-09-29,2020-09-30,2020-10-01,2020-10-06,0.97,1.08,10.9,-0.07394981459807415,-0.055018640464037816,-0.06685090390091453,0.006848860171295712,-0.0014904619061264501,-0.002862931918918843,0.017310417012542434,CIEN,-0.007501951467017709,-0.006251562628331042,0.028757130855557644,-0.014350811638313421,-0.006011489560891259,0.03162006277447649,0.01144671384301521
MU,2020-09-29,2020-09-29,2020-09-30,2020-10-01,2020-10-06,0.97,1.08,10.9,-0.07394981459807415,-0.055018640464037816,-0.06685090390091453,0.006848860171295712,-0.0014904619061264501,-0.002862931918918843,0.017310417012542434,ALAB,,,,,,,
MU,2021-01-07,2021-01-07,2021-01-08,2021-01-11,2021-01-14,0.69,0.78,12.96,-0.021362904666801907,-0.005561929729650084,0.027682780444734822,0.012858389572376616,-0.00359053395408071,-0.001999914029487848,0.03568798498722914,AAOI,0.05705386073367835,0.06638997581485984,0.08609957408154689,0.044195471161301736,0.06064439468775906,0.08809948811103474,0.050411589094317755
MU,2021-01-07,2021-01-07,2021-01-08,2021-01-11,2021-01-14,0.69,0.78,12.96,-0.021362904666801907,-0.005561929729650084,0.027682780444734822,0.012858389572376616,-0.00359053395408071,-0.001999914029487848,0.03568798498722914,COHR,-0.010451647519397311,0.02378668197678313,0.06535322658596598,-0.023310037091773927,-0.006861113565316601,0.06735314061545383,0.029665241598736847
MU,2021-01-07,2021-01-07,2021-01-08,2021-01-11,2021-01-14,0.69,0.78,12.96,-0.021362904666801907,-0.005561929729650084,0.027682780444734822,0.012858389572376616,-0.00359053395408071,-0.001999914029487848,0.03568798498722914,LITE,0.018545095402803025,0.03135454316183517,0.015581658005044297,0.005686705830426408,0.022135629356883735,0.017581572034532145,-0.02010632698218484
MU,2021-01-07,2021-01-07,2021-01-08,2021-01-11,2021-01-14,0.69,0.78,12.96,-0.021362904666801907,-0.005561929729650084,0.027682780444734822,0.012858389572376616,-0.00359053395408071,-0.001999914029487848,0.03568798498722914,FN,0.007831343685287928,0.019036166639213148,0.03048191300357672,-0.005027045887088688,0.011421877639368638,0.03248182703306457,-0.005206071983652416
MU,2021-01-07,2021-01-07,2021-01-08,2021-01-11,2021-01-14,0.69,0.78,12.96,-0.021362904666801907,-0.005561929729650084,0.027682780444734822,0.012858389572376616,-0.00359053395408071,-0.001999914029487848,0.03568798498722914,MRVL,0.0012238834496276496,0.024888039726683298,0.04671585448981408,-0.011634506122748967,0.00481441740370836,0.04871576851930193,0.011027869502584942
MU,2021-01-07,2021-01-07,2021-01-08,2021-01-11,2021-01-14,0.69,0.78,12.96,-0.021362904666801907,-0.005561929729650084,0.027682780444734822,0.012858389572376616,-0.00359053395408071,-0.001999914029487848,0.03568798498722914,AVGO,0.005074449668175607,0.005345283768201314,0.019576436934947594,-0.007783939904201009,0.008664983622256317,0.021576350964435442,-0.016111548052281544
MU,2021-01-07,2021-01-07,2021-01-08,2021-01-11,2021-01-14,0.69,0.78,12.96,-0.021362904666801907,-0.005561929729650084,0.027682780444734822,0.012858389572376616,-0.00359053395408071,-0.001999914029487848,0.03568798498722914,CRDO,,,,,,,
MU,2021-01-07,2021-01-07,2021-01-08,2021-01-11,2021-01-14,0.69,0.78,12.96,-0.021362904666801907,-0.005561929729650084,0.027682780444734822,0.012858389572376616,-0.00359053395408071,-0.001999914029487848,0.03568798498722914,CIEN,0.010307328150762407,0.0076350740702231246,0.03951135176445941,-0.002551061421614209,0.013897862104843117,0.04151126579394726,0.003823366777230275
MU,2021-01-07,2021-01-07,2021-01-08,2021-01-11,2021-01-14,0.69,0.78,12.96,-0.021362904666801907,-0.005561929729650084,0.027682780444734822,0.012858389572376616,-0.00359053395408071,-0.001999914029487848,0.03568798498722914,ALAB,,,,,,,
MU,2021-03-31,2021-03-31,2021-04-01,2021-04-05,2021-04-08,0.95,0.98,3.68,0.047613747761422465,0.062804592425028,0.08026296956031209,0.017046259112480255,0.03855476984890771,0.049979439365244405,0.05391085354810343,AAOI,0.05502393026769625,0.039473676705534144,0.005980884304813028,0.037977671155216,0.016469160418788542,-0.04399855506043138,-0.047929969243290405
MU,2021-03-31,2021-03-31,2021-04-01,2021-04-05,2021-04-08,0.95,0.98,3.68,0.047613747761422465,0.062804592425028,0.08026296956031209,0.017046259112480255,0.03855476984890771,0.049979439365244405,0.05391085354810343,COHR,0.04431766355967204,0.10077518082289205,0.1148164130286442,0.027271404447191783,0.0057628937107643274,0.0648369736633998,0.06090555948054077
MU,2021-03-31,2021-03-31,2021-04-01,2021-04-05,2021-04-08,0.95,0.98,3.68,0.047613747761422465,0.062804592425028,0.08026296956031209,0.017046259112480255,0.03855476984890771,0.049979439365244405,0.05391085354810343,LITE,0.013355240734336027,0.024630542283341272,-0.0008757726589053716,-0.0036910183781442285,-0.025199529114571684,-0.050855212024149776,-0.054786626207008804
MU,2021-03-31,2021-03-31,2021-04-01,2021-04-05,2021-04-08,0.95,0.98,3.68,0.047613747761422465,0.062804592425028,0.08026296956031209,0.017046259112480255,0.03855476984890771,0.049979439365244405,0.05391085354810343,FN,0.0107312891608915,0.02588786351461292,-0.01405018975154293,-0.006314969951588756,-0.02782348068801621,-0.06402962911678733,-0.06796104329964636
MU,2021-03-31,2021-03-31,2021-04-01,2021-04-05,2021-04-08,0.95,0.98,3.68,0.047613747761422465,0.062804592425028,0.08026296956031209,0.017046259112480255,0.03855476984890771,0.049979439365244405,0.05391085354810343,MRVL,0.013883306101343695,0.04267072040643827,0.029809965445371844,-0.00316295301113656,-0.024671463747564015,-0.02016947391987256,-0.024100888102731588
MU,2021-03-31,2021-03-31,2021-04-01,2021-04-05,2021-04-08,0.95,0.98,3.68,0.047613747761422465,0.062804592425028,0.08026296956031209,0.017046259112480255,0.03855476984890771,0.049979439365244405,0.05391085354810343,AVGO,0.02650675991125362,0.05353058205784955,0.04706021110616221,0.009460500798773364,-0.012048009937654092,-0.002919228259082196,-0.006850642441941224
MU,2021-03-31,2021-03-31,2021-04-01,2021-04-05,2021-04-08,0.95,0.98,3.68,0.047613747761422465,0.062804592425028,0.08026296956031209,0.017046259112480255,0.03855476984890771,0.049979439365244405,0.05391085354810343,CRDO,,,,,,,
MU,2021-03-31,2021-03-31,2021-04-01,2021-04-05,2021-04-08,0.95,0.98,3.68,0.047613747761422465,0.062804592425028,0.08026296956031209,0.017046259112480255,0.03855476984890771,0.049979439365244405,0.05391085354810343,CIEN,0.03435667418637922,0.03782894094748368,0.03490496719304659,0.017310415073898966,-0.004198095662528489,-0.015074472172197817,-0.019005886355056845
MU,2021-03-31,2021-03-31,2021-04-01,2021-04-05,2021-04-08,0.95,0.98,3.68,0.047613747761422465,0.062804592425028,0.08026296956031209,0.017046259112480255,0.03855476984890771,0.049979439365244405,0.05391085354810343,ALAB,,,,,,,
MU,2021-06-30,2021-06-30,2021-07-01,2021-07-02,2021-07-08,1.72,1.88,9.15,-0.05730778563588235,-0.05471887014145693,-0.09261015778355552,0.0003952635375323865,-0.014757533728044558,0.012245370741688966,-0.03641707681804729,AAOI,-0.00826453911353775,-0.009445091048871701,-0.08382526750451136,-0.008659802651070136,0.0064929946145068085,-0.09607063824620032,-0.04740819068646407
MU,2021-06-30,2021-06-30,2021-07-01,2021-07-02,2021-07-08,1.72,1.88,9.15,-0.05730778563588235,-0.05471887014145693,-0.09261015778355552,0.0003952635375323865,-0.014757533728044558,0.012245370741688966,-0.03641707681804729,COHR,0.0,0.008265685821538415,-0.0230058996169642,-0.0003952635375323865,0.014757533728044558,-0.035251270358653164,0.013411177201083091
MU,2021-06-30,2021-06-30,2021-07-01,2021-07-02,2021-07-08,1.72,1.88,9.15,-0.05730778563588235,-0.05471887014145693,-0.09261015778355552,0.0003952635375323865,-0.014757533728044558,0.012245370741688966,-0.03641707681804729,LITE,0.023771846966415877,0.01755458323583059,0.002438188231293603,0.02337658342888349,0.038529380694460436,-0.009807182510395362,0.03885526504934089
MU,2021-06-30,2021-06-30,2021-07-01,2021-07-02,2021-07-08,1.72,1.88,9.15,-0.05730778563588235,-0.05471887014145693,-0.09261015778355552,0.0003952635375323865,-0.014757533728044558,0.012245370741688966,-0.03641707681804729,FN,0.0003129110090480669,-0.005632636904733923,-0.04787737389992719,-8.235252848431962e-05,0.015070444737092625,-0.060122744641616155,-0.0114602970818799
MU,2021-06-30,2021-06-30,2021-07-01,2021-07-02,2021-07-08,1.72,1.88,9.15,-0.05730778563588235,-0.05471887014145693,-0.09261015778355552,0.0003952635375323865,-0.014757533728044558,0.012245370741688966,-0.03641707681804729,MRVL,-0.01611511796820586,-0.015601027008378732,-0.03429400108525871,-0.016510381505738247,-0.0013575842401613025,-0.04653937182694767,0.002123075732788582
MU,2021-06-30,2021-06-30,2021-07-01,2021-07-02,2021-07-08,1.72,1.88,9.15,-0.05730778563588235,-0.05471887014145693,-0.09261015778355552,0.0003952635375323865,-0.014757533728044558,0.012245370741688966,-0.03641707681804729,AVGO,-0.01509914754188113,-0.01818209415063987,-0.013295739148271868,-0.015494411079413517,-0.0003416138138365721,-0.025541109889960834,0.02312133766977542
MU,2021-06-30,2021-06-30,2021-07-01,2021-07-02,2021-07-08,1.72,1.88,9.15,-0.05730778563588235,-0.05471887014145693,-0.09261015778355552,0.0003952635375323865,-0.014757533728044558,0.012245370741688966,-0.03641707681804729,CRDO,,,,,,,
MU,2021-06-30,2021-06-30,2021-07-01,2021-07-02,2021-07-08,1.72,1.88,9.15,-0.05730778563588235,-0.05471887014145693,-0.09261015778355552,0.0003952635375323865,-0.014757533728044558,0.012245370741688966,-0.03641707681804729,CIEN,0.01599577882185188,0.018105093871459754,-0.007206887885583435,0.015600515284319494,0.03075331254989644,-0.0194522586272724,0.029210188932463854
MU,2021-06-30,2021-06-30,2021-07-01,2021-07-02,2021-07-08,1.72,1.88,9.15,-0.05730778563588235,-0.05471887014145693,-0.09261015778355552,0.0003952635375323865,-0.014757533728044558,0.012245370741688966,-0.03641707681804729,ALAB,,,,,,,
MU,2021-09-28,2021-09-28,2021-09-29,2021-09-30,2021-10-05,2.34,2.42,3.35,-0.01997243535530069,-0.02764383499780998,-0.03421951914580634,-0.0016394781883748433,-0.015086937740678263,-0.006919480294830582,-0.027525037181841294,AAOI,-0.0014184721434444825,0.0184396644094571,-0.025531957490205204,0.0002210060449303608,0.013668465597233781,-0.01861247719537462,0.0019930796916360904
MU,2021-09-28,2021-09-28,2021-09-29,2021-09-30,2021-10-05,2.34,2.42,3.35,-0.01997243535530069,-0.02764383499780998,-0.03421951914580634,-0.0016394781883748433,-0.015086937740678263,-0.006919480294830582,-0.027525037181841294,COHR,-0.013587402080479705,-0.016404273219560284,-0.07821039810017327,-0.011947923892104861,0.0014995356601985588,-0.07129091780534269,-0.05068536091833198
MU,2021-09-28,2021-09-28,2021-09-29,2021-09-30,2021-10-05,2.34,2.42,3.35,-0.01997243535530069,-0.02764383499780998,-0.03421951914580634,-0.0016394781883748433,-0.015086937740678263,-0.006919480294830582,-0.027525037181841294,LITE,-0.006036152440887066,-0.011243898357932824,-0.029707593446540503,-0.004396674252512223,0.009050785299791198,-0.02278811315170992,-0.002182556264699209
MU,2021-09-28,2021-09-28,2021-09-29,2021-09-30,2021-10-05,2.34,2.42,3.35,-0.01997243535530069,-0.02764383499780998,-0.03421951914580634,-0.0016394781883748433,-0.015086937740678263,-0.006919480294830582,-0.027525037181841294,FN,-0.031164927559066413,-0.037735817977383235,-0.016802787346649417,-0.02952544937069157,-0.01607798981838815,-0.009883307051818835,0.010722249835191877
MU,2021-09-28,2021-09-28,2021-09-29,2021-09-30,2021-10-05,2.34,2.42,3.35,-0.01997243535530069,-0.02764383499780998,-0.03421951914580634,-0.0016394781883748433,-0.015086937740678263,-0.006919480294830582,-0.027525037181841294,MRVL,-0.009876498046924587,-0.007242722598058138,-0.022386771542715622,-0.008237019858549743,0.005210439693753677,-0.01546729124788504,0.005138265639125672
MU,2021-09-28,2021-09-28,2021-09-29,2021-09-30,2021-10-05,2.34,2.42,3.35,-0.01997243535530069,-0.02764383499780998,-0.03421951914580634,-0.0016394781883748433,-0.015086937740678263,-0.006919480294830582,-0.027525037181841294,AVGO,-0.0031362224687134788,-0.01240279182076831,-0.011404806737342454,-0.0014967442803386355,0.011950715271964785,-0.004485326442511872,0.01612023044449884
MU,2021-09-28,2021-09-28,2021-09-29,2021-09-30,2021-10-05,2.34,2.42,3.35,-0.01997243535530069,-0.02764383499780998,-0.03421951914580634,-0.0016394781883748433,-0.015086937740678263,-0.006919480294830582,-0.027525037181841294,CRDO,,,,,,,
MU,2021-09-28,2021-09-28,2021-09-29,2021-09-30,2021-10-05,2.34,2.42,3.35,-0.01997243535530069,-0.02764383499780998,-0.03421951914580634,-0.0016394781883748433,-0.015086937740678263,-0.006919480294830582,-0.027525037181841294,CIEN,-0.0005842021458285496,0.0,0.011489779359686425,0.0010552760425462937,0.014502735594849714,0.018409259654517007,0.03901481654152772
MU,2021-09-28,2021-09-28,2021-09-29,2021-09-30,2021-10-05,2.34,2.42,3.35,-0.01997243535530069,-0.02764383499780998,-0.03421951914580634,-0.0016394781883748433,-0.015086937740678263,-0.006919480294830582,-0.027525037181841294,ALAB,,,,,,,
MU,2021-12-20,2021-12-20,2021-12-21,2021-12-22,2021-12-28,2.11,2.16,2.58,0.10544924922762933,0.10130422617887835,0.1330000439967065,0.02238035164338026,0.03612244812540122,0.054952859425785316,0.0752291821455413,AAOI,0.01672856391009292,0.01486987397850048,0.018587342473125545,-0.005651787733287339,-0.0193938842153083,-0.03636551695265977,-0.05664183967241576
MU,2021-12-20,2021-12-20,2021-12-21,2021-12-22,2021-12-28,2.11,2.16,2.58,0.10544924922762933,0.10130422617887835,0.1330000439967065,0.02238035164338026,0.03612244812540122,0.054952859425785316,0.0752291821455413,COHR,0.023738373517504963,0.012093125082083267,0.018512956130527947,0.001358021874124704,-0.012384074607896256,-0.03643990329525737,-0.05671622601501336
MU,2021-12-20,2021-12-20,2021-12-21,2021-12-22,2021-12-28,2.11,2.16,2.58,0.10544924922762933,0.10130422617887835,0.1330000439967065,0.02238035164338026,0.03612244812540122,0.054952859425785316,0.0752291821455413,LITE,0.0009643790401030472,0.0077145908900759785,0.024011625520171,-0.02141597260327721,-0.03515806908529817,-0.030941233905614318,-0.05121755662537031
MU,2021-12-20,2021-12-20,2021-12-21,2021-12-22,2021-12-28,2.11,2.16,2.58,0.10544924922762933,0.10130422617887835,0.1330000439967065,0.02238035164338026,0.03612244812540122,0.054952859425785316,0.0752291821455413,FN,0.021886310685022003,0.0324338801993902,0.0589787018709218,-0.000494040958358255,-0.014236137440379215,0.004025842445136485,-0.016250480274619505
MU,2021-12-20,2021-12-20,2021-12-21,2021-12-22,2021-12-28,2.11,2.16,2.58,0.10544924922762933,0.10130422617887835,0.1330000439967065,0.02238035164338026,0.03612244812540122,0.054952859425785316,0.0752291821455413,MRVL,0.025306043995369176,0.04894850064082745,0.04538428987684462,0.0029256923519889177,-0.010816404130032042,-0.009568569548940697,-0.029844892268696688
MU,2021-12-20,2021-12-20,2021-12-21,2021-12-22,2021-12-28,2.11,2.16,2.58,0.10544924922762933,0.10130422617887835,0.1330000439967065,0.02238035164338026,0.03612244812540122,0.054952859425785316,0.0752291821455413,AVGO,0.008284930953650349,0.02226469760105032,0.04379576989095879,-0.01409542068972991,-0.02783751717175087,-0.011157089534826525,-0.031433412254582516
MU,2021-12-20,2021-12-20,2021-12-21,2021-12-22,2021-12-28,2.11,2.16,2.58,0.10544924922762933,0.10130422617887835,0.1330000439967065,0.02238035164338026,0.03612244812540122,0.054952859425785316,0.0752291821455413,CRDO,,,,,,,
MU,2021-12-20,2021-12-20,2021-12-21,2021-12-22,2021-12-28,2.11,2.16,2.58,0.10544924922762933,0.10130422617887835,0.1330000439967065,0.02238035164338026,0.03612244812540122,0.054952859425785316,0.0752291821455413,CIEN,0.008861385646720787,0.016783028244635956,0.03826528391067496,-0.013518965996659471,-0.02726106247868043,-0.016687575515110353,-0.036963898234866344
MU,2021-12-20,2021-12-20,2021-12-21,2021-12-22,2021-12-28,2.11,2.16,2.58,0.10544924922762933,0.10130422617887835,0.1330000439967065,0.02238035164338026,0.03612244812540122,0.054952859425785316,0.0752291821455413,ALAB,,,,,,,
MU,2022-03-29,2022-03-29,2022-03-30,2022-03-31,2022-04-05,1.98,2.14,8.07,-0.03522216465117267,-0.050700629528013796,-0.09067640023190737,-0.01104583028001338,-0.029019722397408132,-0.027183126938599922,-0.08970379724241873,AAOI,0.04491020934793588,0.09281442789354677,-0.01197603679070025,0.05595603962794926,0.07392993174534401,0.015207090147899671,0.07772776045171848
MU,2022-03-29,2022-03-29,2022-03-30,2022-03-31,2022-04-05,1.98,2.14,8.07,-0.03522216465117267,-0.050700629528013796,-0.09067640023190737,-0.01104583028001338,-0.029019722397408132,-0.027183126938599922,-0.08970379724241873,COHR,-0.014769146803659816,-0.026718654719002588,-0.07867884460569152,-0.003723316523646436,0.014250575593748316,-0.0514957176670916,0.011024952636727203
MU,2022-03-29,2022-03-29,2022-03-30,2022-03-31,2022-04-05,1.98,2.14,8.07,-0.03522216465117267,-0.050700629528013796,-0.09067640023190737,-0.01104583028001338,-0.029019722397408132,-0.027183126938599922,-0.08970379724241873,LITE,-0.019352253486529136,-0.021357713938795486,-0.06678034130083432,-0.008306423206515756,0.009667468910878996,-0.0395972143622344,0.022923455941584403
MU,2022-03-29,2022-03-29,2022-03-30,2022-03-31,2022-04-05,1.98,2.14,8.07,-0.03522216465117267,-0.050700629528013796,-0.09067640023190737,-0.01104583028001338,-0.029019722397408132,-0.027183126938599922,-0.08970379724241873,FN,-0.020465087890624956,-0.022046537177507264,-0.02893023823582852,-0.009419257610611576,0.008554634506783176,-0.0017471112972285985,0.060773559006590205
MU,2022-03-29,2022-03-29,2022-03-30,2022-03-31,2022-04-05,1.98,2.14,8.07,-0.03522216465117267,-0.050700629528013796,-0.09067640023190737,-0.01104583028001338,-0.029019722397408132,-0.027183126938599922,-0.08970379724241873,MRVL,-0.04136048107861934,-0.05842990213639221,-0.10307250190197259,-0.030314650798605958,-0.012340758681211206,-0.07588937496337267,-0.013368704659553865
MU,2022-03-29,2022-03-29,2022-03-30,2022-03-31,2022-04-05,1.98,2.14,8.07,-0.03522216465117267,-0.050700629528013796,-0.09067640023190737,-0.01104583028001338,-0.029019722397408132,-0.027183126938599922,-0.08970379724241873,AVGO,-0.016181630755341736,-0.01837981382922982,-0.04263650844690181,-0.005135800475328356,0.012838091642066396,-0.015453381508301889,0.047067288795516915
MU,2022-03-29,2022-03-29,2022-03-30,2022-03-31,2022-04-05,1.98,2.14,8.07,-0.03522216465117267,-0.050700629528013796,-0.09067640023190737,-0.01104583028001338,-0.029019722397408132,-0.027183126938599922,-0.08970379724241873,CRDO,-0.0019569297534568486,-0.006523182124423044,-0.08023480419815776,0.009088900526556531,0.027062792643951283,-0.05305167725955784,0.009468993044260965
MU,2022-03-29,2022-03-29,2022-03-30,2022-03-31,2022-04-05,1.98,2.14,8.07,-0.03522216465117267,-0.050700629528013796,-0.09067640023190737,-0.01104583028001338,-0.029019722397408132,-0.027183126938599922,-0.08970379724241873,CIEN,-0.008723762555992498,-0.020516969732750523,-0.03311798063366367,0.002322067724020882,0.020295959841415634,-0.0059348536950637465,0.05658581660875506
MU,2022-03-29,2022-03-29,2022-03-30,2022-03-31,2022-04-05,1.98,2.14,8.07,-0.03522216465117267,-0.050700629528013796,-0.09067640023190737,-0.01104583028001338,-0.029019722397408132,-0.027183126938599922,-0.08970379724241873,ALAB,,,,,,,
MU,2022-06-30,2022-06-30,2022-07-01,2022-07-05,2022-07-08,2.44,2.59,5.96,-0.029486290200880227,0.026230022159792865,0.07192096483874755,0.006600576201860164,-0.03799147529408531,0.05376799237674912,0.02410053357536812,AAOI,0.0064516069489635175,-0.012903213897927035,0.051612932500929354,-0.00014896925289664686,0.044443082243048826,-0.0021550598758197648,0.027512398925561232
MU,2022-06-30,2022-06-30,2022-07-01,2022-07-05,2022-07-08,2.44,2.59,5.96,-0.029486290200880227,0.026230022159792865,0.07192096483874755,0.006600576201860164,-0.03799147529408531,0.05376799237674912,0.02410053357536812,COHR,-0.03572128886302328,-0.0512267040484532,-0.04416094143881988,-0.042321865064883446,0.0022701864310620268,-0.097928933815569,-0.068261475014188
MU,2022-06-30,2022-06-30,2022-07-01,2022-07-05,2022-07-08,2.44,2.59,5.96,-0.029486290200880227,0.026230022159792865,0.07192096483874755,0.006600576201860164,-0.03799147529408531,0.05376799237674912,0.02410053357536812,LITE,-0.02014604017891708,-0.03563336560439845,0.009065742096487028,-0.026746616380777244,0.01784543511516823,-0.04470225028026209,-0.015034791478881093
MU,2022-06-30,2022-06-30,2022-07-01,2022-07-05,2022-07-08,2.44,2.59,5.96,-0.029486290200880227,0.026230022159792865,0.07192096483874755,0.006600576201860164,-0.03799147529408531,0.05376799237674912,0.02410053357536812,FN,-0.001233026831104156,0.005178769134987604,0.021331731066377646,-0.00783360303296432,0.03675844846298115,-0.03243626131037147,-0.0027688025089904755
MU,2022-06-30,2022-06-30,2022-07-01,2022-07-05,2022-07-08,2.44,2.59,5.96,-0.029486290200880227,0.026230022159792865,0.07192096483874755,0.006600576201860164,-0.03799147529408531,0.05376799237674912,0.02410053357536812,MRVL,-0.022513314320887323,-0.012634872543788034,0.08096545763676977,-0.029113890522747488,0.015478160973197985,0.027197465260020648,0.056864924061401645
MU,2022-06-30,2022-06-30,2022-07-01,2022-07-05,2022-07-08,2.44,2.59,5.96,-0.029486290200880227,0.026230022159792865,0.07192096483874755,0.006600576201860164,-0.03799147529408531,0.05376799237674912,0.02410053357536812,AVGO,-0.01640551745952845,-0.01957554205772105,0.026512491773057256,-0.023006093661388616,0.021585957834556857,-0.027255500603691862,0.0024119581976891347
MU,2022-06-30,2022-06-30,2022-07-01,2022-07-05,2022-07-08,2.44,2.59,5.96,-0.029486290200880227,0.026230022159792865,0.07192096483874755,0.006600576201860164,-0.03799147529408531,0.05376799237674912,0.02410053357536812,CRDO,-0.033390439480547984,-0.017123352543991444,0.01883555715807672,-0.03999101568240815,0.004601035813537324,-0.0349324352186724,-0.0052649764172914
MU,2022-06-30,2022-06-30,2022-07-01,2022-07-05,2022-07-08,2.44,2.59,5.96,-0.029486290200880227,0.026230022159792865,0.07192096483874755,0.006600576201860164,-0.03799147529408531,0.05376799237674912,0.02410053357536812,CIEN,-0.0013129403126765915,-0.003938737465443376,0.03916850953269457,-0.007913516514536756,0.03667853498140872,-0.014599482844054545,0.015067975957326452
MU,2022-06-30,2022-06-30,2022-07-01,2022-07-05,2022-07-08,2.44,2.59,5.96,-0.029486290200880227,0.026230022159792865,0.07192096483874755,0.006600576201860164,-0.03799147529408531,0.05376799237674912,0.02410053357536812,ALAB,,,,,,,
MU,2022-09-29,2022-09-29,2022-09-30,2022-10-03,2022-10-06,1.37,1.45,5.82,0.0017998434993076184,0.03419344950589842,0.09218175386685257,-0.016956599779905046,-0.014795144442051433,0.02902121983515249,0.0673762652816352,AAOI,0.02255636873816247,0.0338345531072437,0.10150374895277325,0.039512968518067515,0.0373515131802139,0.07248252911762076,0.03412748367113805
MU,2022-09-29,2022-09-29,2022-09-30,2022-10-03,2022-10-06,1.37,1.45,5.82,0.0017998434993076184,0.03419344950589842,0.09218175386685257,-0.016956599779905046,-0.014795144442051433,0.02902121983515249,0.0673762652816352,COHR,-0.017479637024093164,0.021144628536472698,0.07048209512157566,-0.0005230372441881181,-0.002684492582041731,0.04146087528642317,0.003105829839940455
MU,2022-09-29,2022-09-29,2022-09-30,2022-10-03,2022-10-06,1.37,1.45,5.82,0.0017998434993076184,0.03419344950589842,0.09218175386685257,-0.016956599779905046,-0.014795144442051433,0.02902121983515249,0.0673762652816352,LITE,-0.013239289066448223,0.020866378215744774,0.0644697581616902,0.003717310713456823,0.00155585537560321,0.035448538326537715,-0.002906507119945001
MU,2022-09-29,2022-09-29,2022-09-30,2022-10-03,2022-10-06,1.37,1.45,5.82,0.0017998434993076184,0.03419344950589842,0.09218175386685257,-0.016956599779905046,-0.014795144442051433,0.02902121983515249,0.0673762652816352,FN,0.0052659296057961935,0.03075308996514825,0.13059507029408568,0.02222252938570124,0.020061074047847627,0.10157385045893319,0.06321880501245047
MU,2022-09-29,2022-09-29,2022-09-30,2022-10-03,2022-10-06,1.37,1.45,5.82,0.0017998434993076184,0.03419344950589842,0.09218175386685257,-0.016956599779905046,-0.014795144442051433,0.02902121983515249,0.0673762652816352,MRVL,0.0009328817995248873,0.03802174894664878,0.12012058314230045,0.017889481579429933,0.01572802624157632,0.09109936330714796,0.052744317860665246
MU,2022-09-29,2022-09-29,2022-09-30,2022-10-03,2022-10-06,1.37,1.45,5.82,0.0017998434993076184,0.03419344950589842,0.09218175386685257,-0.016956599779905046,-0.014795144442051433,0.02902121983515249,0.0673762652816352,AVGO,-0.013596031900066974,0.014773704432585966,0.0652479305645206,0.0033605678798380723,0.0011991125419844595,0.03622671072936812,-0.0021283347171145994
MU,2022-09-29,2022-09-29,2022-09-30,2022-10-03,2022-10-06,1.37,1.45,5.82,0.0017998434993076184,0.03419344950589842,0.09218175386685257,-0.016956599779905046,-0.014795144442051433,0.02902121983515249,0.0673762652816352,CRDO,-0.059024773751161774,-0.03250634511606565,-0.010265174496708385,-0.04206817397125673,-0.04422962930911034,-0.039286394331860874,-0.07764143977834359
MU,2022-09-29,2022-09-29,2022-09-30,2022-10-03,2022-10-06,1.37,1.45,5.82,0.0017998434993076184,0.03419344950589842,0.09218175386685257,-0.016956599779905046,-0.014795144442051433,0.02902121983515249,0.0673762652816352,CIEN,-0.010039173503434196,0.010528900675053743,0.026689523714872543,0.0069174262764708505,0.004755970938617238,-0.002331696120279947,-0.04068674156676266
MU,2022-09-29,2022-09-29,2022-09-30,2022-10-03,2022-10-06,1.37,1.45,5.82,0.0017998434993076184,0.03419344950589842,0.09218175386685257,-0.016956599779905046,-0.014795144442051433,0.02902121983515249,0.0673762652816352,ALAB,,,,,,,
MU,2022-12-21,2022-12-21,2022-12-22,2022-12-23,2022-12-29,-0.02,-0.04,-114.02,-0.03438165688996164,-0.019339909424602175,-0.010549062179237456,-0.024465248914981363,-0.04145082023465496,-0.02563535818585061,-0.040320281062616536,AAOI,-0.06103291429871138,-0.08450706905452376,-0.10798127977713567,-0.03656766538373002,-0.01958209406405642,-0.08234592159128507,-0.06766099871451914
MU,2022-12-21,2022-12-21,2022-12-22,2022-12-23,2022-12-29,-0.02,-0.04,-114.02,-0.03438165688996164,-0.019339909424602175,-0.010549062179237456,-0.024465248914981363,-0.04145082023465496,-0.02563535818585061,-0.040320281062616536,COHR,-0.005349191590299007,-0.01664194198803648,0.027637452095226722,0.019116057324682356,0.036101628644355954,0.05327281028107733,0.06795773315784326
MU,2022-12-21,2022-12-21,2022-12-22,2022-12-23,2022-12-29,-0.02,-0.04,-114.02,-0.03438165688996164,-0.019339909424602175,-0.010549062179237456,-0.024465248914981363,-0.04145082023465496,-0.02563535818585061,-0.040320281062616536,LITE,0.004965243447395462,0.004170862076150028,0.020655430924429563,0.029430492362376826,0.046416063682050424,0.04629078911028017,0.0609757119870461
MU,2022-12-21,2022-12-21,2022-12-22,2022-12-23,2022-12-29,-0.02,-0.04,-114.02,-0.03438165688996164,-0.019339909424602175,-0.010549062179237456,-0.024465248914981363,-0.04145082023465496,-0.02563535818585061,-0.040320281062616536,FN,-0.027573665185327667,-0.02514955081872805,-0.022422479950371055,-0.0031084162703463036,0.013877155049327294,0.003212878235479555,0.01789780111224548
MU,2022-12-21,2022-12-21,2022-12-22,2022-12-23,2022-12-29,-0.02,-0.04,-114.02,-0.03438165688996164,-0.019339909424602175,-0.010549062179237456,-0.024465248914981363,-0.04145082023465496,-0.02563535818585061,-0.040320281062616536,MRVL,-0.04630817744900062,-0.04322108494620536,-0.05428370504399793,-0.021842928534019257,-0.004857357214345659,-0.028648346858147322,-0.013963423981381395
MU,2022-12-21,2022-12-21,2022-12-22,2022-12-23,2022-12-29,-0.02,-0.04,-114.02,-0.03438165688996164,-0.019339909424602175,-0.010549062179237456,-0.024465248914981363,-0.04145082023465496,-0.02563535818585061,-0.040320281062616536,AVGO,-0.014503912396067076,-0.015679861009100238,-0.0060937461931450665,0.009961336518914288,0.026946907838587886,0.019541611992705543,0.03422653486947147
MU,2022-12-21,2022-12-21,2022-12-22,2022-12-23,2022-12-29,-0.02,-0.04,-114.02,-0.03438165688996164,-0.019339909424602175,-0.010549062179237456,-0.024465248914981363,-0.04145082023465496,-0.02563535818585061,-0.040320281062616536,CRDO,-0.003750952064593971,-0.027756930808459646,-0.012002989371932893,0.020714296850387393,0.03769986817006099,0.013632368813917717,0.028317291690683644
MU,2022-12-21,2022-12-21,2022-12-22,2022-12-23,2022-12-29,-0.02,-0.04,-114.02,-0.03438165688996164,-0.019339909424602175,-0.010549062179237456,-0.024465248914981363,-0.04145082023465496,-0.02563535818585061,-0.040320281062616536,CIEN,-0.008697417417472986,-0.002224854342833149,0.02609225225241918,0.015767831497508378,0.032753402817181976,0.05172761043826979,0.06641253331503572
MU,2022-12-21,2022-12-21,2022-12-22,2022-12-23,2022-12-29,-0.02,-0.04,-114.02,-0.03438165688996164,-0.019339909424602175,-0.010549062179237456,-0.024465248914981363,-0.04145082023465496,-0.02563535818585061,-0.040320281062616536,ALAB,,,,,,,
MU,2023-03-28,2023-03-28,2023-03-29,2023-03-30,2023-04-04,-0.88,-1.91,-115.83,0.07186233892314808,0.0642713751111641,-0.03390680141161373,0.018233955043885253,0.031132478936648056,0.0389097833704648,0.03109262057001172,AAOI,0.005494500096186128,0.06043950105804785,0.21428570025008398,-0.012739454947699125,-0.025637978840461928,0.17537591687961918,0.18319307968007226
MU,2023-03-28,2023-03-28,2023-03-29,2023-03-30,2023-04-04,-0.88,-1.91,-115.83,0.07186233892314808,0.0642713751111641,-0.03390680141161373,0.018233955043885253,0.031132478936648056,0.0389097833704648,0.03109262057001172,COHR,0.04182069252325871,0.06173536485759956,0.06543383036177652,0.023586737479373454,0.010688213586610651,0.026524046991311723,0.034341209791764804
MU,2023-03-28,2023-03-28,2023-03-29,2023-03-30,2023-04-04,-0.88,-1.91,-115.83,0.07186233892314808,0.0642713751111641,-0.03390680141161373,0.018233955043885253,0.031132478936648056,0.0389097833704648,0.03109262057001172,LITE,0.026527850363719185,0.046767559376299506,0.030654379878187532,0.008293895319833933,-0.0046046285729288705,-0.008255403492277269,-0.0004382406918241877
MU,2023-03-28,2023-03-28,2023-03-29,2023-03-30,2023-04-04,-0.88,-1.91,-115.83,0.07186233892314808,0.0642713751111641,-0.03390680141161373,0.018233955043885253,0.031132478936648056,0.0389097833704648,0.03109262057001172,FN,0.011394039971671877,0.023500152261911156,0.012551216913595287,-0.006839915072213376,-0.01973843896497618,-0.026358566456869514,-0.018541403656416433
MU,2023-03-28,2023-03-28,2023-03-29,2023-03-30,2023-04-04,-0.88,-1.91,-115.83,0.07186233892314808,0.0642713751111641,-0.03390680141161373,0.018233955043885253,0.031132478936648056,0.0389097833704648,0.03109262057001172,MRVL,0.05562410999143985,0.06922107013670509,0.0007417234868196676,0.0373901549475546,0.024491631054791796,-0.03816805988364513,-0.030350897083192052
MU,2023-03-28,2023-03-28,2023-03-29,2023-03-30,2023-04-04,-0.88,-1.91,-115.83,0.07186233892314808,0.0642713751111641,-0.03390680141161373,0.018233955043885253,0.031132478936648056,0.0389097833704648,0.03109262057001172,AVGO,0.001280603292318938,0.014486963746974224,0.01554332007762027,-0.016953351751566315,-0.029851875644329118,-0.02336646329284453,-0.015549300492391449
MU,2023-03-28,2023-03-28,2023-03-29,2023-03-30,2023-04-04,-0.88,-1.91,-115.83,0.07186233892314808,0.0642713751111641,-0.03390680141161373,0.018233955043885253,0.031132478936648056,0.0389097833704648,0.03109262057001172,CRDO,0.02139634886651831,0.036036001204980295,0.022522500753112684,0.0031623938226330583,-0.009736130070129745,-0.016387282617352117,-0.008570119816899036
MU,2023-03-28,2023-03-28,2023-03-29,2023-03-30,2023-04-04,-0.88,-1.91,-115.83,0.07186233892314808,0.0642713751111641,-0.03390680141161373,0.018233955043885253,0.031132478936648056,0.0389097833704648,0.03109262057001172,CIEN,0.008846093422215429,0.021230624213317117,0.026145112226866107,-0.009387861621669824,-0.022286385514432627,-0.012764671143598694,-0.004947508343145612
MU,2023-03-28,2023-03-28,2023-03-29,2023-03-30,2023-04-04,-0.88,-1.91,-115.83,0.07186233892314808,0.0642713751111641,-0.03390680141161373,0.018233955043885253,0.031132478936648056,0.0389097833704648,0.03109262057001172,ALAB,,,,,,,
MU,2023-06-28,2023-06-28,2023-06-29,2023-06-30,2023-07-06,-1.57,-1.43,8.74,-0.04085282977648641,-0.059042743921774,-0.08707324981380016,-0.002002696297292106,-0.001465295500057362,0.008009934353796933,-0.008192221551361012,AAOI,0.05029008669397461,0.15280463253287402,0.2591876465790024,0.05229278299126672,0.051755382194031974,0.25117771222520546,0.2673798681303634
MU,2023-06-28,2023-06-28,2023-06-29,2023-06-30,2023-07-06,-1.57,-1.43,8.74,-0.04085282977648641,-0.059042743921774,-0.08707324981380016,-0.002002696297292106,-0.001465295500057362,0.008009934353796933,-0.008192221551361012,COHR,0.018943413127232134,0.0730372835885873,0.031993275341261285,0.02094610942452424,0.020408708627289496,0.023983340987464352,0.0401854968926223
MU,2023-06-28,2023-06-28,2023-06-29,2023-06-30,2023-07-06,-1.57,-1.43,8.74,-0.04085282977648641,-0.059042743921774,-0.08707324981380016,-0.002002696297292106,-0.001465295500057362,0.008009934353796933,-0.008192221551361012,LITE,0.010832832192819497,0.007458678009276909,-0.0481264932175145,0.012835528490111603,0.012298127692876859,-0.05613642757131143,-0.03993427166615349
MU,2023-06-28,2023-06-28,2023-06-29,2023-06-30,2023-07-06,-1.57,-1.43,8.74,-0.04085282977648641,-0.059042743921774,-0.08707324981380016,-0.002002696297292106,-0.001465295500057362,0.008009934353796933,-0.008192221551361012,FN,0.023655923126332024,0.03448826543850947,0.00892070959748037,0.02565861942362413,0.025121218626389386,0.0009107752436834371,0.01711293114884138
MU,2023-06-28,2023-06-28,2023-06-29,2023-06-30,2023-07-06,-1.57,-1.43,8.74,-0.04085282977648641,-0.059042743921774,-0.08707324981380016,-0.002002696297292106,-0.001465295500057362,0.008009934353796933,-0.008192221551361012,MRVL,-0.028300356405220106,-0.0048276316387873,-0.019825733928361955,-0.026297660107928,-0.026835060905162744,-0.027835668282158887,-0.011633512377000943
MU,2023-06-28,2023-06-28,2023-06-29,2023-06-30,2023-07-06,-1.57,-1.43,8.74,-0.04085282977648641,-0.059042743921774,-0.08707324981380016,-0.002002696297292106,-0.001465295500057362,0.008009934353796933,-0.008192221551361012,AVGO,0.017253639149922728,0.022985139041562297,7.087423697260675e-05,0.019256335447214834,0.01871893464998009,-0.007939060116824326,0.008263095788333619
MU,2023-06-28,2023-06-28,2023-06-29,2023-06-30,2023-07-06,-1.57,-1.43,8.74,-0.04085282977648641,-0.059042743921774,-0.08707324981380016,-0.002002696297292106,-0.001465295500057362,0.008009934353796933,-0.008192221551361012,CRDO,-0.0028409740525814353,-0.014772739957186531,-0.08693185531157022,-0.0008382777552893295,-0.0013756785525240733,-0.09494178966536715,-0.0787396337602092
MU,2023-06-28,2023-06-28,2023-06-29,2023-06-30,2023-07-06,-1.57,-1.43,8.74,-0.04085282977648641,-0.059042743921774,-0.08707324981380016,-0.002002696297292106,-0.001465295500057362,0.008009934353796933,-0.008192221551361012,CIEN,0.02160349325912958,0.019923231735351266,0.01752279272467816,0.023606189556421686,0.023068788759186942,0.009512858370881228,0.025715014276039172
MU,2023-06-28,2023-06-28,2023-06-29,2023-06-30,2023-07-06,-1.57,-1.43,8.74,-0.04085282977648641,-0.059042743921774,-0.08707324981380016,-0.002002696297292106,-0.001465295500057362,0.008009934353796933,-0.008192221551361012,ALAB,,,,,,,
MU,2023-09-27,2023-09-27,2023-09-28,2023-09-29,2023-10-04,-1.18,-1.07,9.27,-0.04412848983350848,-0.002638931798042532,-0.0014660229615111042,0.008365118451396203,0.016198344262689623,0.013266005061658648,0.022677856253610296,AAOI,0.07198450817260871,0.067120676262721,-0.13326847481961124,0.0636193897212125,0.055786163909919084,-0.14653447988126989,-0.15594633107322153
MU,2023-09-27,2023-09-27,2023-09-28,2023-09-29,2023-10-04,-1.18,-1.07,9.27,-0.04412848983350848,-0.002638931798042532,-0.0014660229615111042,0.008365118451396203,0.016198344262689623,0.013266005061658648,0.022677856253610296,COHR,0.004379146074569684,0.02095715016215438,-0.033781668655054276,-0.003985972376826519,-0.01181919818811994,-0.04704767371671292,-0.05645952490866457
MU,2023-09-27,2023-09-27,2023-09-28,2023-09-29,2023-10-04,-1.18,-1.07,9.27,-0.04412848983350848,-0.002638931798042532,-0.0014660229615111042,0.008365118451396203,0.016198344262689623,0.013266005061658648,0.022677856253610296,LITE,0.025553248576211995,0.030800785254920582,-0.01733976966644768,0.017188130124815792,0.009354904313522372,-0.030605774728106327,-0.040017625920057975
MU,2023-09-27,2023-09-27,2023-09-28,2023-09-29,2023-10-04,-1.18,-1.07,9.27,-0.04412848983350848,-0.002638931798042532,-0.0014660229615111042,0.008365118451396203,0.016198344262689623,0.013266005061658648,0.022677856253610296,FN,0.05650639209039365,0.04845203270173992,0.07034991230420862,0.04814127363899745,0.04030804782770403,0.05708390724254997,0.04767205605059832
MU,2023-09-27,2023-09-27,2023-09-28,2023-09-29,2023-10-04,-1.18,-1.07,9.27,-0.04412848983350848,-0.002638931798042532,-0.0014660229615111042,0.008365118451396203,0.016198344262689623,0.013266005061658648,0.022677856253610296,MRVL,0.02759244930755722,0.03006646626946141,0.014462249797408955,0.019227330856161018,0.011394105044867597,0.001196244735750307,-0.008215606456201341
MU,2023-09-27,2023-09-27,2023-09-28,2023-09-29,2023-10-04,-1.18,-1.07,9.27,-0.04412848983350848,-0.002638931798042532,-0.0014660229615111042,0.008365118451396203,0.016198344262689623,0.013266005061658648,0.022677856253610296,AVGO,0.018596626154013363,0.016858171673606037,0.008569958441139391,0.01023150770261716,0.002398281891323739,-0.004696046620519256,-0.014107897812470904
MU,2023-09-27,2023-09-27,2023-09-28,2023-09-29,2023-10-04,-1.18,-1.07,9.27,-0.04412848983350848,-0.002638931798042532,-0.0014660229615111042,0.008365118451396203,0.016198344262689623,0.013266005061658648,0.022677856253610296,CRDO,-0.005298008058610915,0.009933749320585994,0.062251689424535295,-0.013663126510007118,-0.021496352321300538,0.04898568436287665,0.039573833170925
MU,2023-09-27,2023-09-27,2023-09-28,2023-09-29,2023-10-04,-1.18,-1.07,9.27,-0.04412848983350848,-0.002638931798042532,-0.0014660229615111042,0.008365118451396203,0.016198344262689623,0.013266005061658648,0.022677856253610296,CIEN,0.027795930840407213,0.026275767742008238,-0.012377843740885242,0.01943081238901101,0.011597586577717589,-0.02564384880254389,-0.03505569999449554
MU,2023-09-27,2023-09-27,2023-09-28,2023-09-29,2023-10-04,-1.18,-1.07,9.27,-0.04412848983350848,-0.002638931798042532,-0.0014660229615111042,0.008365118451396203,0.016198344262689623,0.013266005061658648,0.022677856253610296,ALAB,,,,,,,
MU,2023-12-20,2023-12-20,2023-12-21,2023-12-22,2023-12-28,-1.01,-0.95,5.85,0.08628778310724683,0.0991230351864345,0.09289599197702558,0.011635260613964249,0.02472196259748971,0.020929589304363505,0.03986274962126202,AAOI,0.005819540591698091,0.013578989713915357,0.06207559297773835,-0.005815720022266158,-0.01890242200579162,0.04114600367337484,0.02221284335647633
MU,2023-12-20,2023-12-20,2023-12-21,2023-12-22,2023-12-28,-1.01,-0.95,5.85,0.08628778310724683,0.0991230351864345,0.09289599197702558,0.011635260613964249,0.02472196259748971,0.020929589304363505,0.03986274962126202,COHR,0.028992234054195487,0.04302081208544606,0.04769700476252958,0.017356973440231238,0.0042702714567057765,0.026767415458166077,0.007834255141267565
MU,2023-12-20,2023-12-20,2023-12-21,2023-12-22,2023-12-28,-1.01,-0.95,5.85,0.08628778310724683,0.0991230351864345,0.09289599197702558,0.011635260613964249,0.02472196259748971,0.020929589304363505,0.03986274962126202,LITE,0.028765453200272573,0.05872949552649409,0.06392322933393912,0.017130192586308324,0.004043490602782862,0.04299364002957562,0.024060479712677107
MU,2023-12-20,2023-12-20,2023-12-21,2023-12-22,2023-12-28,-1.01,-0.95,5.85,0.08628778310724683,0.0991230351864345,0.09289599197702558,0.011635260613964249,0.02472196259748971,0.020929589304363505,0.03986274962126202,FN,0.01678531687195295,0.01970682472176777,0.045947144415535046,0.0051500562579887,-0.007936645725536762,0.02501755511117154,0.006084394794273029
MU,2023-12-20,2023-12-20,2023-12-21,2023-12-22,2023-12-28,-1.01,-0.95,5.85,0.08628778310724683,0.0991230351864345,0.09289599197702558,0.011635260613964249,0.02472196259748971,0.020929589304363505,0.03986274962126202,MRVL,0.04709745858273351,0.04709745858273351,0.06534561303568465,0.03546219796876926,0.0223754959852438,0.04441602373132114,0.02548286341442263
MU,2023-12-20,2023-12-20,2023-12-21,2023-12-22,2023-12-28,-1.01,-0.95,5.85,0.08628778310724683,0.0991230351864345,0.09289599197702558,0.011635260613964249,0.02472196259748971,0.020929589304363505,0.03986274962126202,AVGO,0.015229032223994299,0.01044679854810715,0.010834063856528742,0.00359377161003005,-0.009492930373495412,-0.010095525447834763,-0.029028685764733275
MU,2023-12-20,2023-12-20,2023-12-21,2023-12-22,2023-12-28,-1.01,-0.95,5.85,0.08628778310724683,0.0991230351864345,0.09289599197702558,0.011635260613964249,0.02472196259748971,0.020929589304363505,0.03986274962126202,CRDO,0.027382857505587666,0.04318060582977745,0.04686674040944627,0.015747596891623417,0.002660894908097955,0.025937151105082767,0.007003990788184256
MU,2023-12-20,2023-12-20,2023-12-21,2023-12-22,2023-12-28,-1.01,-0.95,5.85,0.08628778310724683,0.0991230351864345,0.09289599197702558,0.011635260613964249,0.02472196259748971,0.020929589304363505,0.03986274962126202,CIEN,0.004130254311973225,0.013538235729724013,0.034878306085413424,-0.007505006301991024,-0.020591708285516486,0.013948716781049919,-0.004984443535848593
MU,2023-12-20,2023-12-20,2023-12-21,2023-12-22,2023-12-28,-1.01,-0.95,5.85,0.08628778310724683,0.0991230351864345,0.09289599197702558,0.011635260613964249,0.02472196259748971,0.020929589304363505,0.03986274962126202,ALAB,,,,,,,
MU,2024-03-20,2024-03-20,2024-03-21,2024-03-22,2024-03-27,-0.24,0.42,273.75,0.1412985664034645,0.1450389010624633,0.23896090717876906,0.004732161994909667,0.022685164600018792,0.0023887111117475435,0.016268251065745476,AAOI,0.031098811400197546,0.014512787441025576,-0.035245350343490855,0.02636664940528788,0.008413646800178753,-0.0376340614552384,-0.05151360140923633
MU,2024-03-20,2024-03-20,2024-03-21,2024-03-22,2024-03-27,-0.24,0.42,273.75,0.1412985664034645,0.1450389010624633,0.23896090717876906,0.004732161994909667,0.022685164600018792,0.0023887111117475435,0.016268251065745476,COHR,0.05382442005125965,0.05482421275700666,0.014497629910278587,0.04909225805634998,0.031139255451240855,0.012108918798531043,-0.0017706211554668894
MU,2024-03-20,2024-03-20,2024-03-21,2024-03-22,2024-03-27,-0.24,0.42,273.75,0.1412985664034645,0.1450389010624633,0.23896090717876906,0.004732161994909667,0.022685164600018792,0.0023887111117475435,0.016268251065745476,LITE,0.03585330773945872,0.0424093349023531,-0.00737555009675861,0.03112114574454905,0.013168143139439925,-0.009764261208506153,-0.023643801162504086
MU,2024-03-20,2024-03-20,2024-03-21,2024-03-22,2024-03-27,-0.24,0.42,273.75,0.1412985664034645,0.1450389010624633,0.23896090717876906,0.004732161994909667,0.022685164600018792,0.0023887111117475435,0.016268251065745476,FN,0.07641061996496479,0.026129525296931577,-0.003903810217892878,0.07167845797005512,0.053725455364945995,-0.0062925213296404214,-0.020172061283638354
MU,2024-03-20,2024-03-20,2024-03-21,2024-03-22,2024-03-27,-0.24,0.42,273.75,0.1412985664034645,0.1450389010624633,0.23896090717876906,0.004732161994909667,0.022685164600018792,0.0023887111117475435,0.016268251065745476,MRVL,0.016020853551620418,0.015257715767216684,0.10329587382851146,0.01128869155671075,-0.006664311048398375,0.10090716271676392,0.08702762276276599
MU,2024-03-20,2024-03-20,2024-03-21,2024-03-22,2024-03-27,-0.24,0.42,273.75,0.1412985664034645,0.1450389010624633,0.23896090717876906,0.004732161994909667,0.022685164600018792,0.0023887111117475435,0.016268251065745476,AVGO,0.05642644264704688,0.06071320469752495,0.03348744566272854,0.051694280652137214,0.03374127804702809,0.031098734550981,0.017219194596983067
MU,2024-03-20,2024-03-20,2024-03-21,2024-03-22,2024-03-27,-0.24,0.42,273.75,0.1412985664034645,0.1450389010624633,0.23896090717876906,0.004732161994909667,0.022685164600018792,0.0023887111117475435,0.016268251065745476,CRDO,0.04545457060860647,0.06334620148020575,0.025145089462765835,0.0407224086136968,0.022769406008587678,0.02275637835101829,0.008876838397020359
MU,2024-03-20,2024-03-20,2024-03-21,2024-03-22,2024-03-27,-0.24,0.42,273.75,0.1412985664034645,0.1450389010624633,0.23896090717876906,0.004732161994909667,0.022685164600018792,0.0023887111117475435,0.016268251065745476,CIEN,0.009358769306682113,0.0141377751337044,0.005376353070504658,0.004626607311772446,-0.01332639529333668,0.0029876419587571146,-0.010891897995240818
MU,2024-03-20,2024-03-20,2024-03-21,2024-03-22,2024-03-27,-0.24,0.42,273.75,0.1412985664034645,0.1450389010624633,0.23896090717876906,0.004732161994909667,0.022685164600018792,0.0023887111117475435,0.016268251065745476,ALAB,0.03417705607451338,0.1284862385546781,0.28840883027099795,0.029444894079603712,0.011491891474494587,0.2860201191592504,0.2721405792052525
MU,2024-06-26,2024-06-26,2024-06-27,2024-06-28,2024-07-03,0.53,0.62,17.27,-0.07115748153370671,-0.07607473859431013,-0.03891516179985188,0.0025813559983935974,-0.007857288485947023,0.022212101856056155,0.033383223124035855,AAOI,0.001175114995637383,-0.025851969578350453,-0.03995301333059598,-0.0014062410027562144,0.009032403481584406,-0.06216511518665213,-0.07333623645463183
MU,2024-06-26,2024-06-26,2024-06-27,2024-06-28,2024-07-03,0.53,0.62,17.27,-0.07115748153370671,-0.07607473859431013,-0.03891516179985188,0.0025813559983935974,-0.007857288485947023,0.022212101856056155,0.033383223124035855,COHR,0.005078298962492678,0.02214698417748151,0.041895912629064114,0.0024969429640990803,0.0129355874484397,0.01968381077300796,0.00851268950502826
MU,2024-06-26,2024-06-26,2024-06-27,2024-06-28,2024-07-03,0.53,0.62,17.27,-0.07115748153370671,-0.07607473859431013,-0.03891516179985188,0.0025813559983935974,-0.007857288485947023,0.022212101856056155,0.033383223124035855,LITE,-0.0018318776843320173,0.03643389094065719,0.10400978015992535,-0.004413233682725615,0.006025410801615005,0.08179767830386919,0.07062655703588949
MU,2024-06-26,2024-06-26,2024-06-27,2024-06-28,2024-07-03,0.53,0.62,17.27,-0.07115748153370671,-0.07607473859431013,-0.03891516179985188,0.0025813559983935974,-0.007857288485947023,0.022212101856056155,0.033383223124035855,FN,0.013479077951256357,0.005958728404962921,-0.009780511464784869,0.01089772195286276,0.02133636643720338,-0.031992613320841023,-0.043163734588820724
MU,2024-06-26,2024-06-26,2024-06-27,2024-06-28,2024-07-03,0.53,0.62,17.27,-0.07115748153370671,-0.07607473859431013,-0.03891516179985188,0.0025813559983935974,-0.007857288485947023,0.022212101856056155,0.033383223124035855,MRVL,0.006738028708658916,0.023875914051656233,0.05756560789086751,0.004156672710265319,0.014595317194605939,0.035353506034811355,0.024182384766831655
MU,2024-06-26,2024-06-26,2024-06-27,2024-06-28,2024-07-03,0.53,0.62,17.27,-0.07115748153370671,-0.07607473859431013,-0.03891516179985188,0.0025813559983935974,-0.007857288485947023,0.022212101856056155,0.033383223124035855,AVGO,-0.00335421577364714,0.008498731054662256,0.08619361538813264,-0.0059355717720407375,0.004503072712299883,0.06398151353207648,0.052810392264096784
MU,2024-06-26,2024-06-26,2024-06-27,2024-06-28,2024-07-03,0.53,0.62,17.27,-0.07115748153370671,-0.07607473859431013,-0.03891516179985188,0.0025813559983935974,-0.007857288485947023,0.022212101856056155,0.033383223124035855,CRDO,0.053180810492870156,0.07505895383047756,0.06294180063474708,0.05059945449447656,0.06103809897881718,0.040729698778690926,0.029558577510711226
MU,2024-06-26,2024-06-26,2024-06-27,2024-06-28,2024-07-03,0.53,0.62,17.27,-0.07115748153370671,-0.07607473859431013,-0.03891516179985188,0.0025813559983935974,-0.007857288485947023,0.022212101856056155,0.033383223124035855,CIEN,0.010281193454376503,0.010910626509200716,-0.014897169256101184,0.007699837455982905,0.018138481940323525,-0.03710927111215734,-0.04828039238013704
MU,2024-06-26,2024-06-26,2024-06-27,2024-06-28,2024-07-03,0.53,0.62,17.27,-0.07115748153370671,-0.07607473859431013,-0.03891516179985188,0.0025813559983935974,-0.007857288485947023,0.022212101856056155,0.033383223124035855,ALAB,0.0410072420245724,0.08830935219714897,0.06726621908465646,0.0384258860261788,0.04886453051051942,0.04505411722860031,0.03388299596062061
MU,2024-09-25,2024-09-25,2024-09-26,2024-09-27,2024-10-02,1.11,1.18,5.88,0.14733216684847905,0.12248107000271724,0.04260205206220147,0.007513039928117804,0.028834374689085118,-0.00796594470154921,-0.013113950798468776,AAOI,-0.03706109821735448,-0.10695711609384928,-0.10598180119065437,-0.044574138145472286,-0.0658954729064396,-0.09801585648910516,-0.09286785039218559
MU,2024-09-25,2024-09-25,2024-09-26,2024-09-27,2024-10-02,1.11,1.18,5.88,0.14733216684847905,0.12248107000271724,0.04260205206220147,0.007513039928117804,0.028834374689085118,-0.00796594470154921,-0.013113950798468776,COHR,0.019188331031249728,-0.009373604667627933,0.008601662733478843,0.011675291103131924,-0.00964604365783539,0.016567607435028053,0.02171561353194762
MU,2024-09-25,2024-09-25,2024-09-26,2024-09-27,2024-10-02,1.11,1.18,5.88,0.14733216684847905,0.12248107000271724,0.04260205206220147,0.007513039928117804,0.028834374689085118,-0.00796594470154921,-0.013113950798468776,LITE,0.06218206814419891,0.05873663612050728,0.06644789477218738,0.054669028216081106,0.03334769345511379,0.07441383947373659,0.07956184557065615
MU,2024-09-25,2024-09-25,2024-09-26,2024-09-27,2024-10-02,1.11,1.18,5.88,0.14733216684847905,0.12248107000271724,0.04260205206220147,0.007513039928117804,0.028834374689085118,-0.00796594470154921,-0.013113950798468776,FN,0.04349160340958158,0.05333215801624358,0.02811577454289993,0.03597856348146378,0.014657228720496462,0.03608171924444914,0.041229725341368706
MU,2024-09-25,2024-09-25,2024-09-26,2024-09-27,2024-10-02,1.11,1.18,5.88,0.14733216684847905,0.12248107000271724,0.04260205206220147,0.007513039928117804,0.028834374689085118,-0.00796594470154921,-0.013113950798468776,MRVL,0.031890979885989434,-0.0026691547461157317,0.012082197123553184,0.02437793995787163,0.003056605196904316,0.020048141825102395,0.02519614792202196
MU,2024-09-25,2024-09-25,2024-09-26,2024-09-27,2024-10-02,1.11,1.18,5.88,0.14733216684847905,0.12248107000271724,0.04260205206220147,0.007513039928117804,0.028834374689085118,-0.00796594470154921,-0.013113950798468776,AVGO,0.014642236291892097,-0.01612351498637843,-0.02768922903436688,0.007129196363774293,-0.014192138397193022,-0.01972328433281767,-0.014575278235898104
MU,2024-09-25,2024-09-25,2024-09-26,2024-09-27,2024-10-02,1.11,1.18,5.88,0.14733216684847905,0.12248107000271724,0.04260205206220147,0.007513039928117804,0.028834374689085118,-0.00796594470154921,-0.013113950798468776,CRDO,0.04728369758021289,0.054661337518328246,0.020456090429049834,0.03977065765209509,0.018449322891127773,0.028422035130599044,0.03357004122751861
MU,2024-09-25,2024-09-25,2024-09-26,2024-09-27,2024-10-02,1.11,1.18,5.88,0.14733216684847905,0.12248107000271724,0.04260205206220147,0.007513039928117804,0.028834374689085118,-0.00796594470154921,-0.013113950798468776,CIEN,0.016932610656657188,0.006349775577539685,0.07489414866910415,0.009419570728539384,-0.01190176403242793,0.08286009337065336,0.08800809946757293
MU,2024-09-25,2024-09-25,2024-09-26,2024-09-27,2024-10-02,1.11,1.18,5.88,0.14733216684847905,0.12248107000271724,0.04260205206220147,0.007513039928117804,0.028834374689085118,-0.00796594470154921,-0.013113950798468776,ALAB,0.05086375438562074,0.027255317182934613,-0.029942372443036214,0.04335071445750294,0.022029379696535623,-0.021976427741487004,-0.016828421644567437
MU,2024-12-18,2024-12-18,2024-12-19,2024-12-20,2024-12-26,1.77,1.79,1.36,-0.16179028649008742,-0.1326275732180242,-0.13551497495570486,-0.0044533023561865726,-0.012893120119948365,0.02707609738456407,0.04153957090488625,AAOI,-0.046511680137701905,0.11333524685818075,0.20518095836151962,-0.04205837778151533,-0.03361856001775354,0.17810486097695555,0.16364138745663337
MU,2024-12-18,2024-12-18,2024-12-19,2024-12-20,2024-12-26,1.77,1.79,1.36,-0.16179028649008742,-0.1326275732180242,-0.13551497495570486,-0.0044533023561865726,-0.012893120119948365,0.02707609738456407,0.04153957090488625,COHR,-0.011815488587733514,0.0034932326260590507,0.023322681602397033,-0.007362186231546941,0.001077631532214851,-0.0037534157821670355,-0.018216889302489214
MU,2024-12-18,2024-12-18,2024-12-19,2024-12-20,2024-12-26,1.77,1.79,1.36,-0.16179028649008742,-0.1326275732180242,-0.13551497495570486,-0.0044533023561865726,-0.012893120119948365,0.02707609738456407,0.04153957090488625,LITE,0.007961351273423123,0.02629674626115963,0.03365501645565572,0.012414653629609695,0.020854471393371488,0.006578919071091649,-0.00788455444923053
MU,2024-12-18,2024-12-18,2024-12-19,2024-12-20,2024-12-26,1.77,1.79,1.36,-0.16179028649008742,-0.1326275732180242,-0.13551497495570486,-0.0044533023561865726,-0.012893120119948365,0.02707609738456407,0.04153957090488625,FN,-0.03838017183544984,-0.04476971962774434,-0.03229292763738645,-0.033926869479263266,-0.025487051715501474,-0.05936902502195052,-0.0738324985422727
MU,2024-12-18,2024-12-18,2024-12-19,2024-12-20,2024-12-26,1.77,1.79,1.36,-0.16179028649008742,-0.1326275732180242,-0.13551497495570486,-0.0044533023561865726,-0.012893120119948365,0.02707609738456407,0.04153957090488625,MRVL,0.03637923178931346,0.06287990939964172,0.0990691773912511,0.04083253414550003,0.049272351909261825,0.07199308000668703,0.05752960648636485
MU,2024-12-18,2024-12-18,2024-12-19,2024-12-20,2024-12-26,1.77,1.79,1.36,-0.16179028649008742,-0.1326275732180242,-0.13551497495570486,-0.0044533023561865726,-0.012893120119948365,0.02707609738456407,0.04153957090488625,AVGO,-0.023700940553595173,-0.012655463225499375,0.10015832127561919,-0.0192476381974086,-0.010807820433646809,0.07308222389105512,0.05861875037073294
MU,2024-12-18,2024-12-18,2024-12-19,2024-12-20,2024-12-26,1.77,1.79,1.36,-0.16179028649008742,-0.1326275732180242,-0.13551497495570486,-0.0044533023561865726,-0.012893120119948365,0.02707609738456407,0.04153957090488625,CRDO,0.008727081538437709,0.03084566777005504,0.08365930838378177,0.013180383894624281,0.021620201658386073,0.056583210999217703,0.042119737478895525
MU,2024-12-18,2024-12-18,2024-12-19,2024-12-20,2024-12-26,1.77,1.79,1.36,-0.16179028649008742,-0.1326275732180242,-0.13551497495570486,-0.0044533023561865726,-0.012893120119948365,0.02707609738456407,0.04153957090488625,CIEN,0.022283160002189106,0.04122973260208007,0.053860871914718,0.02673646235837568,0.03517628012213747,0.026784774530153932,0.012321301009831753
MU,2024-12-18,2024-12-18,2024-12-19,2024-12-20,2024-12-26,1.77,1.79,1.36,-0.16179028649008742,-0.1326275732180242,-0.13551497495570486,-0.0044533023561865726,-0.012893120119948365,0.02707609738456407,0.04153957090488625,ALAB,0.02294437438217911,0.07920304443176929,0.19057725243122703,0.027397676738365684,0.035837494502127476,0.16350115504666296,0.14903768152634078
MU,2025-03-20,2025-03-20,2025-03-21,2025-03-24,2025-03-27,1.42,1.56,9.49,-0.08038837339182658,-0.05883486495536572,-0.11495135110058508,0.003296664566975638,-0.01004180185349779,0.006422812001176448,-0.040960126716081735,AAOI,-0.03083489662631833,0.056926032603537235,-0.1565464539375756,-0.03413156119329397,-0.020793094772820542,-0.16296926593875205,-0.11558632722149387
MU,2025-03-20,2025-03-20,2025-03-21,2025-03-24,2025-03-27,1.42,1.56,9.49,-0.08038837339182658,-0.05883486495536572,-0.11495135110058508,0.003296664566975638,-0.01004180185349779,0.006422812001176448,-0.040960126716081735,COHR,-0.006840361329728761,0.11643137980783158,-0.011788641673505684,-0.010137025896704399,0.003201440523769028,-0.018211453674682132,0.02917148504257605
MU,2025-03-20,2025-03-20,2025-03-21,2025-03-24,2025-03-27,1.42,1.56,9.49,-0.08038837339182658,-0.05883486495536572,-0.11495135110058508,0.003296664566975638,-0.01004180185349779,0.006422812001176448,-0.040960126716081735,LITE,-0.032253394764570564,0.06973696490877646,-0.07046349207897507,-0.0355500593315462,-0.022211592911072775,-0.07688630408015151,-0.02950336536289333
MU,2025-03-20,2025-03-20,2025-03-21,2025-03-24,2025-03-27,1.42,1.56,9.49,-0.08038837339182658,-0.05883486495536572,-0.11495135110058508,0.003296664566975638,-0.01004180185349779,0.006422812001176448,-0.040960126716081735,FN,-0.00616927244018306,0.041698537404542435,-0.06966272216183234,-0.009465937007158698,0.0038725294133147292,-0.07608553416300878,-0.0287025954457506
MU,2025-03-20,2025-03-20,2025-03-21,2025-03-24,2025-03-27,1.42,1.56,9.49,-0.08038837339182658,-0.05883486495536572,-0.11495135110058508,0.003296664566975638,-0.01004180185349779,0.006422812001176448,-0.040960126716081735,MRVL,-0.001418638213791401,0.032203206967657216,-0.0798695378707519,-0.004715302780767039,0.008623163639706388,-0.08629234987192835,-0.03890941115467017
MU,2025-03-20,2025-03-20,2025-03-21,2025-03-24,2025-03-27,1.42,1.56,9.49,-0.08038837339182658,-0.05883486495536572,-0.11495135110058508,0.003296664566975638,-0.01004180185349779,0.006422812001176448,-0.040960126716081735,AVGO,0.005878081813120772,0.0037262861689608684,-0.09735482685528796,0.0025814172461451346,0.01591988366661856,-0.1037776388564644,-0.05639470013920622
MU,2025-03-20,2025-03-20,2025-03-21,2025-03-24,2025-03-27,1.42,1.56,9.49,-0.08038837339182658,-0.05883486495536572,-0.11495135110058508,0.003296664566975638,-0.01004180185349779,0.006422812001176448,-0.040960126716081735,CRDO,-0.00322653302781839,0.08690034319145479,-0.08733063511958361,-0.006523197594794028,0.006815268825679399,-0.09375344712076006,-0.046370508403501876
MU,2025-03-20,2025-03-20,2025-03-21,2025-03-24,2025-03-27,1.42,1.56,9.49,-0.08038837339182658,-0.05883486495536572,-0.11495135110058508,0.003296664566975638,-0.01004180185349779,0.006422812001176448,-0.040960126716081735,CIEN,-0.0010665807977094932,0.05942406961895452,-0.04220625870774586,-0.004363245364685131,0.008975221055788296,-0.048629070708922306,-0.0012461319916641234
MU,2025-03-20,2025-03-20,2025-03-21,2025-03-24,2025-03-27,1.42,1.56,9.49,-0.08038837339182658,-0.05883486495536572,-0.11495135110058508,0.003296664566975638,-0.01004180185349779,0.006422812001176448,-0.040960126716081735,ALAB,0.03088295223603099,0.06974043023722465,-0.08960417856743053,0.027586287669055354,0.04092475408952878,-0.09602699056860697,-0.04864405185134879
MU,2025-06-25,2025-06-25,2025-06-26,2025-06-27,2025-07-02,1.45,1.68,16.17,-0.009823196998103967,-0.019567783899642532,-0.04330058072908338,0.009350246401112816,0.007267474035240751,0.01781353483146786,0.021983961567028087,AAOI,0.05871143508971821,-0.00038125158430646344,0.017537209296575984,0.049361188688605395,0.05144396105447746,-0.0002763255348918747,-0.004446752270452103
MU,2025-06-25,2025-06-25,2025-06-26,2025-06-27,2025-07-02,1.45,1.68,16.17,-0.009823196998103967,-0.019567783899642532,-0.04330058072908338,0.009350246401112816,0.007267474035240751,0.01781353483146786,0.021983961567028087,COHR,0.049632139861248925,0.01868511216671509,0.03188139021953118,0.04028189346013611,0.042364665826008174,0.014067855388063322,0.009897428652503093
MU,2025-06-25,2025-06-25,2025-06-26,2025-06-27,2025-07-02,1.45,1.68,16.17,-0.009823196998103967,-0.019567783899642532,-0.04330058072908338,0.009350246401112816,0.007267474035240751,0.01781353483146786,0.021983961567028087,LITE,0.0320366410477404,0.03247252332942896,-0.005775294744297166,0.022686394646627583,0.02476916701249965,-0.023588829575765025,-0.027759256311325253
MU,2025-06-25,2025-06-25,2025-06-26,2025-06-27,2025-07-02,1.45,1.68,16.17,-0.009823196998103967,-0.019567783899642532,-0.04330058072908338,0.009350246401112816,0.007267474035240751,0.01781353483146786,0.021983961567028087,FN,0.04561186945748763,0.034033998986341185,0.010283576806428218,0.036261623056374814,0.03834439542224688,-0.00752995802503964,-0.011700384760599869
MU,2025-06-25,2025-06-25,2025-06-26,2025-06-27,2025-07-02,1.45,1.68,16.17,-0.009823196998103967,-0.019567783899642532,-0.04330058072908338,0.009350246401112816,0.007267474035240751,0.01781353483146786,0.021983961567028087,MRVL,0.053206782070843284,0.01619914192424665,-0.022125615487598393,0.04385653566973047,0.04593930803560253,-0.03993915031906625,-0.04410957705462648
MU,2025-06-25,2025-06-25,2025-06-26,2025-06-27,2025-07-02,1.45,1.68,16.17,-0.009823196998103967,-0.019567783899642532,-0.04330058072908338,0.009350246401112816,0.007267474035240751,0.01781353483146786,0.021983961567028087,AVGO,0.020857866735756403,0.017759380641426237,0.01983740863252592,0.011507620334643587,0.013590392700515652,0.0020238738010580626,-0.002146552934502166
MU,2025-06-25,2025-06-25,2025-06-26,2025-06-27,2025-07-02,1.45,1.68,16.17,-0.009823196998103967,-0.019567783899642532,-0.04330058072908338,0.009350246401112816,0.007267474035240751,0.01781353483146786,0.021983961567028087,CRDO,0.03091113012851321,0.013991333603313505,-0.030694081294263098,0.021560883727400393,0.023643656093272458,-0.04850761612573096,-0.052678042861291186
MU,2025-06-25,2025-06-25,2025-06-26,2025-06-27,2025-07-02,1.45,1.68,16.17,-0.009823196998103967,-0.019567783899642532,-0.04330058072908338,0.009350246401112816,0.007267474035240751,0.01781353483146786,0.021983961567028087,CIEN,0.026186602329890007,0.03386632797521183,0.0011330270369489526,0.01683635592877719,0.018919128294649257,-0.016680507794518906,-0.020850934530079135
MU,2025-06-25,2025-06-25,2025-06-26,2025-06-27,2025-07-02,1.45,1.68,16.17,-0.009823196998103967,-0.019567783899642532,-0.04330058072908338,0.009350246401112816,0.007267474035240751,0.01781353483146786,0.021983961567028087,ALAB,0.09293765576610036,0.015508194044884238,-0.011826370535265474,0.08358740936498754,0.08567018173085961,-0.029639905366733332,-0.03381033210229356
MU,2025-09-23,2025-09-23,2025-09-24,2025-09-25,2025-09-30,2.69,2.83,5.39,-0.02824341205600267,-0.05756863792285871,0.0054684811190846006,-0.0035105464204016057,-0.0018340876717506394,0.003627568044135998,0.014485429165952635,AAOI,-0.048823911545244014,-0.06129719693837232,-0.07590873846422819,-0.04531336512484241,-0.046989823873493375,-0.07953630650836419,-0.09039416763018082
MU,2025-09-23,2025-09-23,2025-09-24,2025-09-25,2025-09-30,2.69,2.83,5.39,-0.02824341205600267,-0.05756863792285871,0.0054684811190846006,-0.0035105464204016057,-0.0018340876717506394,0.003627568044135998,0.014485429165952635,COHR,-0.025345450171621264,-0.024887923853212146,-0.01436544680823737,-0.02183490375121966,-0.023511362499870625,-0.017993014852373368,-0.028850875974190004
MU,2025-09-23,2025-09-23,2025-09-24,2025-09-25,2025-09-30,2.69,2.83,5.39,-0.02824341205600267,-0.05756863792285871,0.0054684811190846006,-0.0035105464204016057,-0.0018340876717506394,0.003627568044135998,0.014485429165952635,LITE,-0.06854079588181128,-0.029757940846071418,-0.007805346279778247,-0.06503024946140967,-0.06670670821006064,-0.011432914323914245,-0.02229077544573088
MU,2025-09-23,2025-09-23,2025-09-24,2025-09-25,2025-09-30,2.69,2.83,5.39,-0.02824341205600267,-0.05756863792285871,0.0054684811190846006,-0.0035105464204016057,-0.0018340876717506394,0.003627568044135998,0.014485429165952635,FN,-0.03563816863705349,-0.050656162859734954,-0.041003647164102985,-0.032127622216651885,-0.03380408096530285,-0.044631215208238983,-0.05548907633005562
MU,2025-09-23,2025-09-23,2025-09-24,2025-09-25,2025-09-30,2.69,2.83,5.39,-0.02824341205600267,-0.05756863792285871,0.0054684811190846006,-0.0035105464204016057,-0.0018340876717506394,0.003627568044135998,0.014485429165952635,MRVL,0.07330463285607447,0.12315729424708977,0.1266415473468243,0.07681517927647608,0.07513872052782511,0.12301397930268831,0.11215611818087168
MU,2025-09-23,2025-09-23,2025-09-24,2025-09-25,2025-09-30,2.69,2.83,5.39,-0.02824341205600267,-0.05756863792285871,0.0054684811190846006,-0.0035105464204016057,-0.0018340876717506394,0.003627568044135998,0.014485429165952635,AVGO,0.0010915776221072093,-0.00837897694723666,-0.026641906763270273,0.004602124042508815,0.0029256652938578487,-0.03026947480740627,-0.04112733592922291
MU,2025-09-23,2025-09-23,2025-09-24,2025-09-25,2025-09-30,2.69,2.83,5.39,-0.02824341205600267,-0.05756863792285871,0.0054684811190846006,-0.0035105464204016057,-0.0018340876717506394,0.003627568044135998,0.014485429165952635,CRDO,-0.07937871354655324,-0.1067422202131284,-0.10261305596052461,-0.07586816712615163,-0.0775446258748026,-0.10624062400466061,-0.11709848512647725
MU,2025-09-23,2025-09-23,2025-09-24,2025-09-25,2025-09-30,2.69,2.83,5.39,-0.02824341205600267,-0.05756863792285871,0.0054684811190846006,-0.0035105464204016057,-0.0018340876717506394,0.003627568044135998,0.014485429165952635,CIEN,-0.007599638593797753,-0.016561497199255037,0.04437914131785492,-0.004089092173396147,-0.0057655509220471135,0.04075157327371892,0.029893712151902285
MU,2025-09-23,2025-09-23,2025-09-24,2025-09-25,2025-09-30,2.69,2.83,5.39,-0.02824341205600267,-0.05756863792285871,0.0054684811190846006,-0.0035105464204016057,-0.0018340876717506394,0.003627568044135998,0.014485429165952635,ALAB,-0.10794835631656241,-0.1280691892683321,-0.14910259209764354,-0.1044378098961608,-0.10611426864481177,-0.15273016014177954,-0.16358802126359617
MU,2025-12-17,2025-12-17,2025-12-18,2025-12-19,2025-12-24,3.96,4.78,20.58,0.10211953852468114,0.17914161137692375,0.27119533445963495,0.014490189497912143,0.02361164778003144,0.040512176461541705,0.07682813898980068,AAOI,0.07774505002960108,0.1540162269410401,0.5106853692722615,0.06325486053168894,0.05413340224956964,0.4701731928107198,0.4338572302824608
MU,2025-12-17,2025-12-17,2025-12-18,2025-12-19,2025-12-24,3.96,4.78,20.58,0.10211953852468114,0.17914161137692375,0.27119533445963495,0.014490189497912143,0.02361164778003144,0.040512176461541705,0.07682813898980068,COHR,0.03091999646193777,0.09029570035907031,0.12279976751922739,0.01642980696402563,0.007308348681906329,0.08228759105768568,0.04597162852942671
MU,2025-12-17,2025-12-17,2025-12-18,2025-12-19,2025-12-24,3.96,4.78,20.58,0.10211953852468114,0.17914161137692375,0.27119533445963495,0.014490189497912143,0.02361164778003144,0.040512176461541705,0.07682813898980068,LITE,0.05270883648028879,0.15981262349970726,0.23628419493437747,0.03821864698237665,0.029097188700257348,0.19577201847283576,0.1594560559445768
MU,2025-12-17,2025-12-17,2025-12-18,2025-12-19,2025-12-24,3.96,4.78,20.58,0.10211953852468114,0.17914161137692375,0.27119533445963495,0.014490189497912143,0.02361164778003144,0.040512176461541705,0.07682813898980068,FN,0.06079289323140524,0.11473988366930721,0.12943987905442955,0.0463027037334931,0.0371812454513738,0.08892770259288785,0.052611740064628876
MU,2025-12-17,2025-12-17,2025-12-18,2025-12-19,2025-12-24,3.96,4.78,20.58,0.10211953852468114,0.17914161137692375,0.27119533445963495,0.014490189497912143,0.02361164778003144,0.040512176461541705,0.07682813898980068,MRVL,0.03390463752701134,0.02925344125133411,0.0586291766053999,0.019414448029099196,0.010292989746979897,0.018117000143858197,-0.018198962384400774
MU,2025-12-17,2025-12-17,2025-12-18,2025-12-19,2025-12-24,3.96,4.78,20.58,0.10211953852468114,0.17914161137692375,0.27119533445963495,0.014490189497912143,0.02361164778003144,0.040512176461541705,0.07682813898980068,AVGO,0.011839796637332034,0.043984939899726516,0.07628402617557528,-0.0026503928605801086,-0.011771851142699408,0.03577184971403358,-0.0005441128142253948
MU,2025-12-17,2025-12-17,2025-12-18,2025-12-19,2025-12-24,3.96,4.78,20.58,0.10211953852468114,0.17914161137692375,0.27119533445963495,0.014490189497912143,0.02361164778003144,0.040512176461541705,0.07682813898980068,CRDO,0.0331022312664897,0.11928725428720433,0.11973456328899079,0.01861204176857756,0.00949058348645826,0.07922238682744909,0.042906424299190116
MU,2025-12-17,2025-12-17,2025-12-18,2025-12-19,2025-12-24,3.96,4.78,20.58,0.10211953852468114,0.17914161137692375,0.27119533445963495,0.014490189497912143,0.02361164778003144,0.040512176461541705,0.07682813898980068,CIEN,0.03339878872600699,0.12967142340783622,0.17842082379503088,0.018908599228094847,0.009787140945975548,0.13790864733348918,0.1015926848052302
MU,2025-12-17,2025-12-17,2025-12-18,2025-12-19,2025-12-24,3.96,4.78,20.58,0.10211953852468114,0.17914161137692375,0.27119533445963495,0.014490189497912143,0.02361164778003144,0.040512176461541705,0.07682813898980068,ALAB,0.04021676532181373,0.17227600867783743,0.21199368627369486,0.025726575823901587,0.01660511754178229,0.17148150981215315,0.13516554728389418
MU,2026-03-18,2026-03-18,2026-03-19,2026-03-20,2026-03-25,9.16,12.2,33.21,-0.03781436926195425,-0.08409681917340406,-0.17248176626542222,-0.0031602840516394837,0.003175248196112479,-0.010655326461328385,0.01359000026279511,AAOI,0.10029149509863067,-0.05494976237519866,0.2351290840385698,0.10345177915027015,0.09711624690251819,0.2457844104998982,0.2215390837757747
MU,2026-03-18,2026-03-18,2026-03-19,2026-03-20,2026-03-25,9.16,12.2,33.21,-0.03781436926195425,-0.08409681917340406,-0.17248176626542222,-0.0031602840516394837,0.003175248196112479,-0.010655326461328385,0.01359000026279511,COHR,0.07138142560199578,-0.013918536181324326,0.05765723565382497,0.07454170965363527,0.0682061774058833,0.06831256211515335,0.04406723539102986
MU,2026-03-18,2026-03-18,2026-03-19,2026-03-20,2026-03-25,9.16,12.2,33.21,-0.03781436926195425,-0.08409681917340406,-0.17248176626542222,-0.0031602840516394837,0.003175248196112479,-0.010655326461328385,0.01359000026279511,LITE,0.10176796503000207,0.007905107014231083,0.1089596119027656,0.10492824908164156,0.0985927168338896,0.11961493836409398,0.09536961163997049
MU,2026-03-18,2026-03-18,2026-03-19,2026-03-20,2026-03-25,9.16,12.2,33.21,-0.03781436926195425,-0.08409681917340406,-0.17248176626542222,-0.0031602840516394837,0.003175248196112479,-0.010655326461328385,0.01359000026279511,FN,0.08057072500516838,0.011669956683979743,0.22300828938004358,0.08373100905680786,0.0773954768090559,0.23366361584137196,0.20941828911724847
MU,2026-03-18,2026-03-18,2026-03-19,2026-03-20,2026-03-25,9.16,12.2,33.21,-0.03781436926195425,-0.08409681917340406,-0.17248176626542222,-0.0031602840516394837,0.003175248196112479,-0.010655326461328385,0.01359000026279511,MRVL,0.021798652348424152,0.003309758534506768,0.12360186615602009,0.024958936400063636,0.018623404152311673,0.13425719261734848,0.11001186589322498
MU,2026-03-18,2026-03-18,2026-03-19,2026-03-20,2026-03-25,9.16,12.2,33.21,-0.03781436926195425,-0.08409681917340406,-0.17248176626542222,-0.0031602840516394837,0.003175248196112479,-0.010655326461328385,0.01359000026279511,AVGO,0.012376190901643547,-0.01715562405457971,0.01123280529349202,0.01553647495328303,0.009200942705531068,0.021888131754820406,-0.002357194969303089
MU,2026-03-18,2026-03-18,2026-03-19,2026-03-20,2026-03-25,9.16,12.2,33.21,-0.03781436926195425,-0.08409681917340406,-0.17248176626542222,-0.0031602840516394837,0.003175248196112479,-0.010655326461328385,0.01359000026279511,CRDO,0.05279192934274701,0.016515928873522823,0.02152971308616647,0.055952213394386496,0.049616681146634534,0.032185039547494854,0.007939712823371359
MU,2026-03-18,2026-03-18,2026-03-19,2026-03-20,2026-03-25,9.16,12.2,33.21,-0.03781436926195425,-0.08409681917340406,-0.17248176626542222,-0.0031602840516394837,0.003175248196112479,-0.010655326461328385,0.01359000026279511,CIEN,0.07091308756198411,-0.0035560273126218345,0.1361158726889624,0.0740733716136236,0.06773783936587163,0.1467711991502908,0.1225258724261673
MU,2026-03-18,2026-03-18,2026-03-19,2026-03-20,2026-03-25,9.16,12.2,33.21,-0.03781436926195425,-0.08409681917340406,-0.17248176626542222,-0.0031602840516394837,0.003175248196112479,-0.010655326461328385,0.01359000026279511,ALAB,-0.0014246689963475223,-0.08152600697261703,-0.04757000697358327,0.0017356150552919614,-0.004599917192460001,-0.03691468051225488,-0.06116000723637838
DELL,2019-03-29,2019-03-29,2019-04-01,2019-04-02,2019-04-05,1.84,1.82,-1.08,0.029647255040258225,0.043959776449388865,0.059805757127985304,0.013246935034265439,0.024640350248655185,0.02783012922936967,0.0584031953145383,AAOI,0.03278693266050836,-0.005737679993327416,0.0426229890076526,0.019539997626242922,0.008146582411853176,0.01479285977828293,-0.015780206306885702
DELL,2019-03-29,2019-03-29,2019-04-01,2019-04-02,2019-04-05,1.84,1.82,-1.08,0.029647255040258225,0.043959776449388865,0.059805757127985304,0.013246935034265439,0.024640350248655185,0.02783012922936967,0.0584031953145383,COHR,0.044844202300639235,0.042696027951772964,0.06444676699811724,0.031597267266373796,0.02020385205198405,0.03661663776874757,0.006043571683578941
DELL,2019-03-29,2019-03-29,2019-04-01,2019-04-02,2019-04-05,1.84,1.82,-1.08,0.029647255040258225,0.043959776449388865,0.059805757127985304,0.013246935034265439,0.024640350248655185,0.02783012922936967,0.0584031953145383,LITE,0.018747745692070605,0.024053777649976515,0.03837987502312501,0.005500810657805166,-0.00589260455658458,0.010549745793755338,-0.020023320291413294
DELL,2019-03-29,2019-03-29,2019-04-01,2019-04-02,2019-04-05,1.84,1.82,-1.08,0.029647255040258225,0.043959776449388865,0.059805757127985304,0.013246935034265439,0.024640350248655185,0.02783012922936967,0.0584031953145383,FN,0.02826584272315169,0.05003817611428363,0.054239880051231815,0.015018907688886252,0.0036254924744965056,0.026409750821862144,-0.0041633152633064885
DELL,2019-03-29,2019-03-29,2019-04-01,2019-04-02,2019-04-05,1.84,1.82,-1.08,0.029647255040258225,0.043959776449388865,0.059805757127985304,0.013246935034265439,0.024640350248655185,0.02783012922936967,0.0584031953145383,MRVL,0.018099832323382747,0.0175953882357065,0.07407231088973787,0.004852897289117308,-0.006540517925272438,0.0462421816603682,0.015669115575199566
DELL,2019-03-29,2019-03-29,2019-04-01,2019-04-02,2019-04-05,1.84,1.82,-1.08,0.029647255040258225,0.043959776449388865,0.059805757127985304,0.013246935034265439,0.024640350248655185,0.02783012922936967,0.0584031953145383,AVGO,0.016893110569714098,0.00778159493154984,0.011871804464397062,0.003646175535448659,-0.007747239678941087,-0.01595832476497261,-0.04653139085014124
DELL,2019-03-29,2019-03-29,2019-04-01,2019-04-02,2019-04-05,1.84,1.82,-1.08,0.029647255040258225,0.043959776449388865,0.059805757127985304,0.013246935034265439,0.024640350248655185,0.02783012922936967,0.0584031953145383,CRDO,,,,,,,
DELL,2019-03-29,2019-03-29,2019-04-01,2019-04-02,2019-04-05,1.84,1.82,-1.08,0.029647255040258225,0.043959776449388865,0.059805757127985304,0.013246935034265439,0.024640350248655185,0.02783012922936967,0.0584031953145383,CIEN,0.011515808875699252,0.015532887359059666,-0.000803395264442619,-0.0017311261585661875,-0.013124541372955933,-0.02863352449381229,-0.05920659057898092
DELL,2019-03-29,2019-03-29,2019-04-01,2019-04-02,2019-04-05,1.84,1.82,-1.08,0.029647255040258225,0.043959776449388865,0.059805757127985304,0.013246935034265439,0.024640350248655185,0.02783012922936967,0.0584031953145383,ALAB,,,,,,,
DELL,2019-05-30,2019-05-30,2019-05-31,2019-06-03,2019-06-06,1.2,1.45,20.44,-0.10329763333784836,-0.15886146128660106,-0.19846401275422432,-0.01595300914697606,-0.014150883282838422,0.004751837422509064,0.03131274724845734,AAOI,-0.035634711707850264,-0.018930860944932015,0.035634817907668204,-0.019681702560874204,-0.02148382842501184,0.03088298048515914,0.004322070659210864
DELL,2019-05-30,2019-05-30,2019-05-31,2019-06-03,2019-06-06,1.2,1.45,20.44,-0.10329763333784836,-0.15886146128660106,-0.19846401275422432,-0.01595300914697606,-0.014150883282838422,0.004751837422509064,0.03131274724845734,COHR,-0.024518959826100972,-0.014897623569192553,0.009621277059249644,-0.008565950679124912,-0.01036807654326255,0.00486943963674058,-0.021691470189207696
DELL,2019-05-30,2019-05-30,2019-05-31,2019-06-03,2019-06-06,1.2,1.45,20.44,-0.10329763333784836,-0.15886146128660106,-0.19846401275422432,-0.01595300914697606,-0.014150883282838422,0.004751837422509064,0.03131274724845734,LITE,-0.03940184679151193,-0.02065043257832877,0.05483022786681091,-0.02344883764453587,-0.025250963508673507,0.050078390444301846,0.02351748061835357
DELL,2019-05-30,2019-05-30,2019-05-31,2019-06-03,2019-06-06,1.2,1.45,20.44,-0.10329763333784836,-0.15886146128660106,-0.19846401275422432,-0.01595300914697606,-0.014150883282838422,0.004751837422509064,0.03131274724845734,FN,-0.025371442522321375,-0.02628574916294646,0.05622855050223219,-0.009418433375345314,-0.011220559239482952,0.051476713079723124,0.02491580325377485
DELL,2019-05-30,2019-05-30,2019-05-31,2019-06-03,2019-06-06,1.2,1.45,20.44,-0.10329763333784836,-0.15886146128660106,-0.19846401275422432,-0.01595300914697606,-0.014150883282838422,0.004751837422509064,0.03131274724845734,MRVL,0.004957134855447354,0.007210604533872678,0.06759794889577941,0.020910144002423414,0.019108018138285776,0.06284611147327035,0.036285201647322074
DELL,2019-05-30,2019-05-30,2019-05-31,2019-06-03,2019-06-06,1.2,1.45,20.44,-0.10329763333784836,-0.15886146128660106,-0.19846401275422432,-0.01595300914697606,-0.014150883282838422,0.004751837422509064,0.03131274724845734,AVGO,-0.019406316203662732,-0.013405306130013672,0.06301100673762616,-0.003453307056686672,-0.00525543292082431,0.0582591693151171,0.03169825948916882
DELL,2019-05-30,2019-05-30,2019-05-31,2019-06-03,2019-06-06,1.2,1.45,20.44,-0.10329763333784836,-0.15886146128660106,-0.19846401275422432,-0.01595300914697606,-0.014150883282838422,0.004751837422509064,0.03131274724845734,CRDO,,,,,,,
DELL,2019-05-30,2019-05-30,2019-05-31,2019-06-03,2019-06-06,1.2,1.45,20.44,-0.10329763333784836,-0.15886146128660106,-0.19846401275422432,-0.01595300914697606,-0.014150883282838422,0.004751837422509064,0.03131274724845734,CIEN,-0.014942277297830708,-0.021144628536472698,0.2824922501529321,0.001010731849145352,-0.000791394014992286,0.27774041273042305,0.25117950290447477
DELL,2019-05-30,2019-05-30,2019-05-31,2019-06-03,2019-06-06,1.2,1.45,20.44,-0.10329763333784836,-0.15886146128660106,-0.19846401275422432,-0.01595300914697606,-0.014150883282838422,0.004751837422509064,0.03131274724845734,ALAB,,,,,,,
DELL,2019-08-29,2019-08-29,2019-08-30,2019-09-03,2019-09-06,1.5,2.15,43.44,0.10177460993050791,0.09193928599283407,0.14090235188607347,-0.0023945787184544987,0.006420965578006088,0.019529413078620106,0.051543814826342516,AAOI,-0.0022422037659871608,-0.02017940623724379,0.154708531685829,0.0001523749524673379,-0.008663169343993249,0.13517911860720888,0.10316471685948647
DELL,2019-08-29,2019-08-29,2019-08-30,2019-09-03,2019-09-06,1.5,2.15,43.44,0.10177460993050791,0.09193928599283407,0.14090235188607347,-0.0023945787184544987,0.006420965578006088,0.019529413078620106,0.051543814826342516,COHR,0.00294109067290238,-0.010160455952182068,0.04171116296651256,0.005335669391356879,-0.003479874905103708,0.022181749887892455,-0.009832651859829955
DELL,2019-08-29,2019-08-29,2019-08-30,2019-09-03,2019-09-06,1.5,2.15,43.44,0.10177460993050791,0.09193928599283407,0.14090235188607347,-0.0023945787184544987,0.006420965578006088,0.019529413078620106,0.051543814826342516,LITE,-0.0072992675944003604,-0.01904930976864072,0.02652664637775559,-0.004904688875945862,-0.013720233172406449,0.006997233299135486,-0.025017168448586924
DELL,2019-08-29,2019-08-29,2019-08-30,2019-09-03,2019-09-06,1.5,2.15,43.44,0.10177460993050791,0.09193928599283407,0.14090235188607347,-0.0023945787184544987,0.006420965578006088,0.019529413078620106,0.051543814826342516,FN,-0.004338343718748416,-0.01045156357455268,0.06152638144174949,-0.0019437650002939177,-0.010759309296754505,0.04199696836312938,0.009982566615406974
DELL,2019-08-29,2019-08-29,2019-08-30,2019-09-03,2019-09-06,1.5,2.15,43.44,0.10177460993050791,0.09193928599283407,0.14090235188607347,-0.0023945787184544987,0.006420965578006088,0.019529413078620106,0.051543814826342516,MRVL,-0.009504424868105543,-0.03760344056353537,0.02727261476673437,-0.0071098461496510446,-0.01592539044611163,0.007743201688114265,-0.024271200059608145
DELL,2019-08-29,2019-08-29,2019-08-30,2019-09-03,2019-09-06,1.5,2.15,43.44,0.10177460993050791,0.09193928599283407,0.14090235188607347,-0.0023945787184544987,0.006420965578006088,0.019529413078620106,0.051543814826342516,AVGO,-0.002576002668876254,-0.032889551667636074,0.030137472862255432,-0.0001814239504217552,-0.008996968246882342,0.010608059783635326,-0.021406341964087083
DELL,2019-08-29,2019-08-29,2019-08-30,2019-09-03,2019-09-06,1.5,2.15,43.44,0.10177460993050791,0.09193928599283407,0.14090235188607347,-0.0023945787184544987,0.006420965578006088,0.019529413078620106,0.051543814826342516,CRDO,,,,,,,
DELL,2019-08-29,2019-08-29,2019-08-30,2019-09-03,2019-09-06,1.5,2.15,43.44,0.10177460993050791,0.09193928599283407,0.14090235188607347,-0.0023945787184544987,0.006420965578006088,0.019529413078620106,0.051543814826342516,CIEN,-0.008238433458120586,-0.01308458709807836,-0.04240368259241911,-0.005843854739666088,-0.014659399036126675,-0.06193309567103922,-0.09394749741876163
DELL,2019-08-29,2019-08-29,2019-08-30,2019-09-03,2019-09-06,1.5,2.15,43.44,0.10177460993050791,0.09193928599283407,0.14090235188607347,-0.0023945787184544987,0.006420965578006088,0.019529413078620106,0.051543814826342516,ALAB,,,,,,,
DELL,2019-11-26,2019-11-26,2019-11-27,2019-11-29,2019-12-04,1.59,1.75,10.37,-0.05395773682413163,-0.08836261995238914,-0.10359113831217259,0.00698875094853646,0.006741023962165915,-0.010654706350163412,-0.017002328333206806,AAOI,0.01232228550622061,0.014217973063356482,-0.015165862039758338,0.00533353455768415,0.005581261544054694,-0.004511155689594926,0.0018364662934484688
DELL,2019-11-26,2019-11-26,2019-11-27,2019-11-29,2019-12-04,1.59,1.75,10.37,-0.05395773682413163,-0.08836261995238914,-0.10359113831217259,0.00698875094853646,0.006741023962165915,-0.010654706350163412,-0.017002328333206806,COHR,0.03327498382929073,0.022416858637470227,-0.024168078639151158,0.026286232880754268,0.026533959867124812,-0.013513372288987746,-0.007165750305944352
DELL,2019-11-26,2019-11-26,2019-11-27,2019-11-29,2019-12-04,1.59,1.75,10.37,-0.05395773682413163,-0.08836261995238914,-0.10359113831217259,0.00698875094853646,0.006741023962165915,-0.010654706350163412,-0.017002328333206806,LITE,0.02255125775236433,0.01909248624956783,0.0042888428864023,0.015562506803827869,0.015810233790198414,0.014943549236565712,0.021291171219609106
DELL,2019-11-26,2019-11-26,2019-11-27,2019-11-29,2019-12-04,1.59,1.75,10.37,-0.05395773682413163,-0.08836261995238914,-0.10359113831217259,0.00698875094853646,0.006741023962165915,-0.010654706350163412,-0.017002328333206806,FN,0.01140493597866099,-0.00016526151294549152,-0.016528925619834656,0.004416185030124531,0.004663912016495075,-0.005874219269671244,0.0004734027133721508
DELL,2019-11-26,2019-11-26,2019-11-27,2019-11-29,2019-12-04,1.59,1.75,10.37,-0.05395773682413163,-0.08836261995238914,-0.10359113831217259,0.00698875094853646,0.006741023962165915,-0.010654706350163412,-0.017002328333206806,MRVL,0.006412534004317738,-0.005281163270318245,-0.09769907421375401,-0.0005762169442187215,-0.00032848995784817703,-0.0870443678635906,-0.0806967458805472
DELL,2019-11-26,2019-11-26,2019-11-27,2019-11-29,2019-12-04,1.59,1.75,10.37,-0.05395773682413163,-0.08836261995238914,-0.10359113831217259,0.00698875094853646,0.006741023962165915,-0.010654706350163412,-0.017002328333206806,AVGO,0.006861038757194793,-0.00018981372284387898,-0.020710202767888597,-0.00012771219134166678,0.00012001479502887769,-0.010055496417725185,-0.0037078744346817905
DELL,2019-11-26,2019-11-26,2019-11-27,2019-11-29,2019-12-04,1.59,1.75,10.37,-0.05395773682413163,-0.08836261995238914,-0.10359113831217259,0.00698875094853646,0.006741023962165915,-0.010654706350163412,-0.017002328333206806,CRDO,,,,,,,
DELL,2019-11-26,2019-11-26,2019-11-27,2019-11-29,2019-12-04,1.59,1.75,10.37,-0.05395773682413163,-0.08836261995238914,-0.10359113831217259,0.00698875094853646,0.006741023962165915,-0.010654706350163412,-0.017002328333206806,CIEN,0.012483330330884668,0.008233666561226372,-0.027888526140857905,0.005494579382348208,0.0057423063687187526,-0.017233819790694493,-0.010886197807651099
DELL,2019-11-26,2019-11-26,2019-11-27,2019-11-29,2019-12-04,1.59,1.75,10.37,-0.05395773682413163,-0.08836261995238914,-0.10359113831217259,0.00698875094853646,0.006741023962165915,-0.010654706350163412,-0.017002328333206806,ALAB,,,,,,,
DELL,2020-02-27,2020-02-27,2020-02-28,2020-03-02,2020-03-05,2.0,2.0,0.18,-0.07116600927113792,-0.026859506486226592,-0.06221293538686834,0.0007782644625489166,0.019703266549432774,0.028934144951987095,0.039020423665626636,AAOI,-0.06589959066823736,-0.05543939993537761,-0.05439335093507458,-0.06667785513078628,-0.08560285721767014,-0.08332749588706168,-0.09341377460070122
DELL,2020-02-27,2020-02-27,2020-02-28,2020-03-02,2020-03-05,2.0,2.0,0.18,-0.07116600927113792,-0.026859506486226592,-0.06221293538686834,0.0007782644625489166,0.019703266549432774,0.028934144951987095,0.039020423665626636,COHR,0.059222254967799204,0.09632532249195402,0.12094182328235026,0.05844399050525029,0.03951898841836643,0.09200767833036316,0.08192139961672362
DELL,2020-02-27,2020-02-27,2020-02-28,2020-03-02,2020-03-05,2.0,2.0,0.18,-0.07116600927113792,-0.026859506486226592,-0.06221293538686834,0.0007782644625489166,0.019703266549432774,0.028934144951987095,0.039020423665626636,LITE,0.04037428502478435,0.09946516722550958,0.1631015568248093,0.039596020562235434,0.020671018475351577,0.13416741187282222,0.12408113315918268
DELL,2020-02-27,2020-02-27,2020-02-28,2020-03-02,2020-03-05,2.0,2.0,0.18,-0.07116600927113792,-0.026859506486226592,-0.06221293538686834,0.0007782644625489166,0.019703266549432774,0.028934144951987095,0.039020423665626636,FN,0.004556223890405997,0.047931494793358675,0.10278839984396382,0.0037779594278570805,-0.015147042659026777,0.07385425489197672,0.06376797617833718
DELL,2020-02-27,2020-02-27,2020-02-28,2020-03-02,2020-03-05,2.0,2.0,0.18,-0.07116600927113792,-0.026859506486226592,-0.06221293538686834,0.0007782644625489166,0.019703266549432774,0.028934144951987095,0.039020423665626636,MRVL,0.03649668187262356,0.06861324287425319,0.21313900774953276,0.03571841741007464,0.016793415323190786,0.18420486279754567,0.17411858408390612
DELL,2020-02-27,2020-02-27,2020-02-28,2020-03-02,2020-03-05,2.0,2.0,0.18,-0.07116600927113792,-0.026859506486226592,-0.06221293538686834,0.0007782644625489166,0.019703266549432774,0.028934144951987095,0.039020423665626636,AVGO,-0.004854969691818756,0.040226057574839436,0.00032844946549515086,-0.005633234154367672,-0.02455823624125153,-0.028605695486491944,-0.038691974200131485
DELL,2020-02-27,2020-02-27,2020-02-28,2020-03-02,2020-03-05,2.0,2.0,0.18,-0.07116600927113792,-0.026859506486226592,-0.06221293538686834,0.0007782644625489166,0.019703266549432774,0.028934144951987095,0.039020423665626636,CRDO,,,,,,,
DELL,2020-02-27,2020-02-27,2020-02-28,2020-03-02,2020-03-05,2.0,2.0,0.18,-0.07116600927113792,-0.026859506486226592,-0.06221293538686834,0.0007782644625489166,0.019703266549432774,0.028934144951987095,0.039020423665626636,CIEN,-0.01334360896779796,0.017705891842323407,0.10033358288259153,-0.014121873430346876,-0.033046875517230734,0.07139943793060444,0.061313159216964896
DELL,2020-02-27,2020-02-27,2020-02-28,2020-03-02,2020-03-05,2.0,2.0,0.18,-0.07116600927113792,-0.026859506486226592,-0.06221293538686834,0.0007782644625489166,0.019703266549432774,0.028934144951987095,0.039020423665626636,ALAB,,,,,,,
DELL,2020-05-28,2020-05-28,2020-05-29,2020-06-01,2020-06-04,0.94,1.34,42.82,0.08907389100431495,0.08315041564228687,0.0794207729952967,0.014652669661523676,0.020034526132722608,0.021913983034517415,0.07898139203631116,AAOI,-0.007865134587025757,0.028089888844431643,0.10224728540344596,-0.022517804248549433,-0.027899660719748365,0.08033330236892855,0.023265893367134804
DELL,2020-05-28,2020-05-28,2020-05-29,2020-06-01,2020-06-04,0.94,1.34,42.82,0.08907389100431495,0.08315041564228687,0.0794207729952967,0.014652669661523676,0.020034526132722608,0.021913983034517415,0.07898139203631116,COHR,0.022590345253906685,0.017211687713843293,0.037005190138613475,0.007937675592383009,0.0025558191211840775,0.01509120710409606,-0.041976201897697685
DELL,2020-05-28,2020-05-28,2020-05-29,2020-06-01,2020-06-04,0.94,1.34,42.82,0.08907389100431495,0.08315041564228687,0.0794207729952967,0.014652669661523676,0.020034526132722608,0.021913983034517415,0.07898139203631116,LITE,0.014248150038073115,0.027942960540653816,0.058237640491831666,-0.00040451962345056103,-0.005786376094649492,0.03632365745731425,-0.020743751544479494
DELL,2020-05-28,2020-05-28,2020-05-29,2020-06-01,2020-06-04,0.94,1.34,42.82,0.08907389100431495,0.08315041564228687,0.0794207729952967,0.014652669661523676,0.020034526132722608,0.021913983034517415,0.07898139203631116,FN,0.004556120877894587,0.034563973220765876,0.025451611600179502,-0.010096548783629089,-0.01547840525482802,0.0035376285656620876,-0.05352978043613166
DELL,2020-05-28,2020-05-28,2020-05-29,2020-06-01,2020-06-04,0.94,1.34,42.82,0.08907389100431495,0.08315041564228687,0.0794207729952967,0.014652669661523676,0.020034526132722608,0.021913983034517415,0.07898139203631116,MRVL,0.08842171507689311,0.1004337866490479,0.19753103898129787,0.07376904541536944,0.06838718894417051,0.17561705594678045,0.11854964694498671
DELL,2020-05-28,2020-05-28,2020-05-29,2020-06-01,2020-06-04,0.94,1.34,42.82,0.08907389100431495,0.08315041564228687,0.0794207729952967,0.014652669661523676,0.020034526132722608,0.021913983034517415,0.07898139203631116,AVGO,0.028713741915418645,0.024193081102083847,0.09094435070550833,0.014061072253894968,0.008679215782696037,0.06903036767099091,0.011962958669197166
DELL,2020-05-28,2020-05-28,2020-05-29,2020-06-01,2020-06-04,0.94,1.34,42.82,0.08907389100431495,0.08315041564228687,0.0794207729952967,0.014652669661523676,0.020034526132722608,0.021913983034517415,0.07898139203631116,CRDO,,,,,,,
DELL,2020-05-28,2020-05-28,2020-05-29,2020-06-01,2020-06-04,0.94,1.34,42.82,0.08907389100431495,0.08315041564228687,0.0794207729952967,0.014652669661523676,0.020034526132722608,0.021913983034517415,0.07898139203631116,CIEN,0.008578160214497421,0.022084304877785677,-0.01551382140198998,-0.006074509447026255,-0.011456365918225186,-0.037427804436507395,-0.09449521343830114
DELL,2020-05-28,2020-05-28,2020-05-29,2020-06-01,2020-06-04,0.94,1.34,42.82,0.08907389100431495,0.08315041564228687,0.0794207729952967,0.014652669661523676,0.020034526132722608,0.021913983034517415,0.07898139203631116,ALAB,,,,,,,
DELL,2020-08-27,2020-08-27,2020-08-28,2020-08-31,2020-09-03,1.4,1.92,37.49,0.06054774746366287,0.05846548166805188,0.04981578453133295,0.00508501561281216,0.015905910258292577,-0.012506506918983251,0.0052633473526222385,AAOI,0.008657958973509627,0.006926400206489047,-0.05194808411787155,0.003572943360697467,-0.00724795128478295,-0.0394415771988883,-0.05721143147049379
DELL,2020-08-27,2020-08-27,2020-08-28,2020-08-31,2020-09-03,1.4,1.92,37.49,0.06054774746366287,0.05846548166805188,0.04981578453133295,0.00508501561281216,0.015905910258292577,-0.012506506918983251,0.0052633473526222385,COHR,0.04777673879103328,0.05250712594131346,-0.071901541830665,0.04269172317822112,0.0318708285327407,-0.05939503491168174,-0.07716488918328723
DELL,2020-08-27,2020-08-27,2020-08-28,2020-08-31,2020-09-03,1.4,1.92,37.49,0.06054774746366287,0.05846548166805188,0.04981578453133295,0.00508501561281216,0.015905910258292577,-0.012506506918983251,0.0052633473526222385,LITE,0.009712183961391618,0.018595282354013865,-0.08705434617498775,0.004627168348579458,-0.006193726296900959,-0.0745478392560045,-0.09231769352760999
DELL,2020-08-27,2020-08-27,2020-08-28,2020-08-31,2020-09-03,1.4,1.92,37.49,0.06054774746366287,0.05846548166805188,0.04981578453133295,0.00508501561281216,0.015905910258292577,-0.012506506918983251,0.0052633473526222385,FN,0.0024268117278982704,-0.0038544505452974276,-0.08451114261859105,-0.00265820388491389,-0.013479098530394307,-0.0720046356996078,-0.08977448997121329
DELL,2020-08-27,2020-08-27,2020-08-28,2020-08-31,2020-09-03,1.4,1.92,37.49,0.06054774746366287,0.05846548166805188,0.04981578453133295,0.00508501561281216,0.015905910258292577,-0.012506506918983251,0.0052633473526222385,MRVL,0.06516285685519252,0.07992199380290876,0.06711225068276083,0.06007784124238036,0.04925694659689994,0.07961875760174408,0.061848903330138594
DELL,2020-08-27,2020-08-27,2020-08-28,2020-08-31,2020-09-03,1.4,1.92,37.49,0.06054774746366287,0.05846548166805188,0.04981578453133295,0.00508501561281216,0.015905910258292577,-0.012506506918983251,0.0052633473526222385,AVGO,0.016748453263560004,0.023618565657382184,0.03818471117066391,0.011663437650747843,0.0008425430052674265,0.05069121808964716,0.03292136381804167
DELL,2020-08-27,2020-08-27,2020-08-28,2020-08-31,2020-09-03,1.4,1.92,37.49,0.06054774746366287,0.05846548166805188,0.04981578453133295,0.00508501561281216,0.015905910258292577,-0.012506506918983251,0.0052633473526222385,CRDO,,,,,,,
DELL,2020-08-27,2020-08-27,2020-08-28,2020-08-31,2020-09-03,1.4,1.92,37.49,0.06054774746366287,0.05846548166805188,0.04981578453133295,0.00508501561281216,0.015905910258292577,-0.012506506918983251,0.0052633473526222385,CIEN,0.000714361486534143,0.013931036897911975,-0.18806933878060372,-0.004370654126278017,-0.015191548771758434,-0.17556283186162047,-0.19333268613322596
DELL,2020-08-27,2020-08-27,2020-08-28,2020-08-31,2020-09-03,1.4,1.92,37.49,0.06054774746366287,0.05846548166805188,0.04981578453133295,0.00508501561281216,0.015905910258292577,-0.012506506918983251,0.0052633473526222385,ALAB,,,,,,,
DELL,2020-11-24,2020-11-24,2020-11-25,2020-11-27,2020-12-02,1.42,2.03,42.91,-0.013934283361399125,-0.007251524411399535,0.002701871163097058,0.006146562835292357,-4.9132592073841685e-05,0.031853954779019755,0.04688267696751147,AAOI,0.06573962930401311,0.029077180827745908,0.05183310433896504,0.05959306646872076,0.06578876189608696,0.019979149559945286,0.00495042737145357
DELL,2020-11-24,2020-11-24,2020-11-25,2020-11-27,2020-12-02,1.42,2.03,42.91,-0.013934283361399125,-0.007251524411399535,0.002701871163097058,0.006146562835292357,-4.9132592073841685e-05,0.031853954779019755,0.04688267696751147,COHR,-0.0017904375290641594,-0.00910165639377336,0.03998806982114411,-0.007937000364356517,-0.0017413049369903177,0.008134115042124357,-0.00689460714636736
DELL,2020-11-24,2020-11-24,2020-11-25,2020-11-27,2020-12-02,1.42,2.03,42.91,-0.013934283361399125,-0.007251524411399535,0.002701871163097058,0.006146562835292357,-4.9132592073841685e-05,0.031853954779019755,0.04688267696751147,LITE,0.002524937947528727,0.01635205771664161,0.04773357350133356,-0.0036216248877636303,0.0025740705396025687,0.015879618722313804,0.0008508965338220875
DELL,2020-11-24,2020-11-24,2020-11-25,2020-11-27,2020-12-02,1.42,2.03,42.91,-0.013934283361399125,-0.007251524411399535,0.002701871163097058,0.006146562835292357,-4.9132592073841685e-05,0.031853954779019755,0.04688267696751147,FN,-0.016145124845087566,-0.014144847749481104,-0.009858477397795329,-0.022291687680379924,-0.016095992253013724,-0.041712432176815084,-0.0567411543653068
DELL,2020-11-24,2020-11-24,2020-11-25,2020-11-27,2020-12-02,1.42,2.03,42.91,-0.013934283361399125,-0.007251524411399535,0.002701871163097058,0.006146562835292357,-4.9132592073841685e-05,0.031853954779019755,0.04688267696751147,MRVL,-0.00535244152755876,0.006021540194700359,0.017395348012172684,-0.011499004362851117,-0.005303308935484918,-0.01445860676684707,-0.029487328955338787
DELL,2020-11-24,2020-11-24,2020-11-25,2020-11-27,2020-12-02,1.42,2.03,42.91,-0.013934283361399125,-0.007251524411399535,0.002701871163097058,0.006146562835292357,-4.9132592073841685e-05,0.031853954779019755,0.04688267696751147,AVGO,-0.003569414285654937,0.006934840188705049,0.029319806365093015,-0.009715977120947294,-0.0035202816935810954,-0.00253414841392674,-0.017562870602418457
DELL,2020-11-24,2020-11-24,2020-11-25,2020-11-27,2020-12-02,1.42,2.03,42.91,-0.013934283361399125,-0.007251524411399535,0.002701871163097058,0.006146562835292357,-4.9132592073841685e-05,0.031853954779019755,0.04688267696751147,CRDO,,,,,,,
DELL,2020-11-24,2020-11-24,2020-11-25,2020-11-27,2020-12-02,1.42,2.03,42.91,-0.013934283361399125,-0.007251524411399535,0.002701871163097058,0.006146562835292357,-4.9132592073841685e-05,0.031853954779019755,0.04688267696751147,CIEN,0.006819714153532219,0.01091155998912563,0.03819041660325451,0.0006731513182398619,0.006868846745606061,0.0063364618242347515,-0.008692260364256965
DELL,2020-11-24,2020-11-24,2020-11-25,2020-11-27,2020-12-02,1.42,2.03,42.91,-0.013934283361399125,-0.007251524411399535,0.002701871163097058,0.006146562835292357,-4.9132592073841685e-05,0.031853954779019755,0.04688267696751147,ALAB,,,,,,,
DELL,2021-02-25,2021-02-25,2021-02-26,2021-03-01,2021-03-04,2.14,2.7,26.1,0.01744492164645628,0.04279630736164952,0.03915684037917977,0.004187556724111641,0.020628444521835876,-0.027906576942127392,-0.060996360238771086,AAOI,-0.16517459753151176,-0.1924798212932165,-0.28469116235054337,-0.1693621542556234,-0.18580304205334763,-0.256784585408416,-0.22369480211177228
DELL,2021-02-25,2021-02-25,2021-02-26,2021-03-01,2021-03-04,2.14,2.7,26.1,0.01744492164645628,0.04279630736164952,0.03915684037917977,0.004187556724111641,0.020628444521835876,-0.027906576942127392,-0.060996360238771086,COHR,0.0216943506142675,0.052114838335159064,-0.08362624345211467,0.01750679389015586,0.0010659060924316233,-0.055719666509987276,-0.022629883213343582
DELL,2021-02-25,2021-02-25,2021-02-26,2021-03-01,2021-03-04,2.14,2.7,26.1,0.01744492164645628,0.04279630736164952,0.03915684037917977,0.004187556724111641,0.020628444521835876,-0.027906576942127392,-0.060996360238771086,LITE,0.0031208066817576263,0.01638432011483215,-0.049041478667117944,-0.0010667500423540144,-0.01750763784007825,-0.02113490172499055,0.011954881571653142
DELL,2021-02-25,2021-02-25,2021-02-26,2021-03-01,2021-03-04,2.14,2.7,26.1,0.01744492164645628,0.04279630736164952,0.03915684037917977,0.004187556724111641,0.020628444521835876,-0.027906576942127392,-0.060996360238771086,FN,0.005006285635019259,0.04289457615930936,-0.03140291449991228,0.0008187289109076179,-0.015622158886816617,-0.00349633755778489,0.029593445738858803
DELL,2021-02-25,2021-02-25,2021-02-26,2021-03-01,2021-03-04,2.14,2.7,26.1,0.01744492164645628,0.04279630736164952,0.03915684037917977,0.004187556724111641,0.020628444521835876,-0.027906576942127392,-0.060996360238771086,MRVL,0.03694201961850885,0.06357415216956408,-0.13874573550674463,0.03275446289439721,0.016313575096672972,-0.11083915856461724,-0.07774937526797354
DELL,2021-02-25,2021-02-25,2021-02-26,2021-03-01,2021-03-04,2.14,2.7,26.1,0.01744492164645628,0.04279630736164952,0.03915684037917977,0.004187556724111641,0.020628444521835876,-0.027906576942127392,-0.060996360238771086,AVGO,0.027801962822832316,0.07091621171568296,-0.0296831756515904,0.023614406098720675,0.00717351830099644,-0.0017765987094630065,0.03131318458718069
DELL,2021-02-25,2021-02-25,2021-02-26,2021-03-01,2021-03-04,2.14,2.7,26.1,0.01744492164645628,0.04279630736164952,0.03915684037917977,0.004187556724111641,0.020628444521835876,-0.027906576942127392,-0.060996360238771086,CRDO,,,,,,,
DELL,2021-02-25,2021-02-25,2021-02-26,2021-03-01,2021-03-04,2.14,2.7,26.1,0.01744492164645628,0.04279630736164952,0.03915684037917977,0.004187556724111641,0.020628444521835876,-0.027906576942127392,-0.060996360238771086,CIEN,0.006171643283344297,0.022565130531807753,-0.057473474058512775,0.001984086559232656,-0.014456801238491579,-0.029566897116385382,0.003522886180258311
DELL,2021-02-25,2021-02-25,2021-02-26,2021-03-01,2021-03-04,2.14,2.7,26.1,0.01744492164645628,0.04279630736164952,0.03915684037917977,0.004187556724111641,0.020628444521835876,-0.027906576942127392,-0.060996360238771086,ALAB,,,,,,,
DELL,2021-05-27,2021-05-27,2021-05-28,2021-06-01,2021-06-04,1.62,2.13,31.5,-0.010631900779766723,0.03159487305933584,0.0384152187425435,0.003154005518990033,0.011199932200910645,0.008171071687354203,0.020492632113934706,AAOI,0.0024359931786150923,0.04019487480788575,0.028014560434550306,-0.0007180123403749405,-0.008763939022295553,0.019843488747196103,0.007521928320615601
DELL,2021-05-27,2021-05-27,2021-05-28,2021-06-01,2021-06-04,1.62,2.13,31.5,-0.010631900779766723,0.03159487305933584,0.0384152187425435,0.003154005518990033,0.011199932200910645,0.008171071687354203,0.020492632113934706,COHR,-0.01750032016308678,-0.013854410857083499,0.009916877762901732,-0.020654325682076813,-0.028700252363997425,0.001745806075547529,-0.010575754351032973
DELL,2021-05-27,2021-05-27,2021-05-28,2021-06-01,2021-06-04,1.62,2.13,31.5,-0.010631900779766723,0.03159487305933584,0.0384152187425435,0.003154005518990033,0.011199932200910645,0.008171071687354203,0.020492632113934706,LITE,0.002711043950294423,-0.013431964840290855,0.009735069632443638,-0.0004429615686956101,-0.008488888250616222,0.0015639979450894348,-0.010757562481491068
DELL,2021-05-27,2021-05-27,2021-05-28,2021-06-01,2021-06-04,1.62,2.13,31.5,-0.010631900779766723,0.03159487305933584,0.0384152187425435,0.003154005518990033,0.011199932200910645,0.008171071687354203,0.020492632113934706,FN,0.007752836420295006,0.014831457245215951,0.05224720815594286,0.004598830901304973,-0.003447095780615639,0.044076136468588656,0.031754576042008154
DELL,2021-05-27,2021-05-27,2021-05-28,2021-06-01,2021-06-04,1.62,2.13,31.5,-0.010631900779766723,0.03159487305933584,0.0384152187425435,0.003154005518990033,0.011199932200910645,0.008171071687354203,0.020492632113934706,MRVL,-0.0012408777909496127,-0.012613620461414454,0.007030595289988506,-0.004394883309939646,-0.012440809991860258,-0.0011404763973656973,-0.0134620368239462
DELL,2021-05-27,2021-05-27,2021-05-28,2021-06-01,2021-06-04,1.62,2.13,31.5,-0.010631900779766723,0.03159487305933584,0.0384152187425435,0.003154005518990033,0.011199932200910645,0.008171071687354203,0.020492632113934706,AVGO,0.009942674443742971,0.0013471767168051763,0.015651789933832205,0.006788668924752939,-0.0012572577571676735,0.007480718246478002,-0.0048408421801025
DELL,2021-05-27,2021-05-27,2021-05-28,2021-06-01,2021-06-04,1.62,2.13,31.5,-0.010631900779766723,0.03159487305933584,0.0384152187425435,0.003154005518990033,0.011199932200910645,0.008171071687354203,0.020492632113934706,CRDO,,,,,,,
DELL,2021-05-27,2021-05-27,2021-05-28,2021-06-01,2021-06-04,1.62,2.13,31.5,-0.010631900779766723,0.03159487305933584,0.0384152187425435,0.003154005518990033,0.011199932200910645,0.008171071687354203,0.020492632113934706,CIEN,-0.0013222458753314736,0.010578039059647493,0.13354740986444424,-0.0044762513943215065,-0.012522178076242119,0.12537633817709004,0.11305477775050954
DELL,2021-05-27,2021-05-27,2021-05-28,2021-06-01,2021-06-04,1.62,2.13,31.5,-0.010631900779766723,0.03159487305933584,0.0384152187425435,0.003154005518990033,0.011199932200910645,0.008171071687354203,0.020492632113934706,ALAB,,,,,,,
DELL,2021-08-26,2021-08-26,2021-08-27,2021-08-30,2021-09-02,2.04,2.24,9.76,-0.04529777048247752,-0.033481208692086706,-0.044116374953307,0.009720368197911888,0.018075739566405513,0.021427521357558765,0.014445501463936639,AAOI,0.029619186689343158,0.026798314969162185,0.09590970574103852,0.01989881849143127,0.011543447122937645,0.07448218438347975,0.08146420427710188
DELL,2021-08-26,2021-08-26,2021-08-27,2021-08-30,2021-09-02,2.04,2.24,9.76,-0.04529777048247752,-0.033481208692086706,-0.044116374953307,0.009720368197911888,0.018075739566405513,0.021427521357558765,0.014445501463936639,COHR,0.04228118644710954,0.03310390761405935,0.014257602841005523,0.032560818249197654,0.02420544688070403,-0.007169918516553242,-0.00018789862293111526
DELL,2021-08-26,2021-08-26,2021-08-27,2021-08-30,2021-09-02,2.04,2.24,9.76,-0.04529777048247752,-0.033481208692086706,-0.044116374953307,0.009720368197911888,0.018075739566405513,0.021427521357558765,0.014445501463936639,LITE,0.016838195719492077,0.018124451737609792,0.03285787299216536,0.007117827521580189,-0.0012375438469134359,0.011430351634606595,0.01841237152822872
DELL,2021-08-26,2021-08-26,2021-08-27,2021-08-30,2021-09-02,2.04,2.24,9.76,-0.04529777048247752,-0.033481208692086706,-0.044116374953307,0.009720368197911888,0.018075739566405513,0.021427521357558765,0.014445501463936639,FN,0.03555732737179884,0.06007966780836038,0.07397565812393303,0.025836959173886953,0.017481587805393328,0.052548136766374265,0.05953015665999639
DELL,2021-08-26,2021-08-26,2021-08-27,2021-08-30,2021-09-02,2.04,2.24,9.76,-0.04529777048247752,-0.033481208692086706,-0.044116374953307,0.009720368197911888,0.018075739566405513,0.021427521357558765,0.014445501463936639,MRVL,-0.03004430116931278,-0.020240219986524588,-0.030360514288968687,-0.03976466936722467,-0.048120040735718295,-0.05178803564652745,-0.044806015752905326
DELL,2021-08-26,2021-08-26,2021-08-27,2021-08-30,2021-09-02,2.04,2.24,9.76,-0.04529777048247752,-0.033481208692086706,-0.044116374953307,0.009720368197911888,0.018075739566405513,0.021427521357558765,0.014445501463936639,AVGO,0.020998914784765565,0.02707198594387883,0.012681687423561128,0.011278546586853677,0.0029231752183600523,-0.008745833933997638,-0.001763814040375511
DELL,2021-08-26,2021-08-26,2021-08-27,2021-08-30,2021-09-02,2.04,2.24,9.76,-0.04529777048247752,-0.033481208692086706,-0.044116374953307,0.009720368197911888,0.018075739566405513,0.021427521357558765,0.014445501463936639,CRDO,,,,,,,
DELL,2021-08-26,2021-08-26,2021-08-27,2021-08-30,2021-09-02,2.04,2.24,9.76,-0.04529777048247752,-0.033481208692086706,-0.044116374953307,0.009720368197911888,0.018075739566405513,0.021427521357558765,0.014445501463936639,CIEN,0.008109997788659395,0.009167849904309744,0.031558481352371937,-0.0016103704092524929,-0.009965741777746118,0.010130959994813171,0.017112979888435298
DELL,2021-08-26,2021-08-26,2021-08-27,2021-08-30,2021-09-02,2.04,2.24,9.76,-0.04529777048247752,-0.033481208692086706,-0.044116374953307,0.009720368197911888,0.018075739566405513,0.021427521357558765,0.014445501463936639,ALAB,,,,,,,
DELL,2021-11-23,2021-11-23,2021-11-24,2021-11-26,2021-12-01,2.3,2.37,2.97,0.04810697702274935,0.02762015356509684,0.01884023973927662,0.003220114772585436,0.010089708392343022,-0.026064434502125033,-0.004717199354787871,AAOI,0.018581103394726073,0.018581103394726073,-0.0422297291854945,0.015360988622140637,0.008491395002383051,-0.01616529468336947,-0.03751252983070663
DELL,2021-11-23,2021-11-23,2021-11-24,2021-11-26,2021-12-01,2.3,2.37,2.97,0.04810697702274935,0.02762015356509684,0.01884023973927662,0.003220114772585436,0.010089708392343022,-0.026064434502125033,-0.004717199354787871,COHR,0.002960461833948047,-0.023215981168305366,-0.056092216531678174,-0.00025965293863738914,-0.007129246558394975,-0.03002778202955314,-0.0513750171768903
DELL,2021-11-23,2021-11-23,2021-11-24,2021-11-26,2021-12-01,2.3,2.37,2.97,0.04810697702274935,0.02762015356509684,0.01884023973927662,0.003220114772585436,0.010089708392343022,-0.026064434502125033,-0.004717199354787871,LITE,-0.012726887097288975,-0.03917663669340221,-0.05367417487119275,-0.01594700186987441,-0.022816595489631997,-0.027609740369067715,-0.04895697551640488
DELL,2021-11-23,2021-11-23,2021-11-24,2021-11-26,2021-12-01,2.3,2.37,2.97,0.04810697702274935,0.02762015356509684,0.01884023973927662,0.003220114772585436,0.010089708392343022,-0.026064434502125033,-0.004717199354787871,FN,-0.012861440512684785,-0.04445404914726281,-0.01294777746876774,-0.01608155528527022,-0.022951148905027807,0.013116657033357293,-0.00823057811397987
DELL,2021-11-23,2021-11-23,2021-11-24,2021-11-26,2021-12-01,2.3,2.37,2.97,0.04810697702274935,0.02762015356509684,0.01884023973927662,0.003220114772585436,0.010089708392343022,-0.026064434502125033,-0.004717199354787871,MRVL,0.00874081981194541,-0.016798625574709347,-0.031002391503398563,0.005520705039359974,-0.0013488885803976114,-0.00493795700127353,-0.026285192148610692
DELL,2021-11-23,2021-11-23,2021-11-24,2021-11-26,2021-12-01,2.3,2.37,2.97,0.04810697702274935,0.02762015356509684,0.01884023973927662,0.003220114772585436,0.010089708392343022,-0.026064434502125033,-0.004717199354787871,AVGO,0.006502955582838199,-0.015366187773216522,-0.0006486496192269486,0.003282840810252763,-0.003586752809504823,0.025415784882898085,0.004068549735560922
DELL,2021-11-23,2021-11-23,2021-11-24,2021-11-26,2021-12-01,2.3,2.37,2.97,0.04810697702274935,0.02762015356509684,0.01884023973927662,0.003220114772585436,0.010089708392343022,-0.026064434502125033,-0.004717199354787871,CRDO,,,,,,,
DELL,2021-11-23,2021-11-23,2021-11-24,2021-11-26,2021-12-01,2.3,2.37,2.97,0.04810697702274935,0.02762015356509684,0.01884023973927662,0.003220114772585436,0.010089708392343022,-0.026064434502125033,-0.004717199354787871,CIEN,0.01658649833827508,0.007463936906717761,-0.005307674406450413,0.013366383565689643,0.006496789945932058,0.02075676009567462,-0.0005904750516625423
DELL,2021-11-23,2021-11-23,2021-11-24,2021-11-26,2021-12-01,2.3,2.37,2.97,0.04810697702274935,0.02762015356509684,0.01884023973927662,0.003220114772585436,0.010089708392343022,-0.026064434502125033,-0.004717199354787871,ALAB,,,,,,,
DELL,2022-02-24,2022-02-24,2022-02-25,2022-02-28,2022-03-03,1.95,1.72,-11.95,-0.07843852266151086,-0.08739274676689934,-0.05820219391066217,0.015506965130081873,0.013945135404654252,0.005198193434052811,-0.016306951539640013,AAOI,-0.15024628169777987,-0.10591128926081661,-0.11330050360346788,-0.16575324682786174,-0.16419141710243412,-0.1184986970375207,-0.09699355206382787
DELL,2022-02-24,2022-02-24,2022-02-25,2022-02-28,2022-03-03,1.95,1.72,-11.95,-0.07843852266151086,-0.08739274676689934,-0.05820219391066217,0.015506965130081873,0.013945135404654252,0.005198193434052811,-0.016306951539640013,COHR,0.007269020527593817,-0.009977259707795061,0.0004275766495303035,-0.008237944602488056,-0.006676114877060435,-0.004770616784522508,0.016734528189170317
DELL,2022-02-24,2022-02-24,2022-02-25,2022-02-28,2022-03-03,1.95,1.72,-11.95,-0.07843852266151086,-0.08739274676689934,-0.05820219391066217,0.015506965130081873,0.013945135404654252,0.005198193434052811,-0.016306951539640013,LITE,0.025068263916742772,-0.0007075679228574216,-0.0004043355443642538,0.009561298786660899,0.01112312851208852,-0.005602528978417065,0.01590261599527576
DELL,2022-02-24,2022-02-24,2022-02-25,2022-02-28,2022-03-03,1.95,1.72,-11.95,-0.07843852266151086,-0.08739274676689934,-0.05820219391066217,0.015506965130081873,0.013945135404654252,0.005198193434052811,-0.016306951539640013,FN,0.011404555823225415,0.0017006619698110015,-0.01160460227430149,-0.004102409306856458,-0.0025405795814288368,-0.0168027957083543,0.0047023492653385235
DELL,2022-02-24,2022-02-24,2022-02-25,2022-02-28,2022-03-03,1.95,1.72,-11.95,-0.07843852266151086,-0.08739274676689934,-0.05820219391066217,0.015506965130081873,0.013945135404654252,0.005198193434052811,-0.016306951539640013,MRVL,0.014161353303043578,0.007965782689731249,-0.0382065528172395,-0.0013456118270382955,0.00021621789838932592,-0.043404746251292314,-0.02189960127759949
DELL,2022-02-24,2022-02-24,2022-02-25,2022-02-28,2022-03-03,1.95,1.72,-11.95,-0.07843852266151086,-0.08739274676689934,-0.05820219391066217,0.015506965130081873,0.013945135404654252,0.005198193434052811,-0.016306951539640013,AVGO,0.013810327374750075,0.012827448213317938,-0.0024139381287030526,-0.001696637755331798,-0.0001348080299041765,-0.007612131562755864,0.01389301341093696
DELL,2022-02-24,2022-02-24,2022-02-25,2022-02-28,2022-03-03,1.95,1.72,-11.95,-0.07843852266151086,-0.08739274676689934,-0.05820219391066217,0.015506965130081873,0.013945135404654252,0.005198193434052811,-0.016306951539640013,CRDO,0.026791668476497277,0.13194904709221955,0.078365710139225,0.011284703346415403,0.012846533071843025,0.07316751670517219,0.09467266167886501
DELL,2022-02-24,2022-02-24,2022-02-25,2022-02-28,2022-03-03,1.95,1.72,-11.95,-0.07843852266151086,-0.08739274676689934,-0.05820219391066217,0.015506965130081873,0.013945135404654252,0.005198193434052811,-0.016306951539640013,CIEN,0.01014549022700506,0.006028466693672296,0.015438838249997922,-0.005361474903076813,-0.0037996451776491913,0.01024064481594511,0.031745789789637935
DELL,2022-02-24,2022-02-24,2022-02-25,2022-02-28,2022-03-03,1.95,1.72,-11.95,-0.07843852266151086,-0.08739274676689934,-0.05820219391066217,0.015506965130081873,0.013945135404654252,0.005198193434052811,-0.016306951539640013,ALAB,,,,,,,
DELL,2022-05-26,2022-05-26,2022-05-27,2022-05-31,2022-06-03,1.4,1.84,31.17,0.12861397998851398,0.13680868162631699,0.16139335515554487,0.03263944726113843,0.03966478438197907,0.022951565295310283,0.023240058740472858,AAOI,-0.021739110153428554,0.03043475421480002,-0.021739110153428554,-0.054378557414566986,-0.06140389453540762,-0.04469067544873884,-0.04497916889390141
DELL,2022-05-26,2022-05-26,2022-05-27,2022-05-31,2022-06-03,1.4,1.84,31.17,0.12861397998851398,0.13680868162631699,0.16139335515554487,0.03263944726113843,0.03966478438197907,0.022951565295310283,0.023240058740472858,COHR,0.06575110439578857,0.07296137339055786,0.06969959439126217,0.03311165713465014,0.026086320013809505,0.04674802909595188,0.04645953565078931
DELL,2022-05-26,2022-05-26,2022-05-27,2022-05-31,2022-06-03,1.4,1.84,31.17,0.12861397998851398,0.13680868162631699,0.16139335515554487,0.03263944726113843,0.03966478438197907,0.022951565295310283,0.023240058740472858,LITE,0.02576357094803372,0.003497354348648285,-0.020750743817059658,-0.006875876313104712,-0.013901213433945347,-0.04370230911236994,-0.043990802557532516
DELL,2022-05-26,2022-05-26,2022-05-27,2022-05-31,2022-06-03,1.4,1.84,31.17,0.12861397998851398,0.13680868162631699,0.16139335515554487,0.03263944726113843,0.03966478438197907,0.022951565295310283,0.023240058740472858,FN,0.019418583359829267,0.010116311006767909,0.0140697567961936,-0.013220863901309166,-0.0202462010221498,-0.008881808499116683,-0.009170301944279258
DELL,2022-05-26,2022-05-26,2022-05-27,2022-05-31,2022-06-03,1.4,1.84,31.17,0.12861397998851398,0.13680868162631699,0.16139335515554487,0.03263944726113843,0.03966478438197907,0.022951565295310283,0.023240058740472858,MRVL,0.06720489022473886,0.03790143132260648,0.0345675333636295,0.03456544296360042,0.027540105842759788,0.011615968068319216,0.011327474623156641
DELL,2022-05-26,2022-05-26,2022-05-27,2022-05-31,2022-06-03,1.4,1.84,31.17,0.12861397998851398,0.13680868162631699,0.16139335515554487,0.03263944726113843,0.03966478438197907,0.022951565295310283,0.023240058740472858,AVGO,0.05923778896225973,0.053517480527421224,0.022990360722742187,0.026598341701121297,0.019573004580280662,3.879542743190356e-05,-0.0002496980177306707
DELL,2022-05-26,2022-05-26,2022-05-27,2022-05-31,2022-06-03,1.4,1.84,31.17,0.12861397998851398,0.13680868162631699,0.16139335515554487,0.03263944726113843,0.03966478438197907,0.022951565295310283,0.023240058740472858,CRDO,0.03444885696124067,0.006889733846014545,0.2706692954036276,0.001809409700102238,-0.005215927420738398,0.24771773010831732,0.24742923666315475
DELL,2022-05-26,2022-05-26,2022-05-27,2022-05-31,2022-06-03,1.4,1.84,31.17,0.12861397998851398,0.13680868162631699,0.16139335515554487,0.03263944726113843,0.03966478438197907,0.022951565295310283,0.023240058740472858,CIEN,0.034803285482530866,0.004943642505609747,-0.03618742391538354,0.0021638382213924334,-0.004861498899448202,-0.059138989210693826,-0.0594274826558564
DELL,2022-05-26,2022-05-26,2022-05-27,2022-05-31,2022-06-03,1.4,1.84,31.17,0.12861397998851398,0.13680868162631699,0.16139335515554487,0.03263944726113843,0.03966478438197907,0.022951565295310283,0.023240058740472858,ALAB,,,,,,,
DELL,2022-08-25,2022-08-25,2022-08-26,2022-08-29,2022-09-01,1.64,1.68,2.61,-0.13507282580187552,-0.1526097691165197,-0.21398751828741402,-0.04098826533331634,-0.05560271520140592,-0.06606790104991211,-0.10984809507649984,AAOI,-0.07246378564303779,-0.11594200519873443,-0.21014490061962054,-0.03147552030972145,-0.016861070441631876,-0.14407699956970843,-0.1002968055431207
DELL,2022-08-25,2022-08-25,2022-08-26,2022-08-29,2022-09-01,1.64,1.68,2.61,-0.13507282580187552,-0.1526097691165197,-0.21398751828741402,-0.04098826533331634,-0.05560271520140592,-0.06606790104991211,-0.10984809507649984,COHR,-0.04631502416524136,-0.07590518433555316,-0.18195187564128945,-0.005326758831925016,0.009287691036164558,-0.11588397459137734,-0.07210378056478961
DELL,2022-08-25,2022-08-25,2022-08-26,2022-08-29,2022-09-01,1.64,1.68,2.61,-0.13507282580187552,-0.1526097691165197,-0.21398751828741402,-0.04098826533331634,-0.05560271520140592,-0.06606790104991211,-0.10984809507649984,LITE,-0.029865750820735948,-0.04105143295644065,-0.10324388366214687,0.011122514512580395,0.02573696438066997,-0.03717598261223476,0.006604211414352967
DELL,2022-08-25,2022-08-25,2022-08-26,2022-08-29,2022-09-01,1.64,1.68,2.61,-0.13507282580187552,-0.1526097691165197,-0.21398751828741402,-0.04098826533331634,-0.05560271520140592,-0.06606790104991211,-0.10984809507649984,FN,-0.038085851236441925,-0.05627743512313821,-0.11255487024627653,0.002902414096874417,0.01751686396496399,-0.046486969196364414,-0.0027067751697766873
DELL,2022-08-25,2022-08-25,2022-08-26,2022-08-29,2022-09-01,1.64,1.68,2.61,-0.13507282580187552,-0.1526097691165197,-0.21398751828741402,-0.04098826533331634,-0.05560271520140592,-0.06606790104991211,-0.10984809507649984,MRVL,-0.08930828045764849,-0.11072777122551625,-0.16554740427529968,-0.04832001512433215,-0.033705565256242576,-0.09947950322538757,-0.05569930919879984
DELL,2022-08-25,2022-08-25,2022-08-26,2022-08-29,2022-09-01,1.64,1.68,2.61,-0.13507282580187552,-0.1526097691165197,-0.21398751828741402,-0.04098826533331634,-0.05560271520140592,-0.06606790104991211,-0.10984809507649984,AVGO,-0.053205810574388224,-0.06534830746606712,-0.1056476669579467,-0.012217545241071881,0.002396904627017693,-0.03957976590803458,0.004200428118553146
DELL,2022-08-25,2022-08-25,2022-08-26,2022-08-29,2022-09-01,1.64,1.68,2.61,-0.13507282580187552,-0.1526097691165197,-0.21398751828741402,-0.04098826533331634,-0.05560271520140592,-0.06606790104991211,-0.10984809507649984,CRDO,-0.10064930360098756,-0.08701293714976466,-0.15714286598955785,-0.05966103826767122,-0.045046588399581644,-0.09107496493964573,-0.047294770913058004
DELL,2022-08-25,2022-08-25,2022-08-26,2022-08-29,2022-09-01,1.64,1.68,2.61,-0.13507282580187552,-0.1526097691165197,-0.21398751828741402,-0.04098826533331634,-0.05560271520140592,-0.06606790104991211,-0.10984809507649984,CIEN,-0.03369981420108148,-0.06902147621561416,-0.1803928966200573,0.007288451132234863,0.021902901000324437,-0.1143249955701452,-0.07054480154355747
DELL,2022-08-25,2022-08-25,2022-08-26,2022-08-29,2022-09-01,1.64,1.68,2.61,-0.13507282580187552,-0.1526097691165197,-0.21398751828741402,-0.04098826533331634,-0.05560271520140592,-0.06606790104991211,-0.10984809507649984,ALAB,,,,,,,
DELL,2022-11-21,2022-11-21,2022-11-22,2022-11-23,2022-11-29,1.61,2.3,43.09,0.06768909513685628,0.08619432649832537,0.05965415828978027,0.014402823088718986,0.029070934620949007,-0.004682692885233708,-0.001112709606726603,AAOI,0.013333320617675781,-0.031111081441243527,-0.06222226884629989,-0.0010695024710432044,-0.015737614003273226,-0.05753957596106618,-0.061109559239573286
DELL,2022-11-21,2022-11-21,2022-11-22,2022-11-23,2022-11-29,1.61,2.3,43.09,0.06768909513685628,0.08619432649832537,0.05965415828978027,0.014402823088718986,0.029070934620949007,-0.004682692885233708,-0.001112709606726603,COHR,0.0087030146711633,0.04126898553574265,-0.012914067890689718,-0.005699808417555685,-0.020367919949785707,-0.00823137500545601,-0.011801358283963115
DELL,2022-11-21,2022-11-21,2022-11-22,2022-11-23,2022-11-29,1.61,2.3,43.09,0.06768909513685628,0.08619432649832537,0.05965415828978027,0.014402823088718986,0.029070934620949007,-0.004682692885233708,-0.001112709606726603,LITE,0.0029175756193822178,0.008752726858146653,-0.023887698206528807,-0.011485247469336768,-0.02615335900156679,-0.0192050053212951,-0.022774988599802204
DELL,2022-11-21,2022-11-21,2022-11-22,2022-11-23,2022-11-29,1.61,2.3,43.09,0.06768909513685628,0.08619432649832537,0.05965415828978027,0.014402823088718986,0.029070934620949007,-0.004682692885233708,-0.001112709606726603,FN,0.009049096185481442,0.010297152978314683,-0.0076449281400203795,-0.005353726903237543,-0.020021838435467565,-0.0029622352547866715,-0.0065322185332937766
DELL,2022-11-21,2022-11-21,2022-11-22,2022-11-23,2022-11-29,1.61,2.3,43.09,0.06768909513685628,0.08619432649832537,0.05965415828978027,0.014402823088718986,0.029070934620949007,-0.004682692885233708,-0.001112709606726603,MRVL,0.032972199454257334,0.05126359647519352,0.03273154276195922,0.018569376365538348,0.0039012648333083266,0.03741423564719293,0.03384425236868582
DELL,2022-11-21,2022-11-21,2022-11-22,2022-11-23,2022-11-29,1.61,2.3,43.09,0.06768909513685628,0.08619432649832537,0.05965415828978027,0.014402823088718986,0.029070934620949007,-0.004682692885233708,-0.001112709606726603,AVGO,0.024370003636976723,0.03130799645589555,0.007633599681367231,0.009967180548257737,-0.004700930983972285,0.01231629256660094,0.008746309288093834
DELL,2022-11-21,2022-11-21,2022-11-22,2022-11-23,2022-11-29,1.61,2.3,43.09,0.06768909513685628,0.08619432649832537,0.05965415828978027,0.014402823088718986,0.029070934620949007,-0.004682692885233708,-0.001112709606726603,CRDO,0.026222529735072442,0.026222529735072442,-0.01559173059585317,0.011819706646353456,-0.0028484048858765654,-0.010909037710619462,-0.014479020989126568
DELL,2022-11-21,2022-11-21,2022-11-22,2022-11-23,2022-11-29,1.61,2.3,43.09,0.06768909513685628,0.08619432649832537,0.05965415828978027,0.014402823088718986,0.029070934620949007,-0.004682692885233708,-0.001112709606726603,CIEN,-0.013757343442768577,-0.006540390494572779,-0.024808265005314634,-0.028160166531487563,-0.042828278063717584,-0.020125572120080926,-0.02369555539858803
DELL,2022-11-21,2022-11-21,2022-11-22,2022-11-23,2022-11-29,1.61,2.3,43.09,0.06768909513685628,0.08619432649832537,0.05965415828978027,0.014402823088718986,0.029070934620949007,-0.004682692885233708,-0.001112709606726603,ALAB,,,,,,,
DELL,2023-03-02,2023-03-02,2023-03-03,2023-03-06,2023-03-09,1.64,1.8,9.88,-0.00945958138904679,-0.02738350927099198,-0.058999242307970934,0.020673896888919296,0.013571701426920324,-0.0032352924349652312,-0.00020683808500954193,AAOI,0.01486987397850048,0.033457216451626026,0.04460962193550144,-0.005804022910418816,0.0012981725515801568,0.047844914370466674,0.044816460020510984
DELL,2023-03-02,2023-03-02,2023-03-03,2023-03-06,2023-03-09,1.64,1.8,9.88,-0.00945958138904679,-0.02738350927099198,-0.058999242307970934,0.020673896888919296,0.013571701426920324,-0.0032352924349652312,-0.00020683808500954193,COHR,0.02657960843719609,-0.0027978301140691997,-0.06761477622873457,0.005905711548276793,0.013007907010275765,-0.06437948379376934,-0.06740793814372503
DELL,2023-03-02,2023-03-02,2023-03-03,2023-03-06,2023-03-09,1.64,1.8,9.88,-0.00945958138904679,-0.02738350927099198,-0.058999242307970934,0.020673896888919296,0.013571701426920324,-0.0032352924349652312,-0.00020683808500954193,LITE,0.013726956337856144,-0.0009401887321102143,-0.013350866498651692,-0.006946940551063152,0.00015525491093582033,-0.010115574063686461,-0.01314402841364215
DELL,2023-03-02,2023-03-02,2023-03-03,2023-03-06,2023-03-09,1.64,1.8,9.88,-0.00945958138904679,-0.02738350927099198,-0.058999242307970934,0.020673896888919296,0.013571701426920324,-0.0032352924349652312,-0.00020683808500954193,FN,0.00967180422533609,0.0018186427914614889,-0.0031413150283366997,-0.011002092663583207,-0.003899897201584235,9.397740662853149e-05,-0.002934476943327158
DELL,2023-03-02,2023-03-02,2023-03-03,2023-03-06,2023-03-09,1.64,1.8,9.88,-0.00945958138904679,-0.02738350927099198,-0.058999242307970934,0.020673896888919296,0.013571701426920324,-0.0032352924349652312,-0.00020683808500954193,MRVL,-0.04737186577409325,-0.08565873448929151,-0.11507696329716277,-0.06804576266301254,-0.06094356720101357,-0.11184167086219754,-0.11487012521215323
DELL,2023-03-02,2023-03-02,2023-03-03,2023-03-06,2023-03-09,1.64,1.8,9.88,-0.00945958138904679,-0.02738350927099198,-0.058999242307970934,0.020673896888919296,0.013571701426920324,-0.0032352924349652312,-0.00020683808500954193,AVGO,0.056978154233453315,0.05724529985660287,0.039872886769593,0.03630425734453402,0.04340645280653299,0.04310817920455823,0.04007972485460254
DELL,2023-03-02,2023-03-02,2023-03-03,2023-03-06,2023-03-09,1.64,1.8,9.88,-0.00945958138904679,-0.02738350927099198,-0.058999242307970934,0.020673896888919296,0.013571701426920324,-0.0032352924349652312,-0.00020683808500954193,CRDO,0.0048733128284064176,-0.0107213068126365,-0.06432746907297471,-0.01580058406051288,-0.008698388598513906,-0.06109217663800948,-0.06412063098796517
DELL,2023-03-02,2023-03-02,2023-03-03,2023-03-06,2023-03-09,1.64,1.8,9.88,-0.00945958138904679,-0.02738350927099198,-0.058999242307970934,0.020673896888919296,0.013571701426920324,-0.0032352924349652312,-0.00020683808500954193,CIEN,0.0057365042290307144,0.04261417655881483,0.017004671030630192,-0.014937392659888582,-0.00783519719788961,0.020239963465595423,0.017211509115639734
DELL,2023-03-02,2023-03-02,2023-03-03,2023-03-06,2023-03-09,1.64,1.8,9.88,-0.00945958138904679,-0.02738350927099198,-0.058999242307970934,0.020673896888919296,0.013571701426920324,-0.0032352924349652312,-0.00020683808500954193,ALAB,,,,,,,
DELL,2023-06-01,2023-06-01,2023-06-02,2023-06-05,2023-06-08,0.85,1.31,53.67,0.03981550228351738,0.0004400979899594759,0.05345376014694958,0.0074998050050698595,-0.002457475600235015,0.003238504034189127,-0.0022527651483359445,AAOI,0.027149294906732013,0.054298589813463805,0.41176462973055905,0.019649489901662154,0.02960677050696703,0.4085261256963699,0.414017394878895
DELL,2023-06-01,2023-06-01,2023-06-02,2023-06-05,2023-06-08,0.85,1.31,53.67,0.03981550228351738,0.0004400979899594759,0.05345376014694958,0.0074998050050698595,-0.002457475600235015,0.003238504034189127,-0.0022527651483359445,COHR,0.043920711916086486,0.013122701565732031,0.045527604606119265,0.036420906911016626,0.0463781875163215,0.04228910057193014,0.04778036975445521
DELL,2023-06-01,2023-06-01,2023-06-02,2023-06-05,2023-06-08,0.85,1.31,53.67,0.03981550228351738,0.0004400979899594759,0.05345376014694958,0.0074998050050698595,-0.002457475600235015,0.003238504034189127,-0.0022527651483359445,LITE,0.014936782096198753,-0.015319858924871976,-0.021830704002290813,0.0074369770911288935,0.017394257696433768,-0.02506920803647994,-0.019577938853954868
DELL,2023-06-01,2023-06-01,2023-06-02,2023-06-05,2023-06-08,0.85,1.31,53.67,0.03981550228351738,0.0004400979899594759,0.05345376014694958,0.0074998050050698595,-0.002457475600235015,0.003238504034189127,-0.0022527651483359445,FN,0.03262339347826959,0.007010033542047545,0.0074593498345936204,0.02512358847319973,0.035080869078504606,0.0042208458004044935,0.009712114982929565
DELL,2023-06-01,2023-06-01,2023-06-02,2023-06-05,2023-06-08,0.85,1.31,53.67,0.03981550228351738,0.0004400979899594759,0.05345376014694958,0.0074998050050698595,-0.002457475600235015,0.003238504034189127,-0.0022527651483359445,MRVL,-0.015057369696651723,-0.050245529588163085,-0.02258583382438406,-0.022557174701721583,-0.012599894096416708,-0.025824337858573188,-0.020333068676048116
DELL,2023-06-01,2023-06-01,2023-06-02,2023-06-05,2023-06-08,0.85,1.31,53.67,0.03981550228351738,0.0004400979899594759,0.05345376014694958,0.0074998050050698595,-0.002457475600235015,0.003238504034189127,-0.0022527651483359445,AVGO,0.027912959213475474,0.015633765701755564,0.018039091851438815,0.020413154208405615,0.03037043481371049,0.014800587817249689,0.02029185699977476
DELL,2023-06-01,2023-06-01,2023-06-02,2023-06-05,2023-06-08,0.85,1.31,53.67,0.03981550228351738,0.0004400979899594759,0.05345376014694958,0.0074998050050698595,-0.002457475600235015,0.003238504034189127,-0.0022527651483359445,CRDO,-0.00483686980812581,-0.03385739675294097,-0.029020642262138407,-0.01233667481319567,-0.002379394207890795,-0.032259146296327534,-0.026767877113802463
DELL,2023-06-01,2023-06-01,2023-06-02,2023-06-05,2023-06-08,0.85,1.31,53.67,0.03981550228351738,0.0004400979899594759,0.05345376014694958,0.0074998050050698595,-0.002457475600235015,0.003238504034189127,-0.0022527651483359445,CIEN,0.02338937523644158,0.009993647308152331,-0.09568360869235126,0.01588957023137172,0.025846850836676594,-0.09892211272654039,-0.09343084354401532
DELL,2023-06-01,2023-06-01,2023-06-02,2023-06-05,2023-06-08,0.85,1.31,53.67,0.03981550228351738,0.0004400979899594759,0.05345376014694958,0.0074998050050698595,-0.002457475600235015,0.003238504034189127,-0.0022527651483359445,ALAB,,,,,,,
DELL,2023-08-31,2023-08-31,2023-09-01,2023-09-05,2023-09-08,1.14,1.74,53.07,0.21248194948605903,0.21088180157895953,0.2535561546399423,-0.0010582764281705792,-6.395812900894526e-05,-0.014312620453101776,-0.03738313038013108,AAOI,0.012345614885131084,-0.05954979093963719,-0.1430646478968054,0.013403891313301664,0.01240957301414003,-0.12875202744370362,-0.10568151751667432
DELL,2023-08-31,2023-08-31,2023-09-01,2023-09-05,2023-09-08,1.14,1.74,53.07,0.21248194948605903,0.21088180157895953,0.2535561546399423,-0.0010582764281705792,-6.395812900894526e-05,-0.014312620453101776,-0.03738313038013108,COHR,-0.0023917127300894236,-0.05235187788427553,-0.11772522400828267,-0.0013334363019188444,-0.0023277546010804784,-0.1034126035551809,-0.08034209362815159
DELL,2023-08-31,2023-08-31,2023-09-01,2023-09-05,2023-09-08,1.14,1.74,53.07,0.21248194948605903,0.21088180157895953,0.2535561546399423,-0.0010582764281705792,-6.395812900894526e-05,-0.014312620453101776,-0.03738313038013108,LITE,-0.004433801472953691,-0.0214298877613619,-0.0825789974598049,-0.003375525044783112,-0.004369843343944746,-0.06826637700670313,-0.045195867079673824
DELL,2023-08-31,2023-08-31,2023-09-01,2023-09-05,2023-09-08,1.14,1.74,53.07,0.21248194948605903,0.21088180157895953,0.2535561546399423,-0.0010582764281705792,-6.395812900894526e-05,-0.014312620453101776,-0.03738313038013108,FN,-0.0015550164418501877,-0.026621873891621295,-0.056291614177110705,-0.0004967400136796085,-0.0014910583128412425,-0.04197899372400893,-0.018908483796979625
DELL,2023-08-31,2023-08-31,2023-09-01,2023-09-05,2023-09-08,1.14,1.74,53.07,0.21248194948605903,0.21088180157895953,0.2535561546399423,-0.0010582764281705792,-6.395812900894526e-05,-0.014312620453101776,-0.03738313038013108,MRVL,-0.005150310453931439,-0.006180266813280877,-0.043089988025914794,-0.00409203402576086,-0.005086352324922494,-0.028777367572813017,-0.005706857645783714
DELL,2023-08-31,2023-08-31,2023-09-01,2023-09-05,2023-09-08,1.14,1.74,53.07,0.21248194948605903,0.21088180157895953,0.2535561546399423,-0.0010582764281705792,-6.395812900894526e-05,-0.014312620453101776,-0.03738313038013108,AVGO,-0.05457860882854526,-0.054957767184276474,-0.07079958687056165,-0.05352033240037468,-0.054514650699536316,-0.05648696641745987,-0.03341645649043057
DELL,2023-08-31,2023-08-31,2023-09-01,2023-09-05,2023-09-08,1.14,1.74,53.07,0.21248194948605903,0.21088180157895953,0.2535561546399423,-0.0010582764281705792,-6.395812900894526e-05,-0.014312620453101776,-0.03738313038013108,CRDO,0.0212636938600983,0.03584448270987206,-0.037667008892463105,0.022321970288268878,0.021327651989107244,-0.02335438843936133,-0.0002838785123320253
DELL,2023-08-31,2023-08-31,2023-09-01,2023-09-05,2023-09-08,1.14,1.74,53.07,0.21248194948605903,0.21088180157895953,0.2535561546399423,-0.0010582764281705792,-6.395812900894526e-05,-0.014312620453101776,-0.03738313038013108,CIEN,-0.03021205152787476,-0.041016391673396546,-0.03521405237400799,-0.029153775099704182,-0.030148093398865816,-0.02090143192090621,0.002169078006123093
DELL,2023-08-31,2023-08-31,2023-09-01,2023-09-05,2023-09-08,1.14,1.74,53.07,0.21248194948605903,0.21088180157895953,0.2535561546399423,-0.0010582764281705792,-6.395812900894526e-05,-0.014312620453101776,-0.03738313038013108,ALAB,,,,,,,
DELL,2023-11-30,2023-11-30,2023-12-01,2023-12-04,2023-12-07,1.46,1.88,29.19,-0.05193114646360897,-0.08633204152731921,-0.09595370406353776,0.002854608067681008,0.004050391551021715,0.0041148795350298695,0.0038635141604197454,AAOI,0.24150949154260015,0.2588679475604363,0.3328301771631781,0.23865488347491914,0.23745909999157844,0.3287152976281482,0.32896666300275834
DELL,2023-11-30,2023-11-30,2023-12-01,2023-12-04,2023-12-07,1.46,1.88,29.19,-0.05193114646360897,-0.08633204152731921,-0.09595370406353776,0.002854608067681008,0.004050391551021715,0.0041148795350298695,0.0038635141604197454,COHR,0.03886926527833401,0.06550692545362136,0.09866803922491663,0.036014657210653,0.034818873727312294,0.09455315968988676,0.09480452506449688
DELL,2023-11-30,2023-11-30,2023-12-01,2023-12-04,2023-12-07,1.46,1.88,29.19,-0.05193114646360897,-0.08633204152731921,-0.09595370406353776,0.002854608067681008,0.004050391551021715,0.0041148795350298695,0.0038635141604197454,LITE,0.033878523102493396,0.029906603196520276,0.017523364798347263,0.031023915034812388,0.02982813155147168,0.013408485263317393,0.013659850637927518
DELL,2023-11-30,2023-11-30,2023-12-01,2023-12-04,2023-12-07,1.46,1.88,29.19,-0.05193114646360897,-0.08633204152731921,-0.09595370406353776,0.002854608067681008,0.004050391551021715,0.0041148795350298695,0.0038635141604197454,FN,0.01914766041002891,0.031377405945442804,0.019827095953565133,0.016293052342347902,0.015097268859007196,0.015712216418535263,0.015963581793145387
DELL,2023-11-30,2023-11-30,2023-12-01,2023-12-04,2023-12-07,1.46,1.88,29.19,-0.05193114646360897,-0.08633204152731921,-0.09595370406353776,0.002854608067681008,0.004050391551021715,0.0041148795350298695,0.0038635141604197454,MRVL,-0.05257498692936813,-0.06675046497505299,-0.06352058039815023,-0.055429594997049136,-0.05662537848038984,-0.0676354599331801,-0.06738409455856997
DELL,2023-11-30,2023-11-30,2023-12-01,2023-12-04,2023-12-07,1.46,1.88,29.19,-0.05193114646360897,-0.08633204152731921,-0.09595370406353776,0.002854608067681008,0.004050391551021715,0.0041148795350298695,0.0038635141604197454,AVGO,0.004612676758399603,-0.001901204076117713,-0.0037483619635311216,0.001758068690718595,0.0005622852073778883,-0.007863241498560991,-0.007611876123950867
DELL,2023-11-30,2023-11-30,2023-12-01,2023-12-04,2023-12-07,1.46,1.88,29.19,-0.05193114646360897,-0.08633204152731921,-0.09595370406353776,0.002854608067681008,0.004050391551021715,0.0041148795350298695,0.0038635141604197454,CRDO,0.06476827790591644,0.07146849232555752,-0.004466774114328831,0.06191366983823543,0.06071788635489472,-0.0085816536493587,-0.008330288274748576
DELL,2023-11-30,2023-11-30,2023-12-01,2023-12-04,2023-12-07,1.46,1.88,29.19,-0.05193114646360897,-0.08633204152731921,-0.09595370406353776,0.002854608067681008,0.004050391551021715,0.0041148795350298695,0.0038635141604197454,CIEN,0.019629259669155408,0.02399132661780201,0.010032778941738929,0.0167746516014744,0.015578868118133693,0.0059178994067090596,0.006169264781319184
DELL,2023-11-30,2023-11-30,2023-12-01,2023-12-04,2023-12-07,1.46,1.88,29.19,-0.05193114646360897,-0.08633204152731921,-0.09595370406353776,0.002854608067681008,0.004050391551021715,0.0041148795350298695,0.0038635141604197454,ALAB,,,,,,,
DELL,2024-02-29,2024-02-29,2024-03-01,2024-03-04,2024-03-07,1.72,2.2,27.92,0.31618392548511354,0.28649888257426004,0.2729769361789338,0.015056759644691997,0.04052838479736742,0.014692370832681156,0.10483604396146418,AAOI,-0.03566956890816342,-0.06382975802930535,-0.07133913781632684,-0.050726328552855415,-0.07619795370553084,-0.08603150864900799,-0.176175181777791
DELL,2024-02-29,2024-02-29,2024-03-01,2024-03-04,2024-03-07,1.72,2.2,27.92,0.31618392548511354,0.28649888257426004,0.2729769361789338,0.015056759644691997,0.04052838479736742,0.014692370832681156,0.10483604396146418,COHR,0.06708140062498691,0.12457968904573247,0.08137189290243763,0.05202464098029491,0.026553015827619486,0.06667952206975647,-0.02346415105902655
DELL,2024-02-29,2024-02-29,2024-03-01,2024-03-04,2024-03-07,1.72,2.2,27.92,0.31618392548511354,0.28649888257426004,0.2729769361789338,0.015056759644691997,0.04052838479736742,0.014692370832681156,0.10483604396146418,LITE,0.041675271443996964,0.047245657997878165,0.008046201358085758,0.026618511799304967,0.0011468866466295413,-0.006646169474595398,-0.09678984260337842
DELL,2024-02-29,2024-02-29,2024-03-01,2024-03-04,2024-03-07,1.72,2.2,27.92,0.31618392548511354,0.28649888257426004,0.2729769361789338,0.015056759644691997,0.04052838479736742,0.014692370832681156,0.10483604396146418,FN,0.014055753009924787,0.02945674550716193,0.022220128605036527,-0.0010010066347672097,-0.026472631787442635,0.00752775777235537,-0.08261591535642765
DELL,2024-02-29,2024-02-29,2024-03-01,2024-03-04,2024-03-07,1.72,2.2,27.92,0.31618392548511354,0.28649888257426004,0.2729769361789338,0.015056759644691997,0.04052838479736742,0.014692370832681156,0.10483604396146418,MRVL,0.0830310451622227,0.10731225607866413,0.1874127344906309,0.06797428551753071,0.04250266036485528,0.17272036365794974,0.08257669052916672
DELL,2024-02-29,2024-02-29,2024-03-01,2024-03-04,2024-03-07,1.72,2.2,27.92,0.31618392548511354,0.28649888257426004,0.2729769361789338,0.015056759644691997,0.04052838479736742,0.014692370832681156,0.10483604396146418,AVGO,0.0758790995930918,0.07825487545663257,0.08190757523691028,0.060822339948399806,0.03535071479572438,0.06721520440422912,-0.022928468724553897
DELL,2024-02-29,2024-02-29,2024-03-01,2024-03-04,2024-03-07,1.72,2.2,27.92,0.31618392548511354,0.28649888257426004,0.2729769361789338,0.015056759644691997,0.04052838479736742,0.014692370832681156,0.10483604396146418,CRDO,0.04317541124878721,0.0,0.04549672704655672,0.028118651604095213,0.002647026451419787,0.03080435621387556,-0.05933931691490746
DELL,2024-02-29,2024-02-29,2024-03-01,2024-03-04,2024-03-07,1.72,2.2,27.92,0.31618392548511354,0.28649888257426004,0.2729769361789338,0.015056759644691997,0.04052838479736742,0.014692370832681156,0.10483604396146418,CIEN,0.06774307899898013,0.09652509730055603,-0.07265706252910142,0.052686319354288136,0.02721469420161271,-0.08734943336178258,-0.1774931064905656
DELL,2024-02-29,2024-02-29,2024-03-01,2024-03-04,2024-03-07,1.72,2.2,27.92,0.31618392548511354,0.28649888257426004,0.2729769361789338,0.015056759644691997,0.04052838479736742,0.014692370832681156,0.10483604396146418,ALAB,,,,,,,
DELL,2024-05-30,2024-05-30,2024-05-31,2024-06-03,2024-06-06,1.29,1.27,-1.92,-0.17867230432991832,-0.22298736164038935,-0.21162907193772096,-0.0018601832306104349,-0.007388481710477568,0.026176553082181808,0.04185410213987395,AAOI,-0.09490943632335602,-0.07420194987310125,-0.10440034704199685,-0.09304925309274559,-0.08752095461287845,-0.13057690012417866,-0.1462544491818708
DELL,2024-05-30,2024-05-30,2024-05-31,2024-06-03,2024-06-06,1.29,1.27,-1.92,-0.17867230432991832,-0.22298736164038935,-0.21162907193772096,-0.0018601832306104349,-0.007388481710477568,0.026176553082181808,0.04185410213987395,COHR,-0.03598576284569854,0.18432167765736462,0.11556006608017388,-0.03412557961508811,-0.028597281135220975,0.08938351299799208,0.07370596394029993
DELL,2024-05-30,2024-05-30,2024-05-31,2024-06-03,2024-06-06,1.29,1.27,-1.92,-0.17867230432991832,-0.22298736164038935,-0.21162907193772096,-0.0018601832306104349,-0.007388481710477568,0.026176553082181808,0.04185410213987395,LITE,0.003228768165999929,0.019603285566333062,0.05142987801766652,0.005088951396610364,0.010617249876477497,0.02525332493548471,0.00957577587779257
DELL,2024-05-30,2024-05-30,2024-05-31,2024-06-03,2024-06-06,1.29,1.27,-1.92,-0.17867230432991832,-0.22298736164038935,-0.21162907193772096,-0.0018601832306104349,-0.007388481710477568,0.026176553082181808,0.04185410213987395,FN,-0.02760525718025042,-0.028985504553137642,-0.04108307977900427,-0.025745073949639985,-0.020216775469772852,-0.06725963286118608,-0.08293718191887822
DELL,2024-05-30,2024-05-30,2024-05-31,2024-06-03,2024-06-06,1.29,1.27,-1.92,-0.17867230432991832,-0.22298736164038935,-0.21162907193772096,-0.0018601832306104349,-0.007388481710477568,0.026176553082181808,0.04185410213987395,MRVL,-0.10461922746378194,-0.11242668616209273,-0.11385808188778046,-0.1027590442331715,-0.09723074575330437,-0.14003463496996227,-0.1557121840276544
DELL,2024-05-30,2024-05-30,2024-05-31,2024-06-03,2024-06-06,1.29,1.27,-1.92,-0.17867230432991832,-0.22298736164038935,-0.21162907193772096,-0.0018601832306104349,-0.007388481710477568,0.026176553082181808,0.04185410213987395,AVGO,-0.026046827627480673,-0.03092201829469232,0.0272636277331344,-0.024186644396870238,-0.018658345917003105,0.0010870746509525908,-0.014590474406739551
DELL,2024-05-30,2024-05-30,2024-05-31,2024-06-03,2024-06-06,1.29,1.27,-1.92,-0.17867230432991832,-0.22298736164038935,-0.21162907193772096,-0.0018601832306104349,-0.007388481710477568,0.026176553082181808,0.04185410213987395,CRDO,0.01479171478656971,-0.019462825597731825,0.005838832830362017,0.016651898017180145,0.022180196497047278,-0.02033772025181979,-0.03601526930951193
DELL,2024-05-30,2024-05-30,2024-05-31,2024-06-03,2024-06-06,1.29,1.27,-1.92,-0.17867230432991832,-0.22298736164038935,-0.21162907193772096,-0.0018601832306104349,-0.007388481710477568,0.026176553082181808,0.04185410213987395,CIEN,0.006687559143753852,0.0014628985800715366,0.014838096589572913,0.008547742374364287,0.01407604085423142,-0.011338456492608895,-0.027016005550301037
DELL,2024-05-30,2024-05-30,2024-05-31,2024-06-03,2024-06-06,1.29,1.27,-1.92,-0.17867230432991832,-0.22298736164038935,-0.21162907193772096,-0.0018601832306104349,-0.007388481710477568,0.026176553082181808,0.04185410213987395,ALAB,-0.013753079038845595,-0.027811788533337545,-0.03713331340488302,-0.01189289580823516,-0.006364597328368027,-0.06330986648706483,-0.07898741554475697
DELL,2024-08-29,2024-08-29,2024-08-30,2024-09-03,2024-09-06,1.71,1.89,10.22,0.04334475443681862,0.00027085817145566793,-0.07892363132933278,0.011919462781531331,0.023328179550671013,-0.04667911401153557,-0.09629687597538128,AAOI,0.10194176420301115,0.19029126231570825,0.14660196125434277,0.09002230142147982,0.07861358465234014,0.19328107526587834,0.24289883722972405
DELL,2024-08-29,2024-08-29,2024-08-30,2024-09-03,2024-09-06,1.71,1.89,10.22,0.04334475443681862,0.00027085817145566793,-0.07892363132933278,0.011919462781531331,0.023328179550671013,-0.04667911401153557,-0.09629687597538128,COHR,0.0029592862059528713,-0.07514158357642298,-0.11811631704826075,-0.00896017657557846,-0.020368893344718142,-0.07143720303672518,-0.021819441072879475
DELL,2024-08-29,2024-08-29,2024-08-30,2024-09-03,2024-09-06,1.71,1.89,10.22,0.04334475443681862,0.00027085817145566793,-0.07892363132933278,0.011919462781531331,0.023328179550671013,-0.04667911401153557,-0.09629687597538128,LITE,0.019104932856468082,-0.06226783183750595,-0.07818854173695933,0.007185470074936751,-0.004223246694202931,-0.031509427725423755,0.018108334238421953
DELL,2024-08-29,2024-08-29,2024-08-30,2024-09-03,2024-09-06,1.71,1.89,10.22,0.04334475443681862,0.00027085817145566793,-0.07892363132933278,0.011919462781531331,0.023328179550671013,-0.04667911401153557,-0.09629687597538128,FN,0.0032115897186908438,-0.09070695937004136,-0.13229295619049342,-0.008707873062840488,-0.02011658983198017,-0.08561384217895784,-0.035996080215112136
DELL,2024-08-29,2024-08-29,2024-08-30,2024-09-03,2024-09-06,1.71,1.89,10.22,0.04334475443681862,0.00027085817145566793,-0.07892363132933278,0.011919462781531331,0.023328179550671013,-0.04667911401153557,-0.09629687597538128,MRVL,0.09163818172654259,0.0025775077883603004,-0.052119067617056536,0.07971871894501126,0.06831000217587158,-0.005439953605520964,0.044177808358324744
DELL,2024-08-29,2024-08-29,2024-08-30,2024-09-03,2024-09-06,1.71,1.89,10.22,0.04334475443681862,0.00027085817145566793,-0.07892363132933278,0.011919462781531331,0.023328179550671013,-0.04667911401153557,-0.09629687597538128,AVGO,0.037532845183380736,-0.026381184035789484,-0.12699923279229874,0.025613382401849405,0.014204665632709723,-0.08032011878076317,-0.030702356816917464
DELL,2024-08-29,2024-08-29,2024-08-30,2024-09-03,2024-09-06,1.71,1.89,10.22,0.04334475443681862,0.00027085817145566793,-0.07892363132933278,0.011919462781531331,0.023328179550671013,-0.04667911401153557,-0.09629687597538128,CRDO,-0.008238662194367752,-0.1014204978634986,-0.307386402490217,-0.020158124975899083,-0.031566841745038765,-0.2607072884786814,-0.2110895265148357
DELL,2024-08-29,2024-08-29,2024-08-30,2024-09-03,2024-09-06,1.71,1.89,10.22,0.04334475443681862,0.00027085817145566793,-0.07892363132933278,0.011919462781531331,0.023328179550671013,-0.04667911401153557,-0.09629687597538128,CIEN,0.01603806521841289,-0.0244977645968808,-0.09834334977068449,0.004118602436881558,-0.007290114332258124,-0.05166423575914891,-0.0020464737953032053
DELL,2024-08-29,2024-08-29,2024-08-30,2024-09-03,2024-09-06,1.71,1.89,10.22,0.04334475443681862,0.00027085817145566793,-0.07892363132933278,0.011919462781531331,0.023328179550671013,-0.04667911401153557,-0.09629687597538128,ALAB,-0.10700953373673239,-0.1889257648222582,-0.1704687061926886,-0.11892899651826372,-0.1303377132874034,-0.12378959218115304,-0.07417183021730733
DELL,2024-11-26,2024-11-26,2024-11-27,2024-11-29,2024-12-04,1.4,1.58,13.26,-0.12247779550083637,-0.09983063092272737,-0.11034289922048479,-0.00787341035620237,-0.013130655598564966,0.027390121075079765,0.046433667808187806,AAOI,-0.01620751705562251,0.11345220721245686,0.1893570565870455,-0.00833410669942014,-0.0030768614570575448,0.16196693551196573,0.14292338877885769
DELL,2024-11-26,2024-11-26,2024-11-27,2024-11-29,2024-12-04,1.4,1.58,13.26,-0.12247779550083637,-0.09983063092272737,-0.11034289922048479,-0.00787341035620237,-0.013130655598564966,0.027390121075079765,0.046433667808187806,COHR,-0.029196402918711506,-0.008709394749052635,0.10866979045970804,-0.021322992562509135,-0.01606574732014654,0.08127966938462827,0.06223612265152023
DELL,2024-11-26,2024-11-26,2024-11-27,2024-11-29,2024-12-04,1.4,1.58,13.26,-0.12247779550083637,-0.09983063092272737,-0.11034289922048479,-0.00787341035620237,-0.013130655598564966,0.027390121075079765,0.046433667808187806,LITE,-0.036905111404681334,-0.00011499351396238033,0.09105539047227418,-0.029031701048478964,-0.023774455806116368,0.06366526939719441,0.04462172266408637
DELL,2024-11-26,2024-11-26,2024-11-27,2024-11-29,2024-12-04,1.4,1.58,13.26,-0.12247779550083637,-0.09983063092272737,-0.11034289922048479,-0.00787341035620237,-0.013130655598564966,0.027390121075079765,0.046433667808187806,FN,-0.04097661951798037,-0.003906573965797522,0.026709101002687197,-0.033103209161778,-0.027845963919415406,-0.0006810200723925686,-0.01972456680550061
DELL,2024-11-26,2024-11-26,2024-11-27,2024-11-29,2024-12-04,1.4,1.58,13.26,-0.12247779550083637,-0.09983063092272737,-0.11034289922048479,-0.00787341035620237,-0.013130655598564966,0.027390121075079765,0.046433667808187806,MRVL,-0.03263894944854606,-0.0048312894791833205,0.2685207245659038,-0.02476553909234369,-0.019508293849981095,0.24113060349082405,0.222087056757716
DELL,2024-11-26,2024-11-26,2024-11-27,2024-11-29,2024-12-04,1.4,1.58,13.26,-0.12247779550083637,-0.09983063092272737,-0.11034289922048479,-0.00787341035620237,-0.013130655598564966,0.027390121075079765,0.046433667808187806,AVGO,-0.030775902530109978,-0.016146723203940838,0.035328252441170216,-0.022902492173907607,-0.01764524693154501,0.00793813136609045,-0.01110541536701759
DELL,2024-11-26,2024-11-26,2024-11-27,2024-11-29,2024-12-04,1.4,1.58,13.26,-0.12247779550083637,-0.09983063092272737,-0.11034289922048479,-0.00787341035620237,-0.013130655598564966,0.027390121075079765,0.046433667808187806,CRDO,-0.02056994047862315,0.04906794526191205,0.47868019806674056,-0.01269653012242078,-0.0074392848800581834,0.4512900769916608,0.43224653025855275
DELL,2024-11-26,2024-11-26,2024-11-27,2024-11-29,2024-12-04,1.4,1.58,13.26,-0.12247779550083637,-0.09983063092272737,-0.11034289922048479,-0.00787341035620237,-0.013130655598564966,0.027390121075079765,0.046433667808187806,CIEN,-0.023849879012834307,-0.01608805221322429,0.03231725791423168,-0.015976468656631937,-0.010719223414269341,0.004927136839151913,-0.014116409893956128
DELL,2024-11-26,2024-11-26,2024-11-27,2024-11-29,2024-12-04,1.4,1.58,13.26,-0.12247779550083637,-0.09983063092272737,-0.11034289922048479,-0.00787341035620237,-0.013130655598564966,0.027390121075079765,0.046433667808187806,ALAB,-0.05574520947743211,-0.021141479768326255,0.09281373696021289,-0.04787179912122974,-0.042614553878867145,0.06542361588513312,0.04638006915202508
DELL,2025-02-27,2025-02-27,2025-02-28,2025-03-03,2025-03-06,2.52,2.68,6.42,-0.04701846253095299,-0.11379027315500834,-0.13734595099376867,0.015791559614644735,0.017395920513638696,-0.024126883994856074,-0.03938104575556933,AAOI,-0.09068220558043849,-0.2628952313429733,-0.35316141437036397,-0.10647376519508323,-0.10807812609407719,-0.3290345303755079,-0.31378036861479464
DELL,2025-02-27,2025-02-27,2025-02-28,2025-03-03,2025-03-06,2.52,2.68,6.42,-0.04701846253095299,-0.11379027315500834,-0.13734595099376867,0.015791559614644735,0.017395920513638696,-0.024126883994856074,-0.03938104575556933,COHR,0.0036039012154280847,-0.08876136797124701,-0.1318739654950135,-0.01218765839921665,-0.013792019298210612,-0.10774708150015744,-0.09249291973944418
DELL,2025-02-27,2025-02-27,2025-02-28,2025-03-03,2025-03-06,2.52,2.68,6.42,-0.04701846253095299,-0.11379027315500834,-0.13734595099376867,0.015791559614644735,0.017395920513638696,-0.024126883994856074,-0.03938104575556933,LITE,0.010198205349934542,-0.05644929833572465,-0.12252229614301358,-0.005593354264710193,-0.007197715163704155,-0.0983954121481575,-0.08314125038744424
DELL,2025-02-27,2025-02-27,2025-02-28,2025-03-03,2025-03-06,2.52,2.68,6.42,-0.04701846253095299,-0.11379027315500834,-0.13734595099376867,0.015791559614644735,0.017395920513638696,-0.024126883994856074,-0.03938104575556933,FN,0.02474132671269791,-0.024792522833860797,-0.05921523146352592,0.008949767098053174,0.007345406199059212,-0.035088347468669845,-0.019834185707956586
DELL,2025-02-27,2025-02-27,2025-02-28,2025-03-03,2025-03-06,2.52,2.68,6.42,-0.04701846253095299,-0.11379027315500834,-0.13734595099376867,0.015791559614644735,0.017395920513638696,-0.024126883994856074,-0.03938104575556933,MRVL,0.04757567467224155,-0.020764415482988574,-0.17535654515804688,0.03178411505759682,0.030179754158602856,-0.1512296611631908,-0.13597549940247755
DELL,2025-02-27,2025-02-27,2025-02-28,2025-03-03,2025-03-06,2.52,2.68,6.42,-0.04701846253095299,-0.11379027315500834,-0.13734595099376867,0.015791559614644735,0.017395920513638696,-0.024126883994856074,-0.03938104575556933,AVGO,0.0082405365537499,-0.05273002679633032,-0.09277054461378786,-0.007551023060894835,-0.009155383959888796,-0.06864366061893179,-0.05338949885821853
DELL,2025-02-27,2025-02-27,2025-02-28,2025-03-03,2025-03-06,2.52,2.68,6.42,-0.04701846253095299,-0.11379027315500834,-0.13734595099376867,0.015791559614644735,0.017395920513638696,-0.024126883994856074,-0.03938104575556933,CRDO,0.04904946589160142,-0.04144487392425167,-0.20019009666849275,0.033257906276956684,0.03165354537796272,-0.17606321267363667,-0.1608090509129234
DELL,2025-02-27,2025-02-27,2025-02-28,2025-03-03,2025-03-06,2.52,2.68,6.42,-0.04701846253095299,-0.11379027315500834,-0.13734595099376867,0.015791559614644735,0.017395920513638696,-0.024126883994856074,-0.03938104575556933,CIEN,0.019736011016521227,-0.0428040034620224,-0.1230295863681109,0.003944451401876492,0.0023400905028825303,-0.09890270237325482,-0.08364854061254157
DELL,2025-02-27,2025-02-27,2025-02-28,2025-03-03,2025-03-06,2.52,2.68,6.42,-0.04701846253095299,-0.11379027315500834,-0.13734595099376867,0.015791559614644735,0.017395920513638696,-0.024126883994856074,-0.03938104575556933,ALAB,-0.01848186832843446,-0.10653464943662339,-0.16184816266050428,-0.03427342794307919,-0.035877788842073155,-0.1377212786656482,-0.12246711690493495
DELL,2025-05-29,2025-05-29,2025-05-30,2025-06-02,2025-06-05,1.27,1.37,7.66,-0.020769100734528312,-0.04884265444452318,-0.015928821101192536,-0.0015772340403696905,-0.017740107991718213,0.009347332273350828,0.029580454733128647,AAOI,-0.08919079749928915,-0.08357944101279424,-0.03957472322603062,-0.08761356345891946,-0.07145068950757094,-0.048922055499381445,-0.06915517795915926
DELL,2025-05-29,2025-05-29,2025-05-30,2025-06-02,2025-06-05,1.27,1.37,7.66,-0.020769100734528312,-0.04884265444452318,-0.015928821101192536,-0.0015772340403696905,-0.017740107991718213,0.009347332273350828,0.029580454733128647,COHR,-0.048918505456043926,-0.034456715033179486,0.001634870325712523,-0.047341271415674235,-0.031178397464325713,-0.007712461947638305,-0.027945584407416124
DELL,2025-05-29,2025-05-29,2025-05-30,2025-06-02,2025-06-05,1.27,1.37,7.66,-0.020769100734528312,-0.04884265444452318,-0.015928821101192536,-0.0015772340403696905,-0.017740107991718213,0.009347332273350828,0.029580454733128647,LITE,-0.041506494242291136,0.005967337573122178,0.08261497712496979,-0.039929260201921446,-0.023766386250572924,0.07326764485161896,0.053034522391841143
DELL,2025-05-29,2025-05-29,2025-05-30,2025-06-02,2025-06-05,1.27,1.37,7.66,-0.020769100734528312,-0.04884265444452318,-0.015928821101192536,-0.0015772340403696905,-0.017740107991718213,0.009347332273350828,0.029580454733128647,FN,-0.008473156297336581,-0.006344228430945509,0.010048542128154647,-0.006895922256966891,0.009266951694381631,0.0007012098548038193,-0.019531912604974
DELL,2025-05-29,2025-05-29,2025-05-30,2025-06-02,2025-06-05,1.27,1.37,7.66,-0.020769100734528312,-0.04884265444452318,-0.015928821101192536,-0.0015772340403696905,-0.017740107991718213,0.009347332273350828,0.029580454733128647,MRVL,-0.055546912821340166,-0.03546203877058551,0.022438338592797313,-0.053969678780970476,-0.037806804829621954,0.013091006319446485,-0.007142116140331334
DELL,2025-05-29,2025-05-29,2025-05-30,2025-06-02,2025-06-05,1.27,1.37,7.66,-0.020769100734528312,-0.04884265444452318,-0.015928821101192536,-0.0015772340403696905,-0.017740107991718213,0.009347332273350828,0.029580454733128647,AVGO,0.0004131518982610771,0.02785453696600171,0.07422405127635257,0.0019903859386307676,0.01815325988997929,0.06487671900300174,0.04464359654322392
DELL,2025-05-29,2025-05-29,2025-05-30,2025-06-02,2025-06-05,1.27,1.37,7.66,-0.020769100734528312,-0.04884265444452318,-0.015928821101192536,-0.0015772340403696905,-0.017740107991718213,0.009347332273350828,0.029580454733128647,CRDO,-0.0449632251958626,-0.018486609295406353,0.1436628216495508,-0.04338599115549291,-0.027223117204144387,0.13431548937619997,0.11408236691642215
DELL,2025-05-29,2025-05-29,2025-05-30,2025-06-02,2025-06-05,1.27,1.37,7.66,-0.020769100734528312,-0.04884265444452318,-0.015928821101192536,-0.0015772340403696905,-0.017740107991718213,0.009347332273350828,0.029580454733128647,CIEN,-0.01827106606260198,0.002452445625480193,-0.1042305295145759,-0.01669383202223229,-0.0005309580708837691,-0.11357786178792673,-0.13381098424770455
DELL,2025-05-29,2025-05-29,2025-05-30,2025-06-02,2025-06-05,1.27,1.37,7.66,-0.020769100734528312,-0.04884265444452318,-0.015928821101192536,-0.0015772340403696905,-0.017740107991718213,0.009347332273350828,0.029580454733128647,ALAB,-0.060966766923064686,-0.03819482887997072,-0.06107029798783303,-0.059389532882694995,-0.04322665893134647,-0.07041763026118386,-0.09065075272096168
DELL,2025-08-28,2025-08-28,2025-08-29,2025-09-02,2025-09-05,2.29,2.32,1.24,-0.08877285316487304,-0.09765016149924699,-0.06878026492436606,-0.011575387044938212,-0.02874053088498585,-0.0017675344995663478,-0.018736556826980943,AAOI,-0.05060804314484002,-0.08395446876673562,-0.05884660704075795,-0.03903265609990181,-0.02186751225985417,-0.0570790725411916,-0.040110050213777004
DELL,2025-08-28,2025-08-28,2025-08-29,2025-09-02,2025-09-05,2.29,2.32,1.24,-0.08877285316487304,-0.09765016149924699,-0.06878026492436606,-0.011575387044938212,-0.02874053088498585,-0.0017675344995663478,-0.018736556826980943,COHR,-0.04968483066349927,-0.07773103081618338,0.027731086914674297,-0.038109443618561056,-0.02094429977851342,0.029498621414240644,0.04646764374165524
DELL,2025-08-28,2025-08-28,2025-08-29,2025-09-02,2025-09-05,2.29,2.32,1.24,-0.08877285316487304,-0.09765016149924699,-0.06878026492436606,-0.011575387044938212,-0.02874053088498585,-0.0017675344995663478,-0.018736556826980943,LITE,-0.020213983264300128,-0.022095243884523996,0.10261898449974982,-0.008638596219361916,0.00852654762068572,0.10438651899931617,0.12135554132673076
DELL,2025-08-28,2025-08-28,2025-08-29,2025-09-02,2025-09-05,2.29,2.32,1.24,-0.08877285316487304,-0.09765016149924699,-0.06878026492436606,-0.011575387044938212,-0.02874053088498585,-0.0017675344995663478,-0.018736556826980943,FN,-0.06692009594407144,-0.054499299397865464,0.04219127306395798,-0.05534470889913323,-0.038179565059085596,0.04395880756352433,0.06092782989093892
DELL,2025-08-28,2025-08-28,2025-08-29,2025-09-02,2025-09-05,2.29,2.32,1.24,-0.08877285316487304,-0.09765016149924699,-0.06878026492436606,-0.011575387044938212,-0.02874053088498585,-0.0017675344995663478,-0.018736556826980943,MRVL,-0.185938128175705,-0.16353753718206332,-0.17998192140631786,-0.17436274113076677,-0.15719759729071914,-0.1782143869067515,-0.16124536457933691
DELL,2025-08-28,2025-08-28,2025-08-29,2025-09-02,2025-09-05,2.29,2.32,1.24,-0.08877285316487304,-0.09765016149924699,-0.06878026492436606,-0.011575387044938212,-0.02874053088498585,-0.0017675344995663478,-0.018736556826980943,AVGO,-0.036481391321226964,-0.03372745960489121,0.08501538558226152,-0.02490600427628875,-0.007740860436241115,0.08678292008182786,0.10375194240924246
DELL,2025-08-28,2025-08-28,2025-08-29,2025-09-02,2025-09-05,2.29,2.32,1.24,-0.08877285316487304,-0.09765016149924699,-0.06878026492436606,-0.011575387044938212,-0.02874053088498585,-0.0017675344995663478,-0.018736556826980943,CRDO,-0.0664922358673895,-0.05727514991394789,0.0682749165524168,-0.05491684882245129,-0.037751704982403655,0.07004245105198315,0.08701147337939774
DELL,2025-08-28,2025-08-28,2025-08-29,2025-09-02,2025-09-05,2.29,2.32,1.24,-0.08877285316487304,-0.09765016149924699,-0.06878026492436606,-0.011575387044938212,-0.02874053088498585,-0.0017675344995663478,-0.018736556826980943,CIEN,-0.040044929955938224,-0.043926888125126795,0.1920523359789279,-0.028469542911000012,-0.011304399070952376,0.19381987047849425,0.21078889280590885
DELL,2025-08-28,2025-08-28,2025-08-29,2025-09-02,2025-09-05,2.29,2.32,1.24,-0.08877285316487304,-0.09765016149924699,-0.06878026492436606,-0.011575387044938212,-0.02874053088498585,-0.0017675344995663478,-0.018736556826980943,ALAB,-0.03674331045469503,-0.07882626954500493,0.010837975775350506,-0.02516792340975682,-0.008002779569709184,0.012605510274916853,0.02957453260233145
DELL,2025-11-25,2025-11-25,2025-11-26,2025-11-28,2025-12-03,2.48,2.59,4.55,0.05829090060266107,0.05900570919022874,0.0612293682190852,0.008835786936959966,0.022646307408519917,0.0240274272988652,0.07164491079769597,AAOI,0.12494501582856055,0.1781786725021075,0.12846459019359302,0.11610922889160058,0.10229870842004063,0.10443716289472782,0.05681967939589705
DELL,2025-11-25,2025-11-25,2025-11-26,2025-11-28,2025-12-03,2.48,2.59,4.55,0.05829090060266107,0.05900570919022874,0.0612293682190852,0.008835786936959966,0.022646307408519917,0.0240274272988652,0.07164491079769597,COHR,0.034598546760575166,0.10352695849137983,0.14853879545678672,0.0257627598236152,0.01195223935205525,0.12451136815792152,0.07689388465909075
DELL,2025-11-25,2025-11-25,2025-11-26,2025-11-28,2025-12-03,2.48,2.59,4.55,0.05829090060266107,0.05900570919022874,0.0612293682190852,0.008835786936959966,0.022646307408519917,0.0240274272988652,0.07164491079769597,LITE,0.05839945894606591,0.11635257982876746,0.040203324799475304,0.04956367200910594,0.03575315153754599,0.016175897500610104,-0.03144158599822067
DELL,2025-11-25,2025-11-25,2025-11-26,2025-11-28,2025-12-03,2.48,2.59,4.55,0.05829090060266107,0.05900570919022874,0.0612293682190852,0.008835786936959966,0.022646307408519917,0.0240274272988652,0.07164491079769597,FN,0.04507899882969424,0.0691661454812551,0.04100629527583721,0.03624321189273427,0.022432691421174322,0.016978867976972012,-0.03063861552185876
DELL,2025-11-25,2025-11-25,2025-11-26,2025-11-28,2025-12-03,2.48,2.59,4.55,0.05829090060266107,0.05900570919022874,0.0612293682190852,0.008835786936959966,0.022646307408519917,0.0240274272988652,0.07164491079769597,MRVL,0.05142040286185501,0.07155708653180692,0.20100682960558447,0.04258461592489504,0.02877409545333509,0.17697940230671927,0.1293619188078885
DELL,2025-11-25,2025-11-25,2025-11-26,2025-11-28,2025-12-03,2.48,2.59,4.55,0.05829090060266107,0.05900570919022874,0.0612293682190852,0.008835786936959966,0.022646307408519917,0.0240274272988652,0.07164491079769597,AVGO,0.032568934080989376,0.04656774740637748,-0.011479596708887874,0.02373314714402941,0.009922626672469459,-0.035507024007753074,-0.08312450750658384
DELL,2025-11-25,2025-11-25,2025-11-26,2025-11-28,2025-12-03,2.48,2.59,4.55,0.05829090060266107,0.05900570919022874,0.0612293682190852,0.008835786936959966,0.022646307408519917,0.0240274272988652,0.07164491079769597,CRDO,0.06375666297848248,0.15190047049089794,0.22707232733657023,0.054920876041522515,0.041110355569962564,0.20304490003770503,0.15542741653887426
DELL,2025-11-25,2025-11-25,2025-11-26,2025-11-28,2025-12-03,2.48,2.59,4.55,0.05829090060266107,0.05900570919022874,0.0612293682190852,0.008835786936959966,0.022646307408519917,0.0240274272988652,0.07164491079769597,CIEN,0.020637931510401497,0.04061353953121838,-0.014726861540722447,0.011802144573441531,-0.0020083758981184197,-0.03875428883958765,-0.08637177233841842
DELL,2025-11-25,2025-11-25,2025-11-26,2025-11-28,2025-12-03,2.48,2.59,4.55,0.05829090060266107,0.05900570919022874,0.0612293682190852,0.008835786936959966,0.022646307408519917,0.0240274272988652,0.07164491079769597,ALAB,0.06520239343140632,0.08834099083271174,0.05332229096417884,0.05636660649444636,0.04255608602288641,0.029294863665313642,-0.01832261983351713
DELL,2026-02-26,2026-02-26,2026-02-27,2026-03-02,2026-03-05,3.51,3.89,10.74,0.21926721362888313,0.26430643360625994,0.20642252216834067,-0.003200752556519526,-0.013689023360490382,-0.0005417676692394124,-0.04043591967968585,AAOI,0.5688211121508946,0.9092941843592293,0.8837772765249179,0.5720218647074141,0.582510135511385,0.8843190441941573,0.9242131962046037
DELL,2026-02-26,2026-02-26,2026-02-27,2026-03-02,2026-03-05,3.51,3.89,10.74,0.21926721362888313,0.26430643360625994,0.20642252216834067,-0.003200752556519526,-0.013689023360490382,-0.0005417676692394124,-0.04043591967968585,COHR,0.03514029466531032,0.19497083389886338,0.014911632432399458,0.03834104722182985,0.048829318025800705,0.01545340010163887,0.05534755211208531
DELL,2026-02-26,2026-02-26,2026-02-27,2026-03-02,2026-03-05,3.51,3.89,10.74,0.21926721362888313,0.26430643360625994,0.20642252216834067,-0.003200752556519526,-0.013689023360490382,-0.0005417676692394124,-0.04043591967968585,LITE,0.035317537879662186,0.15694239290989653,-0.0386705947943593,0.03851829043618171,0.04900656124015257,-0.03812882712511989,0.0017653248853265469
DELL,2026-02-26,2026-02-26,2026-02-27,2026-03-02,2026-03-05,3.51,3.89,10.74,0.21926721362888313,0.26430643360625994,0.20642252216834067,-0.003200752556519526,-0.013689023360490382,-0.0005417676692394124,-0.04043591967968585,FN,-0.029887627988098076,0.03365691023684492,-0.03198561652138021,-0.02668687543157855,-0.016198604627607693,-0.0314438488521408,0.008450303158305639
DELL,2026-02-26,2026-02-26,2026-02-27,2026-03-02,2026-03-05,3.51,3.89,10.74,0.21926721362888313,0.26430643360625994,0.20642252216834067,-0.003200752556519526,-0.013689023360490382,-0.0005417676692394124,-0.04043591967968585,MRVL,0.030268691241269963,0.01980072392786747,-0.04552905372120852,0.03346944379778949,0.043957714601760345,-0.04498728605196911,-0.005093134041522673
DELL,2026-02-26,2026-02-26,2026-02-27,2026-03-02,2026-03-05,3.51,3.89,10.74,0.21926721362888313,0.26430643360625994,0.20642252216834067,-0.003200752556519526,-0.013689023360490382,-0.0005417676692394124,-0.04043591967968585,AVGO,-0.006683271544315361,-0.008952412585547909,0.03441090123114443,-0.003482518987795835,0.007005751816175021,0.03495266890038384,0.07484682091083028
DELL,2026-02-26,2026-02-26,2026-02-27,2026-03-02,2026-03-05,3.51,3.89,10.74,0.21926721362888313,0.26430643360625994,0.20642252216834067,-0.003200752556519526,-0.013689023360490382,-0.0005417676692394124,-0.04043591967968585,CRDO,-0.019304740121090624,-0.0022711576572881365,0.00227109101338252,-0.0161039875645711,-0.005615716760600242,0.0028128586826219326,0.04270701069306837
DELL,2026-02-26,2026-02-26,2026-02-27,2026-03-02,2026-03-05,3.51,3.89,10.74,0.21926721362888313,0.26430643360625994,0.20642252216834067,-0.003200752556519526,-0.013689023360490382,-0.0005417676692394124,-0.04043591967968585,CIEN,0.022101091757489977,0.03684490323979572,-0.1226990720477289,0.025301844314009503,0.03579011511798036,-0.12215730437848948,-0.08226315236804305
DELL,2026-02-26,2026-02-26,2026-02-27,2026-03-02,2026-03-05,3.51,3.89,10.74,0.21926721362888313,0.26430643360625994,0.20642252216834067,-0.003200752556519526,-0.013689023360490382,-0.0005417676692394124,-0.04043591967968585,ALAB,-0.046843638595202464,-0.033047206045550226,-0.03745887733644471,-0.04364288603868294,-0.03315461523471208,-0.036917109667205295,0.002977042343241143
