Date,equity,position,strategy_return,cash,shares,mark_price,realized_pnl,unrealized_pnl,cumulative_fees,drawdown,halted
2023-05-22,100000.0,0.0,0.0,100000.0,0.0,31.148426055908203,0.0,0.0,0.0,0.0,False
2023-05-23,100000.0,0.0,0.0,100000.0,0.0,30.66085624694824,0.0,0.0,0.0,0.0,False
2023-05-24,100000.0,0.0,0.0,100000.0,0.0,30.5109920501709,0.0,0.0,0.0,0.0,False
2023-05-25,100000.0,0.0,0.0,100000.0,0.0,37.9463996887207,0.0,0.0,0.0,0.0,False
2023-05-26,100000.0,0.0,0.0,100000.0,0.0,38.91155242919922,0.0,0.0,0.0,0.0,False
2023-05-30,100000.0,0.0,0.0,100000.0,0.0,40.07552337646485,0.0,0.0,0.0,0.0,False
2023-05-31,100000.0,0.0,0.0,100000.0,0.0,37.800533294677734,0.0,0.0,0.0,0.0,False
2023-06-01,103688.46729905144,0.0,0.036884672990514344,103688.46729905144,0.0,39.73481750488281,3688.4672990514273,0.0,305.5416874687968,0.0,False
2023-06-02,103688.46729905144,0.0,0.0,103688.46729905144,0.0,39.292213439941406,3688.4672990514273,0.0,305.5416874687968,0.0,False
2023-06-05,103688.46729905144,0.0,0.0,103688.46729905144,0.0,39.1363525390625,3688.4672990514273,0.0,305.5416874687968,0.0,False
2023-06-06,103688.46729905144,0.0,0.0,103688.46729905144,0.0,38.61981201171875,3688.4672990514273,0.0,305.5416874687968,0.0,False
2023-06-07,103688.46729905144,0.0,0.0,103688.46729905144,0.0,37.44573211669922,3688.4672990514273,0.0,305.5416874687968,0.0,False
2023-06-08,103688.46729905144,0.0,0.0,103688.46729905144,0.0,38.479923248291016,3688.4672990514273,0.0,305.5416874687968,0.0,False
2023-06-09,103688.46729905144,0.0,0.0,103688.46729905144,0.0,38.739715576171875,3688.4672990514273,0.0,305.5416874687968,0.0,False
2023-06-12,103688.46729905144,0.0,0.0,103688.46729905144,0.0,39.4511604309082,3688.4672990514273,0.0,305.5416874687968,0.0,False
2023-06-13,103688.46729905144,0.0,0.0,103688.46729905144,0.0,40.98994827270508,3688.4672990514273,0.0,305.5416874687968,0.0,False
2023-06-14,103688.46729905144,0.0,0.0,103688.46729905144,0.0,42.96342849731445,3688.4672990514273,0.0,305.5416874687968,0.0,False
2023-06-15,103688.46729905144,0.0,0.0,103688.46729905144,0.0,42.61968994140625,3688.4672990514273,0.0,305.5416874687968,0.0,False
2023-06-16,103688.46729905144,0.0,0.0,103688.46729905144,0.0,42.658653259277344,3688.4672990514273,0.0,305.5416874687968,0.0,False
2023-06-20,105483.52828088972,1.0,0.017312060141279506,0.0,2409.7420214984577,43.77378463745117,3533.1675477298327,1950.360733159878,460.8414387903915,0.0,False
2023-06-21,104587.20799717456,0.0,-0.008497253536385085,104587.20799717456,0.0,43.011383056640625,4587.207997174539,0.0,617.9579255162421,-0.008497253536385085,False
2023-06-22,104587.20799717456,0.0,0.0,104587.20799717456,0.0,42.99139022827149,4587.207997174539,0.0,617.9579255162421,-0.008497253536385085,False
2023-06-23,104587.20799717456,0.0,0.0,104587.20799717456,0.0,42.17603302001953,4587.207997174539,0.0,617.9579255162421,-0.008497253536385085,False
2023-06-26,104587.20799717456,0.0,0.0,104587.20799717456,0.0,40.60026931762695,4587.207997174539,0.0,617.9579255162421,-0.008497253536385085,False
2023-06-27,104587.20799717456,0.0,0.0,104587.20799717456,0.0,41.843292236328125,4587.207997174539,0.0,617.9579255162421,-0.008497253536385085,False
2023-06-28,104587.20799717456,0.0,0.0,104587.20799717456,0.0,41.08488845825195,4587.207997174539,0.0,617.9579255162421,-0.008497253536385085,False
2023-06-29,104587.20799717456,0.0,0.0,104587.20799717456,0.0,40.79011535644531,4587.207997174539,0.0,617.9579255162421,-0.008497253536385085,False
2023-06-30,104587.20799717456,0.0,0.0,104587.20799717456,0.0,42.26895904541016,4587.207997174539,0.0,617.9579255162421,-0.008497253536385085,False
2023-07-03,104587.20799717456,0.0,0.0,104587.20799717456,0.0,42.37986373901367,4587.207997174539,0.0,617.9579255162421,-0.008497253536385085,False
2023-07-05,104587.20799717456,0.0,0.0,104587.20799717456,0.0,42.28394317626953,4587.207997174539,0.0,617.9579255162421,-0.008497253536385085,False
2023-07-06,104587.20799717456,0.0,0.0,104587.20799717456,0.0,42.07011795043945,4587.207997174539,0.0,617.9579255162421,-0.008497253536385085,False
2023-07-07,104587.20799717456,0.0,0.0,104587.20799717456,0.0,42.46979522705078,4587.207997174539,0.0,617.9579255162421,-0.008497253536385085,False
2023-07-10,104587.20799717456,0.0,0.0,104587.20799717456,0.0,42.14705276489258,4587.207997174539,0.0,617.9579255162421,-0.008497253536385085,False
2023-07-11,104587.20799717456,0.0,0.0,104587.20799717456,0.0,42.37187194824219,4587.207997174539,0.0,617.9579255162421,-0.008497253536385085,False
2023-07-12,104587.20799717456,0.0,0.0,104587.20799717456,0.0,43.867706298828125,4587.207997174539,0.0,617.9579255162421,-0.008497253536385085,False
2023-07-13,104587.20799717456,0.0,0.0,104587.20799717456,0.0,45.94108963012695,4587.207997174539,0.0,617.9579255162421,-0.008497253536385085,False
2023-07-14,101667.06840294489,0.0,-0.027920619071393094,101667.06840294489,0.0,45.4334831237793,1667.0684029448812,0.0,927.3334658973001,-0.036180624028635644,False
2023-07-17,101667.06840294489,0.0,0.0,101667.06840294489,0.0,46.424705505371094,1667.0684029448812,0.0,927.3334658973001,-0.036180624028635644,False
2023-07-18,103238.55284496851,0.9999999999999999,0.015457162940857527,1.4551915228366852e-11,2175.4170515232713,47.45690155029297,1514.7962086319333,1723.7566363365577,1079.605660210248,-0.021282710888690715,False
2023-07-19,102332.1097101997,0.9999999999999999,-0.008780083697317975,1.4551915228366852e-11,2175.4170515232713,47.040225982666016,1514.7962086319333,817.3135015677459,1079.605660210248,-0.02987593060310023,False
2023-07-20,98828.46091396101,0.0,-0.03423801977855123,98828.46091396101,0.0,45.48444366455078,-1171.5390860389987,0.0,1228.0710496653724,-0.06309105767875978,False
2023-07-21,98828.46091396101,0.0,0.0,98828.46091396101,0.0,44.274391174316406,-1171.5390860389987,0.0,1228.0710496653724,-0.06309105767875978,False
2023-07-24,98828.46091396101,0.0,0.0,98828.46091396101,0.0,44.57715606689453,-1171.5390860389987,0.0,1228.0710496653724,-0.06309105767875978,False
2023-07-25,98828.46091396101,0.0,0.0,98828.46091396101,0.0,45.6433219909668,-1171.5390860389987,0.0,1228.0710496653724,-0.06309105767875978,False
2023-07-26,98828.46091396101,0.0,0.0,98828.46091396101,0.0,45.4164924621582,-1171.5390860389987,0.0,1228.0710496653724,-0.06309105767875978,False
2023-07-27,98828.46091396101,0.0,0.0,98828.46091396101,0.0,45.86415100097656,-1171.5390860389987,0.0,1228.0710496653724,-0.06309105767875978,False
2023-07-28,98828.46091396101,0.0,0.0,98828.46091396101,0.0,46.71348571777344,-1171.5390860389987,0.0,1228.0710496653724,-0.06309105767875978,False
2023-07-31,98828.46091396101,0.0,0.0,98828.46091396101,0.0,46.692501068115234,-1171.5390860389987,0.0,1228.0710496653724,-0.06309105767875978,False
2023-08-01,98828.46091396101,0.0,0.0,98828.46091396101,0.0,46.470672607421875,-1171.5390860389987,0.0,1228.0710496653724,-0.06309105767875978,False
2023-08-02,98828.46091396101,0.0,0.0,98828.46091396101,0.0,44.23441696166992,-1171.5390860389987,0.0,1228.0710496653724,-0.06309105767875978,False
2023-08-03,98828.46091396101,0.0,0.0,98828.46091396101,0.0,44.480228424072266,-1171.5390860389987,0.0,1228.0710496653724,-0.06309105767875978,False
2023-08-04,98828.46091396101,0.0,0.0,98828.46091396101,0.0,44.64509963989258,-1171.5390860389987,0.0,1228.0710496653724,-0.06309105767875978,False
2023-08-07,98828.46091396101,0.0,0.0,98828.46091396101,0.0,45.38152694702149,-1171.5390860389987,0.0,1228.0710496653724,-0.06309105767875978,False
2023-08-08,98828.46091396101,0.0,0.0,98828.46091396101,0.0,44.62911605834961,-1171.5390860389987,0.0,1228.0710496653724,-0.06309105767875978,False
2023-08-09,98828.46091396101,0.0,0.0,98828.46091396101,0.0,42.52075958251953,-1171.5390860389987,0.0,1228.0710496653724,-0.06309105767875978,False
2023-08-10,98828.46091396101,0.0,0.0,98828.46091396101,0.0,42.35489654541016,-1171.5390860389987,0.0,1228.0710496653724,-0.06309105767875978,False
2023-08-11,98828.46091396101,0.0,0.0,98828.46091396101,0.0,40.82308578491211,-1171.5390860389987,0.0,1228.0710496653724,-0.06309105767875978,False
2023-08-14,98828.46091396101,0.0,0.0,98828.46091396101,0.0,43.71881866455078,-1171.5390860389987,0.0,1228.0710496653724,-0.06309105767875978,False
2023-08-15,98828.46091396101,0.0,0.0,98828.46091396101,0.0,43.90567779541016,-1171.5390860389987,0.0,1228.0710496653724,-0.06309105767875978,False
2023-08-16,98828.46091396101,0.0,0.0,98828.46091396101,0.0,43.45203399658203,-1171.5390860389987,0.0,1228.0710496653724,-0.06309105767875978,False
2023-08-17,98828.46091396101,0.0,0.0,98828.46091396101,0.0,43.31014251708984,-1171.5390860389987,0.0,1228.0710496653724,-0.06309105767875978,False
2023-08-18,98828.46091396101,0.0,0.0,98828.46091396101,0.0,43.265174865722656,-1171.5390860389987,0.0,1228.0710496653724,-0.06309105767875978,False
2023-08-21,98828.46091396101,0.0,0.0,98828.46091396101,0.0,46.93031311035156,-1171.5390860389987,0.0,1228.0710496653724,-0.06309105767875978,False
2023-08-22,98828.46091396101,0.0,0.0,98828.46091396101,0.0,45.632328033447266,-1171.5390860389987,0.0,1228.0710496653724,-0.06309105767875978,False
2023-08-23,98828.46091396101,0.0,0.0,98828.46091396101,0.0,47.079200744628906,-1171.5390860389987,0.0,1228.0710496653724,-0.06309105767875978,False
2023-08-24,96069.10910337027,0.0,-0.02792061907139287,96069.10910337027,0.0,47.126163482666016,-3930.8908966297463,0.0,1520.4118539166047,-0.08925013536189275,False
2023-08-25,93386.80010356699,0.0,-0.02792061907139287,93386.80010356699,0.0,45.982059478759766,-6613.199896433036,0.0,1804.590321933314,-0.11467883540177592,False
2023-08-28,90779.38283157897,0.0,-0.027920619071392982,90779.38283157897,0.0,46.79841613769531,-9220.617168421048,0.0,2080.8343511962366,-0.13939755039436497,False
2023-08-29,90779.38283157897,0.0,0.0,90779.38283157897,0.0,48.74589157104492,-9220.617168421048,0.0,2080.8343511962366,-0.13939755039436497,False
2023-08-30,91050.02530360581,1.0,0.00298132090773251,0.0,1849.6509604712742,49.22551727294922,-9356.58229497858,406.607598584384,2216.7994777537688,-0.13683181831810987,False
2023-08-31,91218.22285760558,1.0,0.0018473092504798228,0.0,1849.6509604712742,49.31645202636719,-9356.58229497858,574.8051525841483,2216.7994777537688,-0.13523727975136912,False
2023-09-01,91832.48117824167,0.0,0.0067339430805943845,91832.48117824167,0.0,48.47110748291016,-8167.51882175835,0.0,2354.7551330040064,-0.12941401681499487,False
2023-09-05,91832.48117824167,0.0,0.0,91832.48117824167,0.0,48.51007843017578,-8167.51882175835,0.0,2354.7551330040064,-0.12941401681499487,False
2023-09-06,91832.48117824167,0.0,0.0,91832.48117824167,0.0,47.02812194824219,-8167.51882175835,0.0,2354.7551330040064,-0.12941401681499487,False
2023-09-07,91832.48117824167,0.0,0.0,91832.48117824167,0.0,46.20868682861328,-8167.51882175835,0.0,2354.7551330040064,-0.12941401681499487,False
2023-09-08,91832.48117824167,0.0,0.0,91832.48117824167,0.0,45.54015350341797,-8167.51882175835,0.0,2354.7551330040064,-0.12941401681499487,False
2023-09-11,91832.48117824167,0.0,0.0,91832.48117824167,0.0,45.14643096923828,-8167.51882175835,0.0,2354.7551330040064,-0.12941401681499487,False
2023-09-12,91832.48117824167,0.0,0.0,91832.48117824167,0.0,44.83864212036133,-8167.51882175835,0.0,2354.7551330040064,-0.12941401681499487,False
2023-09-13,91832.48117824167,0.0,0.0,91832.48117824167,0.0,45.453216552734375,-8167.51882175835,0.0,2354.7551330040064,-0.12941401681499487,False
2023-09-14,91832.48117824167,0.0,0.0,91832.48117824167,0.0,45.54914855957031,-8167.51882175835,0.0,2354.7551330040064,-0.12941401681499487,False
2023-09-15,91832.48117824167,0.0,0.0,91832.48117824167,0.0,43.86932373046875,-8167.51882175835,0.0,2354.7551330040064,-0.12941401681499487,False
2023-09-18,91832.48117824167,0.0,0.0,91832.48117824167,0.0,43.935272216796875,-8167.51882175835,0.0,2354.7551330040064,-0.12941401681499487,False
2023-09-19,91832.48117824167,0.0,0.0,91832.48117824167,0.0,43.48958969116211,-8167.51882175835,0.0,2354.7551330040064,-0.12941401681499487,False
2023-09-20,91832.48117824167,0.0,0.0,91832.48117824167,0.0,42.2094841003418,-8167.51882175835,0.0,2354.7551330040064,-0.12941401681499487,False
2023-09-21,91832.48117824167,0.0,0.0,91832.48117824167,0.0,40.98833084106445,-8167.51882175835,0.0,2354.7551330040064,-0.12941401681499487,False
2023-09-22,91832.48117824167,0.0,0.0,91832.48117824167,0.0,41.5809326171875,-8167.51882175835,0.0,2354.7551330040064,-0.12941401681499487,False
2023-09-25,91832.48117824167,0.0,0.0,91832.48117824167,0.0,42.1924934387207,-8167.51882175835,0.0,2354.7551330040064,-0.12941401681499487,False
2023-09-26,91832.48117824167,0.0,0.0,91832.48117824167,0.0,41.8817138671875,-8167.51882175835,0.0,2354.7551330040064,-0.12941401681499487,False
2023-09-27,91832.48117824167,0.0,0.0,91832.48117824167,0.0,42.43832015991211,-8167.51882175835,0.0,2354.7551330040064,-0.12941401681499487,False
2023-09-28,91832.48117824167,0.0,0.0,91832.48117824167,0.0,43.05888748168945,-8167.51882175835,0.0,2354.7551330040064,-0.12941401681499487,False
2023-09-29,91832.48117824167,0.0,0.0,91832.48117824167,0.0,43.46860122680664,-8167.51882175835,0.0,2354.7551330040064,-0.12941401681499487,False
2023-10-02,91832.48117824167,0.0,0.0,91832.48117824167,0.0,44.75070571899414,-8167.51882175835,0.0,2354.7551330040064,-0.12941401681499487,False
2023-10-03,91832.48117824167,0.0,0.0,91832.48117824167,0.0,43.48658752441406,-8167.51882175835,0.0,2354.7551330040064,-0.12941401681499487,False
2023-10-04,91832.48117824167,0.0,0.0,91832.48117824167,0.0,44.01022720336914,-8167.51882175835,0.0,2354.7551330040064,-0.12941401681499487,False
2023-10-05,91832.48117824167,0.0,0.0,91832.48117824167,0.0,44.656776428222656,-8167.51882175835,0.0,2354.7551330040064,-0.12941401681499487,False
2023-10-06,94950.4176634326,1.0,0.033952436492913574,0.0,2076.32545746835,45.73002624511719,-8305.06122991348,3255.4788933460677,2492.297541159136,-0.09985550150928524,False
2023-10-09,93935.80273890166,1.0,-0.010685734191579921,0.0,2076.32545746835,45.24136734008789,-8305.06122991348,2240.8639688151297,2492.297541159136,-0.10947420635417004,False
2023-10-10,95219.69221640866,0.0,0.013667733069526289,95219.69221640866,0.0,45.765995025634766,-4780.307783591355,0.0,2635.341645640471,-0.09730273751509066,False
2023-10-11,96332.53326074398,0.9999999999999999,0.011687089281974705,1.4551915228366852e-11,2059.5626300769,46.77329635620117,-4922.9233984936145,1255.456659237582,2777.9572605427306,-0.08675283401383538,False
2023-10-12,96618.60021220474,0.9999999999999999,0.002969577792441669,1.4551915228366852e-11,2059.5626300769,46.91219329833984,-4922.9233984936145,1541.5236106983295,2777.9572605427306,-0.0840408755107126,False
2023-10-13,93564.3517347276,0.9999999999999999,-0.03161139232786481,1.4551915228366852e-11,2059.5626300769,45.42923355102539,-4922.9233984936145,-1512.7248667787858,2777.9572605427306,-0.11299561875123099,False
2023-10-16,92606.09649963096,0.0,-0.01024167022300837,92606.09649963096,0.0,46.06278991699219,-7393.903500369042,0.0,2917.0750820243998,-0.12208002511034455,False
2023-10-17,92606.09649963096,0.0,0.0,92606.09649963096,0.0,43.90729904174805,-7393.903500369042,0.0,2917.0750820243998,-0.12208002511034455,False
2023-10-18,92606.09649963096,0.0,0.0,92606.09649963096,0.0,42.1665153503418,-7393.903500369042,0.0,2917.0750820243998,-0.12208002511034455,False
2023-10-19,92606.09649963096,0.0,0.0,92606.09649963096,0.0,42.07158660888672,-7393.903500369042,0.0,2917.0750820243998,-0.12208002511034455,False
2023-10-20,92606.09649963096,0.0,0.0,92606.09649963096,0.0,41.35807800292969,-7393.903500369042,0.0,2917.0750820243998,-0.12208002511034455,False
2023-10-23,92606.09649963096,0.0,0.0,92606.09649963096,0.0,42.94496536254883,-7393.903500369042,0.0,2917.0750820243998,-0.12208002511034455,False
2023-10-24,92606.09649963096,0.0,0.0,92606.09649963096,0.0,43.63248443603515,-7393.903500369042,0.0,2917.0750820243998,-0.12208002511034455,False
2023-10-25,92606.09649963096,0.0,0.0,92606.09649963096,0.0,41.74980926513672,-7393.903500369042,0.0,2917.0750820243998,-0.12208002511034455,False
2023-10-26,92606.09649963096,0.0,0.0,92606.09649963096,0.0,40.297821044921875,-7393.903500369042,0.0,2917.0750820243998,-0.12208002511034455,False
2023-10-27,92606.09649963096,0.0,0.0,92606.09649963096,0.0,40.471702575683594,-7393.903500369042,0.0,2917.0750820243998,-0.12208002511034455,False
2023-10-30,92606.09649963096,0.0,0.0,92606.09649963096,0.0,41.13223648071289,-7393.903500369042,0.0,2917.0750820243998,-0.12208002511034455,False
2023-10-31,92606.09649963096,0.0,0.0,92606.09649963096,0.0,40.75150680541992,-7393.903500369042,0.0,2917.0750820243998,-0.12208002511034455,False
2023-11-01,92606.09649963096,0.0,0.0,92606.09649963096,0.0,42.29542922973633,-7393.903500369042,0.0,2917.0750820243998,-0.12208002511034455,False
2023-11-02,92606.09649963096,0.0,0.0,92606.09649963096,0.0,43.4755973815918,-7393.903500369042,0.0,2917.0750820243998,-0.12208002511034455,False
2023-11-03,92606.09649963096,0.0,0.0,92606.09649963096,0.0,44.97354888916016,-7393.903500369042,0.0,2917.0750820243998,-0.12208002511034455,False
2023-11-06,93418.91952532824,0.9999999999999999,0.008777208590154961,1.4551915228366852e-11,2043.3270443481904,45.719024658203125,-7532.604593478824,951.5241188070572,3055.7761751341814,-0.11437433836527444,False
2023-11-07,93213.55602265446,0.0,-0.0021983074062218444,93213.55602265446,0.0,45.92288589477539,-6786.443977345544,0.0,3195.806554737568,-0.11632121581638621,False
2023-11-08,93213.55602265446,0.0,0.0,93213.55602265446,0.0,46.54145431518555,-6786.443977345544,0.0,3195.806554737568,-0.11632121581638621,False
2023-11-09,93213.55602265446,0.0,0.0,93213.55602265446,0.0,46.91719436645508,-6786.443977345544,0.0,3195.806554737568,-0.11632121581638621,False
2023-11-10,94710.08529343762,1.0,0.016054845825423048,0.0,1960.821650690854,48.30122375488281,-6926.05489500304,1636.1401884406434,3335.4174723950637,-0.10213388917712096,False
2023-11-13,95268.53768769641,1.0,0.005896440622226828,0.0,1960.821650690854,48.586029052734375,-6926.05489500304,2194.5925826994444,3335.4174723950637,-0.0968396749679441,False
2023-11-14,97199.52397737671,0.0,0.02026887718178627,97199.52397737671,0.0,49.62129592895508,-2800.476022623302,0.0,3481.4357858312833,-0.07853362926440721,False
2023-11-15,94485.65309448366,0.0,-0.02792061907139287,94485.65309448366,0.0,48.85384368896485,-5514.346905516358,0.0,3768.9580921547768,-0.10426154078881456,False
2023-11-16,95896.5420026084,1.0,0.01493230836552395,0.0,1939.442086670514,49.44542694091797,-5655.863110850083,1552.4051134584674,3910.4742974885016,-0.09088609790101387,False
2023-11-17,95837.8475504214,0.0,-0.0006120601531742764,95837.8475504214,0.0,49.26355743408203,-4162.152449578618,0.0,4054.4470279097654,-0.09144253029518556,False
2023-11-20,95837.8475504214,0.0,0.0,95837.8475504214,0.0,50.373779296875,-4162.152449578618,0.0,4054.4470279097654,-0.09144253029518556,False
2023-11-21,95346.85590634742,1.0,-0.005123149743275102,0.0,1910.4102600708593,49.90909957885742,-4305.693908715544,-347.4501849370456,4197.988487046692,-0.09609720626285434,False
2023-11-22,93161.99551634386,0.0,-0.022914865616015745,93161.99551634386,0.0,48.68195724487305,-6838.004483656159,0.0,4337.941409705196,-0.11681001731128227,False
2023-11-24,93161.99551634386,0.0,0.0,93161.99551634386,0.0,47.742618560791016,-6838.004483656159,0.0,4337.941409705196,-0.11681001731128227,False
2023-11-27,93161.99551634386,0.0,0.0,93161.99551634386,0.0,48.208290100097656,-6838.004483656159,0.0,4337.941409705196,-0.11681001731128227,False
2023-11-28,93161.99551634386,0.0,0.0,93161.99551634386,0.0,47.78758239746094,-6838.004483656159,0.0,4337.941409705196,-0.11681001731128227,False
2023-11-29,93161.99551634386,0.0,0.0,93161.99551634386,0.0,48.10636520385742,-6838.004483656159,0.0,4337.941409705196,-0.11681001731128227,False
2023-11-30,93161.99551634386,0.0,0.0,93161.99551634386,0.0,46.73732376098633,-6838.004483656159,0.0,4337.941409705196,-0.11681001731128227,False
2023-12-01,93161.99551634386,0.0,0.0,93161.99551634386,0.0,46.73232650756836,-6838.004483656159,0.0,4337.941409705196,-0.11681001731128227,False
2023-12-04,93161.99551634386,0.0,0.0,93161.99551634386,0.0,45.47820663452149,-6838.004483656159,0.0,4337.941409705196,-0.11681001731128227,False
2023-12-05,93161.99551634386,0.0,0.0,93161.99551634386,0.0,46.53755569458008,-6838.004483656159,0.0,4337.941409705196,-0.11681001731128227,False
2023-12-06,93161.99551634386,0.0,0.0,93161.99551634386,0.0,45.47520446777344,-6838.004483656159,0.0,4337.941409705196,-0.11681001731128227,False
2023-12-07,93161.99551634386,0.0,0.0,93161.99551634386,0.0,46.56753158569336,-6838.004483656159,0.0,4337.941409705196,-0.11681001731128227,False
2023-12-08,93161.99551634386,0.0,0.0,93161.99551634386,0.0,47.47697830200195,-6838.004483656159,0.0,4337.941409705196,-0.11681001731128227,False
2023-12-11,93161.99551634386,0.0,0.0,93161.99551634386,0.0,46.59851837158203,-6838.004483656159,0.0,4337.941409705196,-0.11681001731128227,False
2023-12-12,93161.99551634386,0.0,0.0,93161.99551634386,0.0,47.62788772583008,-6838.004483656159,0.0,4337.941409705196,-0.11681001731128227,False
2023-12-13,93161.99551634386,0.0,0.0,93161.99551634386,0.0,48.058624267578125,-6838.004483656159,0.0,4337.941409705196,-0.11681001731128227,False
2023-12-14,93161.99551634386,0.0,0.0,93161.99551634386,0.0,48.320457458496094,-6838.004483656159,0.0,4337.941409705196,-0.11681001731128227,False
2023-12-15,93161.99551634386,0.0,0.0,93161.99551634386,0.0,48.86013412475586,-6838.004483656159,0.0,4337.941409705196,-0.11681001731128227,False
2023-12-18,93161.99551634386,0.0,0.0,93161.99551634386,0.0,50.046409606933594,-6838.004483656159,0.0,4337.941409705196,-0.11681001731128227,False
2023-12-19,93361.24604966916,0.9999999999999999,0.0021387533856587204,1.4551915228366852e-11,1883.282218072907,49.57368850708008,-6977.538176391572,338.78422606070643,4477.475102440609,-0.11492109174562681,False
2023-12-20,90560.8549276012,0.0,-0.02999522007855504,90560.8549276012,0.0,48.08160781860352,-9439.145072398813,0.0,4613.520452857636,-0.14146922838560405,False
2023-12-21,90560.8549276012,0.0,0.0,90560.8549276012,0.0,48.9600715637207,-9439.145072398813,0.0,4613.520452857636,-0.14146922838560405,False
2023-12-22,90560.8549276012,0.0,0.0,90560.8549276012,0.0,48.80016326904297,-9439.145072398813,0.0,4613.520452857636,-0.14146922838560405,False
2023-12-26,90560.8549276012,0.0,0.0,90560.8549276012,0.0,49.2488899230957,-9439.145072398813,0.0,4613.520452857636,-0.14146922838560405,False
2023-12-27,90560.8549276012,0.0,0.0,90560.8549276012,0.0,49.386817932128906,-9439.145072398813,0.0,4613.520452857636,-0.14146922838560405,False
2023-12-28,90560.8549276012,0.0,0.0,90560.8549276012,0.0,49.49174499511719,-9439.145072398813,0.0,4613.520452857636,-0.14146922838560405,False
2023-12-29,90560.8549276012,0.0,0.0,90560.8549276012,0.0,49.49174499511719,-9439.145072398813,0.0,4613.520452857636,-0.14146922838560405,False
2024-01-02,90560.8549276012,0.0,0.0,90560.8549276012,0.0,48.13856887817383,-9439.145072398813,0.0,4613.520452857636,-0.14146922838560405,False
2024-01-03,90560.8549276012,0.0,0.0,90560.8549276012,0.0,47.53993225097656,-9439.145072398813,0.0,4613.520452857636,-0.14146922838560405,False
2024-01-04,90560.8549276012,0.0,0.0,90560.8549276012,0.0,47.96867752075195,-9439.145072398813,0.0,4613.520452857636,-0.14146922838560405,False
2024-01-05,90560.8549276012,0.0,0.0,90560.8549276012,0.0,49.06700897216797,-9439.145072398813,0.0,4613.520452857636,-0.14146922838560405,False
2024-01-08,90560.8549276012,0.0,0.0,90560.8549276012,0.0,52.221073150634766,-9439.145072398813,0.0,4613.520452857636,-0.14146922838560405,False
2024-01-09,90560.8549276012,0.0,0.0,90560.8549276012,0.0,53.107540130615234,-9439.145072398813,0.0,4613.520452857636,-0.14146922838560405,False
2024-01-10,91663.12869314197,1.0,0.012171636038793787,0.0,1687.5651095389078,54.316795349121094,-9574.782898051735,1237.9115911936954,4749.158278510558,-0.13101950430540876,False
2024-01-11,92459.16393949525,1.0,0.008684356051364306,0.0,1687.5651095389078,54.78850173950195,-9574.782898051735,2033.946837546973,4749.158278510558,-0.12347296827910592,False
2024-01-12,92270.28622223347,1.0,-0.002042823114703718,0.0,1687.5651095389078,54.67657852172851,-9574.782898051735,1845.069120285183,4749.158278510558,-0.12526355796016797,False
2024-01-16,92650.55672858453,0.0,0.004121267223937908,92650.55672858453,0.0,56.347557067871094,-7349.443271415486,0.0,4888.342890521451,-0.1216585353320051,False
2024-01-17,92650.55672858453,0.0,0.0,92650.55672858453,0.0,56.018760681152344,-7349.443271415486,0.0,4888.342890521451,-0.1216585353320051,False
2024-01-18,92650.55672858453,0.0,0.0,92650.55672858453,0.0,57.072113037109375,-7349.443271415486,0.0,4888.342890521451,-0.1216585353320051,False
2024-01-19,92650.55672858453,0.0,0.0,92650.55672858453,0.0,59.45465850830078,-7349.443271415486,0.0,4888.342890521451,-0.1216585353320051,False
2024-01-22,92650.55672858453,0.0,0.0,92650.55672858453,0.0,59.6175537109375,-7349.443271415486,0.0,4888.342890521451,-0.1216585353320051,False
2024-01-23,92650.55672858453,0.0,0.0,92650.55672858453,0.0,59.836421966552734,-7349.443271415486,0.0,4888.342890521451,-0.1216585353320051,False
2024-01-24,92650.55672858453,0.0,0.0,92650.55672858453,0.0,61.32451248168945,-7349.443271415486,0.0,4888.342890521451,-0.1216585353320051,False
2024-01-25,92650.55672858453,0.0,0.0,92650.55672858453,0.0,61.57936477661133,-7349.443271415486,0.0,4888.342890521451,-0.1216585353320051,False
2024-01-26,92650.55672858453,0.0,0.0,92650.55672858453,0.0,60.99371337890625,-7349.443271415486,0.0,4888.342890521451,-0.1216585353320051,False
2024-01-29,92650.55672858453,0.0,0.0,92650.55672858453,0.0,62.42683410644531,-7349.443271415486,0.0,4888.342890521451,-0.1216585353320051,False
2024-01-30,92650.55672858453,0.0,0.0,92650.55672858453,0.0,62.735652923583984,-7349.443271415486,0.0,4888.342890521451,-0.1216585353320051,False
2024-01-31,92650.55672858453,0.0,0.0,92650.55672858453,0.0,61.489410400390625,-7349.443271415486,0.0,4888.342890521451,-0.1216585353320051,False
2024-02-01,92650.55672858453,0.0,0.0,92650.55672858453,0.0,62.98849868774414,-7349.443271415486,0.0,4888.342890521451,-0.1216585353320051,False
2024-02-02,92650.55672858453,0.0,0.0,92650.55672858453,0.0,66.11958312988281,-7349.443271415486,0.0,4888.342890521451,-0.1216585353320051,False
2024-02-05,92650.55672858453,0.0,0.0,92650.55672858453,0.0,69.28964233398438,-7349.443271415486,0.0,4888.342890521451,-0.1216585353320051,False
2024-02-06,92650.55672858453,0.0,0.0,92650.55672858453,0.0,68.18132019042969,-7349.443271415486,0.0,4888.342890521451,-0.1216585353320051,False
2024-02-07,92650.55672858453,0.0,0.0,92650.55672858453,0.0,70.0561752319336,-7349.443271415486,0.0,4888.342890521451,-0.1216585353320051,False
2024-02-08,92650.55672858453,0.0,0.0,92650.55672858453,0.0,69.59844970703125,-7349.443271415486,0.0,4888.342890521451,-0.1216585353320051,False
2024-02-09,92650.55672858453,0.0,0.0,92650.55672858453,0.0,72.08894348144531,-7349.443271415486,0.0,4888.342890521451,-0.1216585353320051,False
2024-02-12,92650.55672858453,0.0,0.0,92650.55672858453,0.0,72.20387268066406,-7349.443271415486,0.0,4888.342890521451,-0.1216585353320051,False
2024-02-13,92650.55672858453,0.0,0.0,92650.55672858453,0.0,72.08393859863281,-7349.443271415486,0.0,4888.342890521451,-0.1216585353320051,False
2024-02-14,92650.55672858453,0.0,0.0,92650.55672858453,0.0,73.85486602783203,-7349.443271415486,0.0,4888.342890521451,-0.1216585353320051,False
2024-02-15,92650.55672858453,0.0,0.0,92650.55672858453,0.0,72.61360931396484,-7349.443271415486,0.0,4888.342890521451,-0.1216585353320051,False
2024-02-16,92650.55672858453,0.0,0.0,92650.55672858453,0.0,72.56864166259766,-7349.443271415486,0.0,4888.342890521451,-0.1216585353320051,False
2024-02-20,92650.55672858453,0.0,0.0,92650.55672858453,0.0,69.4095687866211,-7349.443271415486,0.0,4888.342890521451,-0.1216585353320051,False
2024-02-21,92650.55672858453,0.0,0.0,92650.55672858453,0.0,67.43079376220703,-7349.443271415486,0.0,4888.342890521451,-0.1216585353320051,False
2024-02-22,92650.55672858453,0.0,0.0,92650.55672858453,0.0,78.49002075195312,-7349.443271415486,0.0,4888.342890521451,-0.1216585353320051,False
2024-02-23,92650.55672858453,0.0,0.0,92650.55672858453,0.0,78.76885223388672,-7349.443271415486,0.0,4888.342890521451,-0.1216585353320051,False
2024-02-26,91806.05978296747,0.9999999999999999,-0.00911486099420833,1.4551915228366852e-11,1161.4597513065703,79.04368591308594,-7488.210954983012,-705.7292620495543,5027.110574088977,-0.12966449568790328,False
2024-02-27,90063.69582741325,0.0,-0.018978746715339057,90063.69582741325,0.0,78.65292358398438,-9936.304172586779,0.0,5162.409065567314,-0.1461823727816095,False
2024-02-28,90063.69582741325,0.0,0.0,90063.69582741325,0.0,77.61554718017578,-9936.304172586779,0.0,5162.409065567314,-0.1461823727816095,False
2024-02-29,90063.69582741325,0.0,0.0,90063.69582741325,0.0,79.06367492675781,-9936.304172586779,0.0,5162.409065567314,-0.1461823727816095,False
2024-03-01,92490.64863350183,1.0,0.026947071001164336,0.0,1124.79714690687,82.2287368774414,-10071.197376521995,2561.8460100237885,5297.302269502531,-0.12317448855890978,False
2024-03-04,94429.5155929874,0.0,0.02096284314286101,94429.5155929874,0.0,85.18492889404297,-5570.484407012638,0.0,5439.159328480479,-0.10479373289891136,False
2024-03-05,94429.5155929874,0.0,0.0,94429.5155929874,0.0,85.91551208496094,-5570.484407012638,0.0,5439.159328480479,-0.10479373289891136,False
2024-03-06,94429.5155929874,0.0,0.0,94429.5155929874,0.0,88.64997863769531,-5570.484407012638,0.0,5439.159328480479,-0.10479373289891136,False
2024-03-07,94429.5155929874,0.0,0.0,94429.5155929874,0.0,92.61672973632812,-5570.484407012638,0.0,5439.159328480479,-0.10479373289891136,False
2024-03-08,94429.5155929874,0.0,0.0,94429.5155929874,0.0,87.47863006591797,-5570.484407012638,0.0,5439.159328480479,-0.10479373289891136,False
2024-03-11,91792.98505901944,0.0,-0.027920619071392982,91792.98505901944,0.0,85.72562408447266,-8207.014940980594,0.0,5718.487775753795,-0.12978844607296447,False
2024-03-12,91792.98505901944,0.0,0.0,91792.98505901944,0.0,91.86116027832033,-8207.014940980594,0.0,5718.487775753795,-0.12978844607296447,False
2024-03-13,89230.06808976049,0.0,-0.027920619071392982,89230.06808976049,0.0,90.83674621582033,-10769.931910239531,0.0,5990.017199854989,-0.15408529138168614,False
2024-03-14,89230.06808976049,0.0,0.0,89230.06808976049,0.0,87.89439392089844,-10769.931910239531,0.0,5990.017199854989,-0.15408529138168614,False
2024-03-15,89230.06808976049,0.0,0.0,89230.06808976049,0.0,87.7874526977539,-10769.931910239531,0.0,5990.017199854989,-0.15408529138168614,False
2024-03-18,89230.06808976049,0.0,0.0,89230.06808976049,0.0,88.40510559082031,-10769.931910239531,0.0,5990.017199854989,-0.15408529138168614,False
2024-03-19,89230.06808976049,0.0,0.0,89230.06808976049,0.0,89.34758758544922,-10769.931910239531,0.0,5990.017199854989,-0.15408529138168614,False
2024-03-20,89230.06808976049,0.0,0.0,89230.06808976049,0.0,90.32103729248048,-10769.931910239531,0.0,5990.017199854989,-0.15408529138168614,False
2024-03-21,89230.06808976049,0.0,0.0,89230.06808976049,0.0,91.38343048095705,-10769.931910239531,0.0,5990.017199854989,-0.15408529138168614,False
2024-03-22,89230.06808976049,0.0,0.0,89230.06808976049,0.0,94.2358169555664,-10769.931910239531,0.0,5990.017199854989,-0.15408529138168614,False
2024-03-25,89230.06808976049,0.0,0.0,89230.06808976049,0.0,94.94841766357422,-10769.931910239531,0.0,5990.017199854989,-0.15408529138168614,False
2024-03-26,86738.70934891183,0.0,-0.027920619071392982,86738.70934891183,0.0,92.5087890625,-13261.290651088184,0.0,6253.965354339178,-0.1777037537279066,False
2024-03-27,86738.70934891183,0.0,0.0,86738.70934891183,0.0,90.1990966796875,-13261.290651088184,0.0,6253.965354339178,-0.1777037537279066,False
2024-03-28,86738.70934891183,0.0,0.0,86738.70934891183,0.0,90.30503845214844,-13261.290651088184,0.0,6253.965354339178,-0.1777037537279066,False
2024-04-01,86738.70934891183,0.0,0.0,86738.70934891183,0.0,90.3120346069336,-13261.290651088184,0.0,6253.965354339178,-0.1777037537279066,False
2024-04-02,86738.70934891183,0.0,0.0,86738.70934891183,0.0,89.40154266357422,-13261.290651088184,0.0,6253.965354339178,-0.1777037537279066,False
2024-04-03,86738.70934891183,0.0,0.0,86738.70934891183,0.0,88.91382598876953,-13261.290651088184,0.0,6253.965354339178,-0.1777037537279066,False
2024-04-04,86738.70934891183,0.0,0.0,86738.70934891183,0.0,85.8565444946289,-13261.290651088184,0.0,6253.965354339178,-0.1777037537279066,False
2024-04-05,86738.70934891183,0.0,0.0,86738.70934891183,0.0,87.95836639404297,-13261.290651088184,0.0,6253.965354339178,-0.1777037537279066,False
2024-04-08,86738.70934891183,0.0,0.0,86738.70934891183,0.0,87.08384704589844,-13261.290651088184,0.0,6253.965354339178,-0.1777037537279066,False
2024-04-09,86738.70934891183,0.0,0.0,86738.70934891183,0.0,85.30584716796875,-13261.290651088184,0.0,6253.965354339178,-0.1777037537279066,False
2024-04-10,86738.70934891183,0.0,0.0,86738.70934891183,0.0,86.98990631103516,-13261.290651088184,0.0,6253.965354339178,-0.1777037537279066,False
2024-04-11,86738.70934891183,0.0,0.0,86738.70934891183,0.0,90.56488800048828,-13261.290651088184,0.0,6253.965354339178,-0.1777037537279066,False
2024-04-12,86738.70934891183,0.0,0.0,86738.70934891183,0.0,88.13626098632812,-13261.290651088184,0.0,6253.965354339178,-0.1777037537279066,False
2024-04-15,86738.70934891183,0.0,0.0,86738.70934891183,0.0,85.95249938964844,-13261.290651088184,0.0,6253.965354339178,-0.1777037537279066,False
2024-04-16,86738.70934891183,0.0,0.0,86738.70934891183,0.0,87.36569213867188,-13261.290651088184,0.0,6253.965354339178,-0.1777037537279066,False
2024-04-17,86738.70934891183,0.0,0.0,86738.70934891183,0.0,83.98760223388672,-13261.290651088184,0.0,6253.965354339178,-0.1777037537279066,False
2024-04-18,86738.70934891183,0.0,0.0,86738.70934891183,0.0,84.62324523925781,-13261.290651088184,0.0,6253.965354339178,-0.1777037537279066,False
2024-04-19,86738.70934891183,0.0,0.0,86738.70934891183,0.0,76.15702819824219,-13261.290651088184,0.0,6253.965354339178,-0.1777037537279066,False
2024-04-22,86738.70934891183,0.0,0.0,86738.70934891183,0.0,79.47315216064453,-13261.290651088184,0.0,6253.965354339178,-0.1777037537279066,False
2024-04-23,86738.70934891183,0.0,0.0,86738.70934891183,0.0,82.37651062011719,-13261.290651088184,0.0,6253.965354339178,-0.1777037537279066,False
2024-04-24,86738.70934891183,0.0,0.0,86738.70934891183,0.0,79.63207244873047,-13261.290651088184,0.0,6253.965354339178,-0.1777037537279066,False
2024-04-25,86738.70934891183,0.0,0.0,86738.70934891183,0.0,82.58540344238281,-13261.290651088184,0.0,6253.965354339178,-0.1777037537279066,False
2024-04-26,86738.70934891183,0.0,0.0,86738.70934891183,0.0,87.6855239868164,-13261.290651088184,0.0,6253.965354339178,-0.1777037537279066,False
2024-04-29,86738.70934891183,0.0,0.0,86738.70934891183,0.0,87.70751190185547,-13261.290651088184,0.0,6253.965354339178,-0.1777037537279066,False
2024-04-30,86738.70934891183,0.0,0.0,86738.70934891183,0.0,86.353271484375,-13261.290651088184,0.0,6253.965354339178,-0.1777037537279066,False
2024-05-01,86738.70934891183,0.0,0.0,86738.70934891183,0.0,82.99414825439453,-13261.290651088184,0.0,6253.965354339178,-0.1777037537279066,False
2024-05-02,86738.70934891183,0.0,0.0,86738.70934891183,0.0,85.76860046386719,-13261.290651088184,0.0,6253.965354339178,-0.1777037537279066,False
2024-05-03,86738.70934891183,0.0,0.0,86738.70934891183,0.0,88.73892211914062,-13261.290651088184,0.0,6253.965354339178,-0.1777037537279066,False
2024-05-06,86738.70934891183,0.0,0.0,86738.70934891183,0.0,92.0880355834961,-13261.290651088184,0.0,6253.965354339178,-0.1777037537279066,False
2024-05-07,86738.70934891183,0.0,0.0,86738.70934891183,0.0,90.50293731689452,-13261.290651088184,0.0,6253.965354339178,-0.1777037537279066,False
2024-05-08,87507.95738192504,1.0,0.00886856674243175,0.0,968.4261719416229,90.36100006103516,-13391.203845320204,899.1612272452294,6383.878548571198,-0.17041116458579142,False
2024-05-09,87489.76358130707,0.0,-0.00020791024224875443,87489.76358130707,0.0,88.69693756103516,-12510.236418692934,0.0,6515.31034163275,-0.1705836446015292,False
2024-05-10,87489.76358130707,0.0,0.0,87489.76358130707,0.0,89.82730865478516,-12510.236418692934,0.0,6515.31034163275,-0.1705836446015292,False
2024-05-13,87489.76358130707,0.0,0.0,87489.76358130707,0.0,90.34800720214844,-12510.236418692934,0.0,6515.31034163275,-0.1705836446015292,False
2024-05-14,87489.76358130707,0.0,0.0,87489.76358130707,0.0,91.30447387695312,-12510.236418692934,0.0,6515.31034163275,-0.1705836446015292,False
2024-05-15,87489.76358130707,0.0,0.0,87489.76358130707,0.0,94.57662963867188,-12510.236418692934,0.0,6515.31034163275,-0.1705836446015292,False
2024-05-16,86851.56213304763,0.9999999999999998,-0.0072945842134587435,1.4551915228366852e-11,920.9568754427542,94.3057861328125,-12641.274506932536,-507.1633600198391,6646.3484298723515,-0.17663389205400337,False
2024-05-17,86730.46322065586,0.0,-0.0013943204867893355,86730.46322065586,0.0,92.42682647705078,-13269.536779344155,0.0,6776.639561400628,-0.17778192828644057,False
2024-05-20,86730.46322065586,0.0,0.0,86730.46322065586,0.0,94.7265396118164,-13269.536779344155,0.0,6776.639561400628,-0.17778192828644057,False
2024-05-21,86730.46322065586,0.0,0.0,86730.46322065586,0.0,95.33220672607422,-13269.536779344155,0.0,6776.639561400628,-0.17778192828644057,False
2024-05-22,86730.46322065586,0.0,0.0,86730.46322065586,0.0,94.89645385742188,-13269.536779344155,0.0,6776.639561400628,-0.17778192828644057,False
2024-05-23,86730.46322065586,0.0,0.0,86730.46322065586,0.0,103.7404556274414,-13269.536779344155,0.0,6776.639561400628,-0.17778192828644057,False
2024-05-24,88275.38463666558,0.9999999999999999,0.017812904009046893,1.4551915228366852e-11,829.5861419320255,106.40894317626952,-13399.43762290979,1674.822259575345,6906.540404966263,-0.16313583670050325,False
2024-05-28,91268.20823299418,0.0,0.03390326316500136,91268.20823299418,0.0,113.83676147460938,-8731.791767005838,0.0,7043.648379277221,-0.1347634107388016,False
2024-05-29,91268.20823299418,0.0,0.0,91268.20823299418,0.0,114.7602310180664,-8731.791767005838,0.0,7043.648379277221,-0.1347634107388016,False
2024-05-30,91268.20823299418,0.0,0.0,91268.20823299418,0.0,110.43767547607422,-8731.791767005838,0.0,7043.648379277221,-0.1347634107388016,False
2024-05-31,91268.20823299418,0.0,0.0,91268.20823299418,0.0,109.5711669921875,-8731.791767005838,0.0,7043.648379277221,-0.1347634107388016,False
2024-06-03,92237.5578324622,1.0,0.010620889992640326,0.0,802.5183230511702,114.93514251708984,-8868.489033455655,1106.046865917837,7180.345645727037,-0.12557382810665108,False
2024-06-04,92672.61716320217,0.0,0.00471672647198873,92672.61716320217,0.0,116.37132263183594,-7327.38283679784,0.0,7319.5633981004,-0.12144939903388197,False
2024-06-05,92672.61716320217,0.0,0.0,92672.61716320217,0.0,122.37094116210938,-7327.38283679784,0.0,7319.5633981004,-0.12144939903388197,False
2024-06-06,92672.61716320217,0.0,0.0,92672.61716320217,0.0,120.92975616455078,-7327.38283679784,0.0,7319.5633981004,-0.12144939903388197,False
2024-06-07,92672.61716320217,0.0,0.0,92672.61716320217,0.0,120.81982421875,-7327.38283679784,0.0,7319.5633981004,-0.12144939903388197,False
2024-06-10,92672.61716320217,0.0,0.0,92672.61716320217,0.0,121.72130584716795,-7327.38283679784,0.0,7319.5633981004,-0.12144939903388197,False
2024-06-11,92672.61716320217,0.0,0.0,92672.61716320217,0.0,120.85173797607422,-7327.38283679784,0.0,7319.5633981004,-0.12144939903388197,False
2024-06-12,92672.61716320217,0.0,0.0,92672.61716320217,0.0,125.13966369628906,-7327.38283679784,0.0,7319.5633981004,-0.12144939903388197,False
2024-06-13,92672.61716320217,0.0,0.0,92672.61716320217,0.0,129.54751586914062,-7327.38283679784,0.0,7319.5633981004,-0.12144939903388197,False
2024-06-14,92672.61716320217,0.0,0.0,92672.61716320217,0.0,131.8164520263672,-7327.38283679784,0.0,7319.5633981004,-0.12144939903388197,False
2024-06-17,92672.61716320217,0.0,0.0,92672.61716320217,0.0,130.91688537597656,-7327.38283679784,0.0,7319.5633981004,-0.12144939903388197,False
2024-06-18,92672.61716320217,0.0,0.0,92672.61716320217,0.0,135.5146484375,-7327.38283679784,0.0,7319.5633981004,-0.12144939903388197,False
2024-06-20,92672.61716320217,0.0,0.0,92672.61716320217,0.0,130.71697998046875,-7327.38283679784,0.0,7319.5633981004,-0.12144939903388197,False
2024-06-21,92672.61716320217,0.0,0.0,92672.61716320217,0.0,126.50899505615234,-7327.38283679784,0.0,7319.5633981004,-0.12144939903388197,False
2024-06-24,92672.61716320217,0.0,0.0,92672.61716320217,0.0,118.05307006835938,-7327.38283679784,0.0,7319.5633981004,-0.12144939903388197,False
2024-06-25,92672.61716320217,0.0,0.0,92672.61716320217,0.0,126.02922821044922,-7327.38283679784,0.0,7319.5633981004,-0.12144939903388197,False
2024-06-26,92672.61716320217,0.0,0.0,92672.61716320217,0.0,126.33909606933594,-7327.38283679784,0.0,7319.5633981004,-0.12144939903388197,False
2024-06-27,92672.61716320217,0.0,0.0,92672.61716320217,0.0,123.93025207519533,-7327.38283679784,0.0,7319.5633981004,-0.12144939903388197,False
2024-06-28,92672.61716320217,0.0,0.0,92672.61716320217,0.0,123.48046875,-7327.38283679784,0.0,7319.5633981004,-0.12144939903388197,False
2024-07-01,92672.61716320217,0.0,0.0,92672.61716320217,0.0,124.24010467529295,-7327.38283679784,0.0,7319.5633981004,-0.12144939903388197,False
2024-07-02,92672.61716320217,0.0,0.0,92672.61716320217,0.0,122.6108856201172,-7327.38283679784,0.0,7319.5633981004,-0.12144939903388197,False
2024-07-03,92672.61716320217,0.0,0.0,92672.61716320217,0.0,128.21817016601562,-7327.38283679784,0.0,7319.5633981004,-0.12144939903388197,False
2024-07-05,92672.61716320217,0.0,0.0,92672.61716320217,0.0,125.76935577392578,-7327.38283679784,0.0,7319.5633981004,-0.12144939903388197,False
2024-07-08,92672.61716320217,0.0,0.0,92672.61716320217,0.0,128.13818359375,-7327.38283679784,0.0,7319.5633981004,-0.12144939903388197,False
2024-07-09,92672.61716320217,0.0,0.0,92672.61716320217,0.0,131.3166961669922,-7327.38283679784,0.0,7319.5633981004,-0.12144939903388197,False
2024-07-10,92672.61716320217,0.0,0.0,92672.61716320217,0.0,134.84500122070312,-7327.38283679784,0.0,7319.5633981004,-0.12144939903388197,False
2024-07-11,92672.61716320217,0.0,0.0,92672.61716320217,0.0,127.33860778808594,-7327.38283679784,0.0,7319.5633981004,-0.12144939903388197,False
2024-07-12,92672.61716320217,0.0,0.0,92672.61716320217,0.0,129.17774963378906,-7327.38283679784,0.0,7319.5633981004,-0.12144939903388197,False
2024-07-15,92672.61716320217,0.0,0.0,92672.61716320217,0.0,128.37811279296875,-7327.38283679784,0.0,7319.5633981004,-0.12144939903388197,False
2024-07-16,92672.61716320217,0.0,0.0,92672.61716320217,0.0,126.2990951538086,-7327.38283679784,0.0,7319.5633981004,-0.12144939903388197,False
2024-07-17,92672.61716320217,0.0,0.0,92672.61716320217,0.0,117.9331283569336,-7327.38283679784,0.0,7319.5633981004,-0.12144939903388197,False
2024-07-18,92672.61716320217,0.0,0.0,92672.61716320217,0.0,121.03163146972656,-7327.38283679784,0.0,7319.5633981004,-0.12144939903388197,False
2024-07-19,92672.61716320217,0.0,0.0,92672.61716320217,0.0,117.87317657470705,-7327.38283679784,0.0,7319.5633981004,-0.12144939903388197,False
2024-07-22,92672.61716320217,0.0,0.0,92672.61716320217,0.0,123.48046875,-7327.38283679784,0.0,7319.5633981004,-0.12144939903388197,False
2024-07-23,92672.61716320217,0.0,0.0,92672.61716320217,0.0,122.53091430664062,-7327.38283679784,0.0,7319.5633981004,-0.12144939903388197,False
2024-07-24,92672.61716320217,0.0,0.0,92672.61716320217,0.0,114.19493865966795,-7327.38283679784,0.0,7319.5633981004,-0.12144939903388197,False
2024-07-25,92672.61716320217,0.0,0.0,92672.61716320217,0.0,112.22588348388672,-7327.38283679784,0.0,7319.5633981004,-0.12144939903388197,False
2024-07-26,92672.61716320217,0.0,0.0,92672.61716320217,0.0,113.00550079345705,-7327.38283679784,0.0,7319.5633981004,-0.12144939903388197,False
2024-07-29,92672.61716320217,0.0,0.0,92672.61716320217,0.0,111.5362319946289,-7327.38283679784,0.0,7319.5633981004,-0.12144939903388197,False
2024-07-30,92672.61716320217,0.0,0.0,92672.61716320217,0.0,103.68001556396484,-7327.38283679784,0.0,7319.5633981004,-0.12144939903388197,False
2024-07-31,92672.61716320217,0.0,0.0,92672.61716320217,0.0,116.9636001586914,-7327.38283679784,0.0,7319.5633981004,-0.12144939903388197,False
2024-08-01,92672.61716320217,0.0,0.0,92672.61716320217,0.0,109.1573715209961,-7327.38283679784,0.0,7319.5633981004,-0.12144939903388197,False
2024-08-02,92672.61716320217,0.0,0.0,92672.61716320217,0.0,107.21829223632812,-7327.38283679784,0.0,7319.5633981004,-0.12144939903388197,False
2024-08-05,92672.61716320217,0.0,0.0,92672.61716320217,0.0,100.4015884399414,-7327.38283679784,0.0,7319.5633981004,-0.12144939903388197,False
2024-08-06,92672.61716320217,0.0,0.0,92672.61716320217,0.0,104.1997528076172,-7327.38283679784,0.0,7319.5633981004,-0.12144939903388197,False
2024-08-07,92672.61716320217,0.0,0.0,92672.61716320217,0.0,98.86233520507812,-7327.38283679784,0.0,7319.5633981004,-0.12144939903388197,False
2024-08-08,92672.61716320217,0.0,0.0,92672.61716320217,0.0,104.9194107055664,-7327.38283679784,0.0,7319.5633981004,-0.12144939903388197,False
2024-08-09,92672.61716320217,0.0,0.0,92672.61716320217,0.0,104.69951629638672,-7327.38283679784,0.0,7319.5633981004,-0.12144939903388197,False
2024-08-12,92672.61716320217,0.0,0.0,92672.61716320217,0.0,108.96746826171876,-7327.38283679784,0.0,7319.5633981004,-0.12144939903388197,False
2024-08-13,92672.61716320217,0.0,0.0,92672.61716320217,0.0,116.0840301513672,-7327.38283679784,0.0,7319.5633981004,-0.12144939903388197,False
2024-08-14,92672.61716320217,0.0,0.0,92672.61716320217,0.0,118.02310180664062,-7327.38283679784,0.0,7319.5633981004,-0.12144939903388197,False
2024-08-15,92672.61716320217,0.0,0.0,92672.61716320217,0.0,122.80079650878906,-7327.38283679784,0.0,7319.5633981004,-0.12144939903388197,False
2024-08-16,92672.61716320217,0.0,0.0,92672.61716320217,0.0,124.51995849609376,-7327.38283679784,0.0,7319.5633981004,-0.12144939903388197,False
2024-08-19,92672.61716320217,0.0,0.0,92672.61716320217,0.0,129.93736267089844,-7327.38283679784,0.0,7319.5633981004,-0.12144939903388197,False
2024-08-20,92672.61716320217,0.0,0.0,92672.61716320217,0.0,127.1886749267578,-7327.38283679784,0.0,7319.5633981004,-0.12144939903388197,False
2024-08-21,92672.61716320217,0.0,0.0,92672.61716320217,0.0,128.4380645751953,-7327.38283679784,0.0,7319.5633981004,-0.12144939903388197,False
2024-08-22,92672.61716320217,0.0,0.0,92672.61716320217,0.0,123.68036651611328,-7327.38283679784,0.0,7319.5633981004,-0.12144939903388197,False
2024-08-23,92672.61716320217,0.0,0.0,92672.61716320217,0.0,129.30763244628906,-7327.38283679784,0.0,7319.5633981004,-0.12144939903388197,False
2024-08-26,92672.61716320217,0.0,0.0,92672.61716320217,0.0,126.3990478515625,-7327.38283679784,0.0,7319.5633981004,-0.12144939903388197,False
2024-08-27,92672.61716320217,0.0,0.0,92672.61716320217,0.0,128.23817443847656,-7327.38283679784,0.0,7319.5633981004,-0.12144939903388197,False
2024-08-28,92672.61716320217,0.0,0.0,92672.61716320217,0.0,125.54946899414062,-7327.38283679784,0.0,7319.5633981004,-0.12144939903388197,False
2024-08-29,92672.61716320217,0.0,0.0,92672.61716320217,0.0,117.5333251953125,-7327.38283679784,0.0,7319.5633981004,-0.12144939903388197,False
2024-08-30,92672.61716320217,0.0,0.0,92672.61716320217,0.0,119.31246948242188,-7327.38283679784,0.0,7319.5633981004,-0.12144939903388197,False
2024-09-03,92672.61716320217,0.0,0.0,92672.61716320217,0.0,107.94794464111328,-7327.38283679784,0.0,7319.5633981004,-0.12144939903388197,False
2024-09-04,92672.61716320217,0.0,0.0,92672.61716320217,0.0,106.1588134765625,-7327.38283679784,0.0,7319.5633981004,-0.12144939903388197,False
2024-09-05,92672.61716320217,0.0,0.0,92672.61716320217,0.0,107.15833282470705,-7327.38283679784,0.0,7319.5633981004,-0.12144939903388197,False
2024-09-06,92672.61716320217,0.0,0.0,92672.61716320217,0.0,102.78044891357422,-7327.38283679784,0.0,7319.5633981004,-0.12144939903388197,False
2024-09-09,92672.61716320217,0.0,0.0,92672.61716320217,0.0,106.41868591308594,-7327.38283679784,0.0,7319.5633981004,-0.12144939903388197,False
2024-09-10,92672.61716320217,0.0,0.0,92672.61716320217,0.0,108.04788970947266,-7327.38283679784,0.0,7319.5633981004,-0.12144939903388197,False
2024-09-11,92672.61716320217,0.0,0.0,92672.61716320217,0.0,116.8536605834961,-7327.38283679784,0.0,7319.5633981004,-0.12144939903388197,False
2024-09-12,92672.61716320217,0.0,0.0,92672.61716320217,0.0,119.0927734375,-7327.38283679784,0.0,7319.5633981004,-0.12144939903388197,False
2024-09-13,92672.61716320217,0.0,0.0,92672.61716320217,0.0,119.0527801513672,-7327.38283679784,0.0,7319.5633981004,-0.12144939903388197,False
2024-09-16,92672.61716320217,0.0,0.0,92672.61716320217,0.0,116.73370361328124,-7327.38283679784,0.0,7319.5633981004,-0.12144939903388197,False
2024-09-17,92672.61716320217,0.0,0.0,92672.61716320217,0.0,115.54417419433594,-7327.38283679784,0.0,7319.5633981004,-0.12144939903388197,False
2024-09-18,92672.61716320217,0.0,0.0,92672.61716320217,0.0,113.3250503540039,-7327.38283679784,0.0,7319.5633981004,-0.12144939903388197,False
2024-09-19,92672.61716320217,0.0,0.0,92672.61716320217,0.0,117.82327270507812,-7327.38283679784,0.0,7319.5633981004,-0.12144939903388197,False
2024-09-20,92672.61716320217,0.0,0.0,92672.61716320217,0.0,115.95401763916016,-7327.38283679784,0.0,7319.5633981004,-0.12144939903388197,False
2024-09-23,92672.61716320217,0.0,0.0,92672.61716320217,0.0,116.2139129638672,-7327.38283679784,0.0,7319.5633981004,-0.12144939903388197,False
2024-09-24,92672.61716320217,0.0,0.0,92672.61716320217,0.0,120.82209014892578,-7327.38283679784,0.0,7319.5633981004,-0.12144939903388197,False
2024-09-25,93663.7615179577,1.0,0.010695115613386097,0.0,758.6503729035641,123.4610366821289,-7466.183561455657,1129.9450794133472,7458.364122758217,-0.11205319878433939,False
2024-09-26,96014.49751247058,0.0,0.02509760398702543,96014.49751247058,0.0,123.99082946777344,-3985.5024875294357,0.0,7602.602226182058,-0.08976786160588279,False
2024-09-27,96014.49751247058,0.0,0.0,96014.49751247058,0.0,121.35187530517578,-3985.5024875294357,0.0,7602.602226182058,-0.08976786160588279,False
2024-09-30,96014.49751247058,0.0,0.0,96014.49751247058,0.0,121.3918685913086,-3985.5024875294357,0.0,7602.602226182058,-0.08976786160588279,False
2024-10-01,96014.49751247058,0.0,0.0,96014.49751247058,0.0,116.95362091064452,-3985.5024875294357,0.0,7602.602226182058,-0.08976786160588279,False
2024-10-02,96014.49751247058,0.0,0.0,96014.49751247058,0.0,118.8028793334961,-3985.5024875294357,0.0,7602.602226182058,-0.08976786160588279,False
2024-10-03,96014.49751247058,0.0,0.0,96014.49751247058,0.0,122.80130004882812,-3985.5024875294357,0.0,7602.602226182058,-0.08976786160588279,False
2024-10-04,96014.49751247058,0.0,0.0,96014.49751247058,0.0,124.87046813964844,-3985.5024875294357,0.0,7602.602226182058,-0.08976786160588279,False
2024-10-07,96014.49751247058,0.0,0.0,96014.49751247058,0.0,127.66936492919922,-3985.5024875294357,0.0,7602.602226182058,-0.08976786160588279,False
2024-10-08,96014.49751247058,0.0,0.0,96014.49751247058,0.0,132.83731079101562,-3985.5024875294357,0.0,7602.602226182058,-0.08976786160588279,False
2024-10-09,94826.98218750932,0.9999999999999999,-0.012368083526209439,1.4551915228366852e-11,715.1495695050958,132.597412109375,-4129.308524742322,-1043.7092877483783,7746.408263394945,-0.10102568872178153,False
2024-10-10,94156.53182310685,0.0,-0.007070248877864005,94156.53182310685,0.0,134.7565460205078,-5843.468176893172,0.0,7887.855231581885,-0.10738166083732481,False
2024-10-11,94156.53182310685,0.0,0.0,94156.53182310685,0.0,134.74656677246094,-5843.468176893172,0.0,7887.855231581885,-0.10738166083732481,False
2024-10-14,94156.53182310685,0.0,0.0,94156.53182310685,0.0,138.01527404785156,-5843.468176893172,0.0,7887.855231581885,-0.10738166083732481,False
2024-10-15,94156.53182310685,0.0,0.0,94156.53182310685,0.0,131.54783630371094,-5843.468176893172,0.0,7887.855231581885,-0.10738166083732481,False
2024-10-16,94156.53182310685,0.0,0.0,94156.53182310685,0.0,135.66619873046875,-5843.468176893172,0.0,7887.855231581885,-0.10738166083732481,False
2024-10-17,94156.53182310685,0.0,0.0,94156.53182310685,0.0,136.87570190429688,-5843.468176893172,0.0,7887.855231581885,-0.10738166083732481,False
2024-10-18,94156.53182310685,0.0,0.0,94156.53182310685,0.0,137.94529724121094,-5843.468176893172,0.0,7887.855231581885,-0.10738166083732481,False
2024-10-21,94156.53182310685,0.0,0.0,94156.53182310685,0.0,143.6530303955078,-5843.468176893172,0.0,7887.855231581885,-0.10738166083732481,False
2024-10-22,94156.53182310685,0.0,0.0,94156.53182310685,0.0,143.53309631347656,-5843.468176893172,0.0,7887.855231581885,-0.10738166083732481,False
2024-10-23,94156.53182310685,0.0,0.0,94156.53182310685,0.0,139.50466918945312,-5843.468176893172,0.0,7887.855231581885,-0.10738166083732481,False
2024-10-24,94156.53182310685,0.0,0.0,94156.53182310685,0.0,140.35433959960938,-5843.468176893172,0.0,7887.855231581885,-0.10738166083732481,False
2024-10-25,94156.53182310685,0.0,0.0,94156.53182310685,0.0,141.48388671875,-5843.468176893172,0.0,7887.855231581885,-0.10738166083732481,False
2024-10-28,94156.53182310685,0.0,0.0,94156.53182310685,0.0,140.4643096923828,-5843.468176893172,0.0,7887.855231581885,-0.10738166083732481,False
2024-10-29,94156.53182310685,0.0,0.0,94156.53182310685,0.0,141.19400024414062,-5843.468176893172,0.0,7887.855231581885,-0.10738166083732481,False
2024-10-30,94156.53182310685,0.0,0.0,94156.53182310685,0.0,139.28475952148438,-5843.468176893172,0.0,7887.855231581885,-0.10738166083732481,False
2024-10-31,94156.53182310685,0.0,0.0,94156.53182310685,0.0,132.70738220214844,-5843.468176893172,0.0,7887.855231581885,-0.10738166083732481,False
2024-11-01,94156.53182310685,0.0,0.0,94156.53182310685,0.0,135.34632873535156,-5843.468176893172,0.0,7887.855231581885,-0.10738166083732481,False
2024-11-04,94156.53182310685,0.0,0.0,94156.53182310685,0.0,135.99607849121094,-5843.468176893172,0.0,7887.855231581885,-0.10738166083732481,False
2024-11-05,94156.53182310685,0.0,0.0,94156.53182310685,0.0,139.8545379638672,-5843.468176893172,0.0,7887.855231581885,-0.10738166083732481,False
2024-11-06,94156.53182310685,0.0,0.0,94156.53182310685,0.0,145.55227661132812,-5843.468176893172,0.0,7887.855231581885,-0.10738166083732481,False
2024-11-07,94156.53182310685,0.0,0.0,94156.53182310685,0.0,148.8209991455078,-5843.468176893172,0.0,7887.855231581885,-0.10738166083732481,False
2024-11-08,94156.53182310685,0.0,0.0,94156.53182310685,0.0,147.57147216796875,-5843.468176893172,0.0,7887.855231581885,-0.10738166083732481,False
2024-11-11,94156.53182310685,0.0,0.0,94156.53182310685,0.0,145.20240783691406,-5843.468176893172,0.0,7887.855231581885,-0.10738166083732481,False
2024-11-12,94156.53182310685,0.0,0.0,94156.53182310685,0.0,148.231201171875,-5843.468176893172,0.0,7887.855231581885,-0.10738166083732481,False
2024-11-13,94156.53182310685,0.0,0.0,94156.53182310685,0.0,146.21200561523438,-5843.468176893172,0.0,7887.855231581885,-0.10738166083732481,False
2024-11-14,94156.53182310685,0.0,0.0,94156.53182310685,0.0,146.7018280029297,-5843.468176893172,0.0,7887.855231581885,-0.10738166083732481,False
2024-11-15,94156.53182310685,0.0,0.0,94156.53182310685,0.0,141.9237060546875,-5843.468176893172,0.0,7887.855231581885,-0.10738166083732481,False
2024-11-18,94156.53182310685,0.0,0.0,94156.53182310685,0.0,140.09442138671875,-5843.468176893172,0.0,7887.855231581885,-0.10738166083732481,False
2024-11-19,94156.53182310685,0.0,0.0,94156.53182310685,0.0,146.95172119140625,-5843.468176893172,0.0,7887.855231581885,-0.10738166083732481,False
2024-11-20,94156.53182310685,0.0,0.0,94156.53182310685,0.0,145.83216857910156,-5843.468176893172,0.0,7887.855231581885,-0.10738166083732481,False
2024-11-21,94156.53182310685,0.0,0.0,94156.53182310685,0.0,146.6118621826172,-5843.468176893172,0.0,7887.855231581885,-0.10738166083732481,False
2024-11-22,94156.53182310685,0.0,0.0,94156.53182310685,0.0,141.8937225341797,-5843.468176893172,0.0,7887.855231581885,-0.10738166083732481,False
2024-11-25,94156.53182310685,0.0,0.0,94156.53182310685,0.0,135.96607971191406,-5843.468176893172,0.0,7887.855231581885,-0.10738166083732481,False
2024-11-26,94156.53182310685,0.0,0.0,94156.53182310685,0.0,136.86570739746094,-5843.468176893172,0.0,7887.855231581885,-0.10738166083732481,False
2024-11-27,94156.53182310685,0.0,0.0,94156.53182310685,0.0,135.2863311767578,-5843.468176893172,0.0,7887.855231581885,-0.10738166083732481,False
2024-11-29,94156.53182310685,0.0,0.0,94156.53182310685,0.0,138.19520568847656,-5843.468176893172,0.0,7887.855231581885,-0.10738166083732481,False
2024-12-02,94156.53182310685,0.0,0.0,94156.53182310685,0.0,138.5750274658203,-5843.468176893172,0.0,7887.855231581885,-0.10738166083732481,False
2024-12-03,94156.53182310685,0.0,0.0,94156.53182310685,0.0,140.20440673828125,-5843.468176893172,0.0,7887.855231581885,-0.10738166083732481,False
2024-12-04,94156.53182310685,0.0,0.0,94156.53182310685,0.0,145.08245849609375,-5843.468176893172,0.0,7887.855231581885,-0.10738166083732481,False
2024-12-05,94156.53182310685,0.0,0.0,94156.53182310685,0.0,145.0124969482422,-5843.468176893172,0.0,7887.855231581885,-0.10738166083732481,False
2024-12-06,94156.53182310685,0.0,0.0,94156.53182310685,0.0,142.3933563232422,-5843.468176893172,0.0,7887.855231581885,-0.10738166083732481,False
2024-12-09,94156.53182310685,0.0,0.0,94156.53182310685,0.0,138.7645263671875,-5843.468176893172,0.0,7887.855231581885,-0.10738166083732481,False
2024-12-10,94156.53182310685,0.0,0.0,94156.53182310685,0.0,135.0257568359375,-5843.468176893172,0.0,7887.855231581885,-0.10738166083732481,False
2024-12-11,94156.53182310685,0.0,0.0,94156.53182310685,0.0,139.2643585205078,-5843.468176893172,0.0,7887.855231581885,-0.10738166083732481,False
2024-12-12,94156.53182310685,0.0,0.0,94156.53182310685,0.0,137.29501342773438,-5843.468176893172,0.0,7887.855231581885,-0.10738166083732481,False
2024-12-13,94156.53182310685,0.0,0.0,94156.53182310685,0.0,134.20602416992188,-5843.468176893172,0.0,7887.855231581885,-0.10738166083732481,False
2024-12-16,94156.53182310685,0.0,0.0,94156.53182310685,0.0,131.9567413330078,-5843.468176893172,0.0,7887.855231581885,-0.10738166083732481,False
2024-12-17,94156.53182310685,0.0,0.0,94156.53182310685,0.0,130.3472900390625,-5843.468176893172,0.0,7887.855231581885,-0.10738166083732481,False
2024-12-18,94156.53182310685,0.0,0.0,94156.53182310685,0.0,128.86778259277344,-5843.468176893172,0.0,7887.855231581885,-0.10738166083732481,False
2024-12-19,94156.53182310685,0.0,0.0,94156.53182310685,0.0,130.63717651367188,-5843.468176893172,0.0,7887.855231581885,-0.10738166083732481,False
2024-12-20,94156.53182310685,0.0,0.0,94156.53182310685,0.0,134.65586853027344,-5843.468176893172,0.0,7887.855231581885,-0.10738166083732481,False
2024-12-23,94156.53182310685,0.0,0.0,94156.53182310685,0.0,139.62423706054688,-5843.468176893172,0.0,7887.855231581885,-0.10738166083732481,False
2024-12-24,94156.53182310685,0.0,0.0,94156.53182310685,0.0,140.174072265625,-5843.468176893172,0.0,7887.855231581885,-0.10738166083732481,False
2024-12-26,94156.53182310685,0.0,0.0,94156.53182310685,0.0,139.8841552734375,-5843.468176893172,0.0,7887.855231581885,-0.10738166083732481,False
2024-12-27,94156.53182310685,0.0,0.0,94156.53182310685,0.0,136.96511840820312,-5843.468176893172,0.0,7887.855231581885,-0.10738166083732481,False
2024-12-30,94156.53182310685,0.0,0.0,94156.53182310685,0.0,137.4449462890625,-5843.468176893172,0.0,7887.855231581885,-0.10738166083732481,False
2024-12-31,94156.53182310685,0.0,0.0,94156.53182310685,0.0,134.2460174560547,-5843.468176893172,0.0,7887.855231581885,-0.10738166083732481,False
2025-01-02,94156.53182310685,0.0,0.0,94156.53182310685,0.0,138.2646942138672,-5843.468176893172,0.0,7887.855231581885,-0.10738166083732481,False
2025-01-03,94156.53182310685,0.0,0.0,94156.53182310685,0.0,144.4226837158203,-5843.468176893172,0.0,7887.855231581885,-0.10738166083732481,False
2025-01-06,94546.98904241118,1.0,0.004146894663005218,0.0,632.9249513355953,149.38104248046875,-5984.491439733572,531.4804821447398,8028.878494422285,-0.10368006661055051,False
2025-01-07,91527.62316499038,0.0,-0.031935082311996155,91527.62316499038,0.0,140.09408569335938,-8472.376835009632,0.0,8166.376175691675,-0.1323041174612255,False
2025-01-08,91527.62316499038,0.0,0.0,91527.62316499038,0.0,140.06410217285156,-8472.376835009632,0.0,8166.376175691675,-0.1323041174612255,False
2025-01-10,91527.62316499038,0.0,0.0,91527.62316499038,0.0,135.86549377441406,-8472.376835009632,0.0,8166.376175691675,-0.1323041174612255,False
2025-01-13,91527.62316499038,0.0,0.0,91527.62316499038,0.0,133.18637084960938,-8472.376835009632,0.0,8166.376175691675,-0.1323041174612255,False
2025-01-14,91527.62316499038,0.0,0.0,91527.62316499038,0.0,131.71682739257812,-8472.376835009632,0.0,8166.376175691675,-0.1323041174612255,False
2025-01-15,91527.62316499038,0.0,0.0,91527.62316499038,0.0,136.1953887939453,-8472.376835009632,0.0,8166.376175691675,-0.1323041174612255,False
2025-01-16,91527.62316499038,0.0,0.0,91527.62316499038,0.0,133.52626037597656,-8472.376835009632,0.0,8166.376175691675,-0.1323041174612255,False
2025-01-17,91527.62316499038,0.0,0.0,91527.62316499038,0.0,137.66490173339844,-8472.376835009632,0.0,8166.376175691675,-0.1323041174612255,False
2025-01-21,91527.62316499038,0.0,0.0,91527.62316499038,0.0,140.78387451171875,-8472.376835009632,0.0,8166.376175691675,-0.1323041174612255,False
2025-01-22,91527.62316499038,0.0,0.0,91527.62316499038,0.0,147.02183532714844,-8472.376835009632,0.0,8166.376175691675,-0.1323041174612255,False
2025-01-23,91527.62316499038,0.0,0.0,91527.62316499038,0.0,147.17178344726562,-8472.376835009632,0.0,8166.376175691675,-0.1323041174612255,False
2025-01-24,91527.62316499038,0.0,0.0,91527.62316499038,0.0,142.57327270507812,-8472.376835009632,0.0,8166.376175691675,-0.1323041174612255,False
2025-01-27,91527.62316499038,0.0,0.0,91527.62316499038,0.0,118.38121032714844,-8472.376835009632,0.0,8166.376175691675,-0.1323041174612255,False
2025-01-28,91527.62316499038,0.0,0.0,91527.62316499038,0.0,128.94775390625,-8472.376835009632,0.0,8166.376175691675,-0.1323041174612255,False
2025-01-29,91527.62316499038,0.0,0.0,91527.62316499038,0.0,123.65947723388672,-8472.376835009632,0.0,8166.376175691675,-0.1323041174612255,False
2025-01-30,91527.62316499038,0.0,0.0,91527.62316499038,0.0,124.60916900634766,-8472.376835009632,0.0,8166.376175691675,-0.1323041174612255,False
2025-01-31,91527.62316499038,0.0,0.0,91527.62316499038,0.0,120.03067016601562,-8472.376835009632,0.0,8166.376175691675,-0.1323041174612255,False
2025-02-03,91527.62316499038,0.0,0.0,91527.62316499038,0.0,116.62179565429688,-8472.376835009632,0.0,8166.376175691675,-0.1323041174612255,False
2025-02-04,91527.62316499038,0.0,0.0,91527.62316499038,0.0,118.61113739013672,-8472.376835009632,0.0,8166.376175691675,-0.1323041174612255,False
2025-02-05,91527.62316499038,0.0,0.0,91527.62316499038,0.0,124.78911590576172,-8472.376835009632,0.0,8166.376175691675,-0.1323041174612255,False
2025-02-06,91527.62316499038,0.0,0.0,91527.62316499038,0.0,128.63784790039062,-8472.376835009632,0.0,8166.376175691675,-0.1323041174612255,False
2025-02-07,91527.62316499038,0.0,0.0,91527.62316499038,0.0,129.79745483398438,-8472.376835009632,0.0,8166.376175691675,-0.1323041174612255,False
2025-02-10,91527.62316499038,0.0,0.0,91527.62316499038,0.0,133.52626037597656,-8472.376835009632,0.0,8166.376175691675,-0.1323041174612255,False
2025-02-11,91527.62316499038,0.0,0.0,91527.62316499038,0.0,132.75650024414062,-8472.376835009632,0.0,8166.376175691675,-0.1323041174612255,False
2025-02-12,91527.62316499038,0.0,0.0,91527.62316499038,0.0,131.09706115722656,-8472.376835009632,0.0,8166.376175691675,-0.1323041174612255,False
2025-02-13,91527.62316499038,0.0,0.0,91527.62316499038,0.0,135.24566650390625,-8472.376835009632,0.0,8166.376175691675,-0.1323041174612255,False
2025-02-14,91527.62316499038,0.0,0.0,91527.62316499038,0.0,138.8045196533203,-8472.376835009632,0.0,8166.376175691675,-0.1323041174612255,False
2025-02-18,91527.62316499038,0.0,0.0,91527.62316499038,0.0,139.35433959960938,-8472.376835009632,0.0,8166.376175691675,-0.1323041174612255,False
2025-02-19,91527.62316499038,0.0,0.0,91527.62316499038,0.0,139.18438720703125,-8472.376835009632,0.0,8166.376175691675,-0.1323041174612255,False
2025-02-20,91527.62316499038,0.0,0.0,91527.62316499038,0.0,140.06410217285156,-8472.376835009632,0.0,8166.376175691675,-0.1323041174612255,False
2025-02-21,91527.62316499038,0.0,0.0,91527.62316499038,0.0,134.38595581054688,-8472.376835009632,0.0,8166.376175691675,-0.1323041174612255,False
2025-02-24,91527.62316499038,0.0,0.0,91527.62316499038,0.0,130.23733520507812,-8472.376835009632,0.0,8166.376175691675,-0.1323041174612255,False
2025-02-25,91527.62316499038,0.0,0.0,91527.62316499038,0.0,126.5885238647461,-8472.376835009632,0.0,8166.376175691675,-0.1323041174612255,False
2025-02-26,91527.62316499038,0.0,0.0,91527.62316499038,0.0,131.23699951171875,-8472.376835009632,0.0,8166.376175691675,-0.1323041174612255,False
2025-02-27,91527.62316499038,0.0,0.0,91527.62316499038,0.0,120.11064910888672,-8472.376835009632,0.0,8166.376175691675,-0.1323041174612255,False
2025-02-28,91527.62316499038,0.0,0.0,91527.62316499038,0.0,124.87907409667967,-8472.376835009632,0.0,8166.376175691675,-0.1323041174612255,False
2025-03-03,91527.62316499038,0.0,0.0,91527.62316499038,0.0,114.02263641357422,-8472.376835009632,0.0,8166.376175691675,-0.1323041174612255,False
2025-03-04,91527.62316499038,0.0,0.0,91527.62316499038,0.0,115.9520034790039,-8472.376835009632,0.0,8166.376175691675,-0.1323041174612255,False
2025-03-05,91527.62316499038,0.0,0.0,91527.62316499038,0.0,117.26158142089844,-8472.376835009632,0.0,8166.376175691675,-0.1323041174612255,False
2025-03-06,91527.62316499038,0.0,0.0,91527.62316499038,0.0,110.53378295898438,-8472.376835009632,0.0,8166.376175691675,-0.1323041174612255,False
2025-03-07,91527.62316499038,0.0,0.0,91527.62316499038,0.0,112.65309143066406,-8472.376835009632,0.0,8166.376175691675,-0.1323041174612255,False
2025-03-10,91527.62316499038,0.0,0.0,91527.62316499038,0.0,106.94495391845705,-8472.376835009632,0.0,8166.376175691675,-0.1323041174612255,False
2025-03-11,91527.62316499038,0.0,0.0,91527.62316499038,0.0,108.72437286376952,-8472.376835009632,0.0,8166.376175691675,-0.1323041174612255,False
2025-03-12,91527.62316499038,0.0,0.0,91527.62316499038,0.0,115.71273040771484,-8472.376835009632,0.0,8166.376175691675,-0.1323041174612255,False
2025-03-13,91527.62316499038,0.0,0.0,91527.62316499038,0.0,115.55277252197266,-8472.376835009632,0.0,8166.376175691675,-0.1323041174612255,False
2025-03-14,91527.62316499038,0.0,0.0,91527.62316499038,0.0,121.6413345336914,-8472.376835009632,0.0,8166.376175691675,-0.1323041174612255,False
2025-03-17,91527.62316499038,0.0,0.0,91527.62316499038,0.0,119.50183868408205,-8472.376835009632,0.0,8166.376175691675,-0.1323041174612255,False
2025-03-18,91527.62316499038,0.0,0.0,91527.62316499038,0.0,115.40280151367188,-8472.376835009632,0.0,8166.376175691675,-0.1323041174612255,False
2025-03-19,91527.62316499038,0.0,0.0,91527.62316499038,0.0,117.49230194091795,-8472.376835009632,0.0,8166.376175691675,-0.1323041174612255,False
2025-03-20,91527.62316499038,0.0,0.0,91527.62316499038,0.0,118.50206756591795,-8472.376835009632,0.0,8166.376175691675,-0.1323041174612255,False
2025-03-21,91527.62316499038,0.0,0.0,91527.62316499038,0.0,117.6722640991211,-8472.376835009632,0.0,8166.376175691675,-0.1323041174612255,False
2025-03-24,91527.62316499038,0.0,0.0,91527.62316499038,0.0,121.38140106201172,-8472.376835009632,0.0,8166.376175691675,-0.1323041174612255,False
2025-03-25,91527.62316499038,0.0,0.0,91527.62316499038,0.0,120.66156768798828,-8472.376835009632,0.0,8166.376175691675,-0.1323041174612255,False
2025-03-26,91527.62316499038,0.0,0.0,91527.62316499038,0.0,113.7332000732422,-8472.376835009632,0.0,8166.376175691675,-0.1323041174612255,False
2025-03-27,91527.62316499038,0.0,0.0,91527.62316499038,0.0,111.40375518798828,-8472.376835009632,0.0,8166.376175691675,-0.1323041174612255,False
2025-03-28,91527.62316499038,0.0,0.0,91527.62316499038,0.0,109.6441650390625,-8472.376835009632,0.0,8166.376175691675,-0.1323041174612255,False
2025-03-31,91527.62316499038,0.0,0.0,91527.62316499038,0.0,108.35446166992188,-8472.376835009632,0.0,8166.376175691675,-0.1323041174612255,False
2025-04-01,91527.62316499038,0.0,0.0,91527.62316499038,0.0,110.12405395507812,-8472.376835009632,0.0,8166.376175691675,-0.1323041174612255,False
2025-04-02,91527.62316499038,0.0,0.0,91527.62316499038,0.0,110.39398193359376,-8472.376835009632,0.0,8166.376175691675,-0.1323041174612255,False
2025-04-03,91527.62316499038,0.0,0.0,91527.62316499038,0.0,101.7760238647461,-8472.376835009632,0.0,8166.376175691675,-0.1323041174612255,False
2025-04-04,91527.62316499038,0.0,0.0,91527.62316499038,0.0,94.28778076171876,-8472.376835009632,0.0,8166.376175691675,-0.1323041174612255,False
2025-04-07,91527.62316499038,0.0,0.0,91527.62316499038,0.0,97.61699676513672,-8472.376835009632,0.0,8166.376175691675,-0.1323041174612255,False
2025-04-08,91527.62316499038,0.0,0.0,91527.62316499038,0.0,96.27731323242188,-8472.376835009632,0.0,8166.376175691675,-0.1323041174612255,False
2025-04-09,91527.62316499038,0.0,0.0,91527.62316499038,0.0,114.30306243896484,-8472.376835009632,0.0,8166.376175691675,-0.1323041174612255,False
2025-04-10,91527.62316499038,0.0,0.0,91527.62316499038,0.0,107.5446548461914,-8472.376835009632,0.0,8166.376175691675,-0.1323041174612255,False
2025-04-11,91527.62316499038,0.0,0.0,91527.62316499038,0.0,110.90386199951172,-8472.376835009632,0.0,8166.376175691675,-0.1323041174612255,False
2025-04-14,91527.62316499038,0.0,0.0,91527.62316499038,0.0,110.68391418457033,-8472.376835009632,0.0,8166.376175691675,-0.1323041174612255,False
2025-04-15,91527.62316499038,0.0,0.0,91527.62316499038,0.0,112.1735610961914,-8472.376835009632,0.0,8166.376175691675,-0.1323041174612255,False
2025-04-16,91527.62316499038,0.0,0.0,91527.62316499038,0.0,104.46538543701172,-8472.376835009632,0.0,8166.376175691675,-0.1323041174612255,False
2025-04-17,91527.62316499038,0.0,0.0,91527.62316499038,0.0,101.46607971191406,-8472.376835009632,0.0,8166.376175691675,-0.1323041174612255,False
2025-04-21,91527.62316499038,0.0,0.0,91527.62316499038,0.0,96.88717651367188,-8472.376835009632,0.0,8166.376175691675,-0.1323041174612255,False
2025-04-22,91527.62316499038,0.0,0.0,91527.62316499038,0.0,98.86669921875,-8472.376835009632,0.0,8166.376175691675,-0.1323041174612255,False
2025-04-23,91527.62316499038,0.0,0.0,91527.62316499038,0.0,102.68579864501952,-8472.376835009632,0.0,8166.376175691675,-0.1323041174612255,False
2025-04-24,91527.62316499038,0.0,0.0,91527.62316499038,0.0,106.40492248535156,-8472.376835009632,0.0,8166.376175691675,-0.1323041174612255,False
2025-04-25,91527.62316499038,0.0,0.0,91527.62316499038,0.0,110.98385620117188,-8472.376835009632,0.0,8166.376175691675,-0.1323041174612255,False
2025-04-28,91527.62316499038,0.0,0.0,91527.62316499038,0.0,108.7043914794922,-8472.376835009632,0.0,8166.376175691675,-0.1323041174612255,False
2025-04-29,91527.62316499038,0.0,0.0,91527.62316499038,0.0,108.99430847167967,-8472.376835009632,0.0,8166.376175691675,-0.1323041174612255,False
2025-04-30,91527.62316499038,0.0,0.0,91527.62316499038,0.0,108.8943328857422,-8472.376835009632,0.0,8166.376175691675,-0.1323041174612255,False
2025-05-01,91527.62316499038,0.0,0.0,91527.62316499038,0.0,111.58370208740234,-8472.376835009632,0.0,8166.376175691675,-0.1323041174612255,False
2025-05-02,91527.62316499038,0.0,0.0,91527.62316499038,0.0,114.47303009033205,-8472.376835009632,0.0,8166.376175691675,-0.1323041174612255,False
2025-05-05,91527.62316499038,0.0,0.0,91527.62316499038,0.0,113.79318237304688,-8472.376835009632,0.0,8166.376175691675,-0.1323041174612255,False
2025-05-06,91527.62316499038,0.0,0.0,91527.62316499038,0.0,113.51325988769533,-8472.376835009632,0.0,8166.376175691675,-0.1323041174612255,False
2025-05-07,91527.62316499038,0.0,0.0,91527.62316499038,0.0,117.0324249267578,-8472.376835009632,0.0,8166.376175691675,-0.1323041174612255,False
2025-05-08,91527.62316499038,0.0,0.0,91527.62316499038,0.0,117.34236145019533,-8472.376835009632,0.0,8166.376175691675,-0.1323041174612255,False
2025-05-09,91527.62316499038,0.0,0.0,91527.62316499038,0.0,116.62252044677734,-8472.376835009632,0.0,8166.376175691675,-0.1323041174612255,False
2025-05-12,91527.62316499038,0.0,0.0,91527.62316499038,0.0,122.97102355957033,-8472.376835009632,0.0,8166.376175691675,-0.1323041174612255,False
2025-05-13,94903.58961503005,0.0,0.03688467299051412,94903.58961503005,0.0,129.89938354492188,-5096.410384969946,0.0,8446.031220010067,-0.10029943857856727,False
2025-05-14,96283.89071967658,0.9999999999999999,0.014544245483712803,1.4551915228366852e-11,711.5899700621686,135.30810546875,-5238.552556135743,1522.44327581231,8588.173391175864,-0.08721397275141984,False
2025-05-15,95921.07060783534,0.9999999999999999,-0.003768232765931412,1.4551915228366852e-11,711.5899700621686,134.79823303222656,-5238.552556135743,1159.6231639710722,8588.173391175864,-0.0906535629675822,False
2025-05-16,96326.5843806001,0.9999999999999999,0.004227577634351887,1.4551915228366852e-11,711.5899700621686,135.36810302734375,-5238.552556135743,1565.13693673584,8588.173391175864,-0.08680923030850651,False
2025-05-19,96447.52079854677,0.9999999999999999,0.0012554832990738785,1.4551915228366852e-11,711.5899700621686,135.53805541992188,-5238.552556135743,1686.0733546825018,8588.173391175864,-0.08566273454829043,False
2025-05-20,95600.94415691764,0.9999999999999999,-0.008777588419275228,1.4551915228366852e-11,711.5899700621686,134.34835815429688,-5238.552556135743,839.4967130533641,8588.173391175864,-0.09368841074083112,False
2025-05-21,94519.85963222338,0.0,-0.011308303848127199,94519.85963222338,0.0,131.76895141601562,-5480.140367776639,0.0,8730.166169792123,-0.1039372575732529,False
2025-05-22,94519.85963222338,0.0,0.0,94519.85963222338,0.0,132.7987060546875,-5480.140367776639,0.0,8730.166169792123,-0.1039372575732529,False
2025-05-23,94519.85963222338,0.0,0.0,94519.85963222338,0.0,131.25906372070312,-5480.140367776639,0.0,8730.166169792123,-0.1039372575732529,False
2025-05-27,94519.85963222338,0.0,0.0,94519.85963222338,0.0,135.4680633544922,-5480.140367776639,0.0,8730.166169792123,-0.1039372575732529,False
2025-05-28,94519.85963222338,0.0,0.0,94519.85963222338,0.0,134.7782440185547,-5480.140367776639,0.0,8730.166169792123,-0.1039372575732529,False
2025-05-29,94519.85963222338,0.0,0.0,94519.85963222338,0.0,139.15721130371094,-5480.140367776639,0.0,8730.166169792123,-0.1039372575732529,False
2025-05-30,94519.85963222338,0.0,0.0,94519.85963222338,0.0,135.09817504882812,-5480.140367776639,0.0,8730.166169792123,-0.1039372575732529,False
2025-06-02,94519.85963222338,0.0,0.0,94519.85963222338,0.0,137.34764099121094,-5480.140367776639,0.0,8730.166169792123,-0.1039372575732529,False
2025-06-03,94519.85963222338,0.0,0.0,94519.85963222338,0.0,141.1867218017578,-5480.140367776639,0.0,8730.166169792123,-0.1039372575732529,False
2025-06-04,94199.07746939211,1.0000000000000002,-0.0033938070166357193,-1.4551915228366852e-11,663.9041314296594,141.88656616210938,-5621.707806067538,-179.21472454035415,8871.733608083021,-0.10697832159584664,False
2025-06-05,94223.46897988598,0.0,0.0002589357682594162,94223.46897988598,0.0,139.95703125,-5776.53102011402,0.0,9013.281132839986,-0.10674708634147678,False
2025-06-06,93560.80715474469,1.0,-0.007032874424128366,0.0,660.3363150225999,141.6865997314453,-5917.65453830656,-521.5383069487348,9154.404651032526,-0.11302922191222387,False
2025-06-09,94389.48731844884,0.0,0.00885712927137905,94389.48731844884,0.0,142.59640502929688,-5610.512681551143,0.0,9296.20157739975,-0.10517320707076472,False
2025-06-10,94389.48731844884,0.0,0.0,94389.48731844884,0.0,143.92608642578125,-5610.512681551143,0.0,9296.20157739975,-0.10517320707076472,False
2025-06-11,94389.48731844884,0.0,0.0,94389.48731844884,0.0,142.80625915527344,-5610.512681551143,0.0,9296.20157739975,-0.10517320707076472,False
2025-06-12,94389.48731844884,0.0,0.0,94389.48731844884,0.0,144.9759063720703,-5610.512681551143,0.0,9296.20157739975,-0.10517320707076472,False
2025-06-13,94389.48731844884,0.0,0.0,94389.48731844884,0.0,141.94639587402344,-5610.512681551143,0.0,9296.20157739975,-0.10517320707076472,False
2025-06-16,94389.48731844884,0.0,0.0,94389.48731844884,0.0,144.66595458984375,-5610.512681551143,0.0,9296.20157739975,-0.10517320707076472,False
2025-06-17,94389.48731844884,0.0,0.0,94389.48731844884,0.0,144.09603881835938,-5610.512681551143,0.0,9296.20157739975,-0.10517320707076472,False
2025-06-18,94389.48731844884,0.0,0.0,94389.48731844884,0.0,145.455810546875,-5610.512681551143,0.0,9296.20157739975,-0.10517320707076472,False
2025-06-20,94389.48731844884,0.0,0.0,94389.48731844884,0.0,143.8260955810547,-5610.512681551143,0.0,9296.20157739975,-0.10517320707076472,False
2025-06-23,94389.48731844884,0.0,0.0,94389.48731844884,0.0,144.1460418701172,-5610.512681551143,0.0,9296.20157739975,-0.10517320707076472,False
2025-06-24,94389.48731844884,0.0,0.0,94389.48731844884,0.0,147.8754119873047,-5610.512681551143,0.0,9296.20157739975,-0.10517320707076472,False
2025-06-25,97430.33430543578,0.9999999999999999,0.032215949820002754,1.4551915228366852e-11,631.4984392564506,154.28436279296875,-5751.884854269739,3182.2191597055307,9437.573750118345,-0.07634551201216233,False
2025-06-26,98337.02091119454,0.0,0.009305999124629594,98337.02091119454,0.0,154.99423217773438,-1662.979088805449,0.0,9585.30087216821,-0.06774998415548728,False
2025-06-27,99265.77524253132,1.0000000000000002,0.009444605121559535,-1.4551915228366852e-11,629.3646515681806,157.72378540039062,-1810.2636932655507,1076.0389357968943,9732.585476628312,-0.05894525088126823,False
2025-06-30,99525.28415948532,0.0,0.0026142838890841347,99525.28415948532,0.0,157.96376037597656,-474.7158405146697,0.0,9882.097671159336,-0.056485066611901,False
2025-07-01,99525.28415948532,0.0,0.0,99525.28415948532,0.0,153.2745361328125,-474.7158405146697,0.0,9882.097671159336,-0.056485066611901,False
2025-07-02,102150.02617766194,0.9999999999999997,0.02637261516350531,2.9103830456733704e-11,649.7107059757578,157.22386169433594,-623.7801702592808,2773.806347921217,10031.162000903947,-0.03160211037263627,False
2025-07-03,103196.24171999597,0.0,0.010241950800036204,103196.24171999597,0.0,159.3135223388672,3196.24171999596,0.0,10186.188903838343,-0.021683826832213815,False
2025-07-07,103196.24171999597,0.0,0.0,103196.24171999597,0.0,158.21371459960938,3196.24171999596,0.0,10186.188903838343,-0.021683826832213815,False
2025-07-08,103196.24171999597,0.0,0.0,103196.24171999597,0.0,159.97341918945312,3196.24171999596,0.0,10186.188903838343,-0.021683826832213815,False
2025-07-09,103196.24171999597,0.0,0.0,103196.24171999597,0.0,162.85293579101562,3196.24171999596,0.0,10186.188903838343,-0.021683826832213815,False
2025-07-10,102903.72098431781,0.9999999999999999,-0.0028346064818122185,1.4551915228366852e-11,627.1835396459402,164.07273864746094,3041.679201194169,-137.95821687637525,10340.751422640134,-0.024456968197936968,False
2025-07-11,103417.92037984358,0.9999999999999999,0.0049968979800461,1.4551915228366852e-11,627.1835396459402,164.89259338378906,3041.679201194169,376.24117864938717,10340.751422640134,-0.01958227919287725,False
2025-07-14,103544.55153355759,0.0,0.001224460453748355,103544.55153355759,0.0,164.04273986816406,3544.5515335575706,0.0,10496.301575169264,-0.01838179646559479,False
2025-07-15,103544.55153355759,0.0,0.0,103544.55153355759,0.0,170.671630859375,3544.5515335575706,0.0,10496.301575169264,-0.01838179646559479,False
2025-07-16,103544.55153355759,0.0,0.0,103544.55153355759,0.0,171.34152221679688,3544.5515335575706,0.0,10496.301575169264,-0.01838179646559479,False
2025-07-17,103544.55153355759,0.0,0.0,103544.55153355759,0.0,172.97125244140625,3544.5515335575706,0.0,10496.301575169264,-0.01838179646559479,False
2025-07-18,103544.55153355759,0.0,0.0,103544.55153355759,0.0,172.38136291503906,3544.5515335575706,0.0,10496.301575169264,-0.01838179646559479,False
2025-07-21,103544.55153355759,0.0,0.0,103544.55153355759,0.0,171.35153198242188,3544.5515335575706,0.0,10496.301575169264,-0.01838179646559479,False
2025-07-22,103544.55153355759,0.0,0.0,103544.55153355759,0.0,167.00225830078125,3544.5515335575706,0.0,10496.301575169264,-0.01838179646559479,False
2025-07-23,103544.55153355759,0.0,0.0,103544.55153355759,0.0,170.75161743164062,3544.5515335575706,0.0,10496.301575169264,-0.01838179646559479,False
2025-07-24,103544.55153355759,0.0,0.0,103544.55153355759,0.0,173.7111358642578,3544.5515335575706,0.0,10496.301575169264,-0.01838179646559479,False
2025-07-25,103544.55153355759,0.0,0.0,103544.55153355759,0.0,173.47117614746094,3544.5515335575706,0.0,10496.301575169264,-0.01838179646559479,False
2025-07-28,103544.55153355759,0.0,0.0,103544.55153355759,0.0,176.7206268310547,3544.5515335575706,0.0,10496.301575169264,-0.01838179646559479,False
2025-07-29,103544.55153355759,0.0,0.0,103544.55153355759,0.0,175.48085021972656,3544.5515335575706,0.0,10496.301575169264,-0.01838179646559479,False
2025-07-30,105006.12332021489,1.0,0.014115390573531172,0.0,585.8401860808586,179.24021911621094,3389.4673325587323,1616.6559876561487,10651.385776168101,-0.004525872128618547,False
2025-07-31,104186.07578435195,1.0,-0.007809521101566741,0.0,585.8401860808586,177.84043884277344,3389.4673325587323,796.6084517932084,10651.385776168101,-0.012300048336293834,False
2025-08-01,101819.00888848439,0.0,-0.022719608911722533,101819.00888848439,0.0,173.69113159179688,1819.0088884843772,0.0,10804.343726426216,-0.034740204960220566,False
2025-08-04,101819.00888848439,0.0,0.0,101819.00888848439,0.0,179.9700927734375,1819.0088884843772,0.0,10804.343726426216,-0.034740204960220566,False
2025-08-05,101819.00888848439,0.0,0.0,101819.00888848439,0.0,178.23037719726562,1819.0088884843772,0.0,10804.343726426216,-0.034740204960220566,False
2025-08-06,101819.00888848439,0.0,0.0,101819.00888848439,0.0,179.3901824951172,1819.0088884843772,0.0,10804.343726426216,-0.034740204960220566,False
2025-08-07,101819.00888848439,0.0,0.0,101819.00888848439,0.0,180.73995971679688,1819.0088884843772,0.0,10804.343726426216,-0.034740204960220566,False
2025-08-08,102310.49625233834,1.0,0.004827068827513825,0.0,560.0848655339577,182.6696319580078,1666.5091247971814,643.9871275411547,10956.843490113411,-0.030080829493131622,False
2025-08-11,101793.58550419638,0.0,-0.005052372601800803,101793.58550419638,0.0,182.0297393798828,1793.5855041963814,0.0,11109.763248006546,-0.03498122253616198,False
2025-08-12,101752.2296002442,1.0,-0.0004062722002308172,0.0,555.6297316446114,183.1295623779297,1641.1238184686783,111.10578177552291,11262.22493373425,-0.035373282838146336,False
2025-08-13,100880.03098203528,1.0,-0.008571788762128718,0.0,555.6297316446114,181.559814453125,1641.1238184686783,-761.0928364333913,11262.22493373425,-0.0436418592919634,False
2025-08-14,99708.05482678596,0.0,-0.011617523744198999,99708.05482678596,0.0,181.98974609375,-291.9451732140494,0.0,11412.011696118003,-0.054752372699597096,False
2025-08-15,99708.05482678596,0.0,0.0,99708.05482678596,0.0,180.4200134277344,-291.9451732140494,0.0,11412.011696118003,-0.054752372699597096,False
2025-08-18,99708.05482678596,0.0,0.0,99708.05482678596,0.0,181.979736328125,-291.9451732140494,0.0,11412.011696118003,-0.054752372699597096,False
2025-08-19,99708.05482678596,0.0,0.0,99708.05482678596,0.0,175.61080932617188,-291.9451732140494,0.0,11412.011696118003,-0.054752372699597096,False
2025-08-20,99708.05482678596,0.0,0.0,99708.05482678596,0.0,175.370849609375,-291.9451732140494,0.0,11412.011696118003,-0.054752372699597096,False
2025-08-21,99708.05482678596,0.0,0.0,99708.05482678596,0.0,174.95091247558594,-291.9451732140494,0.0,11412.011696118003,-0.054752372699597096,False
2025-08-22,99708.05482678596,0.0,0.0,99708.05482678596,0.0,177.96043395996094,-291.9451732140494,0.0,11412.011696118003,-0.054752372699597096,False
2025-08-25,99708.05482678596,0.0,0.0,99708.05482678596,0.0,179.78012084960938,-291.9451732140494,0.0,11412.011696118003,-0.054752372699597096,False
2025-08-26,99708.05482678596,0.0,0.0,99708.05482678596,0.0,181.7397918701172,-291.9451732140494,0.0,11412.011696118003,-0.054752372699597096,False
2025-08-27,99708.05482678596,0.0,0.0,99708.05482678596,0.0,181.56982421875,-291.9451732140494,0.0,11412.011696118003,-0.054752372699597096,False
2025-08-28,99708.05482678596,0.0,0.0,99708.05482678596,0.0,180.1400604248047,-291.9451732140494,0.0,11412.011696118003,-0.054752372699597096,False
2025-08-29,99708.05482678596,0.0,0.0,99708.05482678596,0.0,174.1510467529297,-291.9451732140494,0.0,11412.011696118003,-0.054752372699597096,False
2025-09-02,99708.05482678596,0.0,0.0,99708.05482678596,0.0,170.75161743164062,-291.9451732140494,0.0,11412.011696118003,-0.054752372699597096,False
2025-09-03,99708.05482678596,0.0,0.0,99708.05482678596,0.0,170.59165954589844,-291.9451732140494,0.0,11412.011696118003,-0.054752372699597096,False
2025-09-04,99708.05482678596,0.0,0.0,99708.05482678596,0.0,171.63148498535156,-291.9451732140494,0.0,11412.011696118003,-0.054752372699597096,False
2025-09-05,99708.05482678596,0.0,0.0,99708.05482678596,0.0,166.9922637939453,-291.9451732140494,0.0,11412.011696118003,-0.054752372699597096,False
2025-09-08,99708.05482678596,0.0,0.0,99708.05482678596,0.0,168.2820281982422,-291.9451732140494,0.0,11412.011696118003,-0.054752372699597096,False
2025-09-09,99708.05482678596,0.0,0.0,99708.05482678596,0.0,170.7316131591797,-291.9451732140494,0.0,11412.011696118003,-0.054752372699597096,False
2025-09-10,99708.05482678596,0.0,0.0,99708.05482678596,0.0,177.300537109375,-291.9451732140494,0.0,11412.011696118003,-0.054752372699597096,False
2025-09-11,99708.05482678596,0.0,0.0,99708.05482678596,0.0,177.1505584716797,-291.9451732140494,0.0,11412.011696118003,-0.054752372699597096,False
2025-09-12,99708.05482678596,0.0,0.0,99708.05482678596,0.0,177.80047607421875,-291.9451732140494,0.0,11412.011696118003,-0.054752372699597096,False
2025-09-15,99708.05482678596,0.0,0.0,99708.05482678596,0.0,177.73048400878906,-291.9451732140494,0.0,11412.011696118003,-0.054752372699597096,False
2025-09-16,99708.05482678596,0.0,0.0,99708.05482678596,0.0,174.86080932617188,-291.9451732140494,0.0,11412.011696118003,-0.054752372699597096,False
2025-09-17,99708.05482678596,0.0,0.0,99708.05482678596,0.0,170.27130126953125,-291.9451732140494,0.0,11412.011696118003,-0.054752372699597096,False
2025-09-18,99708.05482678596,0.0,0.0,99708.05482678596,0.0,176.2206573486328,-291.9451732140494,0.0,11412.011696118003,-0.054752372699597096,False
2025-09-19,99708.05482678596,0.0,0.0,99708.05482678596,0.0,176.6505889892578,-291.9451732140494,0.0,11412.011696118003,-0.054752372699597096,False
2025-09-22,103385.75382359224,0.0,0.036884672990514344,103385.75382359224,0.0,183.58984375,3385.753823592224,0.0,11716.661369378076,-0.019887223071561988,False
2025-09-23,100499.15957367492,0.0,-0.027920619071392982,100499.15957367492,0.0,178.410400390625,499.15957367489955,0.0,12022.482932735433,-0.0472525785631861,False
2025-09-24,100499.15957367492,0.0,0.0,100499.15957367492,0.0,176.9505615234375,499.15957367489955,0.0,12022.482932735433,-0.0472525785631861,False
2025-09-25,100499.15957367492,0.0,0.0,100499.15957367492,0.0,177.67050170898438,499.15957367489955,0.0,12022.482932735433,-0.0472525785631861,False
2025-09-26,100499.15957367492,0.0,0.0,100499.15957367492,0.0,178.17044067382812,499.15957367489955,0.0,12022.482932735433,-0.0472525785631861,False
2025-09-29,100499.15957367492,0.0,0.0,100499.15957367492,0.0,181.83004760742188,499.15957367489955,0.0,12022.482932735433,-0.0472525785631861,False
2025-09-30,100499.15957367492,0.0,0.0,100499.15957367492,0.0,186.55950927734375,499.15957367489955,0.0,12022.482932735433,-0.0472525785631861,False
2025-10-01,101432.08116250602,0.9999999999999999,0.009282879506541386,1.4551915228366852e-11,541.7817439950428,187.21945190429688,348.6366187467794,1083.4445437592128,12173.005887663552,-0.038408339049820106,False
2025-10-02,102325.9185301243,0.9999999999999999,0.00881217616136909,1.4551915228366852e-11,541.7817439950428,188.8692626953125,348.6366187467794,1977.2819113774992,12173.005887663552,-0.02993462393822366,False
2025-10-03,102334.70306544777,0.0,8.584858508631221e-05,102334.70306544777,0.0,187.59939575195312,2334.703065447753,0.0,12326.738541242092,-0.029851345198247503,False
2025-10-06,102334.70306544777,0.0,0.0,102334.70306544777,0.0,185.5196228027344,2334.703065447753,0.0,12326.738541242092,-0.029851345198247503,False
2025-10-07,102334.70306544777,0.0,0.0,102334.70306544777,0.0,185.01968383789065,2334.703065447753,0.0,12326.738541242092,-0.029851345198247503,False
2025-10-08,102334.70306544777,0.0,0.0,102334.70306544777,0.0,189.0892333984375,2334.703065447753,0.0,12326.738541242092,-0.029851345198247503,False
2025-10-09,102334.70306544777,0.0,0.0,102334.70306544777,0.0,192.54885864257812,2334.703065447753,0.0,12326.738541242092,-0.029851345198247503,False
2025-10-10,99477.45480337332,0.0,-0.02792061907139276,99477.45480337332,0.0,183.139892578125,-522.5451966267137,0.0,12629.451030339835,-0.05693849623159142,False
2025-10-13,99477.45480337332,0.0,0.0,99477.45480337332,0.0,188.29933166503903,-522.5451966267137,0.0,12629.451030339835,-0.05693849623159142,False
2025-10-14,99477.45480337332,0.0,0.0,99477.45480337332,0.0,180.01022338867188,-522.5451966267137,0.0,12629.451030339835,-0.05693849623159142,False
2025-10-15,99477.45480337332,0.0,0.0,99477.45480337332,0.0,179.8102569580078,-522.5451966267137,0.0,12629.451030339835,-0.05693849623159142,False
2025-10-16,99477.45480337332,0.0,0.0,99477.45480337332,0.0,181.7900390625,-522.5451966267137,0.0,12629.451030339835,-0.05693849623159142,False
2025-10-17,99477.45480337332,0.0,0.0,99477.45480337332,0.0,183.19989013671875,-522.5451966267137,0.0,12629.451030339835,-0.05693849623159142,False
2025-10-20,99477.45480337332,0.0,0.0,99477.45480337332,0.0,182.6199493408203,-522.5451966267137,0.0,12629.451030339835,-0.05693849623159142,False
2025-10-21,99477.45480337332,0.0,0.0,99477.45480337332,0.0,181.14010620117188,-522.5451966267137,0.0,12629.451030339835,-0.05693849623159142,False
2025-10-22,99477.45480337332,0.0,0.0,99477.45480337332,0.0,180.2602081298828,-522.5451966267137,0.0,12629.451030339835,-0.05693849623159142,False
2025-10-23,99477.45480337332,0.0,0.0,99477.45480337332,0.0,182.13999938964844,-522.5451966267137,0.0,12629.451030339835,-0.05693849623159142,False
2025-10-24,99477.45480337332,0.0,0.0,99477.45480337332,0.0,186.23953247070312,-522.5451966267137,0.0,12629.451030339835,-0.05693849623159142,False
2025-10-27,99477.45480337332,0.0,0.0,99477.45480337332,0.0,191.4689788818359,-522.5451966267137,0.0,12629.451030339835,-0.05693849623159142,False
2025-10-28,99477.45480337332,0.0,0.0,99477.45480337332,0.0,201.0079345703125,-522.5451966267137,0.0,12629.451030339835,-0.05693849623159142,False
2025-10-29,98879.52952629238,1.0,-0.006010661192154543,0.0,477.6390303940845,207.01727294921875,-671.5378897920257,-448.932583915614,12778.443723505146,-0.06260691941410701,False
2025-10-30,96699.98268161662,0.0,-0.0220424475633878,96699.98268161662,0.0,202.8677215576172,-3300.0173183834086,0.0,12923.711599341326,-0.08326935723920414,False
2025-10-31,94703.09098635326,1.0,-0.02065038317367751,0.0,467.74402354746724,202.4677734375,-3444.850043318431,-1852.0589703283322,13068.544324276349,-0.10220019627926624,False
2025-11-03,96756.25857360185,1.0,0.0216800483053341,0.0,467.74402354746724,206.85728454589844,-3444.850043318431,201.10861692025566,13068.544324276349,-0.08273585316608123,False
2025-11-04,94000.05930095291,0.0,-0.028486005073793952,94000.05930095291,0.0,198.66818237304688,-5999.940699047118,0.0,13209.756231087995,-0.10886504430680144,False
2025-11-05,94000.05930095291,0.0,0.0,94000.05930095291,0.0,195.18858337402344,-5999.940699047118,0.0,13209.756231087995,-0.10886504430680144,False
2025-11-06,94000.05930095291,0.0,0.0,94000.05930095291,0.0,188.05935668945312,-5999.940699047118,0.0,13209.756231087995,-0.10886504430680144,False
2025-11-07,94000.05930095291,0.0,0.0,94000.05930095291,0.0,188.1293487548828,-5999.940699047118,0.0,13209.756231087995,-0.10886504430680144,False
2025-11-10,94000.05930095291,0.0,0.0,94000.05930095291,0.0,199.0281524658203,-5999.940699047118,0.0,13209.756231087995,-0.10886504430680144,False
2025-11-11,94000.05930095291,0.0,0.0,94000.05930095291,0.0,193.1387939453125,-5999.940699047118,0.0,13209.756231087995,-0.10886504430680144,False
2025-11-12,94000.05930095291,0.0,0.0,94000.05930095291,0.0,193.7787322998047,-5999.940699047118,0.0,13209.756231087995,-0.10886504430680144,False
2025-11-13,94000.05930095291,0.0,0.0,94000.05930095291,0.0,186.8394775390625,-5999.940699047118,0.0,13209.756231087995,-0.10886504430680144,False
2025-11-14,94000.05930095291,0.0,0.0,94000.05930095291,0.0,190.1491241455078,-5999.940699047118,0.0,13209.756231087995,-0.10886504430680144,False
2025-11-17,94000.05930095291,0.0,0.0,94000.05930095291,0.0,186.5795135498047,-5999.940699047118,0.0,13209.756231087995,-0.10886504430680144,False
2025-11-18,94000.05930095291,0.0,0.0,94000.05930095291,0.0,181.340087890625,-5999.940699047118,0.0,13209.756231087995,-0.10886504430680144,False
2025-11-19,94000.05930095291,0.0,0.0,94000.05930095291,0.0,186.49951171875,-5999.940699047118,0.0,13209.756231087995,-0.10886504430680144,False
2025-11-20,94000.05930095291,0.0,0.0,94000.05930095291,0.0,180.6201629638672,-5999.940699047118,0.0,13209.756231087995,-0.10886504430680144,False
2025-11-21,94000.05930095291,0.0,0.0,94000.05930095291,0.0,178.86036682128906,-5999.940699047118,0.0,13209.756231087995,-0.10886504430680144,False
2025-11-24,94000.05930095291,0.0,0.0,94000.05930095291,0.0,182.52996826171875,-5999.940699047118,0.0,13209.756231087995,-0.10886504430680144,False
2025-11-25,94000.05930095291,0.0,0.0,94000.05930095291,0.0,177.80047607421875,-5999.940699047118,0.0,13209.756231087995,-0.10886504430680144,False
2025-11-26,94000.05930095291,0.0,0.0,94000.05930095291,0.0,180.24020385742188,-5999.940699047118,0.0,13209.756231087995,-0.10886504430680144,False
2025-11-28,94000.05930095291,0.0,0.0,94000.05930095291,0.0,176.98056030273438,-5999.940699047118,0.0,13209.756231087995,-0.10886504430680144,False
2025-12-01,94000.05930095291,0.0,0.0,94000.05930095291,0.0,179.90025329589844,-5999.940699047118,0.0,13209.756231087995,-0.10886504430680144,False
2025-12-02,94000.05930095291,0.0,0.0,94000.05930095291,0.0,181.44007873535156,-5999.940699047118,0.0,13209.756231087995,-0.10886504430680144,False
2025-12-03,94000.05930095291,0.0,0.0,94000.05930095291,0.0,179.57028198242188,-5999.940699047118,0.0,13209.756231087995,-0.10886504430680144,False
2025-12-04,94000.05930095291,0.0,0.0,94000.05930095291,0.0,183.37008666992188,-5999.940699047118,0.0,13209.756231087995,-0.10886504430680144,False
2025-12-05,94000.05930095291,0.0,0.0,94000.05930095291,0.0,182.4001312255859,-5999.940699047118,0.0,13209.756231087995,-0.10886504430680144,False
2025-12-08,94000.05930095291,0.0,0.0,94000.05930095291,0.0,185.5399627685547,-5999.940699047118,0.0,13209.756231087995,-0.10886504430680144,False
2025-12-09,94000.05930095291,0.0,0.0,94000.05930095291,0.0,184.95999145507812,-5999.940699047118,0.0,13209.756231087995,-0.10886504430680144,False
2025-12-10,94000.05930095291,0.0,0.0,94000.05930095291,0.0,183.77005004882812,-5999.940699047118,0.0,13209.756231087995,-0.10886504430680144,False
2025-12-11,94000.05930095291,0.0,0.0,94000.05930095291,0.0,180.92019653320312,-5999.940699047118,0.0,13209.756231087995,-0.10886504430680144,False
2025-12-12,94000.05930095291,0.0,0.0,94000.05930095291,0.0,175.01052856445312,-5999.940699047118,0.0,13209.756231087995,-0.10886504430680144,False
2025-12-15,94000.05930095291,0.0,0.0,94000.05930095291,0.0,176.28045654296875,-5999.940699047118,0.0,13209.756231087995,-0.10886504430680144,False
2025-12-16,94000.05930095291,0.0,0.0,94000.05930095291,0.0,177.71038818359375,-5999.940699047118,0.0,13209.756231087995,-0.10886504430680144,False
2025-12-17,94000.05930095291,0.0,0.0,94000.05930095291,0.0,170.93075561523438,-5999.940699047118,0.0,13209.756231087995,-0.10886504430680144,False
2025-12-18,94000.05930095291,0.0,0.0,94000.05930095291,0.0,174.1305694580078,-5999.940699047118,0.0,13209.756231087995,-0.10886504430680144,False
2025-12-19,94000.05930095291,0.0,0.0,94000.05930095291,0.0,180.9802093505859,-5999.940699047118,0.0,13209.756231087995,-0.10886504430680144,False
2025-12-22,94000.05930095291,0.0,0.0,94000.05930095291,0.0,183.6800537109375,-5999.940699047118,0.0,13209.756231087995,-0.10886504430680144,False
2025-12-23,94000.05930095291,0.0,0.0,94000.05930095291,0.0,189.19976806640625,-5999.940699047118,0.0,13209.756231087995,-0.10886504430680144,False
2025-12-24,94000.05930095291,0.0,0.0,94000.05930095291,0.0,188.59979248046875,-5999.940699047118,0.0,13209.756231087995,-0.10886504430680144,False
2025-12-26,94000.05930095291,0.0,0.0,94000.05930095291,0.0,190.51968383789065,-5999.940699047118,0.0,13209.756231087995,-0.10886504430680144,False
2025-12-29,94000.05930095291,0.0,0.0,94000.05930095291,0.0,188.20980834960935,-5999.940699047118,0.0,13209.756231087995,-0.10886504430680144,False
2025-12-30,94000.05930095291,0.0,0.0,94000.05930095291,0.0,187.52984619140625,-5999.940699047118,0.0,13209.756231087995,-0.10886504430680144,False
2025-12-31,94000.05930095291,0.0,0.0,94000.05930095291,0.0,186.4899139404297,-5999.940699047118,0.0,13209.756231087995,-0.10886504430680144,False
2026-01-02,94000.05930095291,0.0,0.0,94000.05930095291,0.0,188.83978271484375,-5999.940699047118,0.0,13209.756231087995,-0.10886504430680144,False
2026-01-05,91375.51945252265,0.0,-0.027920619071392982,91375.51945252265,0.0,188.1098175048828,-8624.480547477375,0.0,13487.814319634248,-0.13374608394591392,False
2026-01-06,91375.51945252265,0.0,0.0,91375.51945252265,0.0,187.22987365722656,-8624.480547477375,0.0,13487.814319634248,-0.13374608394591392,False
2026-01-07,91375.51945252265,0.0,0.0,91375.51945252265,0.0,189.09976196289065,-8624.480547477375,0.0,13487.814319634248,-0.13374608394591392,False
2026-01-08,91375.51945252265,0.0,0.0,91375.51945252265,0.0,185.0299835205078,-8624.480547477375,0.0,13487.814319634248,-0.13374608394591392,False
2026-01-09,91375.51945252265,0.0,0.0,91375.51945252265,0.0,184.84999084472656,-8624.480547477375,0.0,13487.814319634248,-0.13374608394591392,False
2026-01-12,91375.51945252265,0.0,0.0,91375.51945252265,0.0,184.92999267578125,-8624.480547477375,0.0,13487.814319634248,-0.13374608394591392,False
2026-01-13,91375.51945252265,0.0,0.0,91375.51945252265,0.0,185.79994201660156,-8624.480547477375,0.0,13487.814319634248,-0.13374608394591392,False
2026-01-14,91375.51945252265,0.0,0.0,91375.51945252265,0.0,183.1300811767578,-8624.480547477375,0.0,13487.814319634248,-0.13374608394591392,False
2026-01-15,91375.51945252265,0.0,0.0,91375.51945252265,0.0,187.03988647460935,-8624.480547477375,0.0,13487.814319634248,-0.13374608394591392,False
2026-01-16,91375.51945252265,0.0,0.0,91375.51945252265,0.0,186.21990966796875,-8624.480547477375,0.0,13487.814319634248,-0.13374608394591392,False
2026-01-20,91375.51945252265,0.0,0.0,91375.51945252265,0.0,178.06036376953125,-8624.480547477375,0.0,13487.814319634248,-0.13374608394591392,False
2026-01-21,91375.51945252265,0.0,0.0,91375.51945252265,0.0,183.31008911132812,-8624.480547477375,0.0,13487.814319634248,-0.13374608394591392,False
2026-01-22,91375.51945252265,0.0,0.0,91375.51945252265,0.0,184.8299865722656,-8624.480547477375,0.0,13487.814319634248,-0.13374608394591392,False
2026-01-23,91375.51945252265,0.0,0.0,91375.51945252265,0.0,187.6598358154297,-8624.480547477375,0.0,13487.814319634248,-0.13374608394591392,False
2026-01-26,91375.51945252265,0.0,0.0,91375.51945252265,0.0,186.4599151611328,-8624.480547477375,0.0,13487.814319634248,-0.13374608394591392,False
2026-01-27,91375.51945252265,0.0,0.0,91375.51945252265,0.0,188.50979614257812,-8624.480547477375,0.0,13487.814319634248,-0.13374608394591392,False
2026-01-28,91375.51945252265,0.0,0.0,91375.51945252265,0.0,191.5096435546875,-8624.480547477375,0.0,13487.814319634248,-0.13374608394591392,False
2026-01-29,91375.51945252265,0.0,0.0,91375.51945252265,0.0,192.49957275390625,-8624.480547477375,0.0,13487.814319634248,-0.13374608394591392,False
2026-01-30,91200.48741230376,1.0,-0.0019155244344174482,0.0,477.19050822530505,191.11965942382812,-8761.338539667873,-38.174048028394985,13624.672311824746,-0.1354054144885254,False
2026-02-02,89191.24166901532,0.0,-0.02203108558186695,89191.24166901532,0.0,185.59996032714844,-10808.758330984709,0.0,13758.660156094675,-0.1544533717955474,False
2026-02-03,89191.24166901532,0.0,0.0,89191.24166901532,0.0,180.33023071289065,-10808.758330984709,0.0,13758.660156094675,-0.1544533717955474,False
2026-02-04,89191.24166901532,0.0,0.0,89191.24166901532,0.0,174.18057250976562,-10808.758330984709,0.0,13758.660156094675,-0.1544533717955474,False
2026-02-05,89191.24166901532,0.0,0.0,89191.24166901532,0.0,171.87069702148438,-10808.758330984709,0.0,13758.660156094675,-0.1544533717955474,False
2026-02-06,89191.24166901532,0.0,0.0,89191.24166901532,0.0,185.39996337890625,-10808.758330984709,0.0,13758.660156094675,-0.1544533717955474,False
2026-02-09,89191.24166901532,0.0,0.0,89191.24166901532,0.0,190.0297088623047,-10808.758330984709,0.0,13758.660156094675,-0.1544533717955474,False
2026-02-10,89191.24166901532,0.0,0.0,89191.24166901532,0.0,188.52978515625,-10808.758330984709,0.0,13758.660156094675,-0.1544533717955474,False
2026-02-11,89191.24166901532,0.0,0.0,89191.24166901532,0.0,190.0397186279297,-10808.758330984709,0.0,13758.660156094675,-0.1544533717955474,False
2026-02-12,89191.24166901532,0.0,0.0,89191.24166901532,0.0,186.9298858642578,-10808.758330984709,0.0,13758.660156094675,-0.1544533717955474,False
2026-02-13,89191.24166901532,0.0,0.0,89191.24166901532,0.0,182.80010986328125,-10808.758330984709,0.0,13758.660156094675,-0.1544533717955474,False
2026-02-17,89191.24166901532,0.0,0.0,89191.24166901532,0.0,184.95999145507812,-10808.758330984709,0.0,13758.660156094675,-0.1544533717955474,False
2026-02-18,89191.24166901532,0.0,0.0,89191.24166901532,0.0,187.9698181152344,-10808.758330984709,0.0,13758.660156094675,-0.1544533717955474,False
2026-02-19,89457.57021453662,1.0,0.0029860392179497097,0.0,476.1171452435863,187.88983154296875,-10942.344813764063,399.9150283006556,13892.246638874029,-0.15192853640312387,False
2026-02-20,88691.13710174966,0.0,-0.008567560139951413,88691.13710174966,0.0,189.8097381591797,-11308.862898250374,0.0,14025.483199367392,-0.15919443967046665,False
2026-02-23,88627.70694666477,1.0,-0.0007151803117838584,0.0,462.71208334056587,191.5396423339844,-11441.700347728782,69.40729439351632,14158.3206488458,-0.15979576725325273,False
2026-02-24,88467.0441900482,0.0,-0.0018127825050607838,88467.0441900482,0.0,192.83956909179688,-11532.955809951844,0.0,14291.220565005111,-0.16131887478705398,False
2026-02-25,88467.0441900482,0.0,0.0,88467.0441900482,0.0,195.5494079589844,-11532.955809951844,0.0,14291.220565005111,-0.16131887478705398,False
2026-02-26,88467.0441900482,0.0,0.0,88467.0441900482,0.0,184.87998962402344,-11532.955809951844,0.0,14291.220565005111,-0.16131887478705398,False
2026-02-27,88467.0441900482,0.0,0.0,88467.0441900482,0.0,177.180419921875,-11532.955809951844,0.0,14291.220565005111,-0.16131887478705398,False
2026-03-02,88467.0441900482,0.0,0.0,88467.0441900482,0.0,182.4701232910156,-11532.955809951844,0.0,14291.220565005111,-0.16131887478705398,False
2026-03-03,88467.0441900482,0.0,0.0,88467.0441900482,0.0,180.04025268554688,-11532.955809951844,0.0,14291.220565005111,-0.16131887478705398,False
2026-03-04,88467.0441900482,0.0,0.0,88467.0441900482,0.0,183.03009033203125,-11532.955809951844,0.0,14291.220565005111,-0.16131887478705398,False
2026-03-05,88467.0441900482,0.0,0.0,88467.0441900482,0.0,183.330078125,-11532.955809951844,0.0,14291.220565005111,-0.16131887478705398,False
2026-03-06,88467.0441900482,0.0,0.0,88467.0441900482,0.0,177.8103790283203,-11532.955809951844,0.0,14291.220565005111,-0.16131887478705398,False
2026-03-09,88467.0441900482,0.0,0.0,88467.0441900482,0.0,182.64010620117188,-11532.955809951844,0.0,14291.220565005111,-0.16131887478705398,False
2026-03-10,88467.0441900482,0.0,0.0,88467.0441900482,0.0,184.760009765625,-11532.955809951844,0.0,14291.220565005111,-0.16131887478705398,False
2026-03-11,88467.0441900482,0.0,0.0,88467.0441900482,0.0,186.02999877929688,-11532.955809951844,0.0,14291.220565005111,-0.16131887478705398,False
2026-03-12,88467.0441900482,0.0,0.0,88467.0441900482,0.0,183.13999938964844,-11532.955809951844,0.0,14291.220565005111,-0.16131887478705398,False
2026-03-13,88467.0441900482,0.0,0.0,88467.0441900482,0.0,180.25,-11532.955809951844,0.0,14291.220565005111,-0.16131887478705398,False
2026-03-16,88467.0441900482,0.0,0.0,88467.0441900482,0.0,183.22000122070312,-11532.955809951844,0.0,14291.220565005111,-0.16131887478705398,False
2026-03-17,88467.0441900482,0.0,0.0,88467.0441900482,0.0,181.92999267578125,-11532.955809951844,0.0,14291.220565005111,-0.16131887478705398,False
2026-03-18,88467.0441900482,0.0,0.0,88467.0441900482,0.0,180.3999938964844,-11532.955809951844,0.0,14291.220565005111,-0.16131887478705398,False
2026-03-19,88467.0441900482,0.0,0.0,88467.0441900482,0.0,178.55999755859375,-11532.955809951844,0.0,14291.220565005111,-0.16131887478705398,False
2026-03-20,88467.0441900482,0.0,0.0,88467.0441900482,0.0,172.6999969482422,-11532.955809951844,0.0,14291.220565005111,-0.16131887478705398,False
2026-03-23,88467.0441900482,0.0,0.0,88467.0441900482,0.0,175.63999938964844,-11532.955809951844,0.0,14291.220565005111,-0.16131887478705398,False
2026-03-24,88467.0441900482,0.0,0.0,88467.0441900482,0.0,175.1999969482422,-11532.955809951844,0.0,14291.220565005111,-0.16131887478705398,False
2026-03-25,88467.0441900482,0.0,0.0,88467.0441900482,0.0,178.67999267578125,-11532.955809951844,0.0,14291.220565005111,-0.16131887478705398,False
2026-03-26,88467.0441900482,0.0,0.0,88467.0441900482,0.0,171.24000549316406,-11532.955809951844,0.0,14291.220565005111,-0.16131887478705398,False
2026-03-27,88467.0441900482,0.0,0.0,88467.0441900482,0.0,167.52000427246094,-11532.955809951844,0.0,14291.220565005111,-0.16131887478705398,False
2026-03-30,88467.0441900482,0.0,0.0,88467.0441900482,0.0,165.1699981689453,-11532.955809951844,0.0,14291.220565005111,-0.16131887478705398,False
2026-03-31,88467.0441900482,0.0,0.0,88467.0441900482,0.0,174.39999389648438,-11532.955809951844,0.0,14291.220565005111,-0.16131887478705398,False
2026-04-01,88467.0441900482,0.0,0.0,88467.0441900482,0.0,175.75,-11532.955809951844,0.0,14291.220565005111,-0.16131887478705398,False
2026-04-02,88467.0441900482,0.0,0.0,88467.0441900482,0.0,177.38999938964844,-11532.955809951844,0.0,14291.220565005111,-0.16131887478705398,False
2026-04-06,88467.0441900482,0.0,0.0,88467.0441900482,0.0,177.63999938964844,-11532.955809951844,0.0,14291.220565005111,-0.16131887478705398,False
2026-04-07,88467.0441900482,0.0,0.0,88467.0441900482,0.0,178.10000610351562,-11532.955809951844,0.0,14291.220565005111,-0.16131887478705398,False
2026-04-08,88467.0441900482,0.0,0.0,88467.0441900482,0.0,182.0800018310547,-11532.955809951844,0.0,14291.220565005111,-0.16131887478705398,False
2026-04-09,88467.0441900482,0.0,0.0,88467.0441900482,0.0,183.91000366210935,-11532.955809951844,0.0,14291.220565005111,-0.16131887478705398,False
2026-04-10,88467.0441900482,0.0,0.0,88467.0441900482,0.0,188.6300048828125,-11532.955809951844,0.0,14291.220565005111,-0.16131887478705398,False
2026-04-13,89892.01801517524,1.0,0.01610739725932131,0.0,474.8403104667125,189.30999755859375,-11665.45762351657,1557.475638691766,14423.722378569837,-0.1478099047293544,False
2026-04-14,90482.59532588445,0.0,0.006569852627065442,90482.59532588445,0.0,196.5099945068359,-9517.404674115596,0.0,14559.650163235663,-0.14221114139318147,False
2026-04-15,91418.14857513798,0.9999999999999999,0.010339593442076023,1.4551915228366852e-11,459.6879912490986,198.8699951171875,-9652.925286186317,1071.0738613242509,14695.170775306384,-0.1333419533360446,False
2026-04-16,91179.11586997155,0.9999999999999999,-0.0026147182905369437,1.4551915228366852e-11,459.6879912490986,198.3500061035156,-9652.925286186317,832.0411561578136,14695.170775306384,-0.13560801998229788,False
2026-04-17,91753.78920501453,0.0,0.006302685977592981,91753.78920501453,0.0,201.67999267578125,-8246.210794985522,0.0,14833.008215273856,-0.13016002877069655,False
2026-04-20,92569.27100023437,0.9999999999999999,0.008887717905553982,1.4551915228366852e-11,458.127645841384,202.05999755859375,-8383.635341972564,952.9063422068651,14970.432762260898,-0.12242913648343523,False
2026-04-21,92462.44127593405,0.0,-0.0011540516971344505,92462.44127593405,0.0,199.8800048828125,-7537.558724066013,0.0,15109.334777197204,-0.12344189862783228,False
2026-04-22,92462.44127593405,0.0,0.0,92462.44127593405,0.0,202.5,-7537.558724066013,0.0,15109.334777197204,-0.12344189862783228,False
2026-04-23,92462.44127593405,0.0,0.0,92462.44127593405,0.0,199.63999938964844,-7537.558724066013,0.0,15109.334777197204,-0.12344189862783228,False
2026-04-24,92462.44127593405,0.0,0.0,92462.44127593405,0.0,208.27000427246097,-7537.558724066013,0.0,15109.334777197204,-0.12344189862783228,False
2026-04-27,95388.94636483578,1.0,0.031650744329453806,0.0,440.3718484652331,216.61000061035156,-7676.044657080392,3064.9910219161134,15247.820710211583,-0.09569818227139026,False
2026-04-28,92115.12070258548,0.0,-0.03432080746262611,92115.12070258548,0.0,213.1699981689453,-7884.8792974145845,0.0,15386.200961642608,-0.1267345508457567,False
2026-04-29,90485.28422021127,1.0,-0.017693473882930855,0.0,432.4266868349403,209.25,-8022.84502986978,-1491.870749919024,15524.166694097803,-0.14218565026323315,False
2026-04-30,90643.16220327128,0.0,0.0017447918125093054,90643.16220327128,0.0,199.57000732421875,-9356.8377967288,0.0,15660.33569089791,-0.14068894280915945,False
2026-05-01,90643.16220327128,0.0,0.0,90643.16220327128,0.0,198.4499969482422,-9356.8377967288,0.0,15660.33569089791,-0.14068894280915945,False
2026-05-04,90643.16220327128,0.0,0.0,90643.16220327128,0.0,198.47999572753903,-9356.8377967288,0.0,15660.33569089791,-0.14068894280915945,False
2026-05-05,90643.16220327128,0.0,0.0,90643.16220327128,0.0,196.5,-9356.8377967288,0.0,15660.33569089791,-0.14068894280915945,False
2026-05-06,90643.16220327128,0.0,0.0,90643.16220327128,0.0,207.8300018310547,-9356.8377967288,0.0,15660.33569089791,-0.14068894280915945,False
2026-05-07,91880.1750478431,1.0,0.01364706189086573,0.0,434.4216314318823,211.5,-9492.598898381228,1372.7739462242648,15796.096792550337,-0.12896187162817063,False
2026-05-08,93986.50559996508,0.0,0.022924755541934738,93986.50559996508,0.0,215.1999969482422,-6013.494400034995,0.0,15937.288338268863,-0.10899353546754209,False
2026-05-11,93986.50559996508,0.0,0.0,93986.50559996508,0.0,219.44000244140625,-6013.494400034995,0.0,15937.288338268863,-0.10899353546754209,False
2026-05-12,94803.30089117058,1.0,0.008690559203063053,0.0,429.4016732282931,220.77999877929688,-6154.2630055267055,957.5638966972182,16078.056943760574,-0.101250191037211,False
2026-05-13,97453.16712454092,0.0,0.027951202209849813,97453.16712454092,0.0,225.8300018310547,-2546.832875459145,0.0,16224.456293471952,-0.0761290533908282,False
2026-05-14,99800.74284143253,0.9999999999999999,0.02408927063285171,1.4551915228366852e-11,423.3508972422863,235.7400054931641,-2692.7936849317475,2493.536526364209,16370.417102944555,-0.053873676128130876,False
2026-05-15,97123.1961751145,0.0,-0.02682892521724234,97123.1961751145,0.0,225.32000732421875,-2876.803824885582,0.0,16516.320752681833,-0.07925722851735373,False
2026-05-18,97123.1961751145,0.0,0.0,97123.1961751145,0.0,222.32000732421875,-2876.803824885582,0.0,16516.320752681833,-0.07925722851735373,False
2026-05-19,97123.1961751145,0.0,0.0,97123.1961751145,0.0,220.61000061035156,-2876.803824885582,0.0,16516.320752681833,-0.07925722851735373,False
2026-05-20,97123.1961751145,0.0,0.0,97123.1961751145,0.0,223.47000122070312,-2876.803824885582,0.0,16516.320752681833,-0.07925722851735373,False
2026-05-21,97123.1961751145,0.0,0.0,97123.1961751145,0.0,219.5099945068359,-2876.803824885582,0.0,16516.320752681833,-0.07925722851735373,False
2026-05-22,97123.1961751145,0.0,0.0,97123.1961751145,0.0,215.3300018310547,-2876.803824885582,0.0,16516.320752681833,-0.07925722851735373,False
