Date,equity,position,strategy_return,cash,shares,mark_price,realized_pnl,unrealized_pnl,cumulative_fees,drawdown,halted
2023-05-22,100000.0,0.0,0.0,100000.0,0.0,31.148426055908203,0.0,0.0,0.0,0.0,False
2023-05-23,100000.0,0.0,0.0,100000.0,0.0,30.66085624694824,0.0,0.0,0.0,0.0,False
2023-05-24,100000.0,0.0,0.0,100000.0,0.0,30.5109920501709,0.0,0.0,0.0,0.0,False
2023-05-25,100000.0,0.0,0.0,100000.0,0.0,37.9463996887207,0.0,0.0,0.0,0.0,False
2023-05-26,100000.0,0.0,0.0,100000.0,0.0,38.91155242919922,0.0,0.0,0.0,0.0,False
2023-05-30,100000.0,0.0,0.0,100000.0,0.0,40.07552337646485,0.0,0.0,0.0,0.0,False
2023-05-31,99850.22466300549,1.0,-0.0014977533699451762,0.0,2641.5030678168837,37.800533294677734,-149.77533699450822,0.0,149.77533699450822,-0.0014977533699451762,False
2023-06-01,103688.46729905144,0.0,0.03844000000000025,103688.46729905144,0.0,39.73481750488281,3688.467299051426,0.0,305.5416874687968,0.0,False
2023-06-02,103688.46729905144,0.0,0.0,103688.46729905144,0.0,39.292213439941406,3688.467299051426,0.0,305.5416874687968,0.0,False
2023-06-05,103688.46729905144,0.0,0.0,103688.46729905144,0.0,39.1363525390625,3688.467299051426,0.0,305.5416874687968,0.0,False
2023-06-06,103688.46729905144,0.0,0.0,103688.46729905144,0.0,38.61981201171875,3688.467299051426,0.0,305.5416874687968,0.0,False
2023-06-07,103688.46729905144,0.0,0.0,103688.46729905144,0.0,37.44573211669922,3688.467299051426,0.0,305.5416874687968,0.0,False
2023-06-08,103688.46729905144,0.0,0.0,103688.46729905144,0.0,38.479923248291016,3688.467299051426,0.0,305.5416874687968,0.0,False
2023-06-09,103688.46729905144,0.0,0.0,103688.46729905144,0.0,38.739715576171875,3688.467299051426,0.0,305.5416874687968,0.0,False
2023-06-12,103688.46729905144,0.0,0.0,103688.46729905144,0.0,39.4511604309082,3688.467299051426,0.0,305.5416874687968,0.0,False
2023-06-13,103688.46729905144,0.0,0.0,103688.46729905144,0.0,40.98994827270508,3688.467299051426,0.0,305.5416874687968,0.0,False
2023-06-14,103688.46729905144,0.0,0.0,103688.46729905144,0.0,42.96342849731445,3688.467299051426,0.0,305.5416874687968,0.0,False
2023-06-15,103688.46729905144,0.0,0.0,103688.46729905144,0.0,42.61968994140625,3688.467299051426,0.0,305.5416874687968,0.0,False
2023-06-16,103533.16754772984,1.0,-0.0014977533699450651,0.0,2427.0144422623935,42.658653259277344,3533.1675477298313,0.0,460.8414387903915,-0.0014977533699450651,False
2023-06-20,106080.24809631633,0.0,0.024601590088627834,106080.24809631633,0.0,43.77378463745117,6080.2480963163125,0.0,620.200850051758,0.0,False
2023-06-21,106080.24809631633,0.0,0.0,106080.24809631633,0.0,43.011383056640625,6080.2480963163125,0.0,620.200850051758,0.0,False
2023-06-22,106080.24809631633,0.0,0.0,106080.24809631633,0.0,42.99139022827149,6080.2480963163125,0.0,620.200850051758,0.0,False
2023-06-23,106080.24809631633,0.0,0.0,106080.24809631633,0.0,42.17603302001953,6080.2480963163125,0.0,620.200850051758,0.0,False
2023-06-26,106080.24809631633,0.0,0.0,106080.24809631633,0.0,40.60026931762695,6080.2480963163125,0.0,620.200850051758,0.0,False
2023-06-27,106080.24809631633,0.0,0.0,106080.24809631633,0.0,41.843292236328125,6080.2480963163125,0.0,620.200850051758,0.0,False
2023-06-28,106080.24809631633,0.0,0.0,106080.24809631633,0.0,41.08488845825195,6080.2480963163125,0.0,620.200850051758,0.0,False
2023-06-29,106080.24809631633,0.0,0.0,106080.24809631633,0.0,40.79011535644531,6080.2480963163125,0.0,620.200850051758,0.0,False
2023-06-30,106080.24809631633,0.0,0.0,106080.24809631633,0.0,42.26895904541016,6080.2480963163125,0.0,620.200850051758,0.0,False
2023-07-03,106080.24809631633,0.0,0.0,106080.24809631633,0.0,42.37986373901367,6080.2480963163125,0.0,620.200850051758,0.0,False
2023-07-05,106080.24809631633,0.0,0.0,106080.24809631633,0.0,42.28394317626953,6080.2480963163125,0.0,620.200850051758,0.0,False
2023-07-06,106080.24809631633,0.0,0.0,106080.24809631633,0.0,42.07011795043945,6080.2480963163125,0.0,620.200850051758,0.0,False
2023-07-07,106080.24809631633,0.0,0.0,106080.24809631633,0.0,42.46979522705078,6080.2480963163125,0.0,620.200850051758,0.0,False
2023-07-10,106080.24809631633,0.0,0.0,106080.24809631633,0.0,42.14705276489258,6080.2480963163125,0.0,620.200850051758,0.0,False
2023-07-11,106080.24809631633,0.0,0.0,106080.24809631633,0.0,42.37187194824219,6080.2480963163125,0.0,620.200850051758,0.0,False
2023-07-12,106080.24809631633,0.0,0.0,106080.24809631633,0.0,43.867706298828125,6080.2480963163125,0.0,620.200850051758,0.0,False
2023-07-13,105921.36604724545,1.0,-0.0014977533699451762,0.0,2305.591071087374,45.94108963012695,5921.366047245444,0.0,779.0828991226263,-0.0014977533699451762,False
2023-07-14,109992.98335810157,0.0,0.03844000000000003,109992.98335810157,0.0,45.4334831237793,9992.983358101561,0.0,944.3202301563292,0.0,False
2023-07-17,109828.24099660666,0.9999999999999999,-0.0014977533699450651,1.4551915228366852e-11,2365.7283293676487,46.424705505371094,9828.240996606652,0.0,1109.0625916512392,-0.0014977533699450651,False
2023-07-18,112270.13642153957,0.9999999999999999,0.022233766131320998,1.4551915228366852e-11,2365.7283293676487,47.45690155029297,9828.240996606652,2441.8954249329217,1109.0625916512392,0.0,False
2023-07-19,111284.39522704914,0.9999999999999999,-0.008780083697317975,1.4551915228366852e-11,2365.7283293676487,47.040225982666016,9828.240996606652,1456.1542304424934,1109.0625916512392,-0.008780083697317975,False
2023-07-20,108339.53191835336,0.0,-0.026462499999999944,108339.53191835336,0.0,45.48444366455078,8339.531918353347,0.0,1271.8160196707986,-0.035010240732477715,False
2023-07-21,108339.53191835336,0.0,0.0,108339.53191835336,0.0,44.274391174316406,8339.531918353347,0.0,1271.8160196707986,-0.035010240732477715,False
2023-07-24,108339.53191835336,0.0,0.0,108339.53191835336,0.0,44.57715606689453,8339.531918353347,0.0,1271.8160196707986,-0.035010240732477715,False
2023-07-25,108339.53191835336,0.0,0.0,108339.53191835336,0.0,45.6433219909668,8339.531918353347,0.0,1271.8160196707986,-0.035010240732477715,False
2023-07-26,108339.53191835336,0.0,0.0,108339.53191835336,0.0,45.4164924621582,8339.531918353347,0.0,1271.8160196707986,-0.035010240732477715,False
2023-07-27,108339.53191835336,0.0,0.0,108339.53191835336,0.0,45.86415100097656,8339.531918353347,0.0,1271.8160196707986,-0.035010240732477715,False
2023-07-28,108339.53191835336,0.0,0.0,108339.53191835336,0.0,46.71348571777344,8339.531918353347,0.0,1271.8160196707986,-0.035010240732477715,False
2023-07-31,108339.53191835336,0.0,0.0,108339.53191835336,0.0,46.692501068115234,8339.531918353347,0.0,1271.8160196707986,-0.035010240732477715,False
2023-08-01,108339.53191835336,0.0,0.0,108339.53191835336,0.0,46.470672607421875,8339.531918353347,0.0,1271.8160196707986,-0.035010240732477715,False
2023-08-02,108339.53191835336,0.0,0.0,108339.53191835336,0.0,44.23441696166992,8339.531918353347,0.0,1271.8160196707986,-0.035010240732477715,False
2023-08-03,108339.53191835336,0.0,0.0,108339.53191835336,0.0,44.480228424072266,8339.531918353347,0.0,1271.8160196707986,-0.035010240732477715,False
2023-08-04,108339.53191835336,0.0,0.0,108339.53191835336,0.0,44.64509963989258,8339.531918353347,0.0,1271.8160196707986,-0.035010240732477715,False
2023-08-07,108339.53191835336,0.0,0.0,108339.53191835336,0.0,45.38152694702149,8339.531918353347,0.0,1271.8160196707986,-0.035010240732477715,False
2023-08-08,108339.53191835336,0.0,0.0,108339.53191835336,0.0,44.62911605834961,8339.531918353347,0.0,1271.8160196707986,-0.035010240732477715,False
2023-08-09,108339.53191835336,0.0,0.0,108339.53191835336,0.0,42.52075958251953,8339.531918353347,0.0,1271.8160196707986,-0.035010240732477715,False
2023-08-10,108339.53191835336,0.0,0.0,108339.53191835336,0.0,42.35489654541016,8339.531918353347,0.0,1271.8160196707986,-0.035010240732477715,False
2023-08-11,108339.53191835336,0.0,0.0,108339.53191835336,0.0,40.82308578491211,8339.531918353347,0.0,1271.8160196707986,-0.035010240732477715,False
2023-08-14,108339.53191835336,0.0,0.0,108339.53191835336,0.0,43.71881866455078,8339.531918353347,0.0,1271.8160196707986,-0.035010240732477715,False
2023-08-15,108339.53191835336,0.0,0.0,108339.53191835336,0.0,43.90567779541016,8339.531918353347,0.0,1271.8160196707986,-0.035010240732477715,False
2023-08-16,108339.53191835336,0.0,0.0,108339.53191835336,0.0,43.45203399658203,8339.531918353347,0.0,1271.8160196707986,-0.035010240732477715,False
2023-08-17,108339.53191835336,0.0,0.0,108339.53191835336,0.0,43.31014251708984,8339.531918353347,0.0,1271.8160196707986,-0.035010240732477715,False
2023-08-18,108339.53191835336,0.0,0.0,108339.53191835336,0.0,43.265174865722656,8339.531918353347,0.0,1271.8160196707986,-0.035010240732477715,False
2023-08-21,108339.53191835336,0.0,0.0,108339.53191835336,0.0,46.93031311035156,8339.531918353347,0.0,1271.8160196707986,-0.035010240732477715,False
2023-08-22,108339.53191835336,0.0,0.0,108339.53191835336,0.0,45.632328033447266,8339.531918353347,0.0,1271.8160196707986,-0.035010240732477715,False
2023-08-23,108177.26601932436,1.0,-0.0014977533699451762,0.0,2297.771931305905,47.079200744628906,8177.26601932436,0.0,1434.081918699785,-0.036455557396383176,False
2023-08-24,115121.85556029105,0.0,0.06419638614019085,115121.85556029105,0.0,47.126163482666016,15121.855560291027,0.0,1607.0241153351747,0.0,False
2023-08-25,114949.43141317129,0.9999999999999999,-0.0014977533699450651,1.4551915228366852e-11,2499.8756627303574,45.982059478759766,14949.43141317127,0.0,1779.4482624549316,-0.0014977533699450651,False
2023-08-28,116814.7362246167,0.0,0.0162271773641125,116814.7362246167,0.0,46.79841613769531,16814.73622461668,0.0,1954.9335947903598,0.0,False
2023-08-29,116639.77655977703,1.0000000000000002,-0.0014977533699450651,-1.4551915228366852e-11,2392.8124566104175,48.74589157104492,16639.776559777016,0.0,2129.8932596300256,-0.0014977533699450651,False
2023-08-30,117787.43091380414,1.0000000000000002,0.009839305148522381,-1.4551915228366852e-11,2392.8124566104175,49.22551727294922,16639.776559777016,1147.6543540271164,2129.8932596300256,0.0,False
2023-08-31,117828.01319343467,0.0,0.00034453828660407915,117828.01319343467,0.0,49.31645202636719,17828.01319343466,0.0,2306.900790716808,0.0,False
2023-09-01,117828.01319343467,0.0,0.0,117828.01319343467,0.0,48.47110748291016,17828.01319343466,0.0,2306.900790716808,0.0,False
2023-09-05,117828.01319343467,0.0,0.0,117828.01319343467,0.0,48.51007843017578,17828.01319343466,0.0,2306.900790716808,0.0,False
2023-09-06,117828.01319343467,0.0,0.0,117828.01319343467,0.0,47.02812194824219,17828.01319343466,0.0,2306.900790716808,0.0,False
2023-09-07,117828.01319343467,0.0,0.0,117828.01319343467,0.0,46.20868682861328,17828.01319343466,0.0,2306.900790716808,0.0,False
2023-09-08,117828.01319343467,0.0,0.0,117828.01319343467,0.0,45.54015350341797,17828.01319343466,0.0,2306.900790716808,0.0,False
2023-09-11,117828.01319343467,0.0,0.0,117828.01319343467,0.0,45.14643096923828,17828.01319343466,0.0,2306.900790716808,0.0,False
2023-09-12,117828.01319343467,0.0,0.0,117828.01319343467,0.0,44.83864212036133,17828.01319343466,0.0,2306.900790716808,0.0,False
2023-09-13,117828.01319343467,0.0,0.0,117828.01319343467,0.0,45.453216552734375,17828.01319343466,0.0,2306.900790716808,0.0,False
2023-09-14,117828.01319343467,0.0,0.0,117828.01319343467,0.0,45.54914855957031,17828.01319343466,0.0,2306.900790716808,0.0,False
2023-09-15,117828.01319343467,0.0,0.0,117828.01319343467,0.0,43.86932373046875,17828.01319343466,0.0,2306.900790716808,0.0,False
2023-09-18,117828.01319343467,0.0,0.0,117828.01319343467,0.0,43.935272216796875,17828.01319343466,0.0,2306.900790716808,0.0,False
2023-09-19,117828.01319343467,0.0,0.0,117828.01319343467,0.0,43.48958969116211,17828.01319343466,0.0,2306.900790716808,0.0,False
2023-09-20,117828.01319343467,0.0,0.0,117828.01319343467,0.0,42.2094841003418,17828.01319343466,0.0,2306.900790716808,0.0,False
2023-09-21,117828.01319343467,0.0,0.0,117828.01319343467,0.0,40.98833084106445,17828.01319343466,0.0,2306.900790716808,0.0,False
2023-09-22,117828.01319343467,0.0,0.0,117828.01319343467,0.0,41.5809326171875,17828.01319343466,0.0,2306.900790716808,0.0,False
2023-09-25,117828.01319343467,0.0,0.0,117828.01319343467,0.0,42.1924934387207,17828.01319343466,0.0,2306.900790716808,0.0,False
2023-09-26,117828.01319343467,0.0,0.0,117828.01319343467,0.0,41.8817138671875,17828.01319343466,0.0,2306.900790716808,0.0,False
2023-09-27,117828.01319343467,0.0,0.0,117828.01319343467,0.0,42.43832015991211,17828.01319343466,0.0,2306.900790716808,0.0,False
2023-09-28,117828.01319343467,0.0,0.0,117828.01319343467,0.0,43.05888748168945,17828.01319343466,0.0,2306.900790716808,0.0,False
2023-09-29,117828.01319343467,0.0,0.0,117828.01319343467,0.0,43.46860122680664,17828.01319343466,0.0,2306.900790716808,0.0,False
2023-10-02,117828.01319343467,0.0,0.0,117828.01319343467,0.0,44.75070571899414,17828.01319343466,0.0,2306.900790716808,0.0,False
2023-10-03,117828.01319343467,0.0,0.0,117828.01319343467,0.0,43.48658752441406,17828.01319343466,0.0,2306.900790716808,0.0,False
2023-10-04,117828.01319343467,0.0,0.0,117828.01319343467,0.0,44.01022720336914,17828.01319343466,0.0,2306.900790716808,0.0,False
2023-10-05,117651.53588960027,0.9999999999999999,-0.0014977533699450651,1.4551915228366852e-11,2634.572965173671,44.656776428222656,17651.53588960026,0.0,2483.3780945512085,-0.0014977533699450651,False
2023-10-06,120479.0908420682,0.9999999999999999,0.02403330250716995,1.4551915228366852e-11,2634.572965173671,45.73002624511719,17651.53588960026,2827.5549524679245,2483.3780945512085,0.0,False
2023-10-09,117290.91290065995,0.0,-0.026462500000000055,117290.91290065995,0.0,45.24136734008789,17290.91290065995,0.0,2659.5787649077333,-0.026462500000000055,False
2023-10-10,117115.24004059905,1.0,-0.0014977533699451762,0.0,2559.001284141198,45.765995025634766,17115.240040599052,0.0,2835.251624968632,-0.027920619071393094,False
2023-10-11,119692.92543903562,1.0,0.02200982039180377,0.0,2559.001284141198,46.77329635620117,17115.240040599052,2577.685398436571,2835.251624968632,-0.006525326490578576,False
2023-10-12,120048.36289233174,1.0,0.002969577792441447,0.0,2559.001284141198,46.91219329833984,17115.240040599052,2933.1228517327,2835.251624968632,-0.003575126162771891,False
2023-10-13,116871.58308929342,0.0,-0.026462499999999944,116871.58308929342,0.0,45.42923355102539,16871.58308929342,0.0,3010.822355698667,-0.02994301938668953,False
2023-10-16,116871.58308929342,0.0,0.0,116871.58308929342,0.0,46.06278991699219,16871.58308929342,0.0,3010.822355698667,-0.02994301938668953,False
2023-10-17,116871.58308929342,0.0,0.0,116871.58308929342,0.0,43.90729904174805,16871.58308929342,0.0,3010.822355698667,-0.02994301938668953,False
2023-10-18,116871.58308929342,0.0,0.0,116871.58308929342,0.0,42.1665153503418,16871.58308929342,0.0,3010.822355698667,-0.02994301938668953,False
2023-10-19,116871.58308929342,0.0,0.0,116871.58308929342,0.0,42.07158660888672,16871.58308929342,0.0,3010.822355698667,-0.02994301938668953,False
2023-10-20,116871.58308929342,0.0,0.0,116871.58308929342,0.0,41.35807800292969,16871.58308929342,0.0,3010.822355698667,-0.02994301938668953,False
2023-10-23,116871.58308929342,0.0,0.0,116871.58308929342,0.0,42.94496536254883,16871.58308929342,0.0,3010.822355698667,-0.02994301938668953,False
2023-10-24,116871.58308929342,0.0,0.0,116871.58308929342,0.0,43.63248443603515,16871.58308929342,0.0,3010.822355698667,-0.02994301938668953,False
2023-10-25,116871.58308929342,0.0,0.0,116871.58308929342,0.0,41.74980926513672,16871.58308929342,0.0,3010.822355698667,-0.02994301938668953,False
2023-10-26,116871.58308929342,0.0,0.0,116871.58308929342,0.0,40.297821044921875,16871.58308929342,0.0,3010.822355698667,-0.02994301938668953,False
2023-10-27,116871.58308929342,0.0,0.0,116871.58308929342,0.0,40.471702575683594,16871.58308929342,0.0,3010.822355698667,-0.02994301938668953,False
2023-10-30,116871.58308929342,0.0,0.0,116871.58308929342,0.0,41.13223648071289,16871.58308929342,0.0,3010.822355698667,-0.02994301938668953,False
2023-10-31,116871.58308929342,0.0,0.0,116871.58308929342,0.0,40.75150680541992,16871.58308929342,0.0,3010.822355698667,-0.02994301938668953,False
2023-11-01,116871.58308929342,0.0,0.0,116871.58308929342,0.0,42.29542922973633,16871.58308929342,0.0,3010.822355698667,-0.02994301938668953,False
2023-11-02,116871.58308929342,0.0,0.0,116871.58308929342,0.0,43.4755973815918,16871.58308929342,0.0,3010.822355698667,-0.02994301938668953,False
2023-11-03,116696.53828187061,1.0,-0.0014977533699450651,0.0,2594.7816252943653,44.97354888916016,16696.538281870617,0.0,3185.867163121473,-0.031395925498441835,False
2023-11-06,118452.93878182124,0.0,0.015051007731764932,118452.93878182124,0.0,45.719024658203125,18452.938781821253,0.0,3363.813490785701,-0.016817458084099957,False
2023-11-07,118452.93878182124,0.0,0.0,118452.93878182124,0.0,45.92288589477539,18452.938781821253,0.0,3363.813490785701,-0.016817458084099957,False
2023-11-08,118452.93878182124,0.0,0.0,118452.93878182124,0.0,46.54145431518555,18452.938781821253,0.0,3363.813490785701,-0.016817458084099957,False
2023-11-09,118275.52549358088,0.9999999999999999,-0.0014977533699450651,1.4551915228366852e-11,2520.9419934570014,46.91719436645508,18275.52549358088,0.0,3541.2267790260726,-0.01829002304952565,False
2023-11-10,121764.58329904696,0.9999999999999999,0.029499406499406744,1.4551915228366852e-11,2520.9419934570014,48.30122375488281,18275.52549358088,3489.0578054660873,3541.2267790260726,0.0,False
2023-11-13,122298.83709295845,0.0,0.004387595961293567,122298.83709295845,0.0,48.586029052734375,22298.83709295846,0.0,3724.9506204276126,0.0,False
2023-11-14,122115.6635975621,1.0,-0.0014977533699450651,0.0,2460.9527282882796,49.62129592895508,22115.663597562118,0.0,3908.124115823956,-0.0014977533699450651,False
2023-11-15,118884.17784961162,0.0,-0.026462499999999944,118884.17784961162,0.0,48.85384368896485,18884.17784961163,0.0,4086.7182738353904,-0.02792061907139287,False
2023-11-16,118884.17784961162,0.0,0.0,118884.17784961162,0.0,49.44542694091797,18884.17784961163,0.0,4086.7182738353904,-0.02792061907139287,False
2023-11-17,118884.17784961162,0.0,0.0,118884.17784961162,0.0,49.26355743408203,18884.17784961163,0.0,4086.7182738353904,-0.02792061907139287,False
2023-11-20,118706.11867160421,0.9999999999999999,-0.0014977533699450651,1.4551915228366852e-11,2356.5061094982857,50.373779296875,18706.118671604225,0.0,4264.777451842797,-0.029376554240032826,False
2023-11-21,117611.09807713584,0.9999999999999999,-0.00922463481008673,1.4551915228366852e-11,2356.5061094982857,49.90909957885742,18706.118671604225,-1095.0205944683635,4264.777451842797,-0.038330201065276626,False
2023-11-22,114498.81439426963,0.0,-0.026462500000000055,114498.81439426963,0.0,48.68195724487305,14498.814394269652,0.0,4436.783682780608,-0.0637783881195867,False
2023-11-24,114498.81439426963,0.0,0.0,114498.81439426963,0.0,47.742618560791016,14498.814394269652,0.0,4436.783682780608,-0.0637783881195867,False
2023-11-27,114498.81439426963,0.0,0.0,114498.81439426963,0.0,48.208290100097656,14498.814394269652,0.0,4436.783682780608,-0.0637783881195867,False
2023-11-28,114498.81439426963,0.0,0.0,114498.81439426963,0.0,47.78758239746094,14498.814394269652,0.0,4436.783682780608,-0.0637783881195867,False
2023-11-29,114498.81439426963,0.0,0.0,114498.81439426963,0.0,48.10636520385742,14498.814394269652,0.0,4436.783682780608,-0.0637783881195867,False
2023-11-30,114498.81439426963,0.0,0.0,114498.81439426963,0.0,46.73732376098633,14498.814394269652,0.0,4436.783682780608,-0.0637783881195867,False
2023-12-01,114498.81439426963,0.0,0.0,114498.81439426963,0.0,46.73232650756836,14498.814394269652,0.0,4436.783682780608,-0.0637783881195867,False
2023-12-04,114498.81439426963,0.0,0.0,114498.81439426963,0.0,45.47820663452149,14498.814394269652,0.0,4436.783682780608,-0.0637783881195867,False
2023-12-05,114498.81439426963,0.0,0.0,114498.81439426963,0.0,46.53755569458008,14498.814394269652,0.0,4436.783682780608,-0.0637783881195867,False
2023-12-06,114498.81439426963,0.0,0.0,114498.81439426963,0.0,45.47520446777344,14498.814394269652,0.0,4436.783682780608,-0.0637783881195867,False
2023-12-07,114498.81439426963,0.0,0.0,114498.81439426963,0.0,46.56753158569336,14498.814394269652,0.0,4436.783682780608,-0.0637783881195867,False
2023-12-08,114498.81439426963,0.0,0.0,114498.81439426963,0.0,47.47697830200195,14498.814394269652,0.0,4436.783682780608,-0.0637783881195867,False
2023-12-11,114498.81439426963,0.0,0.0,114498.81439426963,0.0,46.59851837158203,14498.814394269652,0.0,4436.783682780608,-0.0637783881195867,False
2023-12-12,114498.81439426963,0.0,0.0,114498.81439426963,0.0,47.62788772583008,14498.814394269652,0.0,4436.783682780608,-0.0637783881195867,False
2023-12-13,114498.81439426963,0.0,0.0,114498.81439426963,0.0,48.058624267578125,14498.814394269652,0.0,4436.783682780608,-0.0637783881195867,False
2023-12-14,114498.81439426963,0.0,0.0,114498.81439426963,0.0,48.320457458496094,14498.814394269652,0.0,4436.783682780608,-0.0637783881195867,False
2023-12-15,114498.81439426963,0.0,0.0,114498.81439426963,0.0,48.86013412475586,14498.814394269652,0.0,4436.783682780608,-0.0637783881195867,False
2023-12-18,114327.3234091559,1.0,-0.0014977533699450651,0.0,2284.4260818525654,50.046409606933594,14327.323409155917,0.0,4608.274667894341,-0.06518061719379609,False
2023-12-19,113247.42699920849,1.0,-0.009445654614712362,0.0,2284.4260818525654,49.57368850708008,14327.323409155917,-1079.896409947402,4608.274667894341,-0.07401059821092204,False
2023-12-20,110250.61696224194,0.0,-0.026462499999999944,110250.61696224194,0.0,48.08160781860352,10250.61696224196,0.0,4773.899029880684,-0.09851459275576546,False
2023-12-21,110250.61696224194,0.0,0.0,110250.61696224194,0.0,48.9600715637207,10250.61696224196,0.0,4773.899029880684,-0.09851459275576546,False
2023-12-22,110250.61696224194,0.0,0.0,110250.61696224194,0.0,48.80016326904297,10250.61696224196,0.0,4773.899029880684,-0.09851459275576546,False
2023-12-26,110250.61696224194,0.0,0.0,110250.61696224194,0.0,49.2488899230957,10250.61696224196,0.0,4773.899029880684,-0.09851459275576546,False
2023-12-27,110250.61696224194,0.0,0.0,110250.61696224194,0.0,49.386817932128906,10250.61696224196,0.0,4773.899029880684,-0.09851459275576546,False
2023-12-28,110250.61696224194,0.0,0.0,110250.61696224194,0.0,49.49174499511719,10250.61696224196,0.0,4773.899029880684,-0.09851459275576546,False
2023-12-29,110250.61696224194,0.0,0.0,110250.61696224194,0.0,49.49174499511719,10250.61696224196,0.0,4773.899029880684,-0.09851459275576546,False
2024-01-02,110250.61696224194,0.0,0.0,110250.61696224194,0.0,48.13856887817383,10250.61696224196,0.0,4773.899029880684,-0.09851459275576546,False
2024-01-03,110250.61696224194,0.0,0.0,110250.61696224194,0.0,47.53993225097656,10250.61696224196,0.0,4773.899029880684,-0.09851459275576546,False
2024-01-04,110250.61696224194,0.0,0.0,110250.61696224194,0.0,47.96867752075195,10250.61696224196,0.0,4773.899029880684,-0.09851459275576546,False
2024-01-05,110250.61696224194,0.0,0.0,110250.61696224194,0.0,49.06700897216797,10250.61696224196,0.0,4773.899029880684,-0.09851459275576546,False
2024-01-08,110250.61696224194,0.0,0.0,110250.61696224194,0.0,52.221073150634766,10250.61696224196,0.0,4773.899029880684,-0.09851459275576546,False
2024-01-09,110085.48872914822,1.0,-0.0014977533699450651,0.0,2072.8786996799076,53.107540130615234,10085.488729148237,0.0,4939.027262974406,-0.09986479556242189,False
2024-01-10,112592.12811406578,1.0,0.02276993465582766,0.0,2072.8786996799076,54.316795349121094,10085.488729148237,2506.6393849175683,4939.027262974406,-0.07936877577596813,False
2024-01-11,113569.91824318917,1.0,0.008684356051364528,0.0,2072.8786996799076,54.78850173950195,10085.488729148237,3484.429514040947,4939.027262974406,-0.07137368643280306,False
2024-01-12,113167.90811658335,0.0,-0.0035397588800318847,113167.90811658335,0.0,54.67657852172851,13167.908116583374,0.0,5109.034135458006,-0.07466079967248374,False
2024-01-16,113167.90811658335,0.0,0.0,113167.90811658335,0.0,56.347557067871094,13167.908116583374,0.0,5109.034135458006,-0.07466079967248374,False
2024-01-17,113167.90811658335,0.0,0.0,113167.90811658335,0.0,56.018760681152344,13167.908116583374,0.0,5109.034135458006,-0.07466079967248374,False
2024-01-18,113167.90811658335,0.0,0.0,113167.90811658335,0.0,57.072113037109375,13167.908116583374,0.0,5109.034135458006,-0.07466079967248374,False
2024-01-19,113167.90811658335,0.0,0.0,113167.90811658335,0.0,59.45465850830078,13167.908116583374,0.0,5109.034135458006,-0.07466079967248374,False
2024-01-22,113167.90811658335,0.0,0.0,113167.90811658335,0.0,59.6175537109375,13167.908116583374,0.0,5109.034135458006,-0.07466079967248374,False
2024-01-23,113167.90811658335,0.0,0.0,113167.90811658335,0.0,59.836421966552734,13167.908116583374,0.0,5109.034135458006,-0.07466079967248374,False
2024-01-24,113167.90811658335,0.0,0.0,113167.90811658335,0.0,61.32451248168945,13167.908116583374,0.0,5109.034135458006,-0.07466079967248374,False
2024-01-25,113167.90811658335,0.0,0.0,113167.90811658335,0.0,61.57936477661133,13167.908116583374,0.0,5109.034135458006,-0.07466079967248374,False
2024-01-26,113167.90811658335,0.0,0.0,113167.90811658335,0.0,60.99371337890625,13167.908116583374,0.0,5109.034135458006,-0.07466079967248374,False
2024-01-29,113167.90811658335,0.0,0.0,113167.90811658335,0.0,62.42683410644531,13167.908116583374,0.0,5109.034135458006,-0.07466079967248374,False
2024-01-30,113167.90811658335,0.0,0.0,113167.90811658335,0.0,62.735652923583984,13167.908116583374,0.0,5109.034135458006,-0.07466079967248374,False
2024-01-31,113167.90811658335,0.0,0.0,113167.90811658335,0.0,61.489410400390625,13167.908116583374,0.0,5109.034135458006,-0.07466079967248374,False
2024-02-01,113167.90811658335,0.0,0.0,113167.90811658335,0.0,62.98849868774414,13167.908116583374,0.0,5109.034135458006,-0.07466079967248374,False
2024-02-02,113167.90811658335,0.0,0.0,113167.90811658335,0.0,66.11958312988281,13167.908116583374,0.0,5109.034135458006,-0.07466079967248374,False
2024-02-05,113167.90811658335,0.0,0.0,113167.90811658335,0.0,69.28964233398438,13167.908116583374,0.0,5109.034135458006,-0.07466079967248374,False
2024-02-06,113167.90811658335,0.0,0.0,113167.90811658335,0.0,68.18132019042969,13167.908116583374,0.0,5109.034135458006,-0.07466079967248374,False
2024-02-07,113167.90811658335,0.0,0.0,113167.90811658335,0.0,70.0561752319336,13167.908116583374,0.0,5109.034135458006,-0.07466079967248374,False
2024-02-08,113167.90811658335,0.0,0.0,113167.90811658335,0.0,69.59844970703125,13167.908116583374,0.0,5109.034135458006,-0.07466079967248374,False
2024-02-09,113167.90811658335,0.0,0.0,113167.90811658335,0.0,72.08894348144531,13167.908116583374,0.0,5109.034135458006,-0.07466079967248374,False
2024-02-12,113167.90811658335,0.0,0.0,113167.90811658335,0.0,72.20387268066406,13167.908116583374,0.0,5109.034135458006,-0.07466079967248374,False
2024-02-13,113167.90811658335,0.0,0.0,113167.90811658335,0.0,72.08393859863281,13167.908116583374,0.0,5109.034135458006,-0.07466079967248374,False
2024-02-14,113167.90811658335,0.0,0.0,113167.90811658335,0.0,73.85486602783203,13167.908116583374,0.0,5109.034135458006,-0.07466079967248374,False
2024-02-15,113167.90811658335,0.0,0.0,113167.90811658335,0.0,72.61360931396484,13167.908116583374,0.0,5109.034135458006,-0.07466079967248374,False
2024-02-16,113167.90811658335,0.0,0.0,113167.90811658335,0.0,72.56864166259766,13167.908116583374,0.0,5109.034135458006,-0.07466079967248374,False
2024-02-20,113167.90811658335,0.0,0.0,113167.90811658335,0.0,69.4095687866211,13167.908116583374,0.0,5109.034135458006,-0.07466079967248374,False
2024-02-21,113167.90811658335,0.0,0.0,113167.90811658335,0.0,67.43079376220703,13167.908116583374,0.0,5109.034135458006,-0.07466079967248374,False
2024-02-22,113167.90811658335,0.0,0.0,113167.90811658335,0.0,78.49002075195312,13167.908116583374,0.0,5109.034135458006,-0.07466079967248374,False
2024-02-23,112998.4105008321,0.9999999999999999,-0.0014977533699450651,1.4551915228366852e-11,1434.5570272537202,78.76885223388672,12998.410500832126,0.0,5278.531751209254,-0.07604672957811653,False
2024-02-26,113392.67508665334,0.9999999999999999,0.0034891162103412032,1.4551915228366852e-11,1434.5570272537202,79.04368591308594,12998.410500832126,394.2645858212338,5278.531751209254,-0.0728229492446899,False
2024-02-27,112662.85608509247,0.0,-0.006436209402442938,112662.85608509247,0.0,78.65292358398438,12662.8560850925,0.0,5447.7799075714365,-0.0787904548964905,False
2024-02-28,112662.85608509247,0.0,0.0,112662.85608509247,0.0,77.61554718017578,12662.8560850925,0.0,5447.7799075714365,-0.0787904548964905,False
2024-02-29,112494.11491272338,1.0,-0.0014977533699450651,0.0,1422.8293210116342,79.06367492675781,12494.114912723415,0.0,5616.521079940521,-0.08017019959709482,False
2024-03-01,116818.38868996847,0.0,0.03844000000000003,116818.38868996847,0.0,82.2287368774414,16818.388689968517,0.0,5792.01189920437,-0.04481194206960715,False
2024-03-04,116818.38868996847,0.0,0.0,116818.38868996847,0.0,85.18492889404297,16818.388689968517,0.0,5792.01189920437,-0.04481194206960715,False
2024-03-05,116818.38868996847,0.0,0.0,116818.38868996847,0.0,85.91551208496094,16818.388689968517,0.0,5792.01189920437,-0.04481194206960715,False
2024-03-06,116818.38868996847,0.0,0.0,116818.38868996847,0.0,88.64997863769531,16818.388689968517,0.0,5792.01189920437,-0.04481194206960715,False
2024-03-07,116818.38868996847,0.0,0.0,116818.38868996847,0.0,92.61672973632812,16818.388689968517,0.0,5792.01189920437,-0.04481194206960715,False
2024-03-08,116643.42355463652,1.0,-0.0014977533699450651,0.0,1333.3933495156696,87.47863006591797,16643.423554636563,0.0,5966.977034536325,-0.0462425782023036,False
2024-03-11,113556.74695882195,0.0,-0.026462500000000055,113556.74695882195,0.0,85.72562408447266,13556.746958821997,0.0,6137.568041484981,-0.07148138397662518,False
2024-03-12,113386.66695838438,1.0,-0.0014977533699450651,0.0,1234.3265272814563,91.86116027832033,13386.666958384421,0.0,6307.648041922558,-0.07287207586283095,False
2024-03-13,110386.17228399812,0.0,-0.026462500000000055,110386.17228399812,0.0,90.83674621582033,10386.172283998172,0.0,6473.476042349195,-0.09740619855531085,False
2024-03-14,110386.17228399812,0.0,0.0,110386.17228399812,0.0,87.89439392089844,10386.172283998172,0.0,6473.476042349195,-0.09740619855531085,False
2024-03-15,110386.17228399812,0.0,0.0,110386.17228399812,0.0,87.7874526977539,10386.172283998172,0.0,6473.476042349195,-0.09740619855531085,False
2024-03-18,110386.17228399812,0.0,0.0,110386.17228399812,0.0,88.40510559082031,10386.172283998172,0.0,6473.476042349195,-0.09740619855531085,False
2024-03-19,110386.17228399812,0.0,0.0,110386.17228399812,0.0,89.34758758544922,10386.172283998172,0.0,6473.476042349195,-0.09740619855531085,False
2024-03-20,110386.17228399812,0.0,0.0,110386.17228399812,0.0,90.32103729248048,10386.172283998172,0.0,6473.476042349195,-0.09740619855531085,False
2024-03-21,110386.17228399812,0.0,0.0,110386.17228399812,0.0,91.38343048095705,10386.172283998172,0.0,6473.476042349195,-0.09740619855531085,False
2024-03-22,110386.17228399812,0.0,0.0,110386.17228399812,0.0,94.2358169555664,10386.172283998172,0.0,6473.476042349195,-0.09740619855531085,False
2024-03-25,110220.84102246443,0.9999999999999998,-0.0014977533699450651,2.9103830456733704e-11,1160.8496880169628,94.94841766357422,10220.841022464476,0.0,6638.807303882892,-0.09875806146311616,False
2024-03-26,107304.12201690748,0.0,-0.026462499999999833,107304.12201690748,0.0,92.5087890625,7304.122016907515,0.0,6800.005283878246,-0.1226071762616483,False
2024-03-27,107304.12201690748,0.0,0.0,107304.12201690748,0.0,90.1990966796875,7304.122016907515,0.0,6800.005283878246,-0.1226071762616483,False
2024-03-28,107304.12201690748,0.0,0.0,107304.12201690748,0.0,90.30503845214844,7304.122016907515,0.0,6800.005283878246,-0.1226071762616483,False
2024-04-01,107304.12201690748,0.0,0.0,107304.12201690748,0.0,90.3120346069336,7304.122016907515,0.0,6800.005283878246,-0.1226071762616483,False
2024-04-02,107304.12201690748,0.0,0.0,107304.12201690748,0.0,89.40154266357422,7304.122016907515,0.0,6800.005283878246,-0.1226071762616483,False
2024-04-03,107304.12201690748,0.0,0.0,107304.12201690748,0.0,88.91382598876953,7304.122016907515,0.0,6800.005283878246,-0.1226071762616483,False
2024-04-04,107304.12201690748,0.0,0.0,107304.12201690748,0.0,85.8565444946289,7304.122016907515,0.0,6800.005283878246,-0.1226071762616483,False
2024-04-05,107304.12201690748,0.0,0.0,107304.12201690748,0.0,87.95836639404297,7304.122016907515,0.0,6800.005283878246,-0.1226071762616483,False
2024-04-08,107304.12201690748,0.0,0.0,107304.12201690748,0.0,87.08384704589844,7304.122016907515,0.0,6800.005283878246,-0.1226071762616483,False
2024-04-09,107304.12201690748,0.0,0.0,107304.12201690748,0.0,85.30584716796875,7304.122016907515,0.0,6800.005283878246,-0.1226071762616483,False
2024-04-10,107304.12201690748,0.0,0.0,107304.12201690748,0.0,86.98990631103516,7304.122016907515,0.0,6800.005283878246,-0.1226071762616483,False
2024-04-11,107304.12201690748,0.0,0.0,107304.12201690748,0.0,90.56488800048828,7304.122016907515,0.0,6800.005283878246,-0.1226071762616483,False
2024-04-12,107304.12201690748,0.0,0.0,107304.12201690748,0.0,88.13626098632812,7304.122016907515,0.0,6800.005283878246,-0.1226071762616483,False
2024-04-15,107304.12201690748,0.0,0.0,107304.12201690748,0.0,85.95249938964844,7304.122016907515,0.0,6800.005283878246,-0.1226071762616483,False
2024-04-16,107304.12201690748,0.0,0.0,107304.12201690748,0.0,87.36569213867188,7304.122016907515,0.0,6800.005283878246,-0.1226071762616483,False
2024-04-17,107304.12201690748,0.0,0.0,107304.12201690748,0.0,83.98760223388672,7304.122016907515,0.0,6800.005283878246,-0.1226071762616483,False
2024-04-18,107304.12201690748,0.0,0.0,107304.12201690748,0.0,84.62324523925781,7304.122016907515,0.0,6800.005283878246,-0.1226071762616483,False
2024-04-19,107304.12201690748,0.0,0.0,107304.12201690748,0.0,76.15702819824219,7304.122016907515,0.0,6800.005283878246,-0.1226071762616483,False
2024-04-22,107304.12201690748,0.0,0.0,107304.12201690748,0.0,79.47315216064453,7304.122016907515,0.0,6800.005283878246,-0.1226071762616483,False
2024-04-23,107304.12201690748,0.0,0.0,107304.12201690748,0.0,82.37651062011719,7304.122016907515,0.0,6800.005283878246,-0.1226071762616483,False
2024-04-24,107304.12201690748,0.0,0.0,107304.12201690748,0.0,79.63207244873047,7304.122016907515,0.0,6800.005283878246,-0.1226071762616483,False
2024-04-25,107304.12201690748,0.0,0.0,107304.12201690748,0.0,82.58540344238281,7304.122016907515,0.0,6800.005283878246,-0.1226071762616483,False
2024-04-26,107304.12201690748,0.0,0.0,107304.12201690748,0.0,87.6855239868164,7304.122016907515,0.0,6800.005283878246,-0.1226071762616483,False
2024-04-29,107304.12201690748,0.0,0.0,107304.12201690748,0.0,87.70751190185547,7304.122016907515,0.0,6800.005283878246,-0.1226071762616483,False
2024-04-30,107304.12201690748,0.0,0.0,107304.12201690748,0.0,86.353271484375,7304.122016907515,0.0,6800.005283878246,-0.1226071762616483,False
2024-05-01,107304.12201690748,0.0,0.0,107304.12201690748,0.0,82.99414825439453,7304.122016907515,0.0,6800.005283878246,-0.1226071762616483,False
2024-05-02,107304.12201690748,0.0,0.0,107304.12201690748,0.0,85.76860046386719,7304.122016907515,0.0,6800.005283878246,-0.1226071762616483,False
2024-05-03,107304.12201690748,0.0,0.0,107304.12201690748,0.0,88.73892211914062,7304.122016907515,0.0,6800.005283878246,-0.1226071762616483,False
2024-05-06,107304.12201690748,0.0,0.0,107304.12201690748,0.0,92.0880355834961,7304.122016907515,0.0,6800.005283878246,-0.1226071762616483,False
2024-05-07,107143.40690654767,0.9999999999999999,-0.0014977533699450651,1.4551915228366852e-11,1183.8666244763615,90.50293731689452,7143.406906547693,0.0,6960.7203942380675,-0.12392129432016796,False
2024-05-08,106814.90906837615,0.0,-0.0030659640910806196,106814.90906837615,0.0,90.36100006103516,6814.909068376185,0.0,7121.183452427917,-0.1266073201727428,False
2024-05-09,106814.90906837615,0.0,0.0,106814.90906837615,0.0,88.69693756103516,6814.909068376185,0.0,7121.183452427917,-0.1266073201727428,False
2024-05-10,106814.90906837615,0.0,0.0,106814.90906837615,0.0,89.82730865478516,6814.909068376185,0.0,7121.183452427917,-0.1266073201727428,False
2024-05-13,106814.90906837615,0.0,0.0,106814.90906837615,0.0,90.34800720214844,6814.909068376185,0.0,7121.183452427917,-0.1266073201727428,False
2024-05-14,106814.90906837615,0.0,0.0,106814.90906837615,0.0,91.30447387695312,6814.909068376185,0.0,7121.183452427917,-0.1266073201727428,False
2024-05-15,106654.9266783586,1.0,-0.0014977533699450651,0.0,1127.7091083265668,94.57662963867188,6654.926678358647,0.0,7281.1658424454545,-0.12791544700223945,False
2024-05-16,106189.9697488851,0.0,-0.004359451025414796,106189.9697488851,0.0,94.3057861328125,6189.969748885125,0.0,7440.69008343026,-0.13171725690105396,False
2024-05-17,106189.9697488851,0.0,0.0,106189.9697488851,0.0,92.42682647705078,6189.969748885125,0.0,7440.69008343026,-0.13171725690105396,False
2024-05-20,106189.9697488851,0.0,0.0,106189.9697488851,0.0,94.7265396118164,6189.969748885125,0.0,7440.69008343026,-0.13171725690105396,False
2024-05-21,106189.9697488851,0.0,0.0,106189.9697488851,0.0,95.33220672607422,6189.969748885125,0.0,7440.69008343026,-0.13171725690105396,False
2024-05-22,106189.9697488851,0.0,0.0,106189.9697488851,0.0,94.89645385742188,6189.969748885125,0.0,7440.69008343026,-0.13171725690105396,False
2024-05-23,106030.92336383933,1.0,-0.0014977533699450651,0.0,1022.0788285779618,103.7404556274414,6030.923363839366,0.0,7599.736468476019,-0.1330177303055956,False
2024-05-24,108758.32799182045,1.0,0.02572272825185329,0.0,1022.0788285779618,106.40894317626952,6030.923363839366,2727.404627981112,7599.736468476019,-0.11071658098307147,False
2024-05-28,112938.99811982602,0.0,0.03844000000000003,112938.99811982602,0.0,113.83676147460938,12938.998119826058,0.0,7769.399460143259,-0.07653252635606078,False
2024-05-29,112938.99811982602,0.0,0.0,112938.99811982602,0.0,114.7602310180664,12938.998119826058,0.0,7769.399460143259,-0.07653252635606078,False
2024-05-30,112938.99811982602,0.0,0.0,112938.99811982602,0.0,110.43767547607422,12938.998119826058,0.0,7769.399460143259,-0.07653252635606078,False
2024-05-31,112769.84335479383,0.9999999999999999,-0.0014977533699450651,1.4551915228366852e-11,1029.1926831703306,109.5711669921875,12769.843354793868,0.0,7938.55422517545,-0.07791565287674562,False
2024-06-03,117104.7161333521,0.0,0.03844000000000003,117104.7161333521,0.0,114.93514251708984,17104.716133352144,0.0,8114.475180808928,-0.04247073057332773,False
2024-06-04,117104.7161333521,0.0,0.0,117104.7161333521,0.0,116.37132263183594,17104.716133352144,0.0,8114.475180808928,-0.04247073057332773,False
2024-06-05,117104.7161333521,0.0,0.0,117104.7161333521,0.0,122.37094116210938,17104.716133352144,0.0,8114.475180808928,-0.04247073057332773,False
2024-06-06,117104.7161333521,0.0,0.0,117104.7161333521,0.0,120.92975616455078,17104.716133352144,0.0,8114.475180808928,-0.04247073057332773,False
2024-06-07,117104.7161333521,0.0,0.0,117104.7161333521,0.0,120.81982421875,17104.716133352144,0.0,8114.475180808928,-0.04247073057332773,False
2024-06-10,117104.7161333521,0.0,0.0,117104.7161333521,0.0,121.72130584716795,17104.716133352144,0.0,8114.475180808928,-0.04247073057332773,False
2024-06-11,117104.7161333521,0.0,0.0,117104.7161333521,0.0,120.85173797607422,17104.716133352144,0.0,8114.475180808928,-0.04247073057332773,False
2024-06-12,117104.7161333521,0.0,0.0,117104.7161333521,0.0,125.13966369628906,17104.716133352144,0.0,8114.475180808928,-0.04247073057332773,False
2024-06-13,117104.7161333521,0.0,0.0,117104.7161333521,0.0,129.54751586914062,17104.716133352144,0.0,8114.475180808928,-0.04247073057332773,False
2024-06-14,117104.7161333521,0.0,0.0,117104.7161333521,0.0,131.8164520263672,17104.716133352144,0.0,8114.475180808928,-0.04247073057332773,False
2024-06-17,117104.7161333521,0.0,0.0,117104.7161333521,0.0,130.91688537597656,17104.716133352144,0.0,8114.475180808928,-0.04247073057332773,False
2024-06-18,117104.7161333521,0.0,0.0,117104.7161333521,0.0,135.5146484375,17104.716133352144,0.0,8114.475180808928,-0.04247073057332773,False
2024-06-20,117104.7161333521,0.0,0.0,117104.7161333521,0.0,130.71697998046875,17104.716133352144,0.0,8114.475180808928,-0.04247073057332773,False
2024-06-21,117104.7161333521,0.0,0.0,117104.7161333521,0.0,126.50899505615234,17104.716133352144,0.0,8114.475180808928,-0.04247073057332773,False
2024-06-24,117104.7161333521,0.0,0.0,117104.7161333521,0.0,118.05307006835938,17104.716133352144,0.0,8114.475180808928,-0.04247073057332773,False
2024-06-25,117104.7161333521,0.0,0.0,117104.7161333521,0.0,126.02922821044922,17104.716133352144,0.0,8114.475180808928,-0.04247073057332773,False
2024-06-26,117104.7161333521,0.0,0.0,117104.7161333521,0.0,126.33909606933594,17104.716133352144,0.0,8114.475180808928,-0.04247073057332773,False
2024-06-27,117104.7161333521,0.0,0.0,117104.7161333521,0.0,123.93025207519533,17104.716133352144,0.0,8114.475180808928,-0.04247073057332773,False
2024-06-28,117104.7161333521,0.0,0.0,117104.7161333521,0.0,123.48046875,17104.716133352144,0.0,8114.475180808928,-0.04247073057332773,False
2024-07-01,117104.7161333521,0.0,0.0,117104.7161333521,0.0,124.24010467529295,17104.716133352144,0.0,8114.475180808928,-0.04247073057332773,False
2024-07-02,117104.7161333521,0.0,0.0,117104.7161333521,0.0,122.6108856201172,17104.716133352144,0.0,8114.475180808928,-0.04247073057332773,False
2024-07-03,117104.7161333521,0.0,0.0,117104.7161333521,0.0,128.21817016601562,17104.716133352144,0.0,8114.475180808928,-0.04247073057332773,False
2024-07-05,117104.7161333521,0.0,0.0,117104.7161333521,0.0,125.76935577392578,17104.716133352144,0.0,8114.475180808928,-0.04247073057332773,False
2024-07-08,117104.7161333521,0.0,0.0,117104.7161333521,0.0,128.13818359375,17104.716133352144,0.0,8114.475180808928,-0.04247073057332773,False
2024-07-09,117104.7161333521,0.0,0.0,117104.7161333521,0.0,131.3166961669922,17104.716133352144,0.0,8114.475180808928,-0.04247073057332773,False
2024-07-10,117104.7161333521,0.0,0.0,117104.7161333521,0.0,134.84500122070312,17104.716133352144,0.0,8114.475180808928,-0.04247073057332773,False
2024-07-11,117104.7161333521,0.0,0.0,117104.7161333521,0.0,127.33860778808594,17104.716133352144,0.0,8114.475180808928,-0.04247073057332773,False
2024-07-12,117104.7161333521,0.0,0.0,117104.7161333521,0.0,129.17774963378906,17104.716133352144,0.0,8114.475180808928,-0.04247073057332773,False
2024-07-15,117104.7161333521,0.0,0.0,117104.7161333521,0.0,128.37811279296875,17104.716133352144,0.0,8114.475180808928,-0.04247073057332773,False
2024-07-16,117104.7161333521,0.0,0.0,117104.7161333521,0.0,126.2990951538086,17104.716133352144,0.0,8114.475180808928,-0.04247073057332773,False
2024-07-17,117104.7161333521,0.0,0.0,117104.7161333521,0.0,117.9331283569336,17104.716133352144,0.0,8114.475180808928,-0.04247073057332773,False
2024-07-18,117104.7161333521,0.0,0.0,117104.7161333521,0.0,121.03163146972656,17104.716133352144,0.0,8114.475180808928,-0.04247073057332773,False
2024-07-19,117104.7161333521,0.0,0.0,117104.7161333521,0.0,117.87317657470705,17104.716133352144,0.0,8114.475180808928,-0.04247073057332773,False
2024-07-22,117104.7161333521,0.0,0.0,117104.7161333521,0.0,123.48046875,17104.716133352144,0.0,8114.475180808928,-0.04247073057332773,False
2024-07-23,117104.7161333521,0.0,0.0,117104.7161333521,0.0,122.53091430664062,17104.716133352144,0.0,8114.475180808928,-0.04247073057332773,False
2024-07-24,117104.7161333521,0.0,0.0,117104.7161333521,0.0,114.19493865966795,17104.716133352144,0.0,8114.475180808928,-0.04247073057332773,False
2024-07-25,117104.7161333521,0.0,0.0,117104.7161333521,0.0,112.22588348388672,17104.716133352144,0.0,8114.475180808928,-0.04247073057332773,False
2024-07-26,117104.7161333521,0.0,0.0,117104.7161333521,0.0,113.00550079345705,17104.716133352144,0.0,8114.475180808928,-0.04247073057332773,False
2024-07-29,117104.7161333521,0.0,0.0,117104.7161333521,0.0,111.5362319946289,17104.716133352144,0.0,8114.475180808928,-0.04247073057332773,False
2024-07-30,117104.7161333521,0.0,0.0,117104.7161333521,0.0,103.68001556396484,17104.716133352144,0.0,8114.475180808928,-0.04247073057332773,False
2024-07-31,117104.7161333521,0.0,0.0,117104.7161333521,0.0,116.9636001586914,17104.716133352144,0.0,8114.475180808928,-0.04247073057332773,False
2024-08-01,117104.7161333521,0.0,0.0,117104.7161333521,0.0,109.1573715209961,17104.716133352144,0.0,8114.475180808928,-0.04247073057332773,False
2024-08-02,117104.7161333521,0.0,0.0,117104.7161333521,0.0,107.21829223632812,17104.716133352144,0.0,8114.475180808928,-0.04247073057332773,False
2024-08-05,117104.7161333521,0.0,0.0,117104.7161333521,0.0,100.4015884399414,17104.716133352144,0.0,8114.475180808928,-0.04247073057332773,False
2024-08-06,117104.7161333521,0.0,0.0,117104.7161333521,0.0,104.1997528076172,17104.716133352144,0.0,8114.475180808928,-0.04247073057332773,False
2024-08-07,117104.7161333521,0.0,0.0,117104.7161333521,0.0,98.86233520507812,17104.716133352144,0.0,8114.475180808928,-0.04247073057332773,False
2024-08-08,117104.7161333521,0.0,0.0,117104.7161333521,0.0,104.9194107055664,17104.716133352144,0.0,8114.475180808928,-0.04247073057332773,False
2024-08-09,117104.7161333521,0.0,0.0,117104.7161333521,0.0,104.69951629638672,17104.716133352144,0.0,8114.475180808928,-0.04247073057332773,False
2024-08-12,117104.7161333521,0.0,0.0,117104.7161333521,0.0,108.96746826171876,17104.716133352144,0.0,8114.475180808928,-0.04247073057332773,False
2024-08-13,117104.7161333521,0.0,0.0,117104.7161333521,0.0,116.0840301513672,17104.716133352144,0.0,8114.475180808928,-0.04247073057332773,False
2024-08-14,117104.7161333521,0.0,0.0,117104.7161333521,0.0,118.02310180664062,17104.716133352144,0.0,8114.475180808928,-0.04247073057332773,False
2024-08-15,117104.7161333521,0.0,0.0,117104.7161333521,0.0,122.80079650878906,17104.716133352144,0.0,8114.475180808928,-0.04247073057332773,False
2024-08-16,117104.7161333521,0.0,0.0,117104.7161333521,0.0,124.51995849609376,17104.716133352144,0.0,8114.475180808928,-0.04247073057332773,False
2024-08-19,117104.7161333521,0.0,0.0,117104.7161333521,0.0,129.93736267089844,17104.716133352144,0.0,8114.475180808928,-0.04247073057332773,False
2024-08-20,117104.7161333521,0.0,0.0,117104.7161333521,0.0,127.1886749267578,17104.716133352144,0.0,8114.475180808928,-0.04247073057332773,False
2024-08-21,117104.7161333521,0.0,0.0,117104.7161333521,0.0,128.4380645751953,17104.716133352144,0.0,8114.475180808928,-0.04247073057332773,False
2024-08-22,117104.7161333521,0.0,0.0,117104.7161333521,0.0,123.68036651611328,17104.716133352144,0.0,8114.475180808928,-0.04247073057332773,False
2024-08-23,117104.7161333521,0.0,0.0,117104.7161333521,0.0,129.30763244628906,17104.716133352144,0.0,8114.475180808928,-0.04247073057332773,False
2024-08-26,117104.7161333521,0.0,0.0,117104.7161333521,0.0,126.3990478515625,17104.716133352144,0.0,8114.475180808928,-0.04247073057332773,False
2024-08-27,117104.7161333521,0.0,0.0,117104.7161333521,0.0,128.23817443847656,17104.716133352144,0.0,8114.475180808928,-0.04247073057332773,False
2024-08-28,117104.7161333521,0.0,0.0,117104.7161333521,0.0,125.54946899414062,17104.716133352144,0.0,8114.475180808928,-0.04247073057332773,False
2024-08-29,117104.7161333521,0.0,0.0,117104.7161333521,0.0,117.5333251953125,17104.716133352144,0.0,8114.475180808928,-0.04247073057332773,False
2024-08-30,117104.7161333521,0.0,0.0,117104.7161333521,0.0,119.31246948242188,17104.716133352144,0.0,8114.475180808928,-0.04247073057332773,False
2024-09-03,117104.7161333521,0.0,0.0,117104.7161333521,0.0,107.94794464111328,17104.716133352144,0.0,8114.475180808928,-0.04247073057332773,False
2024-09-04,117104.7161333521,0.0,0.0,117104.7161333521,0.0,106.1588134765625,17104.716133352144,0.0,8114.475180808928,-0.04247073057332773,False
2024-09-05,117104.7161333521,0.0,0.0,117104.7161333521,0.0,107.15833282470705,17104.716133352144,0.0,8114.475180808928,-0.04247073057332773,False
2024-09-06,117104.7161333521,0.0,0.0,117104.7161333521,0.0,102.78044891357422,17104.716133352144,0.0,8114.475180808928,-0.04247073057332773,False
2024-09-09,117104.7161333521,0.0,0.0,117104.7161333521,0.0,106.41868591308594,17104.716133352144,0.0,8114.475180808928,-0.04247073057332773,False
2024-09-10,117104.7161333521,0.0,0.0,117104.7161333521,0.0,108.04788970947266,17104.716133352144,0.0,8114.475180808928,-0.04247073057332773,False
2024-09-11,117104.7161333521,0.0,0.0,117104.7161333521,0.0,116.8536605834961,17104.716133352144,0.0,8114.475180808928,-0.04247073057332773,False
2024-09-12,117104.7161333521,0.0,0.0,117104.7161333521,0.0,119.0927734375,17104.716133352144,0.0,8114.475180808928,-0.04247073057332773,False
2024-09-13,117104.7161333521,0.0,0.0,117104.7161333521,0.0,119.0527801513672,17104.716133352144,0.0,8114.475180808928,-0.04247073057332773,False
2024-09-16,117104.7161333521,0.0,0.0,117104.7161333521,0.0,116.73370361328124,17104.716133352144,0.0,8114.475180808928,-0.04247073057332773,False
2024-09-17,117104.7161333521,0.0,0.0,117104.7161333521,0.0,115.54417419433594,17104.716133352144,0.0,8114.475180808928,-0.04247073057332773,False
2024-09-18,117104.7161333521,0.0,0.0,117104.7161333521,0.0,113.3250503540039,17104.716133352144,0.0,8114.475180808928,-0.04247073057332773,False
2024-09-19,117104.7161333521,0.0,0.0,117104.7161333521,0.0,117.82327270507812,17104.716133352144,0.0,8114.475180808928,-0.04247073057332773,False
2024-09-20,117104.7161333521,0.0,0.0,117104.7161333521,0.0,115.95401763916016,17104.716133352144,0.0,8114.475180808928,-0.04247073057332773,False
2024-09-23,117104.7161333521,0.0,0.0,117104.7161333521,0.0,116.2139129638672,17104.716133352144,0.0,8114.475180808928,-0.04247073057332773,False
2024-09-24,116929.32215012691,1.0,-0.0014977533699450651,0.0,967.7809910919384,120.82209014892578,16929.322150126955,0.0,8289.869164034119,-0.04390487326343262,False
2024-09-25,119304.01957480668,0.0,0.020308827426801068,119304.01957480668,0.0,123.4610366821289,19304.019574806705,0.0,8469.094030696322,-0.024487702330934114,False
2024-09-26,119304.01957480668,0.0,0.0,119304.01957480668,0.0,123.99082946777344,19304.019574806705,0.0,8469.094030696322,-0.024487702330934114,False
2024-09-27,119304.01957480668,0.0,0.0,119304.01957480668,0.0,121.35187530517578,19304.019574806705,0.0,8469.094030696322,-0.024487702330934114,False
2024-09-30,119304.01957480668,0.0,0.0,119304.01957480668,0.0,121.3918685913086,19304.019574806705,0.0,8469.094030696322,-0.024487702330934114,False
2024-10-01,119304.01957480668,0.0,0.0,119304.01957480668,0.0,116.95362091064452,19304.019574806705,0.0,8469.094030696322,-0.024487702330934114,False
2024-10-02,119304.01957480668,0.0,0.0,119304.01957480668,0.0,118.8028793334961,19304.019574806705,0.0,8469.094030696322,-0.024487702330934114,False
2024-10-03,119304.01957480668,0.0,0.0,119304.01957480668,0.0,122.80130004882812,19304.019574806705,0.0,8469.094030696322,-0.024487702330934114,False
2024-10-04,119304.01957480668,0.0,0.0,119304.01957480668,0.0,124.87046813964844,19304.019574806705,0.0,8469.094030696322,-0.024487702330934114,False
2024-10-07,119304.01957480668,0.0,0.0,119304.01957480668,0.0,127.66936492919922,19304.019574806705,0.0,8469.094030696322,-0.024487702330934114,False
2024-10-08,119125.33157744052,0.9999999999999999,-0.0014977533699450651,1.4551915228366852e-11,896.7761457084351,132.83731079101562,19125.331577440546,0.0,8647.782028062484,-0.02594877916219085,False
2024-10-09,118731.83086811476,0.0,-0.003303249645688955,118731.83086811476,0.0,132.597412109375,18731.830868114794,0.0,8826.147322306022,-0.02916631351230614,False
2024-10-10,118731.83086811476,0.0,0.0,118731.83086811476,0.0,134.7565460205078,18731.830868114794,0.0,8826.147322306022,-0.02916631351230614,False
2024-10-11,118731.83086811476,0.0,0.0,118731.83086811476,0.0,134.74656677246094,18731.830868114794,0.0,8826.147322306022,-0.02916631351230614,False
2024-10-14,118731.83086811476,0.0,0.0,118731.83086811476,0.0,138.01527404785156,18731.830868114794,0.0,8826.147322306022,-0.02916631351230614,False
2024-10-15,118731.83086811476,0.0,0.0,118731.83086811476,0.0,131.54783630371094,18731.830868114794,0.0,8826.147322306022,-0.02916631351230614,False
2024-10-16,118731.83086811476,0.0,0.0,118731.83086811476,0.0,135.66619873046875,18731.830868114794,0.0,8826.147322306022,-0.02916631351230614,False
2024-10-17,118731.83086811476,0.0,0.0,118731.83086811476,0.0,136.87570190429688,18731.830868114794,0.0,8826.147322306022,-0.02916631351230614,False
2024-10-18,118731.83086811476,0.0,0.0,118731.83086811476,0.0,137.94529724121094,18731.830868114794,0.0,8826.147322306022,-0.02916631351230614,False
2024-10-21,118731.83086811476,0.0,0.0,118731.83086811476,0.0,143.6530303955078,18731.830868114794,0.0,8826.147322306022,-0.02916631351230614,False
2024-10-22,118731.83086811476,0.0,0.0,118731.83086811476,0.0,143.53309631347656,18731.830868114794,0.0,8826.147322306022,-0.02916631351230614,False
2024-10-23,118731.83086811476,0.0,0.0,118731.83086811476,0.0,139.50466918945312,18731.830868114794,0.0,8826.147322306022,-0.02916631351230614,False
2024-10-24,118731.83086811476,0.0,0.0,118731.83086811476,0.0,140.35433959960938,18731.830868114794,0.0,8826.147322306022,-0.02916631351230614,False
2024-10-25,118731.83086811476,0.0,0.0,118731.83086811476,0.0,141.48388671875,18731.830868114794,0.0,8826.147322306022,-0.02916631351230614,False
2024-10-28,118731.83086811476,0.0,0.0,118731.83086811476,0.0,140.4643096923828,18731.830868114794,0.0,8826.147322306022,-0.02916631351230614,False
2024-10-29,118731.83086811476,0.0,0.0,118731.83086811476,0.0,141.19400024414062,18731.830868114794,0.0,8826.147322306022,-0.02916631351230614,False
2024-10-30,118731.83086811476,0.0,0.0,118731.83086811476,0.0,139.28475952148438,18731.830868114794,0.0,8826.147322306022,-0.02916631351230614,False
2024-10-31,118731.83086811476,0.0,0.0,118731.83086811476,0.0,132.70738220214844,18731.830868114794,0.0,8826.147322306022,-0.02916631351230614,False
2024-11-01,118731.83086811476,0.0,0.0,118731.83086811476,0.0,135.34632873535156,18731.830868114794,0.0,8826.147322306022,-0.02916631351230614,False
2024-11-04,118731.83086811476,0.0,0.0,118731.83086811476,0.0,135.99607849121094,18731.830868114794,0.0,8826.147322306022,-0.02916631351230614,False
2024-11-05,118731.83086811476,0.0,0.0,118731.83086811476,0.0,139.8545379638672,18731.830868114794,0.0,8826.147322306022,-0.02916631351230614,False
2024-11-06,118731.83086811476,0.0,0.0,118731.83086811476,0.0,145.55227661132812,18731.830868114794,0.0,8826.147322306022,-0.02916631351230614,False
2024-11-07,118731.83086811476,0.0,0.0,118731.83086811476,0.0,148.8209991455078,18731.830868114794,0.0,8826.147322306022,-0.02916631351230614,False
2024-11-08,118731.83086811476,0.0,0.0,118731.83086811476,0.0,147.57147216796875,18731.830868114794,0.0,8826.147322306022,-0.02916631351230614,False
2024-11-11,118731.83086811476,0.0,0.0,118731.83086811476,0.0,145.20240783691406,18731.830868114794,0.0,8826.147322306022,-0.02916631351230614,False
2024-11-12,118731.83086811476,0.0,0.0,118731.83086811476,0.0,148.231201171875,18731.830868114794,0.0,8826.147322306022,-0.02916631351230614,False
2024-11-13,118731.83086811476,0.0,0.0,118731.83086811476,0.0,146.21200561523438,18731.830868114794,0.0,8826.147322306022,-0.02916631351230614,False
2024-11-14,118731.83086811476,0.0,0.0,118731.83086811476,0.0,146.7018280029297,18731.830868114794,0.0,8826.147322306022,-0.02916631351230614,False
2024-11-15,118731.83086811476,0.0,0.0,118731.83086811476,0.0,141.9237060546875,18731.830868114794,0.0,8826.147322306022,-0.02916631351230614,False
2024-11-18,118731.83086811476,0.0,0.0,118731.83086811476,0.0,140.09442138671875,18731.830868114794,0.0,8826.147322306022,-0.02916631351230614,False
2024-11-19,118731.83086811476,0.0,0.0,118731.83086811476,0.0,146.95172119140625,18731.830868114794,0.0,8826.147322306022,-0.02916631351230614,False
2024-11-20,118731.83086811476,0.0,0.0,118731.83086811476,0.0,145.83216857910156,18731.830868114794,0.0,8826.147322306022,-0.02916631351230614,False
2024-11-21,118731.83086811476,0.0,0.0,118731.83086811476,0.0,146.6118621826172,18731.830868114794,0.0,8826.147322306022,-0.02916631351230614,False
2024-11-22,118731.83086811476,0.0,0.0,118731.83086811476,0.0,141.8937225341797,18731.830868114794,0.0,8826.147322306022,-0.02916631351230614,False
2024-11-25,118731.83086811476,0.0,0.0,118731.83086811476,0.0,135.96607971191406,18731.830868114794,0.0,8826.147322306022,-0.02916631351230614,False
2024-11-26,118731.83086811476,0.0,0.0,118731.83086811476,0.0,136.86570739746094,18731.830868114794,0.0,8826.147322306022,-0.02916631351230614,False
2024-11-27,118731.83086811476,0.0,0.0,118731.83086811476,0.0,135.2863311767578,18731.830868114794,0.0,8826.147322306022,-0.02916631351230614,False
2024-11-29,118731.83086811476,0.0,0.0,118731.83086811476,0.0,138.19520568847656,18731.830868114794,0.0,8826.147322306022,-0.02916631351230614,False
2024-12-02,118731.83086811476,0.0,0.0,118731.83086811476,0.0,138.5750274658203,18731.830868114794,0.0,8826.147322306022,-0.02916631351230614,False
2024-12-03,118731.83086811476,0.0,0.0,118731.83086811476,0.0,140.20440673828125,18731.830868114794,0.0,8826.147322306022,-0.02916631351230614,False
2024-12-04,118731.83086811476,0.0,0.0,118731.83086811476,0.0,145.08245849609375,18731.830868114794,0.0,8826.147322306022,-0.02916631351230614,False
2024-12-05,118731.83086811476,0.0,0.0,118731.83086811476,0.0,145.0124969482422,18731.830868114794,0.0,8826.147322306022,-0.02916631351230614,False
2024-12-06,118731.83086811476,0.0,0.0,118731.83086811476,0.0,142.3933563232422,18731.830868114794,0.0,8826.147322306022,-0.02916631351230614,False
2024-12-09,118731.83086811476,0.0,0.0,118731.83086811476,0.0,138.7645263671875,18731.830868114794,0.0,8826.147322306022,-0.02916631351230614,False
2024-12-10,118731.83086811476,0.0,0.0,118731.83086811476,0.0,135.0257568359375,18731.830868114794,0.0,8826.147322306022,-0.02916631351230614,False
2024-12-11,118731.83086811476,0.0,0.0,118731.83086811476,0.0,139.2643585205078,18731.830868114794,0.0,8826.147322306022,-0.02916631351230614,False
2024-12-12,118731.83086811476,0.0,0.0,118731.83086811476,0.0,137.29501342773438,18731.830868114794,0.0,8826.147322306022,-0.02916631351230614,False
2024-12-13,118731.83086811476,0.0,0.0,118731.83086811476,0.0,134.20602416992188,18731.830868114794,0.0,8826.147322306022,-0.02916631351230614,False
2024-12-16,118731.83086811476,0.0,0.0,118731.83086811476,0.0,131.9567413330078,18731.830868114794,0.0,8826.147322306022,-0.02916631351230614,False
2024-12-17,118731.83086811476,0.0,0.0,118731.83086811476,0.0,130.3472900390625,18731.830868114794,0.0,8826.147322306022,-0.02916631351230614,False
2024-12-18,118731.83086811476,0.0,0.0,118731.83086811476,0.0,128.86778259277344,18731.830868114794,0.0,8826.147322306022,-0.02916631351230614,False
2024-12-19,118731.83086811476,0.0,0.0,118731.83086811476,0.0,130.63717651367188,18731.830868114794,0.0,8826.147322306022,-0.02916631351230614,False
2024-12-20,118731.83086811476,0.0,0.0,118731.83086811476,0.0,134.65586853027344,18731.830868114794,0.0,8826.147322306022,-0.02916631351230614,False
2024-12-23,118731.83086811476,0.0,0.0,118731.83086811476,0.0,139.62423706054688,18731.830868114794,0.0,8826.147322306022,-0.02916631351230614,False
2024-12-24,118731.83086811476,0.0,0.0,118731.83086811476,0.0,140.174072265625,18731.830868114794,0.0,8826.147322306022,-0.02916631351230614,False
2024-12-26,118731.83086811476,0.0,0.0,118731.83086811476,0.0,139.8841552734375,18731.830868114794,0.0,8826.147322306022,-0.02916631351230614,False
2024-12-27,118731.83086811476,0.0,0.0,118731.83086811476,0.0,136.96511840820312,18731.830868114794,0.0,8826.147322306022,-0.02916631351230614,False
2024-12-30,118731.83086811476,0.0,0.0,118731.83086811476,0.0,137.4449462890625,18731.830868114794,0.0,8826.147322306022,-0.02916631351230614,False
2024-12-31,118731.83086811476,0.0,0.0,118731.83086811476,0.0,134.2460174560547,18731.830868114794,0.0,8826.147322306022,-0.02916631351230614,False
2025-01-02,118731.83086811476,0.0,0.0,118731.83086811476,0.0,138.2646942138672,18731.830868114794,0.0,8826.147322306022,-0.02916631351230614,False
2025-01-03,118553.9998683123,0.9999999999999999,-0.0014977533699450651,1.4551915228366852e-11,820.8821275028396,144.4226837158203,18553.999868312327,0.0,9003.97832210849,-0.03062038293789926,False
2025-01-06,123111.21562325023,0.0,0.03844000000000003,123111.21562325023,0.0,149.38104248046875,23111.215623250257,0.0,9188.922561903059,0.0,False
2025-01-07,123111.21562325023,0.0,0.0,123111.21562325023,0.0,140.09408569335938,23111.215623250257,0.0,9188.922561903059,0.0,False
2025-01-08,123111.21562325023,0.0,0.0,123111.21562325023,0.0,140.06410217285156,23111.215623250257,0.0,9188.922561903059,0.0,False
2025-01-10,123111.21562325023,0.0,0.0,123111.21562325023,0.0,135.86549377441406,23111.215623250257,0.0,9188.922561903059,0.0,False
2025-01-13,123111.21562325023,0.0,0.0,123111.21562325023,0.0,133.18637084960938,23111.215623250257,0.0,9188.922561903059,0.0,False
2025-01-14,123111.21562325023,0.0,0.0,123111.21562325023,0.0,131.71682739257812,23111.215623250257,0.0,9188.922561903059,0.0,False
2025-01-15,123111.21562325023,0.0,0.0,123111.21562325023,0.0,136.1953887939453,23111.215623250257,0.0,9188.922561903059,0.0,False
2025-01-16,123111.21562325023,0.0,0.0,123111.21562325023,0.0,133.52626037597656,23111.215623250257,0.0,9188.922561903059,0.0,False
2025-01-17,123111.21562325023,0.0,0.0,123111.21562325023,0.0,137.66490173339844,23111.215623250257,0.0,9188.922561903059,0.0,False
2025-01-21,123111.21562325023,0.0,0.0,123111.21562325023,0.0,140.78387451171875,23111.215623250257,0.0,9188.922561903059,0.0,False
2025-01-22,123111.21562325023,0.0,0.0,123111.21562325023,0.0,147.02183532714844,23111.215623250257,0.0,9188.922561903059,0.0,False
2025-01-23,123111.21562325023,0.0,0.0,123111.21562325023,0.0,147.17178344726562,23111.215623250257,0.0,9188.922561903059,0.0,False
2025-01-24,123111.21562325023,0.0,0.0,123111.21562325023,0.0,142.57327270507812,23111.215623250257,0.0,9188.922561903059,0.0,False
2025-01-27,123111.21562325023,0.0,0.0,123111.21562325023,0.0,118.38121032714844,23111.215623250257,0.0,9188.922561903059,0.0,False
2025-01-28,123111.21562325023,0.0,0.0,123111.21562325023,0.0,128.94775390625,23111.215623250257,0.0,9188.922561903059,0.0,False
2025-01-29,123111.21562325023,0.0,0.0,123111.21562325023,0.0,123.65947723388672,23111.215623250257,0.0,9188.922561903059,0.0,False
2025-01-30,123111.21562325023,0.0,0.0,123111.21562325023,0.0,124.60916900634766,23111.215623250257,0.0,9188.922561903059,0.0,False
2025-01-31,123111.21562325023,0.0,0.0,123111.21562325023,0.0,120.03067016601562,23111.215623250257,0.0,9188.922561903059,0.0,False
2025-02-03,123111.21562325023,0.0,0.0,123111.21562325023,0.0,116.62179565429688,23111.215623250257,0.0,9188.922561903059,0.0,False
2025-02-04,123111.21562325023,0.0,0.0,123111.21562325023,0.0,118.61113739013672,23111.215623250257,0.0,9188.922561903059,0.0,False
2025-02-05,123111.21562325023,0.0,0.0,123111.21562325023,0.0,124.78911590576172,23111.215623250257,0.0,9188.922561903059,0.0,False
2025-02-06,123111.21562325023,0.0,0.0,123111.21562325023,0.0,128.63784790039062,23111.215623250257,0.0,9188.922561903059,0.0,False
2025-02-07,123111.21562325023,0.0,0.0,123111.21562325023,0.0,129.79745483398438,23111.215623250257,0.0,9188.922561903059,0.0,False
2025-02-10,123111.21562325023,0.0,0.0,123111.21562325023,0.0,133.52626037597656,23111.215623250257,0.0,9188.922561903059,0.0,False
2025-02-11,123111.21562325023,0.0,0.0,123111.21562325023,0.0,132.75650024414062,23111.215623250257,0.0,9188.922561903059,0.0,False
2025-02-12,123111.21562325023,0.0,0.0,123111.21562325023,0.0,131.09706115722656,23111.215623250257,0.0,9188.922561903059,0.0,False
2025-02-13,123111.21562325023,0.0,0.0,123111.21562325023,0.0,135.24566650390625,23111.215623250257,0.0,9188.922561903059,0.0,False
2025-02-14,123111.21562325023,0.0,0.0,123111.21562325023,0.0,138.8045196533203,23111.215623250257,0.0,9188.922561903059,0.0,False
2025-02-18,123111.21562325023,0.0,0.0,123111.21562325023,0.0,139.35433959960938,23111.215623250257,0.0,9188.922561903059,0.0,False
2025-02-19,123111.21562325023,0.0,0.0,123111.21562325023,0.0,139.18438720703125,23111.215623250257,0.0,9188.922561903059,0.0,False
2025-02-20,123111.21562325023,0.0,0.0,123111.21562325023,0.0,140.06410217285156,23111.215623250257,0.0,9188.922561903059,0.0,False
2025-02-21,123111.21562325023,0.0,0.0,123111.21562325023,0.0,134.38595581054688,23111.215623250257,0.0,9188.922561903059,0.0,False
2025-02-24,123111.21562325023,0.0,0.0,123111.21562325023,0.0,130.23733520507812,23111.215623250257,0.0,9188.922561903059,0.0,False
2025-02-25,123111.21562325023,0.0,0.0,123111.21562325023,0.0,126.5885238647461,23111.215623250257,0.0,9188.922561903059,0.0,False
2025-02-26,123111.21562325023,0.0,0.0,123111.21562325023,0.0,131.23699951171875,23111.215623250257,0.0,9188.922561903059,0.0,False
2025-02-27,123111.21562325023,0.0,0.0,123111.21562325023,0.0,120.11064910888672,23111.215623250257,0.0,9188.922561903059,0.0,False
2025-02-28,123111.21562325023,0.0,0.0,123111.21562325023,0.0,124.87907409667967,23111.215623250257,0.0,9188.922561903059,0.0,False
2025-03-03,123111.21562325023,0.0,0.0,123111.21562325023,0.0,114.02263641357422,23111.215623250257,0.0,9188.922561903059,0.0,False
2025-03-04,123111.21562325023,0.0,0.0,123111.21562325023,0.0,115.9520034790039,23111.215623250257,0.0,9188.922561903059,0.0,False
2025-03-05,123111.21562325023,0.0,0.0,123111.21562325023,0.0,117.26158142089844,23111.215623250257,0.0,9188.922561903059,0.0,False
2025-03-06,123111.21562325023,0.0,0.0,123111.21562325023,0.0,110.53378295898438,23111.215623250257,0.0,9188.922561903059,0.0,False
2025-03-07,123111.21562325023,0.0,0.0,123111.21562325023,0.0,112.65309143066406,23111.215623250257,0.0,9188.922561903059,0.0,False
2025-03-10,123111.21562325023,0.0,0.0,123111.21562325023,0.0,106.94495391845705,23111.215623250257,0.0,9188.922561903059,0.0,False
2025-03-11,123111.21562325023,0.0,0.0,123111.21562325023,0.0,108.72437286376952,23111.215623250257,0.0,9188.922561903059,0.0,False
2025-03-12,123111.21562325023,0.0,0.0,123111.21562325023,0.0,115.71273040771484,23111.215623250257,0.0,9188.922561903059,0.0,False
2025-03-13,123111.21562325023,0.0,0.0,123111.21562325023,0.0,115.55277252197266,23111.215623250257,0.0,9188.922561903059,0.0,False
2025-03-14,123111.21562325023,0.0,0.0,123111.21562325023,0.0,121.6413345336914,23111.215623250257,0.0,9188.922561903059,0.0,False
2025-03-17,123111.21562325023,0.0,0.0,123111.21562325023,0.0,119.50183868408205,23111.215623250257,0.0,9188.922561903059,0.0,False
2025-03-18,123111.21562325023,0.0,0.0,123111.21562325023,0.0,115.40280151367188,23111.215623250257,0.0,9188.922561903059,0.0,False
2025-03-19,123111.21562325023,0.0,0.0,123111.21562325023,0.0,117.49230194091795,23111.215623250257,0.0,9188.922561903059,0.0,False
2025-03-20,123111.21562325023,0.0,0.0,123111.21562325023,0.0,118.50206756591795,23111.215623250257,0.0,9188.922561903059,0.0,False
2025-03-21,123111.21562325023,0.0,0.0,123111.21562325023,0.0,117.6722640991211,23111.215623250257,0.0,9188.922561903059,0.0,False
2025-03-24,123111.21562325023,0.0,0.0,123111.21562325023,0.0,121.38140106201172,23111.215623250257,0.0,9188.922561903059,0.0,False
2025-03-25,123111.21562325023,0.0,0.0,123111.21562325023,0.0,120.66156768798828,23111.215623250257,0.0,9188.922561903059,0.0,False
2025-03-26,123111.21562325023,0.0,0.0,123111.21562325023,0.0,113.7332000732422,23111.215623250257,0.0,9188.922561903059,0.0,False
2025-03-27,123111.21562325023,0.0,0.0,123111.21562325023,0.0,111.40375518798828,23111.215623250257,0.0,9188.922561903059,0.0,False
2025-03-28,123111.21562325023,0.0,0.0,123111.21562325023,0.0,109.6441650390625,23111.215623250257,0.0,9188.922561903059,0.0,False
2025-03-31,123111.21562325023,0.0,0.0,123111.21562325023,0.0,108.35446166992188,23111.215623250257,0.0,9188.922561903059,0.0,False
2025-04-01,123111.21562325023,0.0,0.0,123111.21562325023,0.0,110.12405395507812,23111.215623250257,0.0,9188.922561903059,0.0,False
2025-04-02,123111.21562325023,0.0,0.0,123111.21562325023,0.0,110.39398193359376,23111.215623250257,0.0,9188.922561903059,0.0,False
2025-04-03,123111.21562325023,0.0,0.0,123111.21562325023,0.0,101.7760238647461,23111.215623250257,0.0,9188.922561903059,0.0,False
2025-04-04,123111.21562325023,0.0,0.0,123111.21562325023,0.0,94.28778076171876,23111.215623250257,0.0,9188.922561903059,0.0,False
2025-04-07,123111.21562325023,0.0,0.0,123111.21562325023,0.0,97.61699676513672,23111.215623250257,0.0,9188.922561903059,0.0,False
2025-04-08,123111.21562325023,0.0,0.0,123111.21562325023,0.0,96.27731323242188,23111.215623250257,0.0,9188.922561903059,0.0,False
2025-04-09,123111.21562325023,0.0,0.0,123111.21562325023,0.0,114.30306243896484,23111.215623250257,0.0,9188.922561903059,0.0,False
2025-04-10,123111.21562325023,0.0,0.0,123111.21562325023,0.0,107.5446548461914,23111.215623250257,0.0,9188.922561903059,0.0,False
2025-04-11,123111.21562325023,0.0,0.0,123111.21562325023,0.0,110.90386199951172,23111.215623250257,0.0,9188.922561903059,0.0,False
2025-04-14,123111.21562325023,0.0,0.0,123111.21562325023,0.0,110.68391418457033,23111.215623250257,0.0,9188.922561903059,0.0,False
2025-04-15,123111.21562325023,0.0,0.0,123111.21562325023,0.0,112.1735610961914,23111.215623250257,0.0,9188.922561903059,0.0,False
2025-04-16,123111.21562325023,0.0,0.0,123111.21562325023,0.0,104.46538543701172,23111.215623250257,0.0,9188.922561903059,0.0,False
2025-04-17,123111.21562325023,0.0,0.0,123111.21562325023,0.0,101.46607971191406,23111.215623250257,0.0,9188.922561903059,0.0,False
2025-04-21,123111.21562325023,0.0,0.0,123111.21562325023,0.0,96.88717651367188,23111.215623250257,0.0,9188.922561903059,0.0,False
2025-04-22,123111.21562325023,0.0,0.0,123111.21562325023,0.0,98.86669921875,23111.215623250257,0.0,9188.922561903059,0.0,False
2025-04-23,123111.21562325023,0.0,0.0,123111.21562325023,0.0,102.68579864501952,23111.215623250257,0.0,9188.922561903059,0.0,False
2025-04-24,123111.21562325023,0.0,0.0,123111.21562325023,0.0,106.40492248535156,23111.215623250257,0.0,9188.922561903059,0.0,False
2025-04-25,123111.21562325023,0.0,0.0,123111.21562325023,0.0,110.98385620117188,23111.215623250257,0.0,9188.922561903059,0.0,False
2025-04-28,123111.21562325023,0.0,0.0,123111.21562325023,0.0,108.7043914794922,23111.215623250257,0.0,9188.922561903059,0.0,False
2025-04-29,123111.21562325023,0.0,0.0,123111.21562325023,0.0,108.99430847167967,23111.215623250257,0.0,9188.922561903059,0.0,False
2025-04-30,123111.21562325023,0.0,0.0,123111.21562325023,0.0,108.8943328857422,23111.215623250257,0.0,9188.922561903059,0.0,False
2025-05-01,123111.21562325023,0.0,0.0,123111.21562325023,0.0,111.58370208740234,23111.215623250257,0.0,9188.922561903059,0.0,False
2025-05-02,123111.21562325023,0.0,0.0,123111.21562325023,0.0,114.47303009033205,23111.215623250257,0.0,9188.922561903059,0.0,False
2025-05-05,123111.21562325023,0.0,0.0,123111.21562325023,0.0,113.79318237304688,23111.215623250257,0.0,9188.922561903059,0.0,False
2025-05-06,123111.21562325023,0.0,0.0,123111.21562325023,0.0,113.51325988769533,23111.215623250257,0.0,9188.922561903059,0.0,False
2025-05-07,123111.21562325023,0.0,0.0,123111.21562325023,0.0,117.0324249267578,23111.215623250257,0.0,9188.922561903059,0.0,False
2025-05-08,123111.21562325023,0.0,0.0,123111.21562325023,0.0,117.34236145019533,23111.215623250257,0.0,9188.922561903059,0.0,False
2025-05-09,123111.21562325023,0.0,0.0,123111.21562325023,0.0,116.62252044677734,23111.215623250257,0.0,9188.922561903059,0.0,False
2025-05-12,122926.82538517247,0.9999999999999999,-0.0014977533699450651,1.4551915228366852e-11,999.6405805764765,122.97102355957033,22926.8253851725,0.0,9373.312799980817,-0.0014977533699450651,False
2025-05-13,127652.1325529785,0.0,0.03844000000000003,127652.1325529785,0.0,129.89938354492188,27652.132552978528,0.0,9565.078647581686,0.0,False
2025-05-14,127460.9411412666,1.0,-0.0014977533699450651,0.0,942.0052161672181,135.30810546875,27460.941141266627,0.0,9756.270059293585,-0.0014977533699450651,False
2025-05-15,126980.63864648163,1.0,-0.003768232765931301,0.0,942.0052161672181,134.79823303222656,27460.941141266627,-480.30249478496694,9756.270059293585,-0.005260342252552452,False
2025-05-16,127517.45915441921,1.0,0.004227577634351887,0.0,942.0052161672181,135.36810302734375,27460.941141266627,56.518013152610806,9756.270059293585,-0.0010550031234566326,False
2025-05-19,127677.5551947279,1.0,0.0012554832990736564,0.0,942.0052161672181,135.53805541992188,27460.941141266627,216.61405346130337,9756.270059293585,0.0,False
2025-05-20,126367.018883602,0.0,-0.010264422036646459,126367.018883602,0.0,134.34835815429688,26367.01888360203,0.0,9946.105340540858,-0.010264422036646459,False
2025-05-21,126367.018883602,0.0,0.0,126367.018883602,0.0,131.76895141601562,26367.01888360203,0.0,9946.105340540858,-0.010264422036646459,False
2025-05-22,126367.018883602,0.0,0.0,126367.018883602,0.0,132.7987060546875,26367.01888360203,0.0,9946.105340540858,-0.010264422036646459,False
2025-05-23,126367.018883602,0.0,0.0,126367.018883602,0.0,131.25906372070312,26367.01888360203,0.0,9946.105340540858,-0.010264422036646459,False
2025-05-27,126367.018883602,0.0,0.0,126367.018883602,0.0,135.4680633544922,26367.01888360203,0.0,9946.105340540858,-0.010264422036646459,False
2025-05-28,126367.018883602,0.0,0.0,126367.018883602,0.0,134.7782440185547,26367.01888360203,0.0,9946.105340540858,-0.010264422036646459,False
2025-05-29,126367.018883602,0.0,0.0,126367.018883602,0.0,139.15721130371094,26367.01888360203,0.0,9946.105340540858,-0.010264422036646459,False
2025-05-30,126367.018883602,0.0,0.0,126367.018883602,0.0,135.09817504882812,26367.01888360203,0.0,9946.105340540858,-0.010264422036646459,False
2025-06-02,126367.018883602,0.0,0.0,126367.018883602,0.0,137.34764099121094,26367.01888360203,0.0,9946.105340540858,-0.010264422036646459,False
2025-06-03,126177.75225521917,1.0,-0.0014977533699450651,0.0,893.6941848709191,141.1867218017578,26177.752255219202,0.0,10135.371968923688,-0.011746801833895648,False
2025-06-04,126612.9942917445,0.0,0.0034494356473000476,126612.9942917445,0.0,141.88656616210938,26612.994291744533,0.0,10325.576767559258,-0.008337886023583208,False
2025-06-05,126423.35925286521,0.9999999999999999,-0.0014977533699450651,1.4551915228366852e-11,903.3012355559321,139.95703125,26423.359252865237,0.0,10515.211806438556,-0.009823151296638244,False
2025-06-06,127793.70207823465,0.0,0.010839316669544852,127793.70207823465,0.0,141.6865997314453,27793.702078234684,0.0,10707.190327337255,0.0,False
2025-06-09,127793.70207823465,0.0,0.0,127793.70207823465,0.0,142.59640502929688,27793.702078234684,0.0,10707.190327337255,0.0,False
2025-06-10,127793.70207823465,0.0,0.0,127793.70207823465,0.0,143.92608642578125,27793.702078234684,0.0,10707.190327337255,0.0,False
2025-06-11,127793.70207823465,0.0,0.0,127793.70207823465,0.0,142.80625915527344,27793.702078234684,0.0,10707.190327337255,0.0,False
2025-06-12,127793.70207823465,0.0,0.0,127793.70207823465,0.0,144.9759063720703,27793.702078234684,0.0,10707.190327337255,0.0,False
2025-06-13,127793.70207823465,0.0,0.0,127793.70207823465,0.0,141.94639587402344,27793.702078234684,0.0,10707.190327337255,0.0,False
2025-06-16,127793.70207823465,0.0,0.0,127793.70207823465,0.0,144.66595458984375,27793.702078234684,0.0,10707.190327337255,0.0,False
2025-06-17,127793.70207823465,0.0,0.0,127793.70207823465,0.0,144.09603881835938,27793.702078234684,0.0,10707.190327337255,0.0,False
2025-06-18,127793.70207823465,0.0,0.0,127793.70207823465,0.0,145.455810546875,27793.702078234684,0.0,10707.190327337255,0.0,False
2025-06-20,127793.70207823465,0.0,0.0,127793.70207823465,0.0,143.8260955810547,27793.702078234684,0.0,10707.190327337255,0.0,False
2025-06-23,127793.70207823465,0.0,0.0,127793.70207823465,0.0,144.1460418701172,27793.702078234684,0.0,10707.190327337255,0.0,False
2025-06-24,127602.29863028922,0.9999999999999999,-0.0014977533699450651,1.4551915228366852e-11,862.9040955182194,147.8754119873047,27602.29863028925,0.0,10898.593775282689,-0.0014977533699450651,False
2025-06-25,132507.33098963753,0.0,0.03843999999999981,132507.33098963753,0.0,154.28436279296875,32507.33098963756,0.0,11097.65336114594,0.0,False
2025-06-26,132308.86768810538,0.9999999999999998,-0.0014977533699449541,2.9103830456733704e-11,853.637363333525,154.99423217773438,32308.8676881054,0.0,11296.116662678098,-0.0014977533699449541,False
2025-06-27,134436.95792971592,0.0,0.016084260101349557,134436.95792971592,0.0,157.72378540039062,34436.95792971595,0.0,11498.075037134357,0.0,False
2025-06-30,134436.95792971592,0.0,0.0,134436.95792971592,0.0,157.96376037597656,34436.95792971595,0.0,11498.075037134357,0.0,False
2025-07-01,134235.60452293154,0.9999999999999998,-0.0014977533699449541,2.9103830456733704e-11,875.785423396201,153.2745361328125,34235.60452293156,0.0,11699.428443918754,-0.0014977533699449541,False
2025-07-02,137694.36628195978,0.9999999999999998,0.025766351418616162,2.9103830456733704e-11,875.785423396201,157.22386169433594,34235.60452293156,3458.761759028243,11699.428443918754,0.0,False
2025-07-03,139315.17392336353,0.0,0.011771052695684014,139315.17392336353,0.0,159.3135223388672,39315.17392336355,0.0,11908.715134840182,0.0,False
2025-07-07,139315.17392336353,0.0,0.0,139315.17392336353,0.0,158.21371459960938,39315.17392336355,0.0,11908.715134840182,0.0,False
2025-07-08,139315.17392336353,0.0,0.0,139315.17392336353,0.0,159.97341918945312,39315.17392336355,0.0,11908.715134840182,0.0,False
2025-07-09,139106.51415213532,1.0,-0.0014977533699451762,0.0,854.1848722374069,162.85293579101562,39106.51415213535,0.0,12117.374906068386,-0.0014977533699451762,False
2025-07-10,140148.45129922288,1.0,0.007490211033165828,0.0,854.1848722374069,164.07273864746094,39106.51415213535,1041.9371470875633,12117.374906068386,0.0,False
2025-07-11,140637.4856742079,0.0,0.0034894026330760664,140637.4856742079,0.0,164.89259338378906,40637.48567420795,0.0,12328.648044287025,0.0,False
2025-07-14,140637.4856742079,0.0,0.0,140637.4856742079,0.0,164.04273986816406,40637.48567420795,0.0,12328.648044287025,0.0,False
2025-07-15,140637.4856742079,0.0,0.0,140637.4856742079,0.0,170.671630859375,40637.48567420795,0.0,12328.648044287025,0.0,False
2025-07-16,140637.4856742079,0.0,0.0,140637.4856742079,0.0,171.34152221679688,40637.48567420795,0.0,12328.648044287025,0.0,False
2025-07-17,140637.4856742079,0.0,0.0,140637.4856742079,0.0,172.97125244140625,40637.48567420795,0.0,12328.648044287025,0.0,False
2025-07-18,140637.4856742079,0.0,0.0,140637.4856742079,0.0,172.38136291503906,40637.48567420795,0.0,12328.648044287025,0.0,False
2025-07-21,140637.4856742079,0.0,0.0,140637.4856742079,0.0,171.35153198242188,40637.48567420795,0.0,12328.648044287025,0.0,False
2025-07-22,140637.4856742079,0.0,0.0,140637.4856742079,0.0,167.00225830078125,40637.48567420795,0.0,12328.648044287025,0.0,False
2025-07-23,140637.4856742079,0.0,0.0,140637.4856742079,0.0,170.75161743164062,40637.48567420795,0.0,12328.648044287025,0.0,False
2025-07-24,140637.4856742079,0.0,0.0,140637.4856742079,0.0,173.7111358642578,40637.48567420795,0.0,12328.648044287025,0.0,False
2025-07-25,140637.4856742079,0.0,0.0,140637.4856742079,0.0,173.47117614746094,40637.48567420795,0.0,12328.648044287025,0.0,False
2025-07-28,140637.4856742079,0.0,0.0,140637.4856742079,0.0,176.7206268310547,40637.48567420795,0.0,12328.648044287025,0.0,False
2025-07-29,140426.84540609876,1.0,-0.0014977533699451762,0.0,800.240283941323,175.48085021972656,40426.8454060988,0.0,12539.288312396173,-0.0014977533699451762,False
2025-07-30,143435.2438392616,1.0,0.0214232430021688,0.0,800.240283941323,179.24021911621094,40426.8454060988,3008.3984331628344,12539.288312396173,0.0,False
2025-07-31,142101.61065087683,0.0,-0.009297806819914323,142101.61065087683,0.0,177.84043884277344,42101.610650876864,0.0,12752.760937309858,-0.009297806819914323,False
2025-08-01,142101.61065087683,0.0,0.0,142101.61065087683,0.0,173.69113159179688,42101.610650876864,0.0,12752.760937309858,-0.009297806819914323,False
2025-08-04,142101.61065087683,0.0,0.0,142101.61065087683,0.0,179.9700927734375,42101.610650876864,0.0,12752.760937309858,-0.009297806819914323,False
2025-08-05,142101.61065087683,0.0,0.0,142101.61065087683,0.0,178.23037719726562,42101.610650876864,0.0,12752.760937309858,-0.009297806819914323,False
2025-08-06,142101.61065087683,0.0,0.0,142101.61065087683,0.0,179.3901824951172,42101.610650876864,0.0,12752.760937309858,-0.009297806819914323,False
2025-08-07,141888.77748464985,1.0,-0.0014977533699450651,0.0,785.0437595923818,180.73995971679688,41888.77748464989,0.0,12965.594103536834,-0.01078163436836177,False
2025-08-08,143188.54915371764,0.0,0.009160496637645732,143188.54915371764,0.0,182.6696319580078,43188.54915371767,0.0,13180.699585490342,-0.0017199028560958007,False
2025-08-11,142974.0880216851,1.0,-0.0014977533699451762,0.0,785.4435682254568,182.0297393798828,42974.088021685144,0.0,13395.16071752287,-0.0032150802357422403,False
2025-08-12,143837.93692168748,1.0,0.006041996224318336,0.0,785.4435682254568,183.1295623779297,42974.088021685144,863.8489000023571,13395.16071752287,0.0,False
2025-08-13,142391.08102764876,0.0,-0.010058931078985478,142391.08102764876,0.0,181.559814453125,42391.08102764878,0.0,13609.068200288491,-0.010058931078985478,False
2025-08-14,142391.08102764876,0.0,0.0,142391.08102764876,0.0,181.98974609375,42391.08102764878,0.0,13609.068200288491,-0.010058931078985478,False
2025-08-15,142391.08102764876,0.0,0.0,142391.08102764876,0.0,180.4200134277344,42391.08102764878,0.0,13609.068200288491,-0.010058931078985478,False
2025-08-18,142391.08102764876,0.0,0.0,142391.08102764876,0.0,181.979736328125,42391.08102764878,0.0,13609.068200288491,-0.010058931078985478,False
2025-08-19,142391.08102764876,0.0,0.0,142391.08102764876,0.0,175.61080932617188,42391.08102764878,0.0,13609.068200288491,-0.010058931078985478,False
2025-08-20,142391.08102764876,0.0,0.0,142391.08102764876,0.0,175.370849609375,42391.08102764878,0.0,13609.068200288491,-0.010058931078985478,False
2025-08-21,142391.08102764876,0.0,0.0,142391.08102764876,0.0,174.95091247558594,42391.08102764878,0.0,13609.068200288491,-0.010058931078985478,False
2025-08-22,142391.08102764876,0.0,0.0,142391.08102764876,0.0,177.96043395996094,42391.08102764878,0.0,13609.068200288491,-0.010058931078985478,False
2025-08-25,142391.08102764876,0.0,0.0,142391.08102764876,0.0,179.78012084960938,42391.08102764878,0.0,13609.068200288491,-0.010058931078985478,False
2025-08-26,142391.08102764876,0.0,0.0,142391.08102764876,0.0,181.7397918701172,42391.08102764878,0.0,13609.068200288491,-0.010058931078985478,False
2025-08-27,142391.08102764876,0.0,0.0,142391.08102764876,0.0,181.56982421875,42391.08102764878,0.0,13609.068200288491,-0.010058931078985478,False
2025-08-28,142391.08102764876,0.0,0.0,142391.08102764876,0.0,180.1400604248047,42391.08102764878,0.0,13609.068200288491,-0.010058931078985478,False
2025-08-29,142391.08102764876,0.0,0.0,142391.08102764876,0.0,174.1510467529297,42391.08102764878,0.0,13609.068200288491,-0.010058931078985478,False
2025-09-02,142391.08102764876,0.0,0.0,142391.08102764876,0.0,170.75161743164062,42391.08102764878,0.0,13609.068200288491,-0.010058931078985478,False
2025-09-03,142391.08102764876,0.0,0.0,142391.08102764876,0.0,170.59165954589844,42391.08102764878,0.0,13609.068200288491,-0.010058931078985478,False
2025-09-04,142391.08102764876,0.0,0.0,142391.08102764876,0.0,171.63148498535156,42391.08102764878,0.0,13609.068200288491,-0.010058931078985478,False
2025-09-05,142391.08102764876,0.0,0.0,142391.08102764876,0.0,166.9922637939453,42391.08102764878,0.0,13609.068200288491,-0.010058931078985478,False
2025-09-08,142391.08102764876,0.0,0.0,142391.08102764876,0.0,168.2820281982422,42391.08102764878,0.0,13609.068200288491,-0.010058931078985478,False
2025-09-09,142391.08102764876,0.0,0.0,142391.08102764876,0.0,170.7316131591797,42391.08102764878,0.0,13609.068200288491,-0.010058931078985478,False
2025-09-10,142391.08102764876,0.0,0.0,142391.08102764876,0.0,177.300537109375,42391.08102764878,0.0,13609.068200288491,-0.010058931078985478,False
2025-09-11,142391.08102764876,0.0,0.0,142391.08102764876,0.0,177.1505584716797,42391.08102764878,0.0,13609.068200288491,-0.010058931078985478,False
2025-09-12,142391.08102764876,0.0,0.0,142391.08102764876,0.0,177.80047607421875,42391.08102764878,0.0,13609.068200288491,-0.010058931078985478,False
2025-09-15,142391.08102764876,0.0,0.0,142391.08102764876,0.0,177.73048400878906,42391.08102764878,0.0,13609.068200288491,-0.010058931078985478,False
2025-09-16,142391.08102764876,0.0,0.0,142391.08102764876,0.0,174.86080932617188,42391.08102764878,0.0,13609.068200288491,-0.010058931078985478,False
2025-09-17,142391.08102764876,0.0,0.0,142391.08102764876,0.0,170.27130126953125,42391.08102764878,0.0,13609.068200288491,-0.010058931078985478,False
2025-09-18,142391.08102764876,0.0,0.0,142391.08102764876,0.0,176.2206573486328,42391.08102764878,0.0,13609.068200288491,-0.010058931078985478,False
2025-09-19,142177.81430618948,1.0,-0.0014977533699450651,0.0,804.853327235922,176.6505889892578,42177.814306189495,0.0,13822.334921747775,-0.01154161865100889,False
2025-09-22,147643.12948811942,0.0,0.03844000000000003,147643.12948811942,0.0,183.58984375,47643.12948811942,0.0,14044.13231206543,0.0,False
2025-09-23,147643.12948811942,0.0,0.0,147643.12948811942,0.0,178.410400390625,47643.12948811942,0.0,14044.13231206543,0.0,False
2025-09-24,147643.12948811942,0.0,0.0,147643.12948811942,0.0,176.9505615234375,47643.12948811942,0.0,14044.13231206543,0.0,False
2025-09-25,147643.12948811942,0.0,0.0,147643.12948811942,0.0,177.67050170898438,47643.12948811942,0.0,14044.13231206543,0.0,False
2025-09-26,147643.12948811942,0.0,0.0,147643.12948811942,0.0,178.17044067382812,47643.12948811942,0.0,14044.13231206543,0.0,False
2025-09-29,147643.12948811942,0.0,0.0,147643.12948811942,0.0,181.83004760742188,47643.12948811942,0.0,14044.13231206543,0.0,False
2025-09-30,147421.99649337935,1.0,-0.0014977533699450651,0.0,790.2143239142978,186.55950927734375,47421.99649337935,0.0,14265.265306805499,-0.0014977533699450651,False
2025-10-01,147943.49261015936,1.0,0.0035374376225016935,0.0,790.2143239142978,187.21945190429688,47421.99649337935,521.4961167799893,14265.265306805499,0.0,False
2025-10-02,149023.32593387482,0.0,0.007298957897126979,149023.32593387482,0.0,188.8692626953125,49023.32593387482,0.0,14489.136101898952,0.0,False
2025-10-03,149023.32593387482,0.0,0.0,149023.32593387482,0.0,187.59939575195312,49023.32593387482,0.0,14489.136101898952,0.0,False
2025-10-06,149023.32593387482,0.0,0.0,149023.32593387482,0.0,185.5196228027344,49023.32593387482,0.0,14489.136101898952,0.0,False
2025-10-07,149023.32593387482,0.0,0.0,149023.32593387482,0.0,185.01968383789065,49023.32593387482,0.0,14489.136101898952,0.0,False
2025-10-08,149023.32593387482,0.0,0.0,149023.32593387482,0.0,189.0892333984375,49023.32593387482,0.0,14489.136101898952,0.0,False
2025-10-09,148800.12574525693,1.0,-0.0014977533699451762,0.0,772.7915231191763,192.54885864257812,48800.12574525693,0.0,14712.336290516838,-0.0014977533699451762,False
2025-10-10,144862.50241772304,0.0,-0.026462500000000166,144862.50241772304,0.0,183.139892578125,44862.502417723066,0.0,14929.956474419276,-0.027920619071393094,False
2025-10-13,144862.50241772304,0.0,0.0,144862.50241772304,0.0,188.29933166503903,44862.502417723066,0.0,14929.956474419276,-0.027920619071393094,False
2025-10-14,144862.50241772304,0.0,0.0,144862.50241772304,0.0,180.01022338867188,44862.502417723066,0.0,14929.956474419276,-0.027920619071393094,False
2025-10-15,144862.50241772304,0.0,0.0,144862.50241772304,0.0,179.8102569580078,44862.502417723066,0.0,14929.956474419276,-0.027920619071393094,False
2025-10-16,144862.50241772304,0.0,0.0,144862.50241772304,0.0,181.7900390625,44862.502417723066,0.0,14929.956474419276,-0.027920619071393094,False
2025-10-17,144862.50241772304,0.0,0.0,144862.50241772304,0.0,183.19989013671875,44862.502417723066,0.0,14929.956474419276,-0.027920619071393094,False
2025-10-20,144862.50241772304,0.0,0.0,144862.50241772304,0.0,182.6199493408203,44862.502417723066,0.0,14929.956474419276,-0.027920619071393094,False
2025-10-21,144862.50241772304,0.0,0.0,144862.50241772304,0.0,181.14010620117188,44862.502417723066,0.0,14929.956474419276,-0.027920619071393094,False
2025-10-22,144862.50241772304,0.0,0.0,144862.50241772304,0.0,180.2602081298828,44862.502417723066,0.0,14929.956474419276,-0.027920619071393094,False
2025-10-23,144862.50241772304,0.0,0.0,144862.50241772304,0.0,182.13999938964844,44862.502417723066,0.0,14929.956474419276,-0.027920619071393094,False
2025-10-24,144862.50241772304,0.0,0.0,144862.50241772304,0.0,186.23953247070312,44862.502417723066,0.0,14929.956474419276,-0.027920619071393094,False
2025-10-27,144862.50241772304,0.0,0.0,144862.50241772304,0.0,191.4689788818359,44862.502417723066,0.0,14929.956474419276,-0.027920619071393094,False
2025-10-28,144645.53411654822,0.9999999999999998,-0.0014977533699450651,2.9103830456733704e-11,719.6011163726039,201.0079345703125,44645.534116548246,0.0,15146.924775594098,-0.029376554240033048,False
2025-10-29,150205.70844798835,0.0,0.03844000000000003,150205.70844798835,0.0,207.01727294921875,50205.70844798836,0.0,15372.571808815914,0.0,False
2025-10-30,149980.7373419754,1.0,-0.0014977533699450651,0.0,739.3031093878521,202.8677215576172,49980.7373419754,0.0,15597.542914828877,-0.0014977533699450651,False
2025-10-31,149685.05445317892,1.0,-0.0019714724306379994,0.0,739.3031093878521,202.4677734375,49980.7373419754,-295.6828887964629,15597.542914828877,-0.0034662730211063586,False
2025-11-03,155438.94794635914,0.0,0.03844000000000025,155438.94794635914,0.0,206.85728454589844,55438.94794635915,0.0,15831.051599775836,0.0,False
2025-11-04,155438.94794635914,0.0,0.0,155438.94794635914,0.0,198.66818237304688,55438.94794635915,0.0,15831.051599775836,0.0,False
2025-11-05,155438.94794635914,0.0,0.0,155438.94794635914,0.0,195.18858337402344,55438.94794635915,0.0,15831.051599775836,0.0,False
2025-11-06,155438.94794635914,0.0,0.0,155438.94794635914,0.0,188.05935668945312,55438.94794635915,0.0,15831.051599775836,0.0,False
2025-11-07,155438.94794635914,0.0,0.0,155438.94794635914,0.0,188.1293487548828,55438.94794635915,0.0,15831.051599775836,0.0,False
2025-11-10,155438.94794635914,0.0,0.0,155438.94794635914,0.0,199.0281524658203,55438.94794635915,0.0,15831.051599775836,0.0,False
2025-11-11,155438.94794635914,0.0,0.0,155438.94794635914,0.0,193.1387939453125,55438.94794635915,0.0,15831.051599775836,0.0,False
2025-11-12,155438.94794635914,0.0,0.0,155438.94794635914,0.0,193.7787322998047,55438.94794635915,0.0,15831.051599775836,0.0,False
2025-11-13,155438.94794635914,0.0,0.0,155438.94794635914,0.0,186.8394775390625,55438.94794635915,0.0,15831.051599775836,0.0,False
2025-11-14,155438.94794635914,0.0,0.0,155438.94794635914,0.0,190.1491241455078,55438.94794635915,0.0,15831.051599775836,0.0,False
2025-11-17,155438.94794635914,0.0,0.0,155438.94794635914,0.0,186.5795135498047,55438.94794635915,0.0,15831.051599775836,0.0,False
2025-11-18,155438.94794635914,0.0,0.0,155438.94794635914,0.0,181.340087890625,55438.94794635915,0.0,15831.051599775836,0.0,False
2025-11-19,155438.94794635914,0.0,0.0,155438.94794635914,0.0,186.49951171875,55438.94794635915,0.0,15831.051599775836,0.0,False
2025-11-20,155438.94794635914,0.0,0.0,155438.94794635914,0.0,180.6201629638672,55438.94794635915,0.0,15831.051599775836,0.0,False
2025-11-21,155438.94794635914,0.0,0.0,155438.94794635914,0.0,178.86036682128906,55438.94794635915,0.0,15831.051599775836,0.0,False
2025-11-24,155438.94794635914,0.0,0.0,155438.94794635914,0.0,182.52996826171875,55438.94794635915,0.0,15831.051599775836,0.0,False
2025-11-25,155438.94794635914,0.0,0.0,155438.94794635914,0.0,177.80047607421875,55438.94794635915,0.0,15831.051599775836,0.0,False
2025-11-26,155438.94794635914,0.0,0.0,155438.94794635914,0.0,180.24020385742188,55438.94794635915,0.0,15831.051599775836,0.0,False
2025-11-28,155438.94794635914,0.0,0.0,155438.94794635914,0.0,176.98056030273438,55438.94794635915,0.0,15831.051599775836,0.0,False
2025-12-01,155438.94794635914,0.0,0.0,155438.94794635914,0.0,179.90025329589844,55438.94794635915,0.0,15831.051599775836,0.0,False
2025-12-02,155438.94794635914,0.0,0.0,155438.94794635914,0.0,181.44007873535156,55438.94794635915,0.0,15831.051599775836,0.0,False
2025-12-03,155438.94794635914,0.0,0.0,155438.94794635914,0.0,179.57028198242188,55438.94794635915,0.0,15831.051599775836,0.0,False
2025-12-04,155438.94794635914,0.0,0.0,155438.94794635914,0.0,183.37008666992188,55438.94794635915,0.0,15831.051599775836,0.0,False
2025-12-05,155438.94794635914,0.0,0.0,155438.94794635914,0.0,182.4001312255859,55438.94794635915,0.0,15831.051599775836,0.0,False
2025-12-08,155438.94794635914,0.0,0.0,155438.94794635914,0.0,185.5399627685547,55438.94794635915,0.0,15831.051599775836,0.0,False
2025-12-09,155438.94794635914,0.0,0.0,155438.94794635914,0.0,184.95999145507812,55438.94794635915,0.0,15831.051599775836,0.0,False
2025-12-10,155438.94794635914,0.0,0.0,155438.94794635914,0.0,183.77005004882812,55438.94794635915,0.0,15831.051599775836,0.0,False
2025-12-11,155438.94794635914,0.0,0.0,155438.94794635914,0.0,180.92019653320312,55438.94794635915,0.0,15831.051599775836,0.0,False
2025-12-12,155438.94794635914,0.0,0.0,155438.94794635914,0.0,175.01052856445312,55438.94794635915,0.0,15831.051599775836,0.0,False
2025-12-15,155438.94794635914,0.0,0.0,155438.94794635914,0.0,176.28045654296875,55438.94794635915,0.0,15831.051599775836,0.0,False
2025-12-16,155438.94794635914,0.0,0.0,155438.94794635914,0.0,177.71038818359375,55438.94794635915,0.0,15831.051599775836,0.0,False
2025-12-17,155438.94794635914,0.0,0.0,155438.94794635914,0.0,170.93075561523438,55438.94794635915,0.0,15831.051599775836,0.0,False
2025-12-18,155438.94794635914,0.0,0.0,155438.94794635914,0.0,174.1305694580078,55438.94794635915,0.0,15831.051599775836,0.0,False
2025-12-19,155438.94794635914,0.0,0.0,155438.94794635914,0.0,180.9802093505859,55438.94794635915,0.0,15831.051599775836,0.0,False
2025-12-22,155438.94794635914,0.0,0.0,155438.94794635914,0.0,183.6800537109375,55438.94794635915,0.0,15831.051599775836,0.0,False
2025-12-23,155438.94794635914,0.0,0.0,155438.94794635914,0.0,189.19976806640625,55438.94794635915,0.0,15831.051599775836,0.0,False
2025-12-24,155438.94794635914,0.0,0.0,155438.94794635914,0.0,188.59979248046875,55438.94794635915,0.0,15831.051599775836,0.0,False
2025-12-26,155438.94794635914,0.0,0.0,155438.94794635914,0.0,190.51968383789065,55438.94794635915,0.0,15831.051599775836,0.0,False
2025-12-29,155438.94794635914,0.0,0.0,155438.94794635914,0.0,188.20980834960935,55438.94794635915,0.0,15831.051599775836,0.0,False
2025-12-30,155438.94794635914,0.0,0.0,155438.94794635914,0.0,187.52984619140625,55438.94794635915,0.0,15831.051599775836,0.0,False
2025-12-31,155438.94794635914,0.0,0.0,155438.94794635914,0.0,186.4899139404297,55438.94794635915,0.0,15831.051599775836,0.0,False
2026-01-02,155206.13873825176,1.0,-0.0014977533699451762,0.0,821.8932287833636,188.83978271484375,55206.13873825177,0.0,16063.860807883213,-0.0014977533699451762,False
2026-01-05,154374.27599702502,0.0,-0.005359728345730175,154374.27599702502,0.0,188.1098175048828,54374.27599702505,0.0,16295.770085795619,-0.0068494541644834595,False
2026-01-06,154374.27599702502,0.0,0.0,154374.27599702502,0.0,187.22987365722656,54374.27599702505,0.0,16295.770085795619,-0.0068494541644834595,False
2026-01-07,154374.27599702502,0.0,0.0,154374.27599702502,0.0,189.09976196289065,54374.27599702505,0.0,16295.770085795619,-0.0068494541644834595,False
2026-01-08,154374.27599702502,0.0,0.0,154374.27599702502,0.0,185.0299835205078,54374.27599702505,0.0,16295.770085795619,-0.0068494541644834595,False
2026-01-09,154374.27599702502,0.0,0.0,154374.27599702502,0.0,184.84999084472656,54374.27599702505,0.0,16295.770085795619,-0.0068494541644834595,False
2026-01-12,154374.27599702502,0.0,0.0,154374.27599702502,0.0,184.92999267578125,54374.27599702505,0.0,16295.770085795619,-0.0068494541644834595,False
2026-01-13,154374.27599702502,0.0,0.0,154374.27599702502,0.0,185.79994201660156,54374.27599702505,0.0,16295.770085795619,-0.0068494541644834595,False
2026-01-14,154374.27599702502,0.0,0.0,154374.27599702502,0.0,183.1300811767578,54374.27599702505,0.0,16295.770085795619,-0.0068494541644834595,False
2026-01-15,154374.27599702502,0.0,0.0,154374.27599702502,0.0,187.03988647460935,54374.27599702505,0.0,16295.770085795619,-0.0068494541644834595,False
2026-01-16,154374.27599702502,0.0,0.0,154374.27599702502,0.0,186.21990966796875,54374.27599702505,0.0,16295.770085795619,-0.0068494541644834595,False
2026-01-20,154374.27599702502,0.0,0.0,154374.27599702502,0.0,178.06036376953125,54374.27599702505,0.0,16295.770085795619,-0.0068494541644834595,False
2026-01-21,154374.27599702502,0.0,0.0,154374.27599702502,0.0,183.31008911132812,54374.27599702505,0.0,16295.770085795619,-0.0068494541644834595,False
2026-01-22,154374.27599702502,0.0,0.0,154374.27599702502,0.0,184.8299865722656,54374.27599702505,0.0,16295.770085795619,-0.0068494541644834595,False
2026-01-23,154374.27599702502,0.0,0.0,154374.27599702502,0.0,187.6598358154297,54374.27599702505,0.0,16295.770085795619,-0.0068494541644834595,False
2026-01-26,154374.27599702502,0.0,0.0,154374.27599702502,0.0,186.4599151611328,54374.27599702505,0.0,16295.770085795619,-0.0068494541644834595,False
2026-01-27,154374.27599702502,0.0,0.0,154374.27599702502,0.0,188.50979614257812,54374.27599702505,0.0,16295.770085795619,-0.0068494541644834595,False
2026-01-28,154374.27599702502,0.0,0.0,154374.27599702502,0.0,191.5096435546875,54374.27599702505,0.0,16295.770085795619,-0.0068494541644834595,False
2026-01-29,154143.06140491765,0.9999999999999998,-0.0014977533699450651,2.9103830456733704e-11,800.7449533510184,192.49957275390625,54143.06140491767,0.0,16526.984677902994,-0.008336948741371364,False
2026-01-30,152808.5456156411,0.0,-0.008657644250174235,152808.5456156411,0.0,191.11965942382812,52808.545615641124,0.0,16756.541832057686,-0.016922414655210938,False
2026-02-02,152808.5456156411,0.0,0.0,152808.5456156411,0.0,185.59996032714844,52808.545615641124,0.0,16756.541832057686,-0.016922414655210938,False
2026-02-03,152808.5456156411,0.0,0.0,152808.5456156411,0.0,180.33023071289065,52808.545615641124,0.0,16756.541832057686,-0.016922414655210938,False
2026-02-04,152808.5456156411,0.0,0.0,152808.5456156411,0.0,174.18057250976562,52808.545615641124,0.0,16756.541832057686,-0.016922414655210938,False
2026-02-05,152808.5456156411,0.0,0.0,152808.5456156411,0.0,171.87069702148438,52808.545615641124,0.0,16756.541832057686,-0.016922414655210938,False
2026-02-06,152808.5456156411,0.0,0.0,152808.5456156411,0.0,185.39996337890625,52808.545615641124,0.0,16756.541832057686,-0.016922414655210938,False
2026-02-09,152808.5456156411,0.0,0.0,152808.5456156411,0.0,190.0297088623047,52808.545615641124,0.0,16756.541832057686,-0.016922414655210938,False
2026-02-10,152808.5456156411,0.0,0.0,152808.5456156411,0.0,188.52978515625,52808.545615641124,0.0,16756.541832057686,-0.016922414655210938,False
2026-02-11,152808.5456156411,0.0,0.0,152808.5456156411,0.0,190.0397186279297,52808.545615641124,0.0,16756.541832057686,-0.016922414655210938,False
2026-02-12,152808.5456156411,0.0,0.0,152808.5456156411,0.0,186.9298858642578,52808.545615641124,0.0,16756.541832057686,-0.016922414655210938,False
2026-02-13,152808.5456156411,0.0,0.0,152808.5456156411,0.0,182.80010986328125,52808.545615641124,0.0,16756.541832057686,-0.016922414655210938,False
2026-02-17,152808.5456156411,0.0,0.0,152808.5456156411,0.0,184.95999145507812,52808.545615641124,0.0,16756.541832057686,-0.016922414655210938,False
2026-02-18,152579.67610148888,1.0,-0.0014977533699450651,0.0,811.7243376165333,187.9698181152344,52579.67610148889,0.0,16985.41134620992,-0.018394822421578527,False
2026-02-19,152285.97693051718,0.0,-0.0019248905127858817,152285.97693051718,0.0,187.88983154296875,52285.97693051719,0.0,17214.183469791067,-0.020284304915200724,False
2026-02-20,152057.8900953741,1.0,-0.0014977533699451762,0.0,801.1068956212044,189.8097381591797,52057.890095374125,0.0,17442.27030493413,-0.02175167739910211,False
2026-02-23,153213.5626661862,0.0,0.007600214432064156,153213.5626661862,0.0,191.5396423339844,53213.56266618623,0.0,17672.43589732199,-0.014316780379528327,False
2026-02-24,153213.5626661862,0.0,0.0,153213.5626661862,0.0,192.83956909179688,53213.56266618623,0.0,17672.43589732199,-0.014316780379528327,False
2026-02-25,153213.5626661862,0.0,0.0,153213.5626661862,0.0,195.5494079589844,53213.56266618623,0.0,17672.43589732199,-0.014316780379528327,False
2026-02-26,153213.5626661862,0.0,0.0,153213.5626661862,0.0,184.87998962402344,53213.56266618623,0.0,17672.43589732199,-0.014316780379528327,False
2026-02-27,153213.5626661862,0.0,0.0,153213.5626661862,0.0,177.180419921875,53213.56266618623,0.0,17672.43589732199,-0.014316780379528327,False
2026-03-02,153213.5626661862,0.0,0.0,153213.5626661862,0.0,182.4701232910156,53213.56266618623,0.0,17672.43589732199,-0.014316780379528327,False
2026-03-03,153213.5626661862,0.0,0.0,153213.5626661862,0.0,180.04025268554688,53213.56266618623,0.0,17672.43589732199,-0.014316780379528327,False
2026-03-04,153213.5626661862,0.0,0.0,153213.5626661862,0.0,183.03009033203125,53213.56266618623,0.0,17672.43589732199,-0.014316780379528327,False
2026-03-05,153213.5626661862,0.0,0.0,153213.5626661862,0.0,183.330078125,53213.56266618623,0.0,17672.43589732199,-0.014316780379528327,False
2026-03-06,153213.5626661862,0.0,0.0,153213.5626661862,0.0,177.8103790283203,53213.56266618623,0.0,17672.43589732199,-0.014316780379528327,False
2026-03-09,153213.5626661862,0.0,0.0,153213.5626661862,0.0,182.64010620117188,53213.56266618623,0.0,17672.43589732199,-0.014316780379528327,False
2026-03-10,153213.5626661862,0.0,0.0,153213.5626661862,0.0,184.760009765625,53213.56266618623,0.0,17672.43589732199,-0.014316780379528327,False
2026-03-11,153213.5626661862,0.0,0.0,153213.5626661862,0.0,186.02999877929688,53213.56266618623,0.0,17672.43589732199,-0.014316780379528327,False
2026-03-12,153213.5626661862,0.0,0.0,153213.5626661862,0.0,183.13999938964844,53213.56266618623,0.0,17672.43589732199,-0.014316780379528327,False
2026-03-13,153213.5626661862,0.0,0.0,153213.5626661862,0.0,180.25,53213.56266618623,0.0,17672.43589732199,-0.014316780379528327,False
2026-03-16,153213.5626661862,0.0,0.0,153213.5626661862,0.0,183.22000122070312,53213.56266618623,0.0,17672.43589732199,-0.014316780379528327,False
2026-03-17,153213.5626661862,0.0,0.0,153213.5626661862,0.0,181.92999267578125,53213.56266618623,0.0,17672.43589732199,-0.014316780379528327,False
2026-03-18,153213.5626661862,0.0,0.0,153213.5626661862,0.0,180.3999938964844,53213.56266618623,0.0,17672.43589732199,-0.014316780379528327,False
2026-03-19,153213.5626661862,0.0,0.0,153213.5626661862,0.0,178.55999755859375,53213.56266618623,0.0,17672.43589732199,-0.014316780379528327,False
2026-03-20,153213.5626661862,0.0,0.0,153213.5626661862,0.0,172.6999969482422,53213.56266618623,0.0,17672.43589732199,-0.014316780379528327,False
2026-03-23,153213.5626661862,0.0,0.0,153213.5626661862,0.0,175.63999938964844,53213.56266618623,0.0,17672.43589732199,-0.014316780379528327,False
2026-03-24,153213.5626661862,0.0,0.0,153213.5626661862,0.0,175.1999969482422,53213.56266618623,0.0,17672.43589732199,-0.014316780379528327,False
2026-03-25,153213.5626661862,0.0,0.0,153213.5626661862,0.0,178.67999267578125,53213.56266618623,0.0,17672.43589732199,-0.014316780379528327,False
2026-03-26,153213.5626661862,0.0,0.0,153213.5626661862,0.0,171.24000549316406,53213.56266618623,0.0,17672.43589732199,-0.014316780379528327,False
2026-03-27,153213.5626661862,0.0,0.0,153213.5626661862,0.0,167.52000427246094,53213.56266618623,0.0,17672.43589732199,-0.014316780379528327,False
2026-03-30,153213.5626661862,0.0,0.0,153213.5626661862,0.0,165.1699981689453,53213.56266618623,0.0,17672.43589732199,-0.014316780379528327,False
2026-03-31,153213.5626661862,0.0,0.0,153213.5626661862,0.0,174.39999389648438,53213.56266618623,0.0,17672.43589732199,-0.014316780379528327,False
2026-04-01,153213.5626661862,0.0,0.0,153213.5626661862,0.0,175.75,53213.56266618623,0.0,17672.43589732199,-0.014316780379528327,False
2026-04-02,153213.5626661862,0.0,0.0,153213.5626661862,0.0,177.38999938964844,53213.56266618623,0.0,17672.43589732199,-0.014316780379528327,False
2026-04-06,153213.5626661862,0.0,0.0,153213.5626661862,0.0,177.63999938964844,53213.56266618623,0.0,17672.43589732199,-0.014316780379528327,False
2026-04-07,153213.5626661862,0.0,0.0,153213.5626661862,0.0,178.10000610351562,53213.56266618623,0.0,17672.43589732199,-0.014316780379528327,False
2026-04-08,153213.5626661862,0.0,0.0,153213.5626661862,0.0,182.0800018310547,53213.56266618623,0.0,17672.43589732199,-0.014316780379528327,False
2026-04-09,153213.5626661862,0.0,0.0,153213.5626661862,0.0,183.91000366210935,53213.56266618623,0.0,17672.43589732199,-0.014316780379528327,False
2026-04-10,152984.08653638163,0.9999999999999998,-0.0014977533699450651,2.9103830456733704e-11,811.0273157837421,188.6300048828125,52984.08653638166,0.0,17901.912027126564,-0.015793090743413063,False
2026-04-13,153305.27580221664,0.0,0.0020994946148116256,153305.27580221664,0.0,189.30999755859375,53305.275802216674,0.0,18132.215395883024,-0.013726753637568478,False
2026-04-14,153075.6623087535,1.0,-0.0014977533699451762,0.0,778.9713835823679,196.5099945068359,53075.66230875354,0.0,18361.828889346154,-0.015203947715994537,False
2026-04-15,154914.0352494543,1.0,0.012009570384825752,0.0,778.9713835823679,198.8699951171875,53075.66230875354,1838.3729407008116,18361.828889346154,-0.0033769702113912725,False
2026-04-16,154277.21521999463,0.0,-0.0041107962131010645,154277.21521999463,0.0,198.3500061035156,54277.21521999468,0.0,18593.592357378195,-0.0074738843881355654,False
2026-04-17,154046.14600099315,0.9999999999999998,-0.0014977533699450651,2.9103830456733704e-11,763.814714375938,201.67999267578125,54046.14600099319,0.0,18824.661576379684,-0.00896044372255167,False
2026-04-20,154104.894723037,0.0,0.00038137093052270643,154104.894723037,0.0,202.05999755859375,54104.894723037054,0.0,19056.166175362712,-0.008582490044789282,False
2026-04-21,154104.894723037,0.0,0.0,154104.894723037,0.0,199.8800048828125,54104.894723037054,0.0,19056.166175362712,-0.008582490044789282,False
2026-04-22,154104.894723037,0.0,0.0,154104.894723037,0.0,202.5,54104.894723037054,0.0,19056.166175362712,-0.008582490044789282,False
2026-04-23,154104.894723037,0.0,0.0,154104.894723037,0.0,199.63999938964844,54104.894723037054,0.0,19056.166175362712,-0.008582490044789282,False
2026-04-24,153874.08359764054,1.0,-0.0014977533699450651,0.0,738.8201874540746,208.27000427246097,53874.083597640594,0.0,19286.977300759172,-0.01006738896134729,False
2026-04-27,159789.00337113382,0.0,0.03843999999999981,159789.00337113382,0.0,216.61000061035156,59789.0033711339,0.0,19527.02087117149,0.0,False
2026-04-28,159549.67885285453,1.0,-0.0014977533699451762,0.0,748.4621673937688,213.1699981689453,59549.67885285462,0.0,19766.345389450773,-0.0014977533699451762,False
2026-04-29,155327.59547621087,0.0,-0.026462499999999944,155327.59547621087,0.0,209.25,55327.59547621096,0.0,19999.68679477307,-0.02792061907139287,False
2026-04-30,155327.59547621087,0.0,0.0,155327.59547621087,0.0,199.57000732421875,55327.59547621096,0.0,19999.68679477307,-0.02792061907139287,False
2026-05-01,155327.59547621087,0.0,0.0,155327.59547621087,0.0,198.4499969482422,55327.59547621096,0.0,19999.68679477307,-0.02792061907139287,False
2026-05-04,155327.59547621087,0.0,0.0,155327.59547621087,0.0,198.47999572753903,55327.59547621096,0.0,19999.68679477307,-0.02792061907139287,False
2026-05-05,155327.59547621087,0.0,0.0,155327.59547621087,0.0,196.5,55327.59547621096,0.0,19999.68679477307,-0.02792061907139287,False
2026-05-06,155094.9530466409,1.0,-0.0014977533699451762,0.0,746.2587291545992,207.8300018310547,55094.953046641,0.0,20232.329224343033,-0.029376554240032937,False
2026-05-07,157833.72121619774,1.0,0.017658654364679505,0.0,746.2587291545992,211.5,55094.953046641,2738.768169556835,20232.329224343033,-0.01223665029310339,False
2026-05-08,160353.98392231384,0.0,0.015967834292292205,160353.98392231384,0.0,215.1999969482422,60353.98392231394,0.0,20473.221538698035,0.0,False
2026-05-11,160113.81320251006,1.0,-0.0014977533699451762,0.0,729.6473360424011,219.44000244140625,60113.81320251018,0.0,20713.3922585018,-0.0014977533699451762,False
2026-05-12,161091.53796075852,1.0,0.006106436032548013,0.0,729.6473360424011,220.77999877929688,60113.81320251018,977.7247582484677,20713.3922585018,0.0,False
2026-05-13,164776.2592344796,1.0,0.02287346263103318,0.0,729.6473360424011,225.8300018310547,60113.81320251018,4662.446031969552,20713.3922585018,0.0,False
2026-05-14,171110.258639453,0.0,0.03844000000000003,171110.258639453,0.0,235.7400054931641,71110.25863945314,0.0,20970.44322290759,0.0,False
2026-05-15,171110.258639453,0.0,0.0,171110.258639453,0.0,225.32000732421875,71110.25863945314,0.0,20970.44322290759,0.0,False
2026-05-18,171110.258639453,0.0,0.0,171110.258639453,0.0,222.32000732421875,71110.25863945314,0.0,20970.44322290759,0.0,False
2026-05-19,171110.258639453,0.0,0.0,171110.258639453,0.0,220.61000061035156,71110.25863945314,0.0,20970.44322290759,0.0,False
2026-05-20,171110.258639453,0.0,0.0,171110.258639453,0.0,223.47000122070312,71110.25863945314,0.0,20970.44322290759,0.0,False
2026-05-21,171110.258639453,0.0,0.0,171110.258639453,0.0,219.5099945068359,71110.25863945314,0.0,20970.44322290759,0.0,False
2026-05-22,171110.258639453,0.0,0.0,171110.258639453,0.0,215.3300018310547,71110.25863945314,0.0,20970.44322290759,0.0,False
