Date,boosting_raw,boosting_calibrated,boosting_vol_target,boosting_fixed_risk_control,boosting_exposure_control,logistic_raw,logistic_calibrated,logistic_vol_target,logistic_fixed_risk_control,logistic_exposure_control,rule_raw,rule_calibrated,rule_vol_target,rule_fixed_risk_control,rule_exposure_control,buy_hold,trend
2022-02-07,0.0,0.0,0.0,0.0,0.0,0.0,0.0,0.0,0.0,0.0,0.0,0.0,0.0,0.0,0.0,0.0,0.0
2022-02-08,0.0,0.0,0.0,0.0,0.010500503864609101,0.02920460527265667,0.02920460527265667,0.01352666386393997,0.012845044940537731,0.009572425183233868,0.02920460527265667,0.02920460527265667,0.01352666386393997,0.012691534098094648,0.012691534098094648,0.02920460527265667,0.0
2022-02-09,0.0,0.0,0.0,0.0,0.02277566825253885,0.018941006638198088,0.018941006638198088,0.008908589670228784,0.008465372181172492,0.020758388815176776,0.018941006638198088,0.018941006638198088,0.008908589670228784,0.008365470613275416,0.027541376549395702,0.06360539091436368,0.0
2022-02-10,-0.008066143861933384,-0.008066143861933384,-0.0034140404659699364,-0.003521239252548214,-0.012149559099117635,-0.008066143861933273,-0.008066143861933273,-0.0034140404659699364,-0.003547727470926576,-0.011089111030080256,-0.008066143861933273,-0.008066143861933273,-0.0034140404659699364,-0.003505328659918927,-0.014642976338384406,-0.03299002110169369,0.0
2022-02-11,0.002056986102734637,0.002056986102734637,0.0008665667232001795,0.0008938725396379077,-0.026024860486075663,-0.02001592655256268,-0.02001592655256268,-0.008300507316536532,-0.008784655991599832,-0.0237210295491469,-0.02001592655256268,-0.02001592655256268,-0.008300507316536532,-0.008679495991131936,-0.03146661268226081,-0.0726071425108975,0.0
2022-02-14,0.012394677094960338,0.012394677094960338,0.004939622719079884,0.005410841197044602,0.004755769455586201,0.012394677094960338,0.012394677094960338,0.004939622719079884,0.005451543782969193,0.004334640404234369,0.012394677094960338,0.012394677094960338,0.004939622719079884,0.005386392506145032,0.005750613077913691,0.013278598559102406,0.0
2022-02-15,0.026561619373173695,0.026561619373173695,0.010664070181267915,0.01167590114037842,0.03265498639543618,0.026561619373173695,0.026561619373173695,0.010664070181267915,0.011763255880831602,0.02975262610786844,0.026561619373173695,0.026561619373173695,0.010664070181267915,0.011623426650168245,0.03951935182341937,0.09181173722874236,0.0
2022-02-16,0.0,0.0,0.0,0.0,9.408252092524272e-05,0.0,-0.027920619071392982,-0.009978779551904626,-0.01228031001930574,7.999176463124869e-05,-0.027920619071392982,-0.027920619071392982,-0.009978779551904626,-0.012133548311172415,0.00013168337539304353,0.0006038920888404853,0.0
2022-02-17,-0.027920619071392982,-0.027920619071392982,-0.010148960691819364,-0.012188622161032558,-0.027568037320238714,-0.027920619071392982,-0.027920619071393094,-0.010148960691819364,-0.012280310019305851,-0.025149157628068353,-0.027920619071393094,-0.027920619071393094,-0.010148960691819364,-0.012133548311172193,-0.03326501834392759,-0.07559140228331251,0.0
2022-02-18,-0.027920619071392982,-0.027920619071392982,-0.009554466671140571,-0.01218862216103267,-0.012694853417054675,-0.027920619071393094,-0.027920619071392982,-0.009554466671140571,-0.01228031001930574,-0.01157301296242752,-0.027920619071392982,-0.027920619071392982,-0.009554466671140571,-0.012133548311172304,-0.01534317662044915,-0.035295978246909,0.0
2022-02-22,0.036884672990514344,0.036884672990514344,0.012587105706926227,0.016101840058240446,-0.003510039111790597,0.036884672990514566,0.036884672990514344,0.012587105706926227,0.016222964760416625,-0.003185654274286187,0.036884672990514344,0.036884672990514344,0.012587105706926227,0.016029084474374677,-0.004286949184634015,-0.010658835615009687,0.0
2022-02-23,-0.02792061907139287,-0.02792061907139287,-0.00951150129247147,-0.01218862216103267,-0.015112703481454548,-0.027920619071393094,-0.027920619071393094,-0.009511501292471247,-0.01228031001930563,-0.013763074898054728,-0.027920619071393094,-0.027920619071393094,-0.009511501292471247,-0.012133548311172193,-0.018309590560887656,-0.042881832635194184,0.0
2022-02-24,0.0,0.03688467299051412,0.012592483084303385,0.016101840058240446,0.024525895258338926,0.036884672990514344,0.03688467299051412,0.012592483084303385,0.016222964760416847,0.022473808046674648,0.03688467299051412,0.03688467299051412,0.012592483084303385,0.016029084474374677,0.029279158119515314,0.06079440446300266,0.0
2022-02-25,0.0,0.0,0.0,0.0,0.0061156548398513255,0.0,0.0,0.0,0.0,0.005571425273646291,0.01685500939121609,0.01685500939121609,0.00554508286140365,0.007324732671960099,0.0074032077479402325,0.017222371684253224,0.0
2022-02-28,0.0,0.0,0.0,0.0,0.00338325213354973,0.0,0.0,0.0,0.0,0.0030837580850267,0.00943840979147792,0.00943840979147792,0.0031894664119513916,0.004090664317191406,0.004090664317191406,0.00943840979147792,0.0
2022-03-01,0.0,0.0,0.0,0.0,-0.01342356590959437,0.0,0.0,0.0,0.0,-0.012238759633518614,-0.03723597313500571,-0.03723597313500571,-0.01794036529678078,-0.016219446923924963,-0.016219446923925074,-0.03723597313500571,0.0
2022-03-02,0.0,0.018004849285364832,0.00639792003238937,0.007859936932075318,0.011274503232891364,0.0,0.01800484928536461,0.006397920032389148,0.007919062629298645,0.010270611707839938,0.0318236004352892,0.0318236004352892,0.00639792003238937,0.013650297309332426,0.013650297309332426,0.0318236004352892,0.0
2022-03-03,0.0,0.00023156468517959716,8.323419073974492e-05,0.00010210607065985755,-0.007494945450325363,0.0,0.0002315646851798192,8.323419073996696e-05,0.00010286812004745016,-0.006831757516005732,-0.02089170036836563,-0.02089170036836563,-0.0073088064575108636,-0.009061194811751716,-0.009061194811751716,-0.02089170036836563,0.0
2022-03-04,-0.02792061907139287,-0.027920619071392982,-0.009824246141667659,-0.012188622161032558,-0.011786085038778427,-0.02792061907139287,-0.02792061907139287,-0.009824246141667659,-0.01228031001930574,-0.010743941265972445,-0.026341119881827635,-0.026341119881827635,-0.008803532759789512,-0.011532153159694691,-0.01424674491985023,-0.03280764128646929,0.0
2022-03-07,-0.02792061907139287,-0.027920619071393094,-0.010021745057758547,-0.01218862216103267,-0.02486962912895363,-0.027920619071392982,-0.027920619071392982,-0.010021745057758324,-0.012280310019305851,-0.022673266957861093,-0.027920619071392982,-0.027920619071392982,-0.010021745057758435,-0.012133548311172193,-0.03005351794192135,-0.06906157483127862,0.0
2022-03-08,-0.02792061907139276,-0.027920619071392982,-0.009520431942193763,-0.012188622161032558,0.002736857774685353,-0.027920619071392982,-0.02792061907139276,-0.009520431942193874,-0.01228031001930574,0.0024953510777052657,-0.027920619071392982,-0.027920619071392982,-0.009520431942193874,-0.012133548311172415,0.003306705061591808,0.007586904003891171,0.0
2022-03-09,0.026467661400437548,0.026467661400437326,0.009061920795351064,0.011554339947519976,0.024855742097561917,0.0,0.026467661400437548,0.009061920795351064,0.011641256472583406,0.02264924048577588,0.026467661400437548,0.026467661400437548,0.009061920795351064,0.011502132078976768,0.030072313785823424,0.06972206227657396,0.0
2022-03-10,-0.022455669816971113,-0.022455669816971224,-0.007820925698217907,-0.009947447110543628,-0.005665634450114587,0.0,-0.015468734899165004,-0.005538563152813314,-0.006914495313522839,-0.0051696615852664385,-0.015468734899164893,-0.015468734899164893,-0.005538563152813647,-0.0068329034824092805,-0.0068329034824093915,-0.015468734899164782,0.0
2022-03-11,-0.027920619071392982,-0.027920619071393094,-0.009501182947373232,-0.01218862216103267,-0.008685024941516462,-0.02792061907139276,-0.02462722629036085,-0.008509588211623509,-0.010650237060958023,-0.007909726840778064,-0.02462722629036085,-0.02462722629036085,-0.008509588211623398,-0.010521272492252098,-0.010521272492252098,-0.02462722629036096,0.0
2022-03-14,-0.027920619071392982,-0.02792061907139287,-0.009544042514124551,-0.01218862216103267,-0.01249502020076576,-0.027920619071392982,-0.01381970916816433,-0.004577989058671794,-0.006285356376596329,-0.01138924068836511,-0.013819709168164218,-0.013819709168164218,-0.004577989058672127,-0.006212113936921226,-0.015106680907594039,-0.034841536276165375,0.0
2022-03-15,0.03688467299051412,0.03688467299051412,0.013213634941768637,0.016101840058240224,0.027474083117515535,0.0,0.0,0.0,0.0,0.025035981540096452,0.03688467299051412,0.03688467299051412,0.013213634941768637,0.016029084474374677,0.033237657270413834,0.07702759358365419,0.0
2022-03-16,0.0,0.0,0.0,0.0,0.02391210547438205,0.0,0.0,0.0,0.0,0.021802307675547805,0.03688467299051412,0.03688467299051412,0.012228080016033926,0.016029084474374677,0.028890274315896525,0.06629525994381069,0.0
2022-03-17,0.0,0.0,0.0,0.0,0.003895858362884752,0.0,0.02524488085327614,0.008805312922386399,0.0111034415994129,0.0035484214336227726,0.02524488085327614,0.02524488085327614,0.008805312922386399,0.010970744619228423,0.004718449971212735,0.011022168443539648,0.0
2022-03-18,0.0,0.0,0.0,0.0,0.024446115149802994,0.036884672990514344,0.011353182400238637,0.0039424493326096766,0.0049843805291247545,0.02228341222660557,0.011353182400238637,0.011353182400238637,0.0039424493326096766,0.004924728147484014,0.029553457209031242,0.06811746913934091,0.0
2022-03-21,0.0,0.0,0.0,0.0,0.0038190550093382125,0.0,0.0,0.0,0.0,0.003481511102948698,0.0070531688074806365,0.0070531688074806365,0.002500155111393454,0.003065117010965679,0.004615943543744949,0.010622601450586133,0.0070531688074806365
2022-03-22,0.0,0.0,0.0,0.0,-0.0028253450613666686,0.0,0.0,0.0,0.0,-0.002575680699089089,-0.007854924518118755,-0.007854924518118755,-0.002854071953548698,-0.003414719647649167,-0.003414719647649278,-0.007854924518118644,-0.007854924518118644
2022-03-23,0.0,0.0,0.0,0.0,-0.012099594137878755,0.0,0.0,0.0,0.0,-0.011031757534389786,-0.027086678810698372,-0.027086678810698372,-0.009873955953381586,-0.011865340107408362,-0.014619350735986192,-0.03355456228337217,-0.02708667881069826
2022-03-24,0.036884672990514344,0.036884672990514344,0.013555355403497948,0.016101840058240446,0.03480041116569499,0.03688467299051412,0.036884672990514344,0.013555355403497948,0.016222964760416847,0.03170276208630218,0.036884672990514344,0.036884672990514344,0.013555355403497948,0.016029084474374677,0.04213036808023385,0.09815078819322154,0.03688467299051412
2022-03-25,0.0,0.0,0.0,0.0,-0.006040220800647367,0.0,0.0,0.0,0.0,-0.005515399568076562,-0.008444238410721394,-0.008444238410721394,-0.002892106413194595,-0.0036696383574289504,-0.0072724988833752224,-0.016269879923716535,-0.008444238410721394
2022-03-28,0.015158316539384487,0.015158316539384487,0.005156508221982659,0.006617295713374549,0.006821692472457785,0.015158316539384709,0.015158316539384709,0.0051565082219824365,0.006667073749275776,0.006217827308431012,0.019030721286672714,0.019030721286672714,0.006458585090391322,0.008248033858033077,0.008248033858032855,0.019030721286672936,0.019030721286672936
2022-03-29,0.015342784901454465,0.015342784901454465,0.005271194326104567,0.006754654753769351,0.0056206755970877875,0.021401939083938615,0.021401939083938615,0.00730496216918497,0.009443274801739232,0.005126303395581289,0.015486055115399688,0.015486055115399688,0.005319283274696884,0.006785962014261626,0.006785962014261626,0.015486055115399688,0.015486055115399466
2022-03-30,0.0,0.0,0.0,0.0,-0.012171030454605214,-0.02792061907139287,-0.02792061907139287,-0.009745464800020365,-0.01228031001930574,-0.01109758600032762,-0.03371016305327024,-0.03371016305327024,-0.011715999751537143,-0.014703485734693045,-0.014703485734693045,-0.03371016305327035,-0.033710163053270126
2022-03-31,0.0,0.0,0.0,0.0,-0.005250227382294526,-0.01932431053485728,-0.01932431053485728,-0.006630769690868954,-0.0084994005208332,-0.004786381560992314,-0.014590281394448179,-0.014590281394448179,-0.004987497549693076,-0.006345136940204665,-0.006345136940204665,-0.014590281394448179,-0.014590281394448179
2022-04-01,-0.02792061907139287,-0.027920619071392982,-0.009619177842094873,-0.012188622161032558,-0.007556578811462211,-0.008765699638403457,-0.008765699638403457,-0.003100966903244573,-0.0039149604839722185,-0.00688838295324834,-0.005054952078536901,-0.005054952078536901,-0.0016641273753373875,-0.002246676212977028,-0.009134314814332356,-0.021036332427456617,-0.005054952078536901
2022-04-04,0.022112444709495138,0.022112444709494916,0.0076987938643247045,0.009653089458066866,0.008698846449929354,0.022112444709494916,0.022112444709495138,0.0076987938643249265,0.009725703990409729,0.007928969173337963,0.022112444709494916,0.022112444709494916,0.0076987938643249265,0.00960947232132403,0.010517197496479502,0.02425860180709649,0.022112444709494916
2022-04-05,-0.04895064534226301,-0.04895064534226312,-0.018045566778358446,-0.021423160382538997,-0.018831464679114007,-0.005368246812181177,-0.04895064534226312,-0.018045566778358335,-0.021583991369380606,-0.0171694865510168,-0.04895064534226301,-0.04895064534226301,-0.018045566778358335,-0.021326552268530308,-0.022753263362713994,-0.0522293301460236,-0.04895064534226312
2022-04-06,-0.02792061907139287,-0.027920619071392982,-0.009999868011824842,-0.012188622161032558,-0.020893802190977806,-0.027920619071393094,-0.027920619071392982,-0.009999868011824842,-0.01228031001930574,-0.019036745335320515,-0.02792061907139287,-0.02792061907139287,-0.009999868011824842,-0.012133548311172193,-0.025286144229229035,-0.058771509540546774,-0.02792061907139287
2022-04-07,0.0,-0.02792061907139287,-0.009944852356959855,-0.01218862216103267,-0.0029392627026181284,-0.027920619071392982,-0.027920619071392982,-0.009944852356959855,-0.01228031001930574,-0.0026798251669700734,-0.027920619071392982,-0.027920619071392982,-0.009944852356959855,-0.012133548311172304,-0.003551479537868829,-0.008153187639497905,0.0
2022-04-08,-0.02792061907139287,-0.02792061907139276,-0.009975959590560746,-0.01218862216103267,-0.016232390165572985,-0.027920619071393094,-0.027920619071392982,-0.009975959590560857,-0.01228031001930574,-0.014800306413228492,-0.027920619071392982,-0.027920619071392982,-0.009975959590560746,-0.012133548311172415,-0.019611275442706577,-0.04498519997789863,0.0
2022-04-11,-0.014847714725980454,-0.014847714725980454,-0.0051960851918214646,-0.006481703872218247,-0.01851814397100282,-0.014847714725980565,-0.014847714725980565,-0.0051960851918214646,-0.006530461930196574,-0.016873680120611634,-0.014847714725980565,-0.014847714725980565,-0.0051960851918214646,-0.006452416526923521,-0.02240648858291261,-0.051991956020780994,0.0
2022-04-12,-0.013269932517870675,-0.013269932517870675,-0.004195504261863214,-0.005604084894515027,-0.006561286647780884,-0.013269932517870675,-0.013269932517870786,-0.004195504261863325,-0.00564733936421935,-0.005971805225584714,-0.013269932517870675,-0.013269932517870675,-0.004195504261863325,-0.00557811131437147,-0.007960362712173596,-0.018843695479757172,0.0
2022-04-13,0.0,0.020330626120418804,0.007515665066978983,0.008875244472386967,0.011498444806483654,0.020330626120418582,0.0,0.007515665066979205,0.008942007732956947,0.010473893113633004,0.020330626120418582,0.020330626120418582,0.007515665066979205,0.008835142000172658,0.013923726621912325,0.03250563965010578,0.0
2022-04-14,0.0,0.012081064372597261,0.004522837428968307,0.005333818414358982,-0.015060476810620504,0.012081064372597483,0.0,0.004522837428968307,0.005373586000981145,-0.01371828131478825,-0.0472898136707669,-0.0472898136707669,-0.018053060587284064,-0.020274973210223535,-0.018237638032880477,-0.04256208877180323,0.0
2022-04-18,0.0,0.036884672990514566,0.014147585529931117,0.016101840058240446,0.008903695434613335,0.036884672990514344,0.0,0.014147585529930895,0.016222964760416625,0.008117791954026954,0.0,0.0,0.014147585529931117,0.016029084474374677,0.01075825276866138,0.024696770120209655,0.0
2022-04-19,0.0,0.02047668166168881,0.008503459070021924,0.008939004369777459,0.006831323003374079,0.0,0.0,0.008503459070021924,0.009006247258672495,0.0062266956666992,0.0,0.0,0.008503459070021924,0.008898613800764954,0.008259391297018803,0.019051543924719416,0.0
2022-04-20,0.0,0.016078751845762573,0.006718691893650819,0.007070897800302678,-0.011375458911200731,0.0,0.0,0.005399301015400315,0.005715698575960104,-0.010359910301258601,0.0,0.0,0.006718691893650597,0.007039130928368609,-0.01378073682520986,-0.03225507112639714,0.0
2022-04-21,0.0,-0.02792061907139287,-0.011402997382889635,-0.012188622161032558,-0.021672943540808842,0.0,0.0,0.0,0.0,-0.019754388096335562,0.0,0.0,-0.011402997382889524,-0.012133548311172193,-0.026204678705631146,-0.06046927458182905,0.0
2022-04-22,0.0,-0.02792061907139287,-0.011026401128464203,-0.01218862216103267,-0.011955526399881733,-0.02792061907139287,0.0,-0.011026401128464314,-0.01228031001930574,-0.0109012283519766,0.0,0.0,-0.011026401128464203,-0.012133548311172304,-0.014442647308732237,-0.033097356443447135,0.0
2022-04-25,0.0,0.03490222302090107,0.01789734207652449,0.015236410335103479,0.007385997409373735,0.03490222302090129,0.0,0.01789734207652449,0.015351024916878231,0.006744442030939268,0.0,0.0,0.01789734207652449,0.01516756516424489,0.00889178828140813,0.0198311250934482,0.0
2022-04-26,0.0,-0.060704132907274055,-0.030404545137347583,-0.02668512215030483,-0.020290994885738267,-0.060704132907273944,0.0,-0.030404545137347694,-0.026884748194186847,-0.018505269542803182,0.0,0.0,-0.030404545137347472,-0.026565205584359708,-0.02450097216527647,-0.055974613788904115,0.0
2022-04-27,0.0,-0.011322711675605945,-0.0055854990861259335,-0.004942879457629057,-0.007062773999200189,-0.011322711675605945,0.0,-0.0055854990861260445,-0.004980061841756034,-0.006435240541836862,0.0,0.0,-0.0055854990861260445,-0.004920545234980089,-0.008546859927336725,-0.019852998534745092,0.0
2022-04-28,0.0,0.04875947413318449,0.02438016104062557,0.021052473241101266,0.02629224157351362,0.04875947413318449,0.0,0.024380161040625792,0.021212198651511693,0.02395056421763564,0.0,0.0,0.02438016104062557,0.02095654131082436,0.031834344159018535,0.07423316028197346,0.0
2022-04-29,0.0,-0.02792061907139276,-0.011781563468510226,-0.01218862216103267,-0.02281198358949943,0.0,0.0,0.0,0.0,-0.02081275420376849,0.0,0.0,-0.011781563468510448,-0.012133548311172193,-0.02751898348648396,-0.062430494627590316,0.0
2022-05-02,0.0,0.036884672990514344,0.014998565442274847,0.016101840058240446,0.019087691080554414,0.036884672990514344,0.0,0.01499856544227507,0.016222964760416847,0.017399464997593483,0.0,0.0,0.014998565442274847,0.016029084474374677,0.023074218039254468,0.05316239002758838,0.0
2022-05-03,0.0,0.008899005526691317,0.0033462823844399026,0.0038848213106033036,0.001186784245890804,0.0,0.0,0.0033462823844399026,0.003914044543634532,0.0010780080192300812,0.0,0.0,0.0033462823844399026,0.003867267885550918,0.001446512671362088,0.003532274707434002,0.0
2022-05-04,0.0,-0.03649485666690955,-0.013819253646667584,-0.015677603036490906,0.013366127832920904,-0.02792061907139287,0.0,-0.013819253646667806,-0.01579703242335717,0.012182028168830517,0.0,0.0,-0.013819253646667362,-0.015605876488041681,0.0161636882320908,0.03734319216533999,0.0
2022-05-05,0.0,0.0,0.0,0.0,-0.026700521893434748,0.0,0.0,0.0,0.0,-0.024356839617719728,0.0,0.0,-0.010518361021794043,-0.012133548311172415,-0.032221166513005106,-0.07327614965487006,0.0
2022-05-06,0.0,-0.027920619071392982,-0.010277501208516449,-0.01218862216103267,-0.0031767211872938406,-0.02792061907139287,0.0,-0.010277501208516449,-0.01228031001930563,-0.002893859279949007,0.0,0.0,-0.01027750120851656,-0.012133548311172304,-0.0038461538443880228,-0.008968608956035018,0.0
2022-05-09,0.0,-0.027920619071392982,-0.010278327324204639,-0.01218862216103267,-0.03364188928554013,0.0,0.0,-0.010278327324204639,-0.01228031001930563,-0.030687887798199642,0.0,0.0,-0.01027832732420475,-0.012133548311172193,-0.04060080400016364,-0.09236946352935205,0.0
2022-05-10,0.0,0.0,0.0,0.0,0.014399985818401628,-0.027920619071393094,0.0,0.0,0.0,0.013195871664907655,0.0,0.0,0.0,0.0,0.017613760731032713,0.038053077093129994,0.0
2022-05-11,0.0,0.0,0.0,0.0,-0.0014910705705368787,-0.02792061907139287,0.0,0.0,0.0,0.0,0.0,0.0,0.0,0.0,0.0,-0.05484518925874038,0.0
2022-05-12,0.0,0.0,0.0,0.0,-0.0007143455105281804,0.0,0.0,0.0,0.0,0.0,0.0,0.0,0.0,0.0,0.0,-0.0273603672638012,0.0
2022-05-13,0.0,0.0,0.0,0.0,0.0024906539807256767,0.0,0.0,0.0,0.0,0.0,0.0,0.0,0.0,0.0,0.0,0.0946527230422316,0.0
2022-05-16,0.0,0.0,0.0,0.0,-0.0006939506420405861,0.0,0.0,0.0,0.0,0.0,0.0,0.0,0.0,0.0,0.0,-0.02496326962994655,0.0
2022-05-17,0.0,0.0,0.0,0.0,0.0013987109628310623,0.0,0.0,0.0,0.0,0.0,0.0,0.0,0.0,0.0,0.0,0.0528843833772743,0.0
2022-05-18,0.0,0.0,0.0,0.0,-0.0018698138563576494,0.0,0.0,0.0,0.0,0.0,0.0,0.0,0.0,0.0,0.0,-0.06816303699605453,0.0
2022-05-19,0.0,0.0,0.0,0.0,0.0002941108320178021,0.0,0.0,0.0,0.0,0.0,0.0,0.0,0.0,0.0,0.0,0.01098141286838561,0.0
2022-05-20,0.0,0.0,0.0,0.0,-0.0006619437031428754,0.0,0.0,0.0,0.0,0.0,0.0,0.0,0.0,0.0,0.0,-0.02511116048229367,0.0
2022-05-23,0.0,0.0,0.0,0.0,0.00037628975049819324,0.0,0.0,0.0,0.0,0.0,0.0,0.0,0.0,0.0,0.0,0.012220260223793078,0.0
2022-05-24,0.0,0.0,0.0,0.0,-0.001222300110181429,0.0,0.0,0.0,0.0,0.0,0.0,0.0,0.0,0.0,0.0,-0.044029052437319915,0.0
2022-05-25,0.0,0.0,0.0,0.0,0.0013851811210288112,0.0,0.0,0.0,0.0,0.0,0.0,0.0,0.0,0.0,0.0,0.05082330085189679,0.0
2022-05-26,0.0,0.0,0.0,0.0,0.0014672423996371364,0.0,0.0,0.0,0.0,0.0,0.0,0.0,0.0,0.0,0.0,0.051605230528337875,0.0
2022-05-27,0.0,0.0,0.0,0.0,0.0014816659065708393,0.0,0.0,0.0,0.0,0.0,0.0,0.0,0.0,0.0,0.0,0.05377863288338247,0.0
2022-05-31,0.0,0.0,0.0,0.0,-0.0001888116520887273,0.0,0.0,0.0,0.0,0.0,0.0,0.0,0.0,0.0,0.0,-0.007389334446920914,0.0
2022-06-01,0.0,0.0,0.0,0.0,-0.0005078257979215239,0.0,0.0,0.0,0.0,0.0,0.0,0.0,0.0,0.0,0.0,-0.018851757342493003,0.0
2022-06-02,0.0,0.0,0.0,0.0,0.0018726433358786654,0.0,0.0,0.0,0.0,0.0,0.0,0.0,0.0,0.0,0.0,0.06943217007226377,0.0
2022-06-03,0.0,0.0,0.0,0.0,-0.0012616212246705505,0.0,0.0,0.0,0.0,0.0,0.0,0.0,0.0,0.0,0.0,-0.044508134157767,0.0
2022-06-06,0.0,0.0,0.0,0.0,9.452845647928143e-05,0.0,0.0,0.0,0.0,0.0,0.0,0.0,0.0,0.0,0.0,0.0035259357310608586,0.0
2022-06-07,0.0,0.0,0.0,0.0,0.00021817743600860418,0.0,0.0,0.0,0.0,0.0,0.0,0.0,0.0,0.0,0.0,0.007452365513470838,0.0
2022-06-08,0.0,0.0,0.0,0.0,-0.00039622087560775565,0.0,0.0,0.0,0.0,0.0,0.0,0.0,0.0,0.0,0.0,-0.014480482989692955,0.0
2022-06-09,0.0,0.0,0.0,0.0,-0.0008707653954661554,0.0,0.0,0.0,0.0,0.0,0.0,0.0,0.0,0.0,0.0,-0.03217498062229551,0.0
2022-06-10,0.0,0.0,0.0,0.0,-0.0016123510780946537,0.0,0.0,0.0,0.0,0.0,0.0,0.0,0.0,0.0,0.0,-0.05950799346808355,0.0
2022-06-13,0.0,0.0,0.0,0.0,-0.0020886252342223743,0.0,0.0,0.0,0.0,0.0,0.0,0.0,0.0,0.0,0.0,-0.07817837314025844,0.0
2022-06-14,0.0,0.0,0.0,0.0,0.0003205821159557587,0.0,0.0,0.0,0.0,0.0,0.0,0.0,0.0,0.0,0.0,0.012078837828507716,0.0
2022-06-15,0.0,0.0,0.0,0.0,0.0011655536098624797,0.0,0.0,0.0,0.0,0.0,0.0,0.0,0.0,0.0,0.0,0.04363481179775697,0.0
2022-06-16,0.0,0.0,0.0,0.0,-0.001555098637197161,0.0,0.0,0.0,0.0,0.0,0.0,0.0,0.0,0.0,0.0,-0.05602954760432599,0.0
2022-06-17,0.0,0.0,0.0,0.0,0.00047862521291808235,0.0,0.0,0.0,0.0,0.0,0.0,0.0,0.0,0.0,0.0,0.017883544988304356,0.0
2022-06-21,0.0,0.0,0.0,0.0,0.001170418875331869,0.0,0.0,0.0,0.0,0.0,0.0,0.0,0.0,0.0,0.0,0.04319889032183566,0.0
2022-06-22,0.0,0.0,0.0,0.0,-0.0003340007512752097,0.0,0.0,0.0,0.0,0.0,0.0,0.0,0.0,0.0,0.0,-0.012434896636680293,0.0
2022-06-23,0.0,0.0,0.0,0.0,-0.00021630298216746002,0.0,0.0,0.0,0.0,0.0,0.0,0.0,0.0,0.0,0.0,-0.00825192749523418,0.0
2022-06-24,0.0,0.0,0.0,0.0,0.0014706782936206864,0.0,0.0,0.0,0.0,0.0,0.0,0.0,0.0,0.0,0.0,0.05553162055545391,0.0
2022-06-27,0.0,0.0,0.0,0.0,-0.00038800632182134365,0.0,0.0,0.0,0.0,0.0,0.0,0.0,0.0,0.0,0.0,-0.015006691926206073,0.0
2022-06-28,0.0,0.0,0.0,0.0,-0.0014155951564234215,0.0,0.0,0.0,0.0,0.0,0.0,0.0,0.0,0.0,0.0,-0.052581561099732,0.0
2022-06-29,0.0,0.0,0.0,0.0,-0.0007337077153540816,0.0,0.0,0.0,0.0,0.0,0.0,0.0,0.0,0.0,0.0,-0.027530895313673587,0.0
2022-06-30,0.0,0.0,0.0,0.0,-0.0006635315170141487,0.0,0.0,0.0,0.0,0.0,0.0,0.0,0.0,0.0,0.0,-0.02464281082848474,0.0
2022-07-01,0.0,0.0,0.0,0.0,-0.0011364884384219565,0.0,0.0,0.0,0.0,0.0,0.0,0.0,0.0,0.0,0.0,-0.04195520154214627,0.0
2022-07-05,0.0,0.0,0.0,0.0,0.0008666762581357457,0.0,0.0,0.0,0.0,0.0,0.0,0.0,0.0,0.0,0.0,0.030365541722216838,0.0
2022-07-06,0.0,0.0,0.0,0.0,0.00030026692745699357,0.0,0.0,0.0,0.0,0.0,0.0,0.0,0.0,0.0,0.0,0.011093224887409825,0.0
2022-07-07,0.0,0.0,0.0,0.0,0.0012844559186104831,0.0,0.0,0.0,0.0,0.0,0.0,0.0,0.0,0.0,0.0,0.048116316510823154,0.0
2022-07-08,0.0,0.0,0.0,0.0,-3.3725059841338556e-05,0.0,0.0,0.0,0.0,0.0,0.0,0.0,0.0,0.0,0.0,-0.0012612031316486805,0.0
2022-07-11,0.0,0.0,0.0,0.0,-0.001192764892621434,0.0,0.0,0.0,0.0,0.0,0.0,0.0,0.0,0.0,0.0,-0.04331356935515873,0.0
2022-07-12,0.0,0.0,0.0,0.0,-0.00012745587507723144,0.0,0.0,0.0,0.0,0.0,0.0,0.0,0.0,0.0,0.0,-0.0046197630109042764,0.0
2022-07-13,0.0,0.0,0.0,0.0,0.00018872511672962666,0.0,0.0,0.0,0.0,0.0,0.0,0.0,0.0,0.0,0.0,0.005436683671727671,0.0
2022-07-14,0.0,0.0,0.0,0.0,0.0003658907244150633,0.0,0.0,0.0,0.0,0.0,0.0,0.0,0.0,0.0,0.0,0.013716796822588861,0.0
2022-07-15,0.0,0.0,0.0,0.0,0.0006871448067038433,0.0,0.0,0.0,0.0,0.0,0.0,0.0,0.0,0.0,0.0,0.02537088441383495,0.0
2022-07-18,0.0,0.0,0.0,0.0,0.0005945658302017875,0.0,0.0,0.0,0.0,0.0,0.0,0.0,0.0,0.0,0.0,0.021507528040847657,0.0
2022-07-19,0.0,0.0,0.0,0.0,0.0014628697616712039,0.0,0.0,0.0,0.0,0.0,0.0,0.0,0.0,0.0,0.0,0.05533814538724613,0.0
2022-07-20,0.0,0.0,0.0,0.0,0.0012919688948491714,0.0,0.0,0.0,0.0,0.0,0.0,0.0,0.0,0.0,0.0,0.04796348080903101,0.0
2022-07-21,0.0,0.0,0.0,0.0,0.00037009283690725425,0.0,0.0,0.0,0.0,0.0,0.0,0.0,0.0,0.0,0.0,0.01364650008507673,0.0077139815056364025
2022-07-22,0.0,0.0,0.0,0.0,-0.001100082217563192,0.0,0.0,0.0,0.0,0.0,0.0,0.0,0.0,0.0,0.0,-0.040498838032272055,-0.03536182015038358
2022-07-25,0.0,0.0,0.0,0.0,-0.0004459242791068352,0.0,0.0,0.0,0.0,0.0,0.0,0.0,0.0,0.0,0.0,-0.017033152737681023,-0.0012043414178466438
2022-07-26,0.0,0.0,0.0,0.0,-0.0007814630718236959,0.0,0.0,0.0,0.0,0.0,0.0,0.0,0.0,0.0,0.0,-0.02884176111678638,-0.009418274787808878
2022-07-27,0.0,0.0,0.0,0.0,0.0019952920489143544,0.0,0.0,0.0,0.0,0.0,0.0,0.0,0.0,0.0,0.0,0.07603019044784176,0.0
2022-07-28,0.0,0.0,0.0,0.0,0.00030347546726150476,0.0,0.0,0.0,0.0,0.0,0.0,0.0,0.0,0.0,0.0,0.010904840721800424,-0.02792061907139287
2022-07-29,0.0,0.0,0.0,0.0,0.00027246659701596343,0.0,0.0,0.0,0.0,0.0,0.0,0.0,0.0,0.0,0.0,0.009953418705815453,0.01812141087007446
2022-08-01,0.0,0.0,0.0,0.0,0.00041152145963074815,0.0,0.0,0.0,0.0,0.0,0.0,0.0,0.0,0.0,0.0,0.015305635178180177,0.01842929725287412
2022-08-02,0.0,0.0,0.0,0.0,0.0001276451608029916,0.0,0.0,0.0,0.0,0.0,0.0,0.0,0.0,0.0,0.0,0.004609201994351331,0.03688467299051412
2022-08-03,0.0,0.0,0.0,0.0,0.0005414311820075568,0.0,0.0,0.0,0.0,0.0,0.0,0.0,0.0,0.0,0.0,0.019810038942573494,0.036884672990514344
2022-08-04,0.0,0.0,0.0,0.0,0.0004563590276958074,0.0,0.0,0.0,0.0,0.0,0.0,0.0,0.0,0.0,0.0,0.01704349711273445,0.017890597587002066
2022-08-05,0.0,0.0,0.0,0.0,-0.00032229151895435404,0.0,0.0,0.0,0.0,0.0,0.0,0.0,0.0,0.0,0.0,-0.011761568787151955,-0.011761568787151844
2022-08-08,0.0,0.0,0.0,0.0,-0.0016843312901007046,0.0,0.0,0.0,0.0,0.0,0.0,0.0,0.0,0.0,0.0,-0.06298390476828608,-0.07969102198084443
2022-08-09,0.0,0.0,0.0,0.0,-0.0010915452824081795,0.0,0.0,0.0,0.0,0.0,0.0,0.0,0.0,0.0,0.0,-0.03973491873022794,-0.027920619071392982
2022-08-10,0.0,0.0,0.0,0.0,0.0009141381728519082,0.0,0.0,0.0,0.0,0.002343196797690572,0.0,0.0,0.0,0.0,0.0,0.05917151427043765,0.02101340975759225
2022-08-11,0.0,0.0,0.0,0.0,0.0,0.0,0.0,0.0,0.0,-0.0009513067192304936,0.0,0.0,0.0,0.0,0.0,-0.008564943839202921,0.015544617809368333
2022-08-12,0.0,0.0,0.0,0.0,0.0,0.0,0.0,0.0,0.0,0.004711384239877381,0.0,0.0,0.0,0.0,0.0,0.042748858402758216,0.0286882336731622
2022-08-15,0.0,0.0,0.0,0.0,0.0,0.0,0.0,0.0,0.0,0.001917629075766536,0.0,0.0,0.0,0.0,0.0,0.01726431406282103,0.007967855613634223
2022-08-16,0.0,0.0,0.0,0.0,0.0,0.0,0.0,0.0,0.0,-0.0009085218791536898,0.0,0.0,0.0,0.0,0.0,-0.008039070805596626,-0.0036615460554203505
2022-08-17,0.0,0.0,0.0,0.0,0.0,0.0,0.0,0.0,0.0,-0.003226898280844659,0.0,0.0,0.0,0.0,0.0,-0.028815132440017432,-0.024348225163777326
2022-08-18,0.0,0.0,0.0,0.0,0.0,0.0,0.0,0.0,0.0,0.0026651144698144336,0.0,0.0,0.0,0.0,0.0,0.02388891800563475,0.024254564370716603
2022-08-19,0.0,0.0,0.0,0.0,0.0,0.0,0.0,0.0,0.0,-0.005590119209419431,0.0,0.0,0.0,0.0,0.0,-0.04921952038588939,-0.05093966408064299
2022-08-22,0.0,0.0,0.0,0.0,0.0,0.0,0.0,0.0,0.0,-0.0050838712440102185,0.0,0.0,0.0,0.0,0.0,-0.0456608791171389,-0.027920619071392982
2022-08-23,0.0,0.0,0.0,0.0,0.0,0.0,0.0,0.0,0.0,0.0009665114331114388,0.0,0.0,0.0,0.0,0.0,0.008629400862098846,0.0
2022-08-24,0.0,0.0,0.0,0.0,0.0,0.0,0.0,0.0,0.0,0.0002666064466374518,0.0,0.0,0.0,0.0,0.0,0.0023867712494638482,0.0
2022-08-25,0.0,0.0,0.0,0.0,0.0,0.0,0.0,0.0,0.0,0.00457755121298109,0.0,0.0,0.0,0.0,0.0,0.04012297130514231,0.036884672990514344
2022-08-26,0.0,0.0,0.0,0.0,0.0,0.0,0.0,-0.013535130485496372,-0.010581376113514618,-0.010332098036532011,0.0,0.0,0.0,0.0,0.0,-0.09227945309148877,-0.027920619071392982
2022-08-29,0.0,0.0,0.0,0.0,0.0,0.0,0.0,-0.006215283120800219,-0.005740701656917757,-0.003047223164257651,0.0,0.0,0.0,0.0,0.0,-0.028228884453702197,0.0
2022-08-30,0.0,0.0,0.0,0.0,0.0,0.0,0.0,0.003475671257286761,0.0032087464816989986,-0.0023303254761327663,0.0,0.0,0.0,0.0,0.0,-0.021074501994416184,0.0
2022-08-31,0.0,0.0,0.0,0.0,0.0,0.0,0.0,-0.011439652918236676,-0.010581376113514618,-0.0026915051312552674,0.0,0.0,0.0,0.0,0.0,-0.024178982444612918,0.0
2022-09-01,0.0,0.0,0.0,0.0,0.0,0.0,0.0,-0.011570265124916768,-0.010581376113514618,-0.008549194573016172,0.0,0.0,0.0,0.0,0.0,-0.07665293699153675,0.0
2022-09-02,0.0,0.0,0.0,0.0,0.0,0.0,0.0,-0.010953420745466569,-0.010581376113514618,-0.002303274135848299,0.0,0.0,0.0,0.0,0.0,-0.02080795014354886,0.0
2022-09-06,0.0,0.0,0.0,0.0,0.0,0.0,0.0,-0.01095048564051082,-0.010581376113514507,-0.0014968039025984314,0.0,0.0,0.0,0.0,0.0,-0.013336035103412414,0.0
2022-09-07,0.0,0.0,0.0,0.0,0.0,0.0,0.0,0.00392661486671031,0.003645341126087054,0.0020683013805049555,0.0,0.0,0.0,0.0,0.0,0.018794729065203075,0.0
2022-09-08,0.0,0.0,0.0,0.0,0.0,0.0,0.0,-0.008237946451561173,-0.0076499840245137785,0.0022920956037346674,0.0,0.0,0.0,0.0,0.0,0.020125424255415858,0.0
2022-09-09,0.0,0.0,0.0,0.0,0.0,0.0,0.0,0.0,0.0,0.0031797761123888435,0.0,0.0,0.0,0.0,0.0,0.028377586496991736,0.0
2022-09-12,0.0,0.0,0.0,0.0,0.0,0.0,0.0,0.0,0.0,0.0009103083723067673,0.0,0.0,0.0,0.0,0.0,0.008201853338755782,0.0
2022-09-13,0.0,0.0,0.0,0.0,0.0,0.0,0.0,0.0,0.0,-0.010832912597387168,0.0,0.0,0.0,0.0,0.0,-0.09472617488837987,0.0
2022-09-14,0.0,0.0,0.0,0.0,0.0,0.0,0.0,0.0,0.0,-6.778338957458274e-05,0.0,0.0,0.0,0.0,0.0,-0.0002282046223142098,0.0
2022-09-15,0.0,0.0,0.0,0.0,0.0,0.0,0.0,0.0,0.0,-0.0016882641487648842,0.0,0.0,0.0,0.0,0.0,-0.015158413285617178,0.0
2022-09-16,0.0,0.0,0.0,0.0,0.0,0.0,0.0,0.0,0.0,0.0023745670767958416,0.0,0.0,0.0,0.0,0.0,0.020805897740840962,0.0
2022-09-19,0.0,0.0,0.0,0.0,0.0,0.0,0.0,0.010905741017662063,0.010192663192294615,0.0015391678160707745,0.0,0.0,0.0,0.0,0.0,0.01394133832593547,0.0
2022-09-20,0.0,0.0,0.0,0.0,0.0,0.0,0.0,-0.006338614746391524,-0.0059250667710254445,-0.0017551975983888246,0.0,0.0,0.0,0.0,0.0,-0.015393616488362238,0.0
2022-09-21,0.0,0.0,0.0,0.0,0.0,0.0,0.0,0.0005302887276135149,0.0004928067248948231,0.0007165499879489001,0.0,0.0,0.0,0.0,0.0,0.00645110558130213,0.0
2022-09-22,0.0,0.0,0.0,0.0,0.0,0.0,0.0,-0.011624336657574341,-0.010581376113514729,-0.005940629064154379,0.0,0.0,0.0,0.0,0.0,-0.05278651039244964,0.0
2022-09-23,0.0,0.0,0.0,0.0,0.0,0.0,0.0,0.0025305150120942255,0.0023573038617006326,-0.0003542989943741137,0.0,0.0,0.0,0.0,0.0,-0.0035825081099442047,0.0
2022-09-26,0.0,0.0,0.0,0.0,0.0,0.0,0.0,-0.009886901651993019,-0.008727880761040474,-0.0025690003550178364,0.0,0.0,0.0,0.0,0.0,-0.023010441382705915,0.0
2022-09-27,0.0,0.0,0.0,0.0,0.0,0.0,0.0,0.005880093547317777,0.005654580404905074,0.0016539606453340738,0.0,0.0,0.0,0.0,0.0,0.01512909290884723,0.0
2022-09-28,0.0,0.0,0.0,0.0,0.0,0.0,0.0,0.012565632225625123,0.009851491180535854,0.0028973989446106074,0.0,0.0,0.0,0.0,0.0,0.02602114774550257,0.0
2022-09-29,0.0,0.0,0.0,0.0,0.0,0.0,0.0,-0.023894239457521893,-0.01945698961989506,-0.00461174381703755,0.0,0.0,0.0,0.0,0.0,-0.04051510462411301,0.0
2022-09-30,0.0,0.0,0.0,0.0,0.0,0.0,0.0,0.017032260187197945,0.0139785796560834,-0.0007180554676804451,0.0,0.0,0.0,0.0,0.0,-0.006628445182892073,0.0
2022-10-03,0.0,0.0,0.0,0.0,0.0,0.0,0.0,0.00616072091434261,0.004489329035887835,0.0034033064339940022,0.0,0.0,0.0,0.0,0.0,0.030727594742414155,0.0
2022-10-04,0.0,0.0,0.0,0.0,0.0,0.0,0.0,0.014533341926499466,0.010608095598063194,0.005797220660239244,0.0,0.0,0.0,0.0,0.0,0.05234952169427687,0.0
2022-10-05,0.0,0.0,0.0,0.0,0.0,0.0,0.0,0.0,0.0,0.0003562421705820551,0.0,0.0,0.0,0.0,0.0,0.0031899004664606156,0.0
2022-10-06,0.0,0.0,0.0,0.0,0.0,0.0,0.0,0.0,0.0,-0.0006671182829560696,0.0,0.0,0.0,0.0,0.0,-0.005980841354658706,0.0
2022-10-07,0.0,0.0,0.0,0.0,0.0,0.0,0.0,0.0,0.0,-0.009077072450885182,0.0,0.0,0.0,0.0,0.0,-0.0802742765480039,0.0
2022-10-10,0.0,0.0,0.0,0.0,0.0,0.0,0.0,-0.012140195481054383,-0.010581376113514618,-0.003748337717506267,0.0,0.0,0.0,0.0,0.0,-0.03362038282561508,0.0
2022-10-11,0.0,0.0,0.0,0.0,0.0,0.0,0.0,0.00028591425167290296,0.0002506957277674804,-0.0007771697046967674,0.0,0.0,0.0,0.0,0.0,-0.007197859724217159,0.0
2022-10-12,0.0,0.0,0.0,0.0,0.0,0.0,0.0,-0.0039005602999307998,-0.00281227198998546,-0.0008273703332071225,0.0,0.0,0.0,0.0,0.0,-0.0074227156577933995,0.0
2022-10-13,0.0,0.0,0.0,0.0,0.0,0.0,0.0,-0.024362855398194383,-0.017882362513022,0.004888332059748812,0.0,0.0,0.0,0.0,0.0,0.040000059786601705,0.0
2022-10-14,0.0,0.0,0.0,0.0,0.0,0.0,0.0,-0.013698005329034202,-0.010581376113514729,-0.006713180031110988,0.0,0.0,0.0,0.0,0.0,-0.06128773050935321,0.0
2022-10-17,0.0,0.0,0.0,0.0,0.0,0.0,0.0,0.014151056008067764,0.011588380132731668,0.006288801545705436,0.0,0.0,0.0,0.0,0.0,0.05887583891903869,0.0
2022-10-18,0.0,0.0,0.0,0.0,0.0,0.0,0.0,0.017306789876951667,0.014208532306711374,0.0009665020514535438,0.0,0.0,0.0,0.0,0.0,0.006645516619816272,0.0
2022-10-19,0.0,0.0,0.0,0.0,0.0,0.0,0.0,0.0055331238181257625,0.004911547597111543,0.0008089235708446108,0.0,0.0,0.0,0.0,0.0,0.007019220426375039,0.0
2022-10-20,0.0,0.0,0.0,0.0,0.0,0.0,0.0,0.001564350214562138,0.001389474238199906,0.0013224946359622347,0.0,0.0,0.0,0.0,0.0,0.0118663945026245,0.0
2022-10-21,0.0,0.0,0.0,0.0,0.0,0.0,0.0,0.01291708033556338,0.010943046147937618,0.0025022915990955408,0.0,0.0,0.0,0.0,0.0,0.02230580272259286,0.0
2022-10-24,0.0,0.0,0.0,0.0,0.0,0.0,0.0,0.0008470899607289084,0.0007190359590618645,0.0011907953738226063,0.0,0.0,0.0,0.0,0.0,0.010669100170455526,0.0
2022-10-25,0.0,0.0,0.0,0.0,0.0,0.0,0.0,0.0,0.0,0.0058212646937048085,0.0,0.0,0.0,0.0,0.0,0.052543989342798136,0.0
2022-10-26,0.0,0.0,0.0,0.0,0.0,0.0,0.0,0.0,0.0,-0.0031910867012279187,0.0,0.0,0.0,0.0,0.0,-0.027524316522330894,0.0
2022-10-27,0.0,0.0,0.0,0.0,0.0,0.0,0.0,0.0,0.0,0.0026085311990626803,0.0,0.0,0.0,0.0,0.0,0.021712173692058023,0.0
2022-10-28,0.0,0.0,0.0,0.0,0.0,0.0,0.0,0.0,0.0,0.005603818041897357,0.0,0.0,0.0,0.0,0.0,0.049939175725080664,0.0
2022-10-31,0.0,0.0,0.0,0.0,0.0,0.0,0.0,0.0,0.0,-0.002750655797120194,0.0,0.0,0.0,0.0,0.0,-0.02436024897627187,0.0
2022-11-01,0.0,0.0,0.0,0.0,0.0,0.0,0.0,0.0,0.0,0.0003768945313733507,0.0,0.0,0.0,0.0,0.0,0.003408141560663047,0.0
2022-11-02,0.0,0.0,0.0,0.0,0.0,0.0,0.0,0.0,0.0,-0.0026058032705016387,0.0,0.0,0.0,0.0,0.0,-0.023923819795523604,0.0
2022-11-03,0.0,0.0,0.0,0.0,0.0,0.0,0.0,0.016015357762771076,0.013978579656083179,0.0017916998168860943,0.0,0.0,0.0,0.0,0.0,0.015280966017921171,0.0
2022-11-04,0.0,0.0,0.0,0.0,0.0,0.0,0.0,0.004606027267934687,0.004031998149901295,0.006157852781397466,0.0,0.0,0.0,0.0,0.0,0.05476499460279882,0.0
2022-11-07,0.0,0.0,0.0,0.0,0.0,0.0,0.0,0.0015586060234287213,0.0013651437822357337,0.0011416416977949595,0.0,0.0,0.0,0.0,0.0,0.010243047146821338,0.003625287106489017
2022-11-08,0.0,0.0,0.0,0.0,-0.002955359540494862,0.0,0.0,-0.01410436750558175,-0.01233422876221757,0.0012284794620913697,0.0,0.0,0.0,0.0,0.0,0.021047409907300585,0.03341003424012157
2022-11-09,0.0,0.0,0.0,0.0,-0.011265934710096959,0.0,0.0,-0.014201345627100737,-0.01233422876221757,-0.010844932617933623,0.0,0.0,0.0,0.0,0.0,-0.05656743390699015,-0.02792061907139276
2022-11-10,0.0,0.0,0.0,0.0,0.027249031878628927,0.0,0.0,0.0,0.0,0.02621960937712564,0.0,0.0,0.0,0.0,0.0,0.1432926480564931,0.036884672990514344
2022-11-11,0.0,0.0,0.0,0.0,0.0072482783500753545,0.0,0.0,0.0,0.0,0.00697699967023202,0.0,0.0,0.0,0.0,0.0,0.03663473579958576,0.031349761516940466
2022-11-14,0.0,0.0,0.001225265203490311,0.0014236000325309472,-0.0004234932410640546,0.0,0.0,0.0,0.0,-0.00040796822520206,0.0,0.0,0.0,0.0,0.0,-0.0019600322336167375,0.005366667720398732
2022-11-15,0.0,0.0,0.012700166340758656,0.014681241817293023,0.0045299243507592735,0.0,0.0,0.0,0.0,0.004360606435870551,0.0,0.0,0.0,0.0,0.0,0.02276794541262661,-0.004841604681279699
2022-11-16,0.0,0.0,-0.006581546913653091,-0.007491994495726906,-0.009039666232788623,0.0,0.0,0.0,0.0,-0.008701910135265445,0.0,0.0,0.0,0.0,0.0,-0.045361853267022245,-0.03169583858681113
2022-11-17,0.0,0.0,-0.005242012393267159,-0.005972631441188647,-0.0028777648324205263,0.0,0.0,0.0,0.0,-0.002769884733691108,0.0,0.0,0.0,0.0,0.0,-0.014644862768108391,-0.003912210363586355
2022-11-18,0.0,0.0,-0.010073568151024115,-0.012256769307108062,-0.003290308958912469,0.0,0.0,0.0,0.0,-0.003166346885723037,0.0,0.0,0.0,0.0,0.0,-0.01709514735885309,-0.02410270355444255
2022-11-21,0.0,0.0,0.003465723806582943,0.004262024140188947,-0.0010680459652036012,0.0,0.0,0.0034657238065831653,0.004288958975894097,-0.001027093954669489,0.0,0.0,0.0,0.0,0.0,-0.005970434324447993,0.009708786182528906
2022-11-22,0.0,0.0,0.009553076104119596,0.011798120239814525,0.009304336586893669,0.0,0.0,-0.0002812011201183129,-0.00034771133089339656,0.008956021291900873,0.0,0.0,0.0,0.0,0.0,0.047071927529204194,0.026914578916096277
2022-11-23,0.0,0.0,0.008803203373324742,0.010805808186718613,0.005932425821329357,0.0,0.0,0.0,0.0,0.005710381172313372,0.0,0.0,0.0,0.0,0.0,0.029991116424849196,0.024615365320202143
2022-11-25,0.0,0.0,-0.005488232983817065,-0.006702596090646162,-0.0030407447039242363,0.0,0.0,0.0,0.0,-0.0029274680692331634,0.0,0.0,0.0,0.0,0.0,-0.015073350420510279,-0.01507335042051039
2022-11-28,0.0,0.0,-0.00988642326856537,-0.011984374993157632,-0.005412763779627072,0.0,0.0,0.0,0.0,-0.005210405881270086,0.0,0.0,0.0,0.0,0.0,-0.027228208582325886,-0.027228208582325886
2022-11-29,0.0,0.0,-0.003581040228245236,-0.004370680797919246,-0.0023526122150403506,0.0,0.0,0.0,0.0,-0.0022645818574204,0.0,0.0,0.0,0.0,0.0,-0.01187848880643616,-0.009792959141902036
2022-11-30,0.0,0.0,0.013464768210692757,0.016191866185232717,0.016236588454393797,0.0,0.0,0.0,0.0,0.015628349041677092,0.0,0.0,0.0,0.0,0.0,0.08237932936411663,0.03688467299051412
2022-12-01,0.0,0.0,0.0022137480403547904,0.002849335163723321,0.0025077005320808254,0.0,0.0,0.0,0.0,0.0024141208441219586,0.0,0.0,0.0,0.0,0.0,0.01252722924397398,0.006490715434034566
2022-12-02,0.0,0.0,-0.011999134696917269,-0.015200325463305964,-0.002972552808809814,0.0,0.0,0.0,0.0,-0.0028611366764821344,0.0,0.0,0.0,0.0,0.0,-0.015115212446697224,-0.03418942070477837
2022-12-05,0.0,0.0,-0.0019332939334439914,-0.0024708389318548463,-0.003149832624526283,0.0,0.0,0.0,0.0,-0.0030322238249013145,0.0,0.0,0.0,0.0,0.0,-0.01576196204878244,-0.005628510325561886
2022-12-06,0.0,0.0,-0.007879687795708912,-0.009871749707336286,-0.00744335204720592,0.0,0.0,0.0,0.0,-0.007164966277770191,0.0,0.0,0.0,0.0,0.0,-0.03750751214703252,-0.022418290324403123
2022-12-07,0.0,0.0,0.006982969957139096,0.009013991258129739,0.0017525629527694875,0.0,0.0,0.0,0.0,0.0016878918335692106,0.0,0.0,0.0,0.0,0.0,0.008319402571875134,0.020533650420029748
2022-12-08,0.0,0.0,0.005472779494160918,0.0070519753324895795,0.012815127829841844,0.0,0.0,0.0,0.0,0.012334953403216442,0.0,0.0,0.0,0.0,0.0,0.06507438749723882,0.016022031771078415
2022-12-09,0.0,0.0,-0.0037183233260006388,-0.004718941643110153,-0.0019537049858848743,0.0,0.0,0.0,0.0,-0.0018807478671498679,0.0,0.0,0.0,0.0,0.0,-0.009785239411909341,-0.010749633017976268
2022-12-12,0.0,0.0,0.014222702563006173,0.013754101497519544,0.006198454954430055,0.0,0.0,0.0,0.0,0.005966322041330185,0.0,0.0,0.0,0.0,0.0,0.0314099557683134,0.03140995576831318
2022-12-13,0.0,0.0,0.026225803200220277,0.024610888358195915,0.006521033492074224,0.0,0.0,0.0,0.0,0.0062811646874494365,0.0,0.0,0.0,0.0,0.0,0.03062458819697822,0.05521558751059841
2022-12-14,0.0,0.0,0.0,0.0,-0.004357800025550307,0.0,0.0,0.0,0.0,-0.00419470436336955,0.0,0.0,0.0,0.0,0.0,-0.02202305221815326,-0.027920619071392982
2022-12-15,0.0,0.0,-0.01286932008563546,-0.012256769307108062,-0.00806286694979974,0.0,0.0,0.0,0.0,-0.007760924471950648,0.0,0.0,0.0,0.0,0.0,-0.04085119006656823,-0.027920619071393094
2022-12-16,0.0,0.0,-0.012993064816834599,-0.012256769307108062,-0.004454637407560358,0.0,0.0,0.0,0.0,-0.004287982417131464,0.0,0.0,0.0,0.0,0.0,-0.022474984118688646,-0.02792061907139287
2022-12-19,0.0,0.0,0.0,0.0,-0.003788145165321999,0.0,0.0,0.0,0.0,-0.003646394076326276,0.0,0.0,0.0,0.0,0.0,-0.01912990696084349,-0.027920619071393094
2022-12-20,0.0,0.0,-8.868031127462483e-05,-8.448117835568869e-05,-0.0020258261780842224,0.0,0.0,0.0,0.0,-0.0019497312312399817,0.0,0.0,0.0,0.0,0.0,-0.01039729141807022,-0.0001924460467901401
2022-12-21,0.0,0.0,0.011870173905610182,0.011332446403098384,0.005108539695043879,0.0,0.0,0.0,0.0,0.004917266384037999,0.0,0.0,0.0,0.0,0.0,0.02586237595978469,0.02586237595978491
2022-12-22,0.0,0.0,-0.024748660976114834,-0.023229614662673703,-0.01420620152151908,0.0,0.0,0.0,0.0,-0.01367697815253488,0.0,0.0,0.0,0.0,0.0,-0.0704199854758466,-0.05224471375963191
2022-12-23,0.0,0.0,0.0,0.0,-0.0016574992348371564,0.0,0.0,0.0,0.0,-0.0015949679389133387,0.0,0.0,0.0,0.0,0.0,-0.00867067223056539,-0.0008406560456389878
2022-12-27,0.0,0.0,0.0,0.0,-0.014204104002333406,0.0,0.0,0.0,0.0,-0.0136732540008081,0.0,0.0,0.0,0.0,0.0,-0.0713533123578981,-0.02710274711396876
2022-12-28,0.0,0.0,0.0,0.0,-0.0010522265876007353,0.0,0.0,0.0,0.0,-0.001011675086799002,0.0,0.0,0.0,0.0,0.0,-0.006019538197163277,0.0
2022-12-29,0.0,0.0,0.0,0.0,0.007957228062144717,0.0,0.0,0.0,0.0,0.0076590963900962095,0.0,0.0,0.0,0.0,0.0,0.040396204756304455,0.0
2022-12-30,0.0,0.0,0.0,0.0,0.0001641473112334868,0.0,0.0,0.0,0.0,0.00015813950366472262,0.0,0.0,0.0,0.0,0.0,0.0007533236655814513,0.0
2023-01-03,0.0,0.0,0.0,0.0,-0.003913056208857624,0.0,0.0,0.0,0.0,-0.003765385267306076,0.0,0.0,0.0,0.0,0.0,-0.02046004579252958,0.0
2023-01-04,0.0,0.0,0.0,0.0,0.005855838870822971,0.0,0.0,0.0,0.0,0.0056354409826404606,0.0,0.0,0.0,0.0,0.0,0.030317969074076467,0.0
2023-01-05,0.0,0.0,0.0,0.0,-0.006570205780532912,0.0,0.0,0.0,0.0,-0.006324996750299294,0.0,0.0,0.0,0.0,0.0,-0.032815669269443126,0.0
2023-01-06,0.0,0.0,0.0,0.0,0.008138073270299362,0.0,0.0,0.0,0.0,0.007832605339171073,0.0,0.0,0.0,0.0,0.0,0.0416402035313479,0.0
2023-01-09,0.0,0.0,0.0,0.0,0.010242363404799892,0.0,0.0,0.0,0.0,0.009859048039903007,0.0,0.0,0.0,0.0,0.0,0.05175328386349198,0.0
2023-01-10,0.0,0.0,0.0,0.0,0.003557379389631743,0.0,0.0,0.0,0.0,0.00342423620654575,0.0,0.0,0.0,0.0,0.0,0.0179804704642772,0.0
2023-01-11,0.0,0.0,0.0,0.0,0.00112802129716294,0.0,0.0,0.0,0.0,0.0010856565823804676,0.0,0.0,0.0,0.0,0.0,0.0057829324042364405,0.0
2023-01-12,0.0,0.0,0.0,0.0,0.006285730971411718,0.0,0.0,0.0,0.0,0.0060502912723032765,0.0,0.0,0.0,0.0,0.0,0.03187288648398656,0.0
2023-01-13,0.0,0.0,0.0,0.0,0.004673901841889538,0.0,0.0,0.0,0.0,0.00449919275112598,0.0,0.0,0.0,0.0,0.0,0.02349968366188504,0.0
2023-01-17,0.0,0.0,0.0,0.0,0.009390239761317476,0.0,0.0,0.0,0.0,0.009038689511556841,0.0,0.0,0.0,0.0,0.0,0.04751754795491925,0.0
2023-01-18,0.0,0.0,-0.007884288550153773,-0.007852541666484303,-0.0036622322659974893,0.0,0.0,0.0,0.0,-0.003525440448317152,0.0,0.0,0.0,0.0,0.0,-0.018359616803199308,0.0
2023-01-19,0.0,0.0,-0.009203710403936416,-0.00916635741912375,-0.006973478197751182,0.0,0.0,0.0,0.0,-0.0067125274642697574,0.0,0.0,0.0,0.0,0.0,-0.03521885851891482,0.0
2023-01-20,0.0,0.0,0.0,0.0,0.012520773535745322,0.0,0.0,0.0,0.0,0.012050803952459166,0.0,0.0,0.0,0.0,0.0,0.06406206170249429,0.0
2023-01-23,0.0,0.0,0.015023042496971728,0.01619186618523294,0.014971651622419646,0.0,0.0,0.0,0.0,0.014410890492232209,0.0,0.0,0.0,0.0,0.0,0.07590115076504511,0.0
2023-01-24,0.0,0.0,0.008240746446573244,0.009539983875858082,0.0006147762156609726,0.0,0.0,0.0,0.0,0.0005905802772874225,0.0,0.0,0.0,0.0,0.0,0.0037512734960707395,0.0
2023-01-25,0.0,0.0,0.0020148710988026064,0.001311782655153193,0.000589869850498026,0.0,0.0,0.0,0.0,0.0005677403416251003,0.0,0.0,0.0,0.0,0.0,0.003010675872302526,0.0
2023-01-26,0.0,0.0,0.00771822718719517,0.00800485640689308,0.004944745156307828,0.0,0.0,0.0,0.0,0.004760040335213045,0.0,0.0,0.0,0.0,0.0,0.024789088844440643,0.0
2023-01-27,0.0,0.0,0.0,0.0,0.005733349978048974,0.0,0.0,0.0,0.0,0.00551973176868481,0.0,0.0,0.0,0.0,0.0,0.028431279624052008,0.0
2023-01-30,0.0,0.0,0.0,0.0,-0.011965956767568953,0.0,0.0,0.0,0.0,-0.011520671244733771,0.0,0.0,0.0,0.0,0.0,-0.05907179800087525,0.0
2023-01-31,0.0,0.0,0.0,0.0,0.0038577905967775994,0.0,0.0,0.0,0.0,0.0037132827861219297,0.0,0.0,0.0,0.0,0.0,0.019570107702253425,0.0
2023-02-01,0.0,0.0,0.0,0.0,0.014173536773079531,0.0,0.0,0.0,0.0,0.013642475807468912,0.0,0.0,0.0,0.0,0.0,0.07196601948863868,0.0
2023-02-02,0.0,0.0,0.0,0.0,0.007231815240261952,0.0,0.0,0.0,0.0,0.00696110924183424,0.0,0.0,0.0,0.0,0.0,0.03657507482730238,0.0
2023-02-03,0.0,0.0,0.0,0.0,-0.005698302792681353,0.0,0.0,0.0,0.0,-0.005486381619283831,0.0,0.0,0.0,0.0,0.0,-0.028052553759457033,0.0
2023-02-06,0.0,0.0,0.0,0.0,-8.576065070675654e-05,0.0,0.0,0.0,0.0,-8.239599462800395e-05,0.0,0.0,0.0,0.0,0.0,-0.0005211379865524002,0.0
2023-02-07,0.0,0.0,0.016271077367358,0.016191866185232717,0.010109464170486415,0.0,0.0,0.0,0.0,0.00973055440986803,0.0,0.0,0.0,0.0,0.0,0.051401002276402874,0.0
2023-02-08,0.0,0.0,0.0,0.0,0.00034296022890423217,0.0,0.0,0.0,0.0,0.0003306490593890654,0.0,0.0,0.0,0.0,0.0,0.0014430648154655223,0.0
2023-02-09,0.0,0.0,0.0,0.0,0.0027998978264780483,0.0,0.0,0.0,0.0,0.003127014701320263,0.0,0.0,0.0,0.0,-0.002419920637796169,0.005944688105516072,0.0
2023-02-10,0.0,0.0,0.0,0.0,-0.0020764647027627925,0.0,0.0,0.0,0.0,0.0,0.0,0.0,0.0,0.0,-0.00871163343819692,-0.04799209756728018,0.0
2023-02-13,0.0,0.0,0.0,0.0,0.0010411962105154604,0.0,0.0,0.0,0.0,0.0,0.0,0.0,0.0,0.0,0.004381828821596878,0.02459444141955558,0.0
2023-02-14,0.0,0.0,0.0,0.0,0.0023568779691915953,0.0,0.0,0.0,0.0,0.0,0.0,0.0,0.0,0.0,0.009883306751630183,0.05429586125705521,0.0
2023-02-15,0.0,0.0,0.0,0.0,-0.0004319805984682734,0.0,0.0,0.0,0.0,0.0,0.0,0.0,0.0,0.0,-0.001785679708736665,-0.009011510861690386,0.0
2023-02-16,0.0,0.0,0.0,0.0,-0.0014589199909101902,0.0,0.0,0.0,0.0,0.0,0.0,0.0,0.0,0.0,-0.006114277705533411,-0.03347371721367054,0.0
2023-02-17,0.0,0.0,0.0,0.0,-0.0012057273222576548,0.0,0.0,0.0,0.0,0.0,0.0,0.0,0.0,0.0,-0.005059530993400063,-0.02790659732843892,0.0
2023-02-21,0.0,0.0,0.0,0.0,-0.0014801607834471486,0.0,0.0,0.0,0.0,0.0,0.0,0.0,0.0,0.0,-0.006211472618466107,-0.034271555148433164,0.0
2023-02-22,0.0,0.0,0.0,0.0,0.00020341118369371358,0.0,0.0,0.0,0.0,0.0,0.0,0.0,0.0,0.0,0.0008557500961414721,0.004793047132801043,0.0
2023-02-23,0.0,0.0,0.0,0.0,0.005985495983462874,0.0,0.0,0.0,0.0,0.0,0.0,0.0,0.0,0.0,0.02516023188404959,0.14021386061662033,0.0
2023-02-24,0.0,0.0,0.0,0.0,-0.0006930863115395258,0.0,0.0,0.0,0.0,0.0,0.0,0.0,0.0,0.0,-0.00290656184572613,-0.015973393518886048,0.0
2023-02-27,0.0,0.0,0.0,0.0,0.0004026752153492019,0.0,0.0,0.0,0.0,0.0,0.0,0.0,0.0,0.0,0.001687456848808333,0.009232842092005589,0.0
2023-02-28,0.0,0.0,0.0,0.0,-0.0005224209576375483,0.0,0.0,0.0,0.0,0.0,0.0,0.0,0.0,0.0,-0.002193130623356354,-0.012127097283264887,0.0
2023-03-01,0.0,0.0,0.0,0.0,-0.0009610479640889125,0.0,0.0,0.0,0.0,0.0,0.0,0.0,0.0,0.0,-0.004034576493651354,-0.02231228781219574,0.0
2023-03-02,0.0,0.0,0.0,0.0,0.0011878523617161463,0.0,0.0,0.0,0.0,0.0,0.0,0.0,0.0,0.0,0.00497550199477792,0.027138875130554574,0.0
2023-03-03,0.0,0.0,0.0,0.0,0.0010608019933509016,0.0,0.0,0.0,0.0,0.0,0.0,0.0,0.0,0.0,0.004455397997019439,0.024706470667049896,0.0
2023-03-06,0.0,0.0,0.0,0.0,-0.0006065507976048545,0.0,0.0,0.0,0.0,0.0,0.0,0.0,0.0,0.0,-0.0025458826345963192,-0.014064614088878935,0.0
2023-03-07,0.0,0.0,0.0,0.0,-0.0004794693630254532,0.0,0.0,0.0,0.0,0.0,0.0,0.0,0.0,0.0,-0.0020126981138254285,-0.01112534940242671,0.0
2023-03-08,0.0,0.0,0.0,0.0,0.0016344158246679452,0.0,0.0,0.0,0.0,0.0,0.0,0.0,0.0,0.0,0.006871738447076892,0.038345843150882075,0.0
2023-03-09,0.0,0.0,0.0,0.0,-0.001327931355705858,0.0,0.0,0.0,0.0,0.0,0.0,0.0,0.0,0.0,-0.005574187727215407,-0.030809152863757405,0.0
2023-03-10,0.0,0.0,0.0,0.0,-0.0008660588991531437,0.0,0.0,0.0,0.0,0.0,0.0,0.0,0.0,0.0,-0.003635553954323578,-0.0200972667274123,0.0
2023-03-13,0.0,0.0,0.0,0.0,1.0982307136586655e-05,0.0,0.0,0.0,0.0,0.0,0.0,0.0,0.0,0.0,4.0691576974394295e-05,4.3559130064263485e-05,0.0
2023-03-14,0.0,0.0,0.0,0.0,0.0020390574909032733,0.0,0.0,0.0,0.0,0.0,0.0,0.0,0.0,0.0,0.008571294412926811,0.04776624129925566,0.0
2023-03-15,0.0,0.0,0.0,0.0,0.0002920000460104877,0.0,0.0,0.0,0.0,0.0,0.0,0.0,0.0,0.0,0.001227892382791529,0.0068569203565884695,0.0
2023-03-16,0.0,0.0,0.0,0.0,0.002345694275942556,0.0,0.0,0.0,0.0,0.0,0.0,0.0,0.0,0.0,0.009840408753694518,0.05419355469067022,0.0
2023-03-17,0.0,0.0,0.0,0.0,0.00035661984246915246,0.0,0.0,0.0,0.0,0.0,0.0,0.0,0.0,0.0,0.0014677696559242115,0.007204053278736522,0.0
2023-03-20,0.0,0.0,0.0,0.0,0.000295503966079691,0.0,0.0,0.0,0.0,0.0,0.0,0.0,0.0,0.0,0.0012390615622936973,0.006802702914700864,0.0
2023-03-21,0.0,0.0,0.0,0.0,0.0004999495097215423,0.0,0.0,0.0,0.0,0.0,0.0,0.0,0.0,0.0,0.002097193169997791,0.011544515800342214,0.0
2023-03-22,0.0,0.0,0.0,0.0,0.00044084174557146305,0.0,0.0,0.0,0.0,0.0,0.0,0.0,0.0,0.0,0.0018515449347671353,0.010267440793729321,0.0
2023-03-23,0.0,0.0,0.0,0.0,0.001172430993240825,0.0,0.0,0.0,0.0,0.0,0.0,0.0,0.0,0.0,0.004924481878207931,0.02731600957259439,0.0
2023-03-24,0.0,0.0,-0.018472828444708767,-0.012262946849610601,-0.0006550199698860393,0.0,0.0,0.0,0.0,0.0,0.0,0.0,0.0,0.0,-0.0027483987152134848,-0.015152031077056871,0.0
2023-03-27,0.0,0.0,-0.008538391562730396,-0.005658238618530764,-0.00039868916855878567,0.0,0.0,0.0,0.0,0.0,0.0,0.0,0.0,0.0,-0.0016738560039358807,-0.00926081572683346,0.0
2023-03-28,0.0,0.0,-0.010006008863790772,-0.006742798775485892,-0.00019581694347414746,0.0,0.0,0.0,0.0,0.0,0.0,0.0,0.0,0.0,-0.0008224368470952648,-0.004560864679789112,0.0
2023-03-29,0.0,0.0,0.0029261212235165424,0.0019415693550006718,0.0009294545876332716,0.0,0.0,0.0,0.0,0.0,0.0,0.0,0.0,0.0,0.0039059755765138426,0.021734182080220155,0.0
2023-03-30,0.0,0.0,0.00988500287439309,0.006483944788048701,0.0006353385141475432,0.0,0.0,0.0,0.0,0.0,0.0,0.0,0.0,0.0,0.0026681543050690593,0.01478654850407568,0.0
2023-03-31,0.0,0.0,0.010117280628107572,0.006351879209507638,0.0006253505556963468,0.0,0.0,0.0,0.0,0.0,0.0,0.0,0.0,0.0,0.0026218901585741694,0.014388575476091736,0.0
2023-04-03,0.0,0.0,0.0026416413207344114,0.001229508132792434,0.00028761192983561834,0.0,0.0,0.0,0.0,0.0,0.0,0.0,0.0,0.0,0.0012098157826176958,0.006768122758975759,0.0
2023-04-04,0.0,0.0,-0.014335908014691978,-0.008702458411172898,-0.0007886677121144992,0.0,0.0,0.0,0.0,0.0,0.0,0.0,0.0,0.0,-0.003310848307199077,-0.01830852961748386,0.0
2023-04-05,0.0,0.0,-0.017408876874921986,-0.010507814823952688,-0.0008799370043913735,0.0,0.0,0.0,0.0,0.0,0.0,0.0,0.0,0.0,-0.0037044763459309626,-0.020835644035564926,0.0
2023-04-06,0.0,0.0,0.011147137880071156,0.006815222317988923,0.0002559862987154826,0.0,0.0,0.0,0.0,0.0,0.0,0.0,0.0,0.0,0.0010710158437101658,0.005803384593948024,0.0
2023-04-10,0.0,0.0,0.01604863938184331,0.00881541716034806,0.0008655437272842015,0.0,0.0,0.0,0.0,0.0,0.0,0.0,0.0,0.0,0.003632348877151026,0.020046547825341543,0.0
2023-04-11,0.0,0.0,0.0029414626888288886,0.0016712401265539523,-0.0006312505124113077,0.0,0.0,0.0,0.0,0.0,0.0,0.0,0.0,0.0,-0.002655629997457498,-0.014866386784388008,0.0
2023-04-12,0.0,0.0,-0.02204059965602756,-0.01226294684961049,-0.0010644534302811648,0.0,0.0,0.0,0.0,0.0,0.0,0.0,0.0,0.0,-0.004471101953538059,-0.024807645311036963,0.0
2023-04-13,0.0,0.0,-0.009612459473314239,-0.005103359878752101,-6.152351612398466e-05,0.0,0.0,0.0,0.0,0.0,0.0,0.0,0.0,0.0,-0.0002526980675445767,-0.0012078919353183393,0.0
2023-04-14,0.0,0.0,0.00919619942331451,0.0048813093569777255,0.0004778244645733398,0.0,0.0,0.0,0.0,0.0,0.0,0.0,0.0,0.0,0.002007355868974603,0.01114777339223516,0.0
2023-04-17,0.0,0.0,-0.007192505074962385,-0.003839251836919577,0.00039421290669050535,0.0,0.0,0.0,0.0,0.0,0.0,0.0,0.0,0.0,0.0016540630947283752,0.009118687408995685,0.0
2023-04-18,0.0,0.0,0.0,0.0,0.001066696486268448,0.0,0.0,0.0,0.0,0.0,0.0,0.0,0.0,0.0,0.0044744718352018875,0.024627866074418803,0.0
2023-04-19,0.0,0.0,0.0,0.0,0.0004174093482487429,0.0,0.0,0.0,0.0,0.0,0.0,0.0,0.0,0.0,0.0017484390910349479,0.009541942200068876,0.0
2023-04-20,0.0,0.0,-0.021626691846990842,-0.009644035938978224,-0.001290385162651675,0.0,0.0,0.0,0.0,0.0,0.0,0.0,0.0,0.0,-0.005407907378435994,-0.02960863403466718,0.0
2023-04-21,0.0,0.0,-0.006990207965957618,-0.003079442499262175,2.836995029475986e-05,0.0,0.0,0.0,0.0,0.0,0.0,0.0,0.0,0.0,0.00011640821394776069,0.0005533982080097033,0.0
2023-04-24,0.0,0.0,0.0,0.0,-0.00012311735052550343,0.0,0.0,0.0,0.0,0.0,0.0,0.0,0.0,0.0,-0.0005163594370976021,-0.0028392344140579784,0.0
2023-04-25,0.0,0.0,-0.027449333803743703,-0.01226294684961049,-0.0012727785192803154,0.0,0.0,0.0,0.0,0.0,0.0,0.0,0.0,0.0,-0.0053451007916855975,-0.029620712140979943,0.0
2023-04-26,0.0,0.0,-0.002916187206444265,-0.001404951329126769,0.0011371788530409876,0.0,0.0,-0.002916187206444376,0.0,0.0,0.0,0.0,0.0,0.0,0.004795429506626814,0.02724734010821739,0.0
2023-04-27,0.0,0.0,0.009315399534292723,0.0044030115274760195,0.0004321745403084165,0.0,0.0,0.009315399534292723,0.0,0.0,0.0,0.0,0.0,0.0,0.001813872334719413,0.01001656845633625,0.0
2023-04-28,0.0,0.0,0.016961760828947403,0.008428205385999865,0.0008261825034741044,0.0,0.0,0.01696176082894718,0.0,0.0,0.0,0.0,0.0,0.0,0.003469131795902358,0.019209500505587007,0.0
2023-05-01,0.0,0.0,0.0015736290035341938,0.0007869957673691808,0.0017960791831077572,0.0,0.0,0.0015736290035341938,0.0,0.0,0.0,0.0,0.0,0.0,0.007543780778174636,0.041839208563801966,0.0
2023-05-02,0.0,0.0,-0.014048168121697291,-0.00784467629287322,-0.0010615148862695989,0.0,0.0,0.0,0.0,0.0,0.0,0.0,0.0,0.0,-0.0044447460884552425,-0.024213078418183986,0.0
2023-05-03,0.0,0.0,-0.011435841035657979,-0.0063459912987771094,-0.0006159302661914445,0.0,0.0,0.0,0.0,0.0,0.0,0.0,0.0,0.0,-0.002589918820897541,-0.014462802227314109,0.0
2023-05-04,0.0,0.0,-0.0035908123510336454,-0.0020693612031084108,-0.0003722353109987253,0.0,0.0,0.0,0.0,0.0,0.0,0.0,0.0,0.0,-0.0015624350786347385,-0.00863255279704278,0.0
2023-05-05,0.0,0.0,0.03139964175179921,0.01771821626903236,0.0017313994383234554,0.0,0.0,0.0,0.0,0.0,0.0,0.0,0.0,0.0,0.007278071736703362,0.040563197153219654,0.0
2023-05-08,0.0,0.0,-0.0055015620411362764,-0.0031244608137593888,0.0007030509401901863,0.0,0.0,0.0,0.0,0.0,0.0,0.0,0.0,0.0,0.0029541141281528294,0.01642251116783333,0.0
2023-05-09,0.0,0.0,0.0,0.0,-0.0008686941016985417,0.0,0.0,-0.009250920563231957,0.0,0.0,0.0,0.0,0.0,0.0,-0.00363966058986942,-0.01989620039972506,0.0
2023-05-10,0.0,0.0,0.0,0.0,0.0004680917731445522,0.0,0.0,0.009818566565255926,0.0,0.0,0.0,0.0,0.0,0.0,0.0019682559918081655,0.010990107967387308,0.0
2023-05-11,0.0,0.0,0.0,0.0,-4.799472717043063e-05,0.0,0.0,0.0,0.0,-0.0002234954167218417,0.0,0.0,0.0,0.0,-0.00020163474065770792,-0.010628613439751966,0.0
2023-05-12,0.0,0.0,0.0,0.0,0.0,0.0,0.0,0.0,0.0,-0.00014904623113787263,0.0,0.0,0.0,0.0,0.0,-0.008327873469389901,0.0
2023-05-15,0.0,0.0,0.0,0.0,0.0,0.0,0.0,0.010314967944206943,0.012843665800279958,0.0003842606575530372,0.0,0.0,0.0,0.0,0.0,0.021630116870922755,0.0
2023-05-16,0.0,0.0,0.0,0.0,0.0,0.0,0.0,0.016117632790047187,0.02049239148137172,0.00016000836729190837,0.0,0.0,0.0,0.0,0.0,0.008980050749412216,0.0
2023-05-17,0.0,0.0,0.0,0.0,0.0,0.0,0.0,0.0,0.0,0.0005881233466469293,0.0,0.0,0.0,0.0,0.0,0.03303327735547135,0.0
2023-05-18,0.0,0.0,0.0,0.0,0.0,0.0,0.0,0.02597541758145483,0.03362558593510134,0.0008847241672440553,0.0,0.0,0.0,0.0,0.0,0.04970505698739669,0.0
2023-05-19,0.0,0.0,0.0,0.0,0.0,0.0,0.0,-0.006896247518109577,-0.009216581300360627,-0.0002385121566265136,0.0,0.0,0.0,0.0,0.0,-0.013068992126833656,0.0
2023-05-22,0.0,0.0,0.0,0.0,0.0,0.0,0.0,-0.008902411088143714,-0.011925608711373714,-4.7263056616841936e-05,0.0,0.0,0.0,0.0,0.0,-0.0028145841548693484,0.0
2023-05-23,0.0,0.0,0.0,0.0,0.0,0.0,0.0,0.0,0.0,-0.00028173052204594207,0.0,0.0,0.0,0.0,0.0,-0.015653110316808605,0.0
2023-05-24,0.0,0.0,0.0,0.0,0.0,0.0,0.0,0.0,0.0,-8.231472963959874e-05,0.0,0.0,0.0,0.0,0.0,-0.004888112506275966,0.0
2023-05-25,0.0,0.0,0.0,0.0,0.0,0.0,0.0,0.0,0.0,0.0044628379119930894,0.0,0.0,0.0,0.0,0.0,0.24369638841989905,0.0
2023-05-26,0.0,0.0,0.0,0.0,0.0,0.0,0.0,0.0,0.0,0.0004559013066416373,0.0,0.0,0.0,0.0,0.0,0.02543442914154026,0.0
2023-05-30,0.0,0.0,0.0,0.0,0.0,0.0,0.0,0.0,0.0,0.0005623199706419335,0.0,0.0,0.0,0.0,0.0,0.02991325168774739,0.0
2023-05-31,0.0,0.0,0.0,0.0,0.0,0.0,0.0,0.0,0.0,-0.0010234925513598059,0.0,0.0,0.0,0.0,0.0,-0.05676757548409839,0.0
2023-06-01,0.0,0.0,0.0,0.0,0.0,0.0,0.0,0.0,0.0,0.0008910512738273813,0.0,0.0,0.0,0.0,0.0,0.05117112593148465,0.0
2023-06-02,0.0,0.0,0.0,0.0,0.0,0.0,0.0,0.0,0.0,-0.00019261397146874693,0.0,0.0,0.0,0.0,0.0,-0.011138945835188818,0.0
2023-06-05,0.0,0.0,0.0,0.0,0.0,0.0,0.0,0.0,0.0,-6.683814352070883e-05,0.0,0.0,0.0,0.0,0.0,-0.003966808475935335,0.0
2023-06-06,0.0,0.0,0.0,0.0,0.0,0.0,0.0,0.0,0.0,-0.00023767238869776275,0.0,0.0,0.0,0.0,0.0,-0.01319858030144394,0.0
2023-06-07,0.0,0.0,0.0,0.0,0.0,0.0,0.0,0.0,0.0,-0.0005395124041002175,0.0,0.0,0.0,0.0,0.0,-0.030401270175915207,0.0
2023-06-08,0.0,0.0,0.0,0.0,0.0,0.0,0.0,0.0,0.0,0.00048606867727518654,0.0,0.0,0.0,0.0,0.0,0.027618610148498757,0.0
2023-06-09,0.0,0.0,-0.0021883796245617537,0.0,0.0,0.0,0.0,0.0,0.0,0.000126396397067019,0.0,0.0,0.0,0.0,0.0,0.006751374007661015,0.0
2023-06-12,0.0,0.0,0.002500735230942963,0.0,0.0,0.0,0.0,0.0,0.0,0.000325391373144468,0.0,0.0,0.0,0.0,0.0,0.018364841582045655,0.0
2023-06-13,0.0,0.0,0.0,0.0,0.0,0.0,0.0,0.0,0.0,0.0006922174886849763,0.0,0.0,0.0,0.0,0.0,0.03900526838192464,0.0
2023-06-14,0.0,0.0,0.00975795653875755,0.0,0.0,0.0,0.0,0.0,0.0,0.0008628174695086699,0.0,0.0,0.0,0.0,0.0,0.04814479818241946,0.0
2023-06-15,0.0,0.0,0.0,0.0,0.0,0.0,0.0,0.0,0.0,-0.0001525216193217771,0.0,0.0,0.0,0.0,0.0,-0.008000549073828522,0.0
2023-06-16,0.0,0.0,-0.004957710496989454,0.0,0.0,0.0,0.0,0.0,0.0,2.193018737806085e-05,0.0,0.0,0.0,0.0,0.0,0.0009142094044345406,0.0
2023-06-20,0.0,0.0,0.0068142871499632385,0.0,0.0,0.0,0.0,0.0,0.0,0.0004623710400266656,0.0,0.0,0.0,0.0,0.0,0.02614071420440256,0.0
2023-06-21,0.0,0.0,-0.009203734935093077,0.0,0.0,0.0,0.0,0.0,0.0,-0.00031520396588902155,0.0,0.0,0.0,0.0,0.0,-0.017416856230391464,0.0
2023-06-22,0.0,0.0,0.0,0.0,0.0,0.0,0.0,0.0,0.0,2.2953165679240328e-07,0.0,0.0,0.0,0.0,0.0,-0.00046456045822451664,0.0
2023-06-23,0.0,0.0,0.0,0.0,0.0,0.0,0.0,0.0,0.0,-0.0003446617339513125,0.0,0.0,0.0,0.0,0.0,-0.018965857481355708,0.0
2023-06-26,0.0,0.0,0.0,0.0,0.0,0.0,0.0,0.0,0.0,-0.0006638767224216302,0.0,0.0,0.0,0.0,0.0,-0.03736150747020328,0.0
2023-06-27,0.0,0.0,0.0,0.0,0.0,0.0,0.0,0.0,0.0,0.000541152718669835,0.0,0.0,0.0,0.0,0.0,0.03061612783323997,0.0
2023-06-28,0.0,0.0,0.0,0.0,0.0,0.0,0.0,0.0,0.0,-0.00033175712456789963,0.0,0.0,0.0,0.0,0.0,-0.018124860800474707,0.0
2023-06-29,0.0,0.0,0.0,0.0,0.0,0.0,0.0,0.0,0.0,-0.00012336564061632416,0.0,0.0,0.0,0.0,0.0,-0.007174733587888671,0.0
2023-06-30,0.0,0.0,0.0,0.0,0.0,0.0,0.0,0.0,0.0,0.0006358603518072936,0.0,0.0,0.0,0.0,0.0,0.03625486222939123,0.0
2023-07-03,0.0,0.0,0.0,0.0,0.0,0.0,0.0,0.0,0.0,4.792188753510729e-05,0.0,0.0,0.0,0.0,0.0,0.002624147244649988,0.0
2023-07-05,0.0,0.0,0.0,0.0,0.0,0.0,0.0,0.0,0.0,-3.990930563035899e-05,0.0,0.0,0.0,0.0,0.0,-0.002263261896504165,0.0
2023-07-06,0.0,0.0,0.0,0.0,0.0,0.0,0.0,0.0,0.0,-9.020128374848113e-05,0.0,0.0,0.0,0.0,0.0,-0.005057158722304389,0.0
2023-07-07,0.0,0.0,0.0,0.0,0.0,0.0,0.0,0.0,0.0,0.0001696764675325202,0.0,0.0,0.0,0.0,0.0,0.009500537202533632,0.0
2023-07-10,0.0,0.0,0.0,0.0,0.0,0.0,0.0,0.0,0.0,-0.00013504941339204102,0.0,0.0,0.0,0.0,0.0,-0.007599428915572859,0.0
2023-07-11,0.0,0.0,0.0,0.0,0.0,0.0,0.0,0.0,0.0,9.405328126521617e-05,0.0,0.0,0.0,0.0,0.0,0.005334250976073873,0.0
2023-07-12,0.0,0.0,0.0,0.0,0.0,0.0,0.0,0.0,0.0,0.0006248966924264909,0.0,0.0,0.0,0.0,0.0,0.03530216200084002,0.0
2023-07-13,0.0,0.0,0.0,0.0,0.0,0.0,0.0,0.0,0.0,0.0008407538155223993,0.0,0.0,0.0,0.0,0.0,0.047264722289494854,0.0
2023-07-14,0.0,0.0,0.0,0.0,0.0,0.0,0.0,0.0,0.0,-0.00018559353240532594,0.0,0.0,0.0,0.0,0.0,-0.011049155360339569,0.0
2023-07-17,0.0,0.0,0.0,0.0,0.0,0.0,0.0,0.0,0.0,0.0003810159688903969,0.0,0.0,0.0,0.0,0.0,0.021816915972942885,0.0
2023-07-18,0.0,0.0,0.0,0.0,0.0,0.0,0.0,0.0,0.0,0.0003959443737173718,0.0,0.0,0.0,0.0,0.0,0.022233683961768724,0.0
2023-07-19,0.0,0.0,0.0,0.0,0.0,0.0,0.0,0.0,0.0,-0.00015763459116624468,0.0,0.0,0.0,0.0,0.0,-0.008780084403081756,0.0
2023-07-20,0.0,0.0,0.0,0.0,0.0,0.0,0.0,0.0,0.0,-0.0005944287789718672,0.0,0.0,0.0,0.0,0.0,-0.03307344749690866,0.0
2023-07-21,0.0,0.0,0.0,0.0,0.0,0.0,0.0,0.0,0.0,-0.0004747458921586789,0.0,0.0,0.0,0.0,0.0,-0.02660357431094118,0.0
2023-07-24,0.0,0.0,0.0,0.0,0.0,0.0,0.0,0.0,0.0,0.00011665558266171772,0.0,0.0,0.0,0.0,0.0,0.006838375063952462,0.0
2023-07-25,0.0,0.0,0.0,0.0,0.0,0.0,0.0,0.0,0.0,0.00042487748474684395,0.0,0.0,0.0,0.0,0.0,0.023917230335983586,0.0
2023-07-26,0.0,0.0,0.0,0.0,0.0,0.0,0.0,0.0,0.0,-8.567367145240201e-05,0.0,0.0,0.0,0.0,0.0,-0.004969694416822601,0.0
2023-07-27,0.0,0.0,0.0,0.0,0.0,0.0,0.0,0.0,0.0,0.0001762755422187734,0.0,0.0,0.0,0.0,0.0,0.009856909222748733,0.0
2023-07-28,0.0,0.0,0.0,0.0,0.0,0.0,0.0,0.0,0.0,0.0003264703345879916,0.0,0.0,0.0,0.0,0.0,0.018518487713394816,0.0
2023-07-31,0.0,0.0,0.0,0.0,0.0,0.0,0.0,0.0,0.0,-8.073971477284836e-06,0.0,0.0,0.0,0.0,0.0,-0.00044922037685179994,0.0
2023-08-01,0.0,0.0,0.0,0.0,0.0,0.0,0.0,0.0,0.0,-8.492077208566151e-05,0.0,0.0,0.0,0.0,0.0,-0.004750836978506645,0.0
2023-08-02,0.0,0.0,0.0,0.0,0.0,0.0,0.0,0.0,0.0,-0.0008693867619101736,0.0,0.0,0.0,0.0,0.0,-0.048121705387157876,0.0
2023-08-03,0.0,0.0,0.0,0.0,0.0,0.0,0.0,0.0,0.0,0.00010752901258204162,0.0,0.0,0.0,0.0,0.0,0.005556844816682949,0.0
2023-08-04,0.0,0.0,0.0,0.0,0.0,0.0,0.0,0.0,0.0,6.981686571561063e-05,0.0,0.0,0.0,0.0,0.0,0.0037066180112306224,0.0
2023-08-07,0.0,0.0,0.0,0.0,0.0,0.0,0.0,0.0,0.0,0.0002924461241258225,0.0,0.0,0.0,0.0,0.0,0.016495143096754816,0.0
2023-08-08,0.0,0.0,0.0,0.0,0.0,0.0,0.0,0.0,0.0,-0.0002988735514715124,0.0,0.0,0.0,0.0,0.0,-0.016579589198331246,0.0
2023-08-09,0.0,0.0,0.0,0.0,0.0,0.0,0.0,0.0,0.0,-0.0008499992978099336,0.0,0.0,0.0,0.0,0.0,-0.047241807513229817,0.0
2023-08-10,0.0,0.0,0.0,0.0,0.0,0.0,0.0,0.0,0.0,-6.377996783824003e-05,0.0,0.0,0.0,0.0,0.0,-0.0039008440450071236,0.0
2023-08-11,0.0,0.0,0.0,0.0,-0.01160586724233259,0.0,0.0,0.0,0.0,-0.012152594831690178,0.0,0.0,-0.020280886215126026,-0.014507043159564303,-0.011912020118816646,-0.0361660875931642,0.0
2023-08-14,0.0,0.0,0.0,0.0,0.036103401795186674,0.0,0.0,0.0,0.0,0.03705043622126536,0.0,0.0,0.025458620326378023,0.019164601674181547,0.03705043622126558,0.07093399576845383,0.0
2023-08-15,0.0,0.0,0.0,0.0,0.002545091694598156,0.0,0.0,0.0,0.0,0.0026012660521770314,0.0,0.0,-0.008679942617864422,-0.00799677778515362,0.0026012660521770314,0.004274024076167615,0.0
2023-08-16,0.0,0.0,0.0,0.0,-0.00519603107298261,0.0,0.0,0.0,0.0,-0.0053340478419964255,0.0,0.0,-0.007457776263087412,-0.006569053596994667,-0.0053340478419965365,-0.010332321396440025,0.0
2023-08-17,0.0,0.0,0.0,0.0,-0.001681804701720857,0.0,0.0,0.0,0.0,-0.001725381345275001,0.0,0.0,-0.00903641994508897,-0.00816439365556798,-0.001725381345275001,-0.0032654738211644885,0.0
2023-08-18,0.0,0.0,0.0,0.0,-0.00041393990069893416,0.0,0.0,0.0,0.0,-0.0004279339659359893,0.0,0.0,-0.010186249080261556,-0.009195171232502464,-0.0004279339659359893,-0.0010381826070459121,0.0
2023-08-21,0.0,0.0,0.0,0.0,0.04256203489620569,0.0,0.0,0.0,0.0,0.04369376581181106,0.0,0.0,0.022460598756106842,0.01916460167418177,0.04369376581181106,0.08471343863846936,0.0
2023-08-22,0.0,0.0,0.0,0.0,-0.013373980420895992,0.0,0.0,0.0,0.0,-0.013744584254861802,0.0,0.0,-0.013673049764505785,-0.014507043159564414,-0.013744584254861802,-0.02765786991946828,0.0
2023-08-23,0.0,0.0,0.0,0.0,0.015933453448832458,0.0,0.0,0.0,0.0,0.016356943967591464,0.0,0.0,0.0124744887993542,0.013360903704770166,0.016356943967591464,0.03170718596958544,0.0
2023-08-24,0.0,0.0,0.0,0.0,0.001898969195663236,0.0,0.0,0.0,0.0,0.001909950548333983,0.0,0.0,0.031549558365952635,0.03376185537585097,0.001909950548333983,0.0009974452114120957,0.0
2023-08-25,0.0,0.0,0.0,0.0,-0.012272494523034139,0.0,0.0,0.0,0.0,-0.01259670155134851,0.0,0.0,-0.013276362807081887,-0.014507043159564303,-0.0125967015513484,-0.02427747162016025,0.0
2023-08-28,0.0,0.0,0.0,0.0,0.008903363360374339,0.0,0.0,0.0,0.0,0.0091405366950561,0.0,0.0,-0.013177397862796036,-0.014507043159564303,0.0091405366950561,0.017753892509656755,0.0
2023-08-29,0.0,0.0,0.0,0.0,0.021083166042802137,0.0,0.0,0.0,0.0,0.021638851012195204,0.0,0.0,0.01728289520461801,0.01916460167418177,0.021638851012195204,0.04161429431744135,0.0
2023-08-30,0.0,0.0,0.0,0.0,0.00501177435377298,0.0,0.0,0.0,0.0,0.00514310389048922,0.0,0.0,0.001349410271107132,0.0015490398321897914,0.005143103890488998,0.009839303608537797,0.0
2023-08-31,0.0,0.0,0.0,0.0,0.0009347168310416265,0.0,0.0,0.0,0.0,0.0009593828225711309,0.0,0.0,0.0007817079711625041,0.0009593828225711309,0.0009593828225709089,0.0018470764812876794,0.0
2023-09-01,0.0,0.0,-0.013454348017101436,-0.014416660437351236,-0.008622820676166376,0.0,0.0,0.0,0.0,-0.008851790895496703,0.0,0.0,-0.008204311649166018,-0.008851790895496703,-0.008851790895496592,-0.017140997172728212,0.0
2023-09-05,0.0,0.0,0.0,0.0,0.00044257902204991595,0.0,0.0,0.0,0.0,0.0004532793399967261,0.0,0.0,0.0003928845841902895,0.0004532793399967261,0.00045327933999650405,0.0008040035220013841,0.0
2023-09-06,0.0,0.0,0.0,0.0,-0.015474014609742737,0.0,0.0,0.0,0.0,-0.0158819577764423,0.0,0.0,-0.007747685009268257,-0.008717441449399232,-0.01588195777644219,-0.030549765236507653,0.0
2023-09-07,0.0,0.0,0.0,0.0,-0.0084711047351691,0.0,0.0,0.0,0.0,-0.008704124139025216,0.0,0.0,0.0066658658222182865,0.0073813355399328096,-0.008704124139025438,-0.017424123578110406,0.0
2023-09-08,0.0,0.0,0.0,0.0,-0.007360018739250185,0.0,0.0,0.0,0.0,-0.007553160043623497,0.0,0.0,-0.00706109319229864,-0.007553160043623386,-0.007553160043623386,-0.014467614234268011,0.0
2023-09-11,0.0,0.0,0.0,0.0,-0.004334035729220198,0.0,0.0,0.0,0.0,-0.004449542777200444,0.0,0.0,-0.013137535888819385,-0.014162551739656304,-0.004449542777200555,-0.00864577888571716,0.0
2023-09-12,0.0,0.0,0.0,0.0,-0.003401252243415809,0.0,0.0,0.0,0.0,-0.0034923456684270437,0.0,0.0,0.0007402323271186173,0.0007525303311739506,-0.0034923456684270437,-0.00681748318907871,0.0
2023-09-13,0.0,0.0,0.0,0.0,0.0069576944562872445,0.0,0.0,0.0,0.0,0.007140702808715371,0.0,0.0,0.008435392191682434,0.007140702808715371,0.007140702808715371,0.01370652589861221,0.0
2023-09-14,0.0,0.0,0.0,0.0,0.0011268718127424027,0.0,0.0,0.0,0.0,0.0011549608567504865,0.0,0.0,0.0013172159282190954,0.0011549608567504865,0.0011549608567504865,0.0021103974716185636,0.0
2023-09-15,0.0,0.0,0.0,0.0,-0.018691934913743324,0.0,0.0,0.0,0.0,-0.01918439116133286,0.0,0.0,-0.02172666936199863,-0.01918439116133308,-0.01918439116133286,-0.03687955474326399,0.0
2023-09-18,0.0,0.0,0.0,0.0,0.0011402666274207274,0.0,0.0,0.0,0.0,0.0011599918948501653,0.0,0.0,-0.016085898341395843,-0.014159629812773744,0.0011599918948501653,0.001503467932698177,0.0
2023-09-19,0.0,0.0,0.0,0.0,-0.005167370268150839,0.0,0.0,0.0,0.0,-0.0053027768333619996,0.0,0.0,-0.004826973859561656,-0.004482842310367108,-0.0053027768333617775,-0.010144157055313685,0.0
2023-09-20,0.0,0.0,0.0,0.0,-0.01488048676599607,0.0,0.0,0.0,0.0,-0.015273578687491574,0.0,0.0,-0.017028162822161685,-0.010106553372124849,-0.015273578687491796,-0.029434671267620227,0.0
2023-09-21,0.0,0.0,0.0,0.0,-0.014582730681060196,0.0,0.0,0.0,0.0,-0.014969125734288102,0.0,0.0,-0.011690222282302098,-0.007839835432166375,-0.014969125734288102,-0.028930686082665802,0.0
2023-09-22,0.0,0.0,0.0,0.0,0.007263726599893161,0.0,0.0,0.0,0.0,0.007456852661591684,0.0,0.0,0.01113722013450813,0.007456852661591684,0.007456852661591906,0.014457348717948237,0.0
2023-09-25,0.0,0.0,0.0,0.0,0.007441589630462042,0.0,0.0,0.0,0.0,0.007638004924311215,0.0,0.0,0.011667997421486165,0.007638004924311437,0.007638004924311215,0.014708093593606364,0.0
2023-09-26,0.0,0.0,0.0,0.0,-0.0037520920906203292,0.0,0.0,0.0,0.0,-0.0038504155899055093,0.0,0.0,-0.005879851650157919,-0.0038504155899056203,-0.0038504155899053982,-0.00736566397028704,0.0
2023-09-27,0.0,0.0,0.0,0.0,0.00670621194284271,0.0,0.0,0.0,0.0,0.006883709876782884,0.0,0.0,0.010606244894652006,0.006883709876782884,0.006883709876782662,0.013289775191678954,0.0
2023-09-28,0.0,0.0,0.0,0.0,0.00739637718777475,0.0,0.0,0.0,0.0,0.0075916561222224566,0.0,0.0,0.019532646661039932,0.008722088591060384,0.007591656122222679,0.014622805979100706,0.0
2023-09-29,0.0,0.0,0.0,0.0,0.004896144903208333,0.0,0.0,0.0,0.0,0.005023089367053757,0.0,0.0,-0.008506246564900954,-0.004660905280852834,0.005023089367053757,0.009515284387890288,0.0
2023-10-02,0.0,0.0,0.0,0.0,0.01484307657219297,0.0,0.0,0.0,0.0,0.015237056807675398,0.0,0.0,0.027645123379043568,0.015237056807675398,0.015237056807675398,0.029494865921418034,0.0
2023-10-03,0.0,0.0,0.0,0.0,-0.014289219044136048,0.0,0.0,0.0,0.0,-0.014666451111139844,0.0,0.0,-0.024181777467871868,-0.014666451111139844,-0.014666451111139733,-0.028248005797225417,0.0
2023-10-04,0.0,0.0,0.0,0.0,0.006035353400341892,0.0,0.0,0.0,0.0,0.0061962111030924305,0.0,0.0,0.009981700589360099,0.0061962111030926526,0.0061962111030924305,0.012041406529337051,0.0
2023-10-05,0.0,0.0,0.0,0.0,0.007428389834972071,0.0,0.0,0.0,0.0,0.007624581119515028,0.0,0.0,0.01239696583737615,0.007624581119514806,0.007624581119514806,0.014690885867638226,0.0
2023-10-06,0.0,0.0,0.0,0.0,0.012213825838484516,0.0,0.0,0.0,0.0,0.012534687120026478,0.0,0.0,0.015636986062757874,0.009599225125098476,0.012534687120026478,0.024033217084585168,0.0
2023-10-09,0.0,0.0,0.0,0.0,-0.005538671996639932,0.0,0.0,0.0,0.0,-0.005681133668433813,0.0,0.0,0.006625387707032138,0.004208284878436608,-0.005681133668433702,-0.010685735082960335,0.0
2023-10-10,0.0,0.0,0.0,0.0,0.0058618610324234766,0.0,0.0,0.0,0.0,0.006016727471850336,0.0,0.0,0.00945185604451515,0.006016727471850336,0.006016727471850336,0.011596279584935587,0.0
2023-10-11,0.0,0.0,0.0,0.0,0.011121047729738764,0.0,0.0,0.0,0.0,0.011414989992793778,0.0,0.0,0.013635358995619073,0.00870231490050788,0.011414989992794,0.02200965368736485,0.0
2023-10-12,0.0,0.0,0.0016646903644330635,0.0010783135902139307,0.0014960364490552713,0.0,0.0,0.0,0.0,0.0015357034092962074,0.0,0.0,0.0016646903644330635,0.001085073888003052,0.0015357034092959854,0.002969659833996996,0.0
2023-10-13,0.0,0.0,-0.0009417745203897931,-0.0006103976611664397,-0.0159893766271495,0.0,0.0,0.0,0.0,-0.016411529248387513,0.0,0.0,-0.02386067197446262,-0.01554716391252331,-0.016411529248387624,-0.031611476214061685,0.0
2023-10-16,0.0,0.0,0.0,0.0,0.0071611370677329145,0.0,0.0,0.0,0.0,0.007347279796976025,0.0,0.0,0.01748484570110098,0.011103072097091049,0.007347279796976025,0.013946260302817759,0.0
2023-10-17,0.0,0.0,0.0,0.0,-0.02395300385238175,0.0,0.0,0.0,0.0,-0.02457745490974972,0.0,0.0,-0.039631240123121914,-0.02549148517203914,-0.02457745490974972,-0.04679470165220345,0.0
2023-10-18,0.0,0.0,0.0,0.0,-0.02012772299406429,0.0,0.0,0.0,0.0,-0.02065708377232378,0.0,0.0,-0.007626318605209348,-0.005589729437522228,-0.02065708377232378,-0.03964679516613123,0.0
2023-10-19,0.0,0.0,0.0,0.0,-0.0011140370218546414,0.0,0.0,0.0,0.0,-0.0011441324487954097,0.0,0.0,-0.0011851693137717723,-0.0011441324487954097,-0.0011441324487952986,-0.0022513730471583893,0.0
2023-10-20,0.0,0.0,0.0,0.0,-0.008581260832429383,0.0,0.0,0.0,0.0,-0.008807738814787691,0.0,0.0,-0.011297327498033582,-0.00794472387245826,-0.008807738814787913,-0.016959395358321805,0.0
2023-10-23,0.0,0.0,0.0,0.0,0.019455567783488004,0.0,0.0,0.0,0.0,0.01996791395365527,0.0,0.0,0.02619964628419824,0.01916460167418177,0.01996791395365549,0.03836974604979204,0.0
2023-10-24,0.0,0.0,0.0,0.0,0.008098474039360148,0.0,0.0,0.0,0.0,0.008312264621880505,0.0,0.0,0.008070608429397774,0.006279345155682181,0.008312264621880283,0.01600930273294865,0.0
2023-10-25,0.0,0.0,0.0,0.0,-0.02190630956838302,0.0,0.0,0.0,0.0,-0.02248241043875976,0.0,0.0,-0.026328013313932197,-0.02059722126664132,-0.022482410438759648,-0.043148642471985466,0.0
2023-10-26,0.0,0.0,0.0,0.0,-0.017606438581179495,0.0,0.0,0.0,0.0,-0.018070862777291974,0.0,0.0,-0.01716254003718276,-0.014507043159564414,-0.018070862777291752,-0.03477831984797408,0.0
2023-10-27,0.0,0.0,0.0,0.0,0.0020686448666418222,0.0,0.0,0.0,0.0,0.002126364102728706,0.0,0.0,-0.0166232496052382,-0.014507043159564526,0.002126364102728484,0.004314816820259804,0.0
2023-10-30,0.0,0.0,0.0,0.0,0.008193167739917406,0.0,0.0,0.0,0.0,0.008411196611024963,0.0,0.0,0.00017964066444742244,0.00015615742361707596,0.00841119661102474,0.016321072617307086,0.0
2023-10-31,0.0,0.0,0.0,0.0,-0.00466079295307531,0.0,0.0,0.0,0.0,-0.004784436545581361,0.0,0.0,-0.017423496315770448,-0.014768947131623134,-0.004784436545581361,-0.009256420315379543,0.0
2023-11-01,0.0,0.0,0.0,0.0,0.019143659090261167,0.0,0.0,0.0,0.0,0.019649636357149225,0.0,0.0,0.021192656602655013,0.01750759995788309,0.019649636357149225,0.03788636309598581,0.0
2023-11-02,0.0,0.0,0.0,0.0,0.014273938662523245,0.0,0.0,0.0,0.0,0.014646277051886925,0.0,0.0,0.01410923420844501,0.011698082438674762,0.014646277051887147,0.027902971393082288,0.0
2023-11-03,0.0,0.0,0.0,0.0,0.017369328044748222,0.0,0.0,0.0,0.0,0.017829535455021084,0.0,0.0,0.012130378576286738,0.010830649097929301,0.017829535455021084,0.03445508313819934,0.0
2023-11-06,0.0,0.0,0.0,0.0,0.008392910202721815,0.0,0.0,0.0,0.0,0.008614258207522152,0.0,0.0,0.009008128970189322,0.008167076085154656,0.00861425820752193,0.016576039774895746,0.0
2023-11-07,0.0,0.0,0.0,0.0,0.0022510366556243167,0.0,0.0,0.0,0.0,0.0023105878604037233,0.0,0.0,0.0020711549470759927,0.0018998422721736574,0.0023105878604035013,0.0044588343184142065,0.0
2023-11-08,0.0,0.0,0.0,0.0,0.0068064957207265575,0.0,0.0,0.0,0.0,0.00698638378830152,0.0,0.0,0.007641508213798387,0.006986383788301742,0.006986383788301742,0.0134696359402946,0.0
2023-11-09,0.0,0.0,0.0,0.0,0.008883886215152792,0.0,0.0,0.0,0.0,0.00717044830892255,0.0,0.0,0.01006809022316868,0.00920645021369526,0.009206450213695039,0.008073152034049569,0.0
2023-11-10,0.0,0.0,0.0,0.0,0.00026776906797287836,0.0,0.0,0.009203416099711648,0.010348347192758567,0.0062781585814701835,0.0,0.0,0.0,0.0,0.0,0.029499490204942358,0.0
2023-11-13,0.0,0.0,0.0,0.0,5.386025024023411e-05,0.0,0.0,0.003417707530408931,0.0037916961749517863,0.0012611809447147238,0.0,0.0,0.0,0.0,0.0,0.005896124713273387,0.0
2023-11-14,0.0,0.0,0.0,0.0,0.0001965592318882159,0.0,0.0,0.011791114207985398,0.013086627070977075,0.004593212420487269,0.0,0.0,0.0,0.0,0.0,0.021308390698503876,0.0
2023-11-15,0.0,0.0,0.0,0.0,-0.0001410093442797411,0.0,0.0,-0.017873993893438467,-0.017996576431148603,-0.00330315151905769,0.0,0.0,0.0,0.0,0.0,-0.015466492085941086,0.0
2023-11-16,0.0,0.0,0.0,0.0,0.00011227945250968929,0.0,0.0,0.010339138017305682,0.009624801946779282,0.0026210556544490338,0.0,0.0,0.0,0.0,0.0,0.01210940489148693,0.0
2023-11-17,0.0,0.0,0.0,0.0,-3.383419203606408e-05,0.0,0.0,-0.00255675607369088,-0.0023712614745844407,-0.000791100758041563,0.0,0.0,0.0,0.0,0.0,-0.003678263750266031,0.0
2023-11-20,0.0,0.0,0.0,0.0,0.00020676179175493914,0.0,0.0,0.016052358923016374,0.014515109078435895,0.004837078006374895,0.0,0.0,0.0,0.0,0.0,0.0225363738753126,0.0
2023-11-21,0.0,0.0,0.0,0.0,-8.622934457624964e-05,0.0,0.0,-0.006754220378288767,-0.005980999479268667,-0.002009396037339295,0.0,0.0,0.0,0.0,0.0,-0.009224484052966275,0.0
2023-11-22,0.0,0.0,0.0,0.0,-0.00022611598031652136,0.0,0.0,-0.018062276558622692,-0.015849768512595785,-0.005287267451929423,0.0,0.0,0.0,0.0,0.0,-0.024587621600914544,0.0
2023-11-24,0.0,0.0,0.0,0.0,-0.0001771272849226957,0.0,0.0,-0.015311051678488008,-0.012430196726741505,-0.004143298909035531,0.0,0.0,0.0,0.0,0.0,-0.019295574102569435,0.0
2023-11-27,0.0,0.0,0.0,0.0,8.924662534348649e-05,0.0,0.0,0.00840118634585818,0.006276068848666938,0.0020890273172717855,0.0,0.0,0.0,0.0,0.0,0.009753872796631757,0.0
2023-11-28,0.0,0.0,-0.00885375657562526,-0.0047270878047124265,-8.025875269157545e-05,0.0,0.0,-0.007658019945795735,-0.005625574498870356,-0.001876661133365265,0.0,0.0,0.0,0.0,0.0,-0.008726796166302786,0.0
2023-11-29,0.0,0.0,0.005903125500098083,0.0031114362287867348,6.081055137752145e-05,0.0,0.0,0.005903125500098083,0.004286598577229794,0.0014245188775223738,0.0,0.0,0.0,0.0,0.0,0.006670829332714456,0.0
2023-11-30,0.0,0.0,-0.021725248928196605,-0.011501575603559022,-0.00026182142687602994,0.0,0.0,-0.014640279159178649,-0.010097134742395597,-0.006121654183492975,0.0,0.0,0.0,0.0,0.0,-0.02845863405122362,0.0
2023-12-01,0.0,0.0,0.0,0.0,8.203938484108164e-08,0.0,0.0,0.0031530606272993644,0.0023545802456588216,-3.1456583926559034e-06,0.0,0.0,0.0,0.0,0.0,-0.00010700373305083666,0.0
2023-12-04,0.0,0.0,0.0,0.0,-0.0002488330605274758,0.0,0.0,-0.013981155064603068,-0.010448887430371201,-0.005808541152900748,0.0,0.0,0.0,0.0,0.0,-0.02683640423104261,0.0
2023-12-05,0.0,0.0,0.0,0.0,0.00021395494267073545,0.0,0.0,0.0,0.0,0.005004169839095907,0.0,0.0,0.0,0.0,0.0,0.023293811456557734,0.0
2023-12-06,0.0,0.0,-0.025037546525206844,-0.013082646376803897,-0.00020242906472367483,0.0,0.0,-0.025037546525206844,-0.017996576431148492,-0.004770339354166597,0.0,0.0,0.0,0.0,0.0,-0.022827990003886245,0.0
2023-12-07,0.0,0.0,0.0,0.0,0.00021787561129404942,0.0,0.0,0.015537957970533478,0.011653044432647919,0.005108841980165479,0.0,0.0,0.0,0.0,0.0,0.0240205351038707,0.0
2023-12-08,0.0,0.0,0.0,0.0,0.00017901883256765672,0.0,0.0,-0.0013108687159063548,-0.0009868910878048087,0.004188811613336396,0.0,0.0,0.0,0.0,0.0,0.01952954765142434,0.0
2023-12-11,0.0,0.0,0.0,0.0,-0.0001702314433693619,0.0,0.0,0.0,0.0,-0.003980123480121889,0.0,0.0,0.0,0.0,0.0,-0.018502861004169535,0.0
2023-12-12,0.0,0.0,0.0,0.0,0.00020840636088004239,0.0,0.0,0.0,0.0,0.004848031819795207,0.0,0.0,0.0,0.0,0.0,0.02209017346945963,0.0
2023-12-13,0.0,0.0,0.0,0.0,8.242056868823511e-05,0.0,0.0,0.0,0.0,0.001930932629811588,0.0,0.0,0.0,0.0,0.0,0.009043868561311674,0.0
2023-12-14,0.0,0.0,0.0,0.0,5.0394795692687566e-05,0.0,0.0,0.0,0.0,0.0011769521036706365,0.0,0.0,0.0,0.0,0.0,0.0054481242321868795,0.0
2023-12-15,0.0,0.0,0.011058907978953592,0.006054914927361654,0.00010292278363355223,0.0,0.0,0.0,0.0,0.002405608906292489,0.0,0.0,0.0,0.0,0.0,0.011168541550517608,0.0
2023-12-18,0.0,0.0,0.020260533307881357,0.011070056164347086,0.0002226179446132015,0.0,0.0,0.0,0.0,0.005208676928444955,0.0,0.0,0.0,0.0,0.0,0.024279243861191402,0.0
2023-12-19,0.0,0.0,0.0,0.0,-8.79141408057782e-05,0.0,0.0,0.0,0.0,-0.002050556393266678,0.0,0.0,0.0,0.0,0.0,-0.009445730117924267,0.0
2023-12-20,0.0,0.0,-0.02365666026658908,-0.013082646376803897,-0.00027604737419717473,0.0,0.0,0.0,0.0,-0.00645842172519584,0.0,0.0,0.0,0.0,0.0,-0.03009816131729237,0.0
2023-12-21,0.0,0.0,0.0,0.0,0.00016289103119238035,0.0,0.0,0.001734451590400532,0.0013948182488257022,0.003833142227311237,0.0,0.0,0.0,0.0,0.0,0.01827018480827114,0.0
2023-12-22,0.0,0.0,0.0,0.0,-2.966677337346013e-05,0.0,0.0,-0.0027167393065330447,-0.0020960095322820615,-0.0006954787923925121,0.0,0.0,0.0,0.0,0.0,-0.003265862272644693,0.0
2023-12-26,0.0,0.0,0.0,0.0,8.399566847483442e-05,0.0,0.0,0.007585613476069231,0.0059130489421950205,0.0019667938907590443,0.0,0.0,0.0,0.0,0.0,0.009195029060775628,0.0
2023-12-27,0.0,0.0,0.0,0.0,2.5910325514244548e-05,0.0,0.0,0.0023458158489781944,0.001809139534594495,0.0006050961879238148,0.0,0.0,0.0,0.0,0.0,0.0028003992470511108,0.0
2023-12-28,0.0,0.0,0.0,0.0,1.9492488595451718e-05,0.0,0.0,0.0017541529802127531,0.001368502779468983,0.00045602602922389934,0.0,0.0,0.0,0.0,0.0,0.0021248286017425677,0.0
2023-12-29,0.0,0.0,0.0,0.0,1.352465808235337e-07,0.0,0.0,0.0036836342743029604,0.002811097583220956,2.5093123399155814e-06,0.0,0.0,0.0,0.0,0.0,0.0,0.0
2024-01-02,0.0,0.0,0.0,0.0,-0.00025197453118797064,0.0,0.0,-0.0254935384681374,-0.01799657643114838,-0.005889342887876126,0.0,0.0,0.0,0.0,0.0,-0.027341448816919356,0.0
2024-01-03,0.0,0.0,0.0,0.0,-0.00011160252920916491,0.0,0.0,0.00022823224651125074,0.00017310949051485558,-0.0026227561440113067,0.0,0.0,0.0,0.0,0.0,-0.012435616160024754,0.0
2024-01-04,0.0,0.0,0.0,0.0,8.259538226584873e-05,0.0,0.0,0.00225730610128827,0.0017122148653609948,0.00193298474990522,0.0,0.0,0.0,0.0,0.0,0.00901855274022223,0.0
2024-01-05,0.0,0.0,0.0,0.0,0.00020927178521046308,0.0,0.0,0.010724305227303832,0.00746766350336836,0.004899674752039562,0.0,0.0,0.0,0.0,0.0,0.022896685742533007,0.0
2024-01-08,0.0,0.0,0.0,0.0,0.000586570267733677,0.0,0.0,0.023933661165223663,0.016097612436871245,0.013738062233229265,0.0,0.0,0.0,0.0,0.0,0.06428091133214608,0.0
2024-01-09,0.0,0.0,0.0,0.0,0.00015610240940078235,0.0,0.0,0.009425946810829755,0.008111092396080766,0.0036500710853832885,0.0,0.0,0.0,0.0,0.0,0.016975125794024493,0.0
2024-01-10,0.0,0.0,0.0,0.0,0.00020875221103411334,0.0,0.0,0.01800841426406774,0.015450854128234326,0.004884393085611061,0.0,0.0,0.0,0.0,0.0,0.022770079950741984,0.0
2024-01-11,0.0,0.0,0.0,0.0,8.120889061591363e-05,0.0,0.0,0.0,0.0,0.001892318128099424,0.0,0.0,0.0,0.0,0.0,0.008684355441457514,0.0
2024-01-12,0.0,0.0,0.0,0.0,-1.8685828548137273e-05,0.0,0.0,0.0,0.0,-0.00043742365534105154,0.0,0.0,0.0,0.0,0.0,-0.0020429622242067458,0.0
2024-01-16,0.0,0.0,0.0,0.0,0.00027927484510614775,0.0,0.0,0.0,0.0,0.0065388853877050845,0.0,0.0,0.0,0.0,0.0,0.030561211447376113,0.0
2024-01-17,0.0,0.0,0.0,0.0,-5.406699876531196e-05,0.0,0.0,-0.020974748312739155,-0.01799657643114838,-0.0012622347612474272,0.0,0.0,0.0,0.0,0.0,-0.005835148919104083,0.0
2024-01-18,0.0,0.0,0.0,0.0,0.0001719010178604652,0.0,0.0,-0.0030991793226905484,-0.00268509905097003,0.0040244993368823145,0.0,0.0,0.0,0.0,0.0,0.01880349597977049,0.0
2024-01-19,0.0,0.0,0.0,0.0,0.0003790538811103694,0.0,0.0,0.03113983795155706,0.026788005542419224,0.00888689626265271,0.0,0.0,0.0,0.0,0.0,0.041746364959126314,0.0
2024-01-22,0.0,0.0,0.0,0.0,2.7438645601840506e-05,0.0,0.0,0.005942477889691267,0.005113020862673956,0.00063052281241327,0.0,0.0,0.0,0.0,0.0,0.0027398863431264964,0.0
2024-01-23,0.0,0.0,0.0,0.0,3.374312330994833e-05,0.0,0.0,0.0,0.0,0.0007891044349774834,0.0,0.0,0.0,0.0,0.0,0.0036712044353139905,0.0
2024-01-24,0.0,0.0,0.0,0.0,0.00022732253124435609,0.0,0.0,0.0,0.0,0.005322192766961331,0.0,0.0,0.0,0.0,0.0,0.02486930662783915,0.0
2024-01-25,0.0,0.0,0.0,0.0,4.197609018596893e-05,0.0,0.0,-0.010425199064584167,-0.008531636381187813,0.0009630707466168342,0.0,0.0,0.0,0.0,0.0,0.004155486597757996,0.0
2024-01-26,0.0,0.0,0.0,0.0,-8.635752052310597e-05,0.0,0.0,-0.011722594586074386,-0.009690216593030265,-0.002024593377897177,0.0,0.0,0.0,0.0,0.0,-0.009510267763834124,0.0
2024-01-29,0.0,0.0,0.0,0.0,0.0002150717160958049,0.0,0.0,0.0,0.0,0.005033897998900638,0.0,0.0,0.0,0.0,0.0,0.023496202452952808,0.0
2024-01-30,0.0,0.0,0.0,0.0,4.644312294299624e-05,0.0,0.0,-0.002674056397844793,-0.0022546687071784977,0.0010812943775506678,0.0,0.0,0.0,0.0,0.0,0.004946769659136319,0.0
2024-01-31,0.0,0.0,0.0,0.0,-0.0001820195016463133,0.0,0.0,-0.018960801347215117,-0.015926291827035644,-0.004259374246786574,0.0,0.0,0.0,0.0,0.0,-0.019864799309536774,0.0
2024-02-01,0.0,0.0,0.0,0.0,0.00022251802707229373,0.0,0.0,0.0,0.0,0.005211290497873167,0.0,0.0,0.0,0.0,0.0,0.02437942805924065,0.0
2024-02-02,0.0,0.0,0.0,0.0,0.0004533007027038849,0.0,0.0,0.030511935254071476,0.0237744669956772,0.01061825259278626,0.0,0.0,0.0,0.0,0.0,0.049709133738403244,0.0
2024-02-05,0.0,0.0,0.0,0.0,0.0004443249295604801,0.0,0.0,0.011267782549656102,0.009477450673306187,0.010372501755896435,0.0,0.0,0.0,0.0,0.0,0.047944089537234946,0.0
2024-02-06,0.0,0.0,0.0,0.0,-0.00014569932870744928,0.0,0.0,-0.03032020121870871,-0.027007517682221205,-0.003413722186930368,0.0,0.0,0.0,0.0,0.0,-0.015995495231631462,0.0
2024-02-07,0.0,0.0,0.0,0.0,0.0002515888790095566,0.0,0.0,0.019332121715170958,0.015803023086669032,0.005889068628087024,0.0,0.0,0.0,0.0,0.0,0.02749796288591888,0.0
2024-02-08,0.0,0.0,0.0,0.0,-6.043484065998417e-05,0.0,0.0,-0.0014709805422058464,-0.0012066290890468956,-0.0014114018119326666,0.0,0.0,0.0,0.0,0.0,-0.006533584567523842,0.0
2024-02-09,0.0,0.0,0.0,0.0,0.0003250512422885432,0.0,0.0,0.0,0.0,0.0076200957409278125,0.0,0.0,0.0,0.0,0.0,0.03578375358786823,0.0
2024-02-12,0.0,0.0,-0.004707414568961843,-0.005209718466457125,-0.005135169439954512,0.0,0.0,-0.004707414568961843,-0.005216302360219194,-0.0030712233861862615,0.0,0.0,-0.004707414568961843,-0.005209718466457125,-0.005209718466457236,0.001594163602270049,0.0
2024-02-13,0.0,0.0,-0.020047598247219356,-0.022197976788363105,-0.0012608881373287195,0.0,0.0,-0.020047598247219245,-0.022226177060105212,-0.0011293991830081396,0.0,0.0,-0.020047598247219356,-0.022197976788362994,-0.0012608881373286085,-0.001660942285451772,0.0
2024-02-14,0.0,0.0,0.006018889713495401,0.006593940514248553,0.020209065508793422,0.0,0.0,0.006018889713495401,0.00660227374839506,0.018655361369604995,0.0,0.0,0.006018889713495401,0.006593940514248553,0.020209065508793422,0.024567467236567886,0.0
2024-02-15,0.0,0.0,-0.012801197261128161,-0.013812519152407221,-0.013812519152407221,0.0,0.0,-0.012801197261128272,-0.01382997580801093,-0.012746460170228624,0.0,0.0,-0.012801197261128161,-0.013812519152407332,-0.013812519152407332,-0.01680660028858605,0.0
2024-02-16,0.0,0.0,0.00025287659287864805,-0.0004988482765637681,-0.000498848276563657,0.0,0.0,0.00025287659287864805,-0.0004995384995014618,-0.00045698745851763256,0.0,0.0,0.00025287659287864805,-0.000498848276563657,-0.000498848276563657,-0.0006194831875351303,0.0
2024-02-20,0.0,0.0,-0.01437621798711508,-0.015319458510789419,-0.03579390177677022,0.0,0.0,-0.014376217987115303,-0.015338462210490733,-0.03303687945921718,0.0,0.0,-0.014376217987115303,-0.01531945851078953,-0.03579390177677011,-0.04353200237812016,0.0
2024-02-21,0.0,0.0,0.0,-0.02294682641471002,-0.023352007820898746,0.0,0.0,-0.018328059544250097,-0.022975825960129592,-0.021524289909596317,0.0,0.0,-0.018328059544249986,-0.022946826414709798,-0.023352007820898857,-0.028508787598029217,0.0
2024-02-22,0.0,0.0,0.0,0.030314019410259574,0.13382955647407702,0.0,0.0,0.022933490639501786,0.03035232940428001,0.12318554375576918,0.0,0.0,0.022933490639501786,0.0,0.13382955647407724,0.16400868584504136,0.0
2024-02-23,0.0,0.0,0.0,-0.022946826414709798,0.0031911633299128717,0.0,0.0,-0.010144592637296723,-0.02297582596012948,0.0030349882485738444,0.0,0.0,-0.010144592637296612,0.0,0.0031911633299128717,0.003552445002082072,0.0
2024-02-26,0.0,0.0,0.0,-0.007491135224957035,0.002835738016980116,0.0,0.0,-0.003311242225006894,-0.007500602308216031,0.0026064662726756893,0.0,0.0,-0.003311242225006894,0.0,0.002835738016980116,0.0034892130683543687,0.0
2024-02-27,0.0,0.0,0.0,-0.015588831450115581,-0.004062490102988314,0.0,0.0,0.0007758491673595103,0.0017648662326432696,-0.0037487235888841175,0.0,0.0,-0.006942043472216497,0.0,-0.004062490102988314,-0.004943913926227839,0.0
2024-02-28,0.0,0.0,0.0,0.0,-0.01082295219423135,0.0,0.0,0.0,0.0,-0.009982263033290195,0.0,0.0,-0.0003441666759923523,0.0,-0.01082295219423135,-0.013188906911636433,0.0
2024-02-29,0.0,0.0,0.0,0.0,0.015326290096068451,0.0,0.0,0.0,0.0,0.014141017418557666,0.0,0.0,0.006780915700201451,0.0,0.015326290096068229,0.018657305100928223,0.0
2024-03-01,0.0,0.0,0.0,0.0,0.03284268389477729,0.0,0.0,0.0,0.0,0.03028897796911134,0.0,0.0,0.00690227104486052,0.0,0.03284268389477729,0.0400318169431495,0.0
2024-03-04,0.0,0.0,0.0,0.0,0.02957696325811021,0.0,0.0,0.013410817508358264,0.03035232940428001,0.027304321238101004,0.0,0.0,0.013410817508358264,0.0,0.029576963258110434,0.035951030457465505,0.0
2024-03-05,0.0,0.0,0.0,0.0,0.007044152405492721,0.0,0.0,0.0024374870371133284,0.005454920179223333,0.006499008315294708,0.0,0.0,0.0024374870371135504,0.0,0.007044152405492499,0.008576526737743118,0.0
2024-03-06,0.0,0.0,0.0,0.0,0.02614492752405262,0.0,0.0,0.011092563131129829,0.02472733899377988,0.024123001170645697,0.0,0.0,0.011092563131129829,0.0,0.02614492752405284,0.031827210066779354,0.0
2024-03-07,0.0,0.0,0.0,0.0,0.036711624093561435,0.0,0.0,0.009919411313054738,0.021651813905176676,0.03385744669801283,0.0,0.0,0.009919411313054738,0.0,0.036711624093561435,0.044746219919929775,0.0
2024-03-08,0.0,0.0,0.0,0.0,-0.04518145932831896,0.0,0.0,0.009617526968751289,0.020751792154116266,-0.0415581571185859,0.0,0.0,0.009617526968751067,0.0,-0.045181459328319074,-0.05547685444631434,0.0
2024-03-11,0.0,0.0,0.0,0.0,-0.016343811908311245,0.0,0.0,-0.009798635119182553,-0.02297582596012948,-0.015042021002539263,0.0,0.0,-0.009798635119182664,0.0,-0.016343811908311245,-0.02003924646781796,0.0
2024-03-12,0.0,0.0,0.0,0.0,0.05860057672693331,0.0,0.0,0.012885882182031905,0.03035232940428023,0.05400540497581452,0.0,0.0,0.012885882182031683,0.0,0.05860057672693353,0.07157169264068108,0.0
2024-03-13,0.0,0.0,0.0,0.0,-0.009230481218757802,0.0,0.0,-0.009337724266135772,-0.02297582596012937,-0.008539718708340693,0.0,0.0,-0.00933772426613566,0.0,-0.009230481218757913,-0.011151931003105964,0.0
2024-03-14,0.0,0.0,0.0,0.0,-0.026652369203122528,0.0,0.0,0.0,0.0,-0.024605621258743215,0.0,0.0,-0.009297531587294405,0.0,-0.026652369203122528,-0.0323914897105293,0.0
2024-03-15,0.0,0.0,0.0,0.0,-0.0009571634125841166,0.0,0.0,0.0029121404408727347,0.007340477970194881,-0.0008692984702262097,0.0,0.0,0.0029121404408727347,0.0,-0.0009571634125841166,-0.001216701297704903,0.0
2024-03-18,0.0,0.0,0.0,0.0,0.005906693536630536,0.0,0.0,0.009031174983592516,0.02266432995841927,0.005491700172299385,0.0,0.0,0.009101462681712302,0.0,0.005906693536630314,0.007035863366345874,0.0
2024-03-19,0.0,0.0,0.0,0.0,0.008905357309864304,0.0,0.0,0.012139641773457166,0.03035232940428001,0.008265016169336725,0.0,0.0,0.012139641773457388,0.0,0.008905357309864304,0.010660771775634625,0.0
2024-03-20,0.0,0.0,0.0,0.0,0.008959895511722493,0.0,0.0,0.0016722335595169557,0.004028941539109487,0.008270276832685663,0.0,0.0,0.0016722335595169557,0.0,0.008959895511722493,0.010895087561521466,0.0
2024-03-21,0.0,0.0,0.0,0.0,0.009707474054293952,0.0,0.0,0.006785112575468766,0.016309118641902876,0.00897156583063774,0.0,0.0,0.004009993213283325,0.0,0.009707474054294174,0.0117624122802793,0.0
2024-03-22,0.0,0.0,0.0,0.0,0.025664232616159577,0.0,0.0,0.018222168733834643,0.027147765944860902,0.023687182302596588,0.0,0.0,0.014517602151155273,0.0,0.025664232616159577,0.031213474118135798,0.0
2024-03-25,0.0,0.0,0.0,0.0,0.006194220863709576,0.0,0.0,0.0019702884276211474,0.003080648605703562,0.005709383990766481,0.0,0.0,0.005319915568090083,0.0,0.006194220863709354,0.007561807194278014,0.0
2024-03-26,0.0,0.0,0.0,0.0,-0.021056407476721772,0.0,0.0,0.0,0.0,-0.01941141441102401,0.0,0.0,-0.013892622939837063,0.0,-0.021056407476721772,-0.025694093681052133,0.0
2024-03-27,0.0,0.0,0.0,0.0,-0.020523689813527923,0.0,0.0,-0.014742190772316976,-0.02297582596012948,-0.018941035256845984,0.0,0.0,-0.006245335137267771,0.0,-0.020523689813527923,-0.024967355481874787,0.0
2024-03-28,0.0,0.0,0.0,0.0,0.0009718698038851947,0.0,0.0,0.0012706787266252295,0.0020176713036359484,0.0008990272449367342,0.0,0.0,0.0012706787266252295,0.0,0.0009718698038851947,0.0011744479375730421,0.0
2024-04-01,0.0,0.0,0.0,0.0,6.262604492235369e-05,0.0,0.0,-0.0011050713760732966,-0.001753400417830786,5.744925877526619e-05,0.0,0.0,3.98804528296548e-05,0.0,6.262604492235369e-05,7.74724810057581e-05,0.0
2024-04-02,0.0,0.0,0.0,0.0,-0.008254763836872181,0.0,0.0,0.005280752841738012,0.008094527586961942,-0.007607593877995589,0.0,0.0,-0.016393891980497233,0.0,-0.00825476383687207,-0.010081371060381872,0.0
2024-04-03,0.0,0.0,0.0,0.0,-0.004491874000238649,0.0,0.0,-0.006635970554181081,-0.010143462472194886,-0.004147904106744038,0.0,0.0,0.002158953316309109,0.0,-0.004491874000238871,-0.005455519399531039,0.0
2024-04-04,0.0,0.0,0.0,0.0,-0.028125973518285163,0.0,0.0,0.0,0.0,-0.025911394512006525,0.0,0.0,-0.01723800256882102,0.0,-0.028125973518285052,-0.034384856230585625,0.0
2024-04-05,0.0,0.0,0.0,0.0,0.019997700401860552,0.0,0.0,0.006355281191906981,0.009569738003482708,0.01841475351466748,0.0,0.0,0.006355281191906759,0.0,0.019997700401860552,0.024480716385145485,0.0
2024-04-08,0.0,0.0,0.0,0.0,-0.008138354590244812,0.0,0.0,-0.005888785863909285,-0.008148831202179352,-0.007499468054001812,0.0,0.0,-0.005888785863909285,0.0,-0.0081383545902447,-0.009942250239593942,0.0
2024-04-09,0.0,0.0,0.0,0.0,-0.016775542520606646,0.0,0.0,-0.01831148795285442,-0.02420607711332423,-0.015479323536439216,0.0,0.0,-0.01831148795285442,0.0,-0.016775542520606757,-0.02041736228800184,0.0
2024-04-10,0.0,0.0,0.0,0.0,0.016363691441559247,0.0,0.0,0.023661862613348683,0.03035232940428023,0.01514612568392626,0.0,0.0,0.023661862613348905,0.0,0.016363691441559247,0.019741607502660408,0.0
2024-04-11,0.0,0.0,0.0,0.0,0.03375756200988267,0.0,0.0,0.029587574145351958,0.028806883755954082,0.03114637698990541,0.0,0.0,0.029587574145351958,0.0,0.03375756200988267,0.04109633253703637,0.0
2024-04-12,0.0,0.0,0.0,0.0,-0.02211572756241109,0.0,0.0,-0.021341338721647896,-0.022143227174603708,-0.020434256440538978,0.0,0.0,-0.021341338721647896,0.0,-0.022115727562411314,-0.026816264156919956,0.0
2024-04-15,0.0,0.0,0.0,0.0,-0.020331953936907787,0.0,0.0,0.0066245918015246374,0.007239078794087472,-0.018752484377000056,0.0,0.0,-0.019210717494097085,0.0,-0.020331953936907676,-0.024777278296068017,0.0
2024-04-16,0.0,0.0,0.0,0.0,0.013467340485223689,0.0,0.0,0.007307423882019437,0.008102796414342084,0.01241318698057614,0.0,0.0,0.012259592913409056,0.0,0.013467340485223689,0.016441645256309645,0.0
2024-04-17,0.0,0.0,0.0,0.0,-0.03168197120194538,0.0,0.0,0.006744817934469571,0.007473053189927414,-0.029205188536016946,0.0,0.0,-0.018852210853415707,0.0,-0.03168197120194538,-0.0386661794977573,0.0
2024-04-18,0.0,0.0,0.0,0.0,0.006132918094105211,0.0,0.0,-0.01915804940147592,-0.022975825960129592,0.0056313167934289865,0.0,0.0,-0.01915804940147592,0.0,0.006132918094105211,0.0075682963461976005,0.0
2024-04-19,0.0,0.0,0.0,0.0,-0.08241749825108291,0.0,0.0,-0.01923575493882379,-0.02297582596012948,-0.07612032554439341,0.0,0.0,-0.0192357549388239,0.0,-0.08241749825108313,-0.1000459170642074,0.0
2024-04-22,0.0,0.0,0.0,0.0,0.03536253487239338,0.0,0.0,0.008371134099534494,0.013643007240348393,0.032497113920573195,0.0,0.0,0.008371134099534494,0.0,0.0353625348723936,0.0435432427033553,0.0
2024-04-23,0.0,0.0,0.0,0.0,0.030003701601801547,0.0,0.0,0.010035394070176284,0.01645655117396605,0.027681209209096114,0.0,0.0,0.010035394070176062,0.0,0.030003701601801547,0.03653256956014417,0.0
2024-04-24,0.0,0.0,0.0,0.0,-0.02719124209810364,0.0,0.0,0.0,0.0,-0.025030133574567404,0.0,0.0,-0.013132238809189012,0.0,-0.02719124209810353,-0.033315878277940025,0.0
2024-04-25,0.0,0.0,0.0,0.0,0.030610998223396857,0.0,0.0,0.01720899763331496,0.03035232940428023,0.028290866082600674,0.0,0.0,0.01720899763331496,0.0,0.030610998223396857,0.03708711272221965,0.0
2024-04-26,0.0,0.0,0.0,0.0,0.05072933098263954,0.0,0.0,0.01667309665092831,0.03035232940428023,0.04680584976852131,0.0,0.0,0.01667309665092831,0.0,0.05072933098263954,0.061755910039251294,0.0
2024-04-29,0.0,0.0,0.0,0.0,0.00018636003973426796,0.0,0.0,0.0,0.0,0.00016543153314763082,0.0,0.0,-0.011633676876269483,0.0,0.00018636003973426796,0.0002507587802333955,0.0
2024-04-30,0.0,0.0,0.0,0.0,-0.012697218687335532,0.0,0.0,0.0,0.0,-0.011719699579552767,0.0,0.0,-0.004620432531149632,0.0,-0.012697218687335643,-0.015440415400175267,0.0
2024-05-01,0.0,0.0,0.0,0.0,-0.031999370876312216,0.0,0.0,0.0,0.0,-0.029539336987365772,0.0,0.0,-0.007187847766859656,0.0,-0.031999370876312105,-0.03889969126640158,0.0
2024-05-02,0.0,0.0,0.0,0.0,0.02736346214026275,0.0,0.0,0.0,0.0,0.025215461751523893,0.0,0.0,0.005955118061499398,0.0,0.02736346214026253,0.033429305005143295,0.0
2024-05-03,0.0,0.0,0.0,0.0,0.028462187839251474,0.0,0.0,0.0,0.0,0.026265467230808026,0.0,0.0,0.008952834273782129,0.0,0.02846218783925125,0.034631810516070116,0.0
2024-05-06,0.0,0.0,0.0,0.0,0.030986564942024675,0.0,0.0,0.0,0.0,0.028584776534548606,0.0,0.0,0.011722995573336448,0.0,0.030986564942024897,0.03774120388572566,0.0
2024-05-07,0.0,0.0,0.0,0.0,-0.014206234977044763,0.0,0.0,0.0,0.0,-0.013129582124206673,0.0,0.0,-0.0069723296570357585,0.0,-0.014206234977044874,-0.017212859280596238,0.0
2024-05-08,0.0,0.0,0.0,0.0,-0.0012638444306979357,0.0,0.0,0.0,0.0,-0.0011581425331890216,0.0,0.0,-0.0005689406384075113,0.0,-0.0012638444306981578,-0.00156806379821961,0.0
2024-05-09,0.0,0.0,0.0,0.0,-0.015127941791416633,0.0,0.0,0.0,0.0,-0.013958045703233335,0.0,0.0,-0.007289199811413849,0.0,-0.01512794179141641,-0.018415712728660827,0.0
2024-05-10,0.0,0.0,0.0,0.0,0.010431407830133743,0.0,0.0,0.0,0.0,0.009612459272475338,0.0,0.0,0.004932336043371732,0.0,0.010431407830133521,0.012744107079435407,0.0
2024-05-13,0.0,0.0,0.0,0.0,0.004323641241437137,0.0,0.0,0.0,0.0,0.0040461677533703,0.0,0.0,0.0020827604751036954,0.0,0.0042407059339661934,0.005796746449715728,0.0
2024-05-14,0.0,0.0,0.0,0.0,0.0014133403178671067,0.0,0.0,0.0,0.0,0.0022862367683815776,0.0,0.0,0.0,0.0,0.0,0.010586301614173843,0.0
2024-05-15,0.0,0.0,0.0,0.0,0.004709349134271568,0.0,0.0,0.0,0.0,0.0076292132767408205,0.0,0.0,0.0,0.0,0.0,0.035837763401757705,0.0
2024-05-16,0.0,0.0,0.0,0.0,-0.0003718258332000568,0.0,0.0,-0.0030821924538041445,-0.0036100067940203484,-0.0006030571402404483,0.0,0.0,0.0,0.0,0.0,-0.002863585538545932,0.0
2024-05-17,0.0,0.0,0.0,0.0,-0.002624917499026158,0.0,0.0,-0.0005866197348126656,-0.000687440211060486,-0.004251367199999967,0.0,0.0,0.0,0.0,0.0,-0.019924035962254893,0.0
2024-05-20,0.0,0.0,0.0,0.0,0.003227029069842846,0.0,0.0,0.005207650498404437,0.004687805326147654,0.005234202437229385,0.0,0.0,0.0,0.0,0.0,0.024881442355656036,0.0
2024-05-21,0.0,0.0,0.0,0.0,0.0008533328373128146,0.0,0.0,-0.007697343863587891,-0.0069325543178935245,0.0013803856940670656,0.0,0.0,0.0,0.0,0.0,0.0063936055407216585,0.0
2024-05-22,0.0,0.0,0.0,0.0,-0.000603268686668712,0.0,0.0,-0.003973191395058806,-0.0033760943017977496,-0.0009768970315235936,0.0,0.0,0.0,0.0,0.0,-0.004570808639543733,0.0
2024-05-23,0.0,0.0,0.0,0.0,0.012069124330458258,0.0,0.0,0.04235560467343613,0.035968779083792146,0.019579071769768808,0.0,0.0,0.02280814259232944,0.0,0.0,0.0931964964897043,0.0
2024-05-24,0.0,0.0,0.0,0.0,0.0033823478156269626,0.0,0.0,0.009004552161098633,0.008815403676503797,0.00547911286606273,0.0,0.0,0.009004552161098633,0.0,0.0,0.02572272446839552,0.0
2024-05-28,0.0,0.0,0.0,0.0,0.009128161624782027,0.0,0.0,0.01728788318115626,0.016927909406237784,0.014794659680293698,0.0,0.0,0.017287883181156483,0.0,0.0,0.06980430171284846,0.0
2024-05-29,0.0,0.0,0.0,0.0,0.00104920878668735,0.0,0.0,0.007005814176434422,0.007017369000982265,0.001702361376863415,0.0,0.0,0.007005814176434422,0.0,0.0,0.008112226063836214,0.0
2024-05-30,0.0,0.0,0.0,0.0,-0.004972279788563405,0.0,0.0,-0.001503620071172329,-0.0015060827393275078,-0.008051663142907395,0.0,0.0,-0.020867685065709463,0.0,0.0,-0.03766603755534648,0.0
2024-05-31,0.0,0.0,0.0,0.0,-0.0010587028999747838,0.0,0.0,-0.014154853130780909,-0.013817596944732502,-0.0017109899083639357,0.0,0.0,-0.014154853130780909,0.0,0.0,-0.007846062592476333,0.0
2024-06-03,0.0,0.0,0.0,0.0,0.006288116015483958,0.0,0.0,0.005372282486310276,0.005256157706868603,0.010208429886380932,0.0,0.0,0.005372282486310276,0.0,0.0,0.0489541915337115,0.0
2024-06-04,0.0,0.0,0.0,0.0,0.0016467960089490141,0.0,0.0,0.0023983479524283258,0.0023467774324770208,0.0026670982904362095,0.0,0.0,0.006233657299230311,0.0,0.0,0.012495703554343818,0.0
2024-06-05,0.0,0.0,0.0,0.0,0.006732840148121477,0.0,0.0,0.01651392796311746,0.016245083753415823,0.010913716314544075,0.0,0.0,0.007483827921197284,0.0,0.0,0.05155581290344857,0.0
2024-06-06,0.0,0.0,0.0,0.0,-0.0014711351402327821,0.0,0.0,0.005936125321225338,0.005841030929501612,-0.002395230396916581,0.0,0.0,-0.013882035894923095,0.0,0.0,-0.011777182507705097,0.0
2024-06-07,0.0,0.0,0.0,0.0,-8.617894574503016e-05,0.0,0.0,0.0038444055563175983,0.0038714424878998344,-0.00014459612479678086,0.0,0.0,0.0038444055563173762,0.0,0.0,-0.0009091192419977689,0.0
2024-06-10,0.0,0.0,0.0,0.0,0.0009830524418503739,0.0,0.0,-0.0028510437003316236,-0.0028710171914166915,0.0015921629763342438,0.0,0.0,-0.0028510437003315126,0.0,0.0,0.007461371792643723,0.0
2024-06-11,0.0,0.0,0.0,0.0,-0.0009430873450138044,0.0,0.0,-0.004292850311401142,-0.004231106272245322,-0.0015271506284545433,0.0,0.0,0.0,0.0,0.0,-0.007143987607067803,0.0
2024-06-12,0.0,0.0,0.0,0.0,0.004621465408021663,0.0,0.0,0.02267285720271439,0.02250318499193904,0.007493040406340246,0.0,0.0,0.0,0.0,0.0,0.035481006078302624,0.0
2024-06-13,0.0,0.0,0.0,0.0,0.004690249968032356,0.0,0.0,9.839157804081289e-05,9.897545284331954e-05,0.007588752536404009,0.0,0.0,0.0,0.0,0.0,0.03522352069132717,0.0
2024-06-14,0.0,0.0,0.0,0.0,0.002301930149163356,0.0,0.0,0.008604253468002865,0.008650532883334838,0.0037290889054168996,0.0,0.0,0.0,0.0,0.0,0.0175141963623906,0.0
2024-06-17,0.0,0.0,0.0,0.0,-0.0008741003120158464,0.0,0.0,-0.003371120653591353,-0.0033210072007632263,-0.0014195527370861605,0.0,0.0,0.0,0.0,0.0,-0.006824504038386081,0.0
2024-06-18,0.0,0.0,0.0,0.0,0.004616249807392947,0.0,0.0,0.013270979997808796,0.012806310443965074,0.007478169174374383,0.0,0.0,0.0,0.0,0.0,0.03511994729927426,0.0
2024-06-20,0.0,0.0,0.0,0.0,-0.004325404498508267,0.0,0.0,-0.014096214013394226,-0.013817596944732391,-0.007058357908496848,0.0,0.0,0.0,0.0,0.0,-0.03540342856602374,0.0
2024-06-21,0.0,0.0,0.0,0.0,-0.004061201201400966,0.0,0.0,-0.002745896673562731,-0.0028792212522734673,-0.006603574613500918,0.0,0.0,-0.002745896673562731,0.0,0.0,-0.03219157086512525,0.0
2024-06-24,0.0,0.0,0.0,0.0,-0.00892078173191746,0.0,0.0,-0.013066331504601014,-0.013702587569312641,-0.014430839458736466,0.0,0.0,-0.013066331504600903,0.0,0.0,-0.06684044367473785,0.0
2024-06-25,0.0,0.0,0.0,0.0,0.008649121117492609,0.0,0.0,0.0,0.0,0.014045404628125535,0.0,0.0,0.01693542163265227,0.0,0.0,0.0675641047928992,0.0
2024-06-26,0.0,0.0,0.0,0.0,0.00031824384786438564,0.0,0.0,-0.011985645346521356,-0.013817596944732502,0.0005163198745690156,0.0,0.0,0.0,0.0,0.0,0.0024585773038319214,0.0
2024-06-27,0.0,0.0,0.0,0.0,-0.002520219941791746,0.0,0.0,-0.001109941149745386,-0.0011792268949651907,-0.004080534476826991,0.0,0.0,0.0,0.0,0.0,-0.019066438898335036,0.0
2024-06-28,0.0,0.0,0.0,0.0,-0.00047459779958458626,0.0,0.0,0.0015125989203776946,0.0016071312062979626,-0.0007692066511109097,0.0,0.0,0.0,0.0,0.0,-0.003629264977343616,0.0
2024-07-01,0.0,0.0,0.0,0.0,0.0008096764577212312,0.0,0.0,-0.0133762878215814,-0.013817596944732502,0.0013114887410339282,0.0,0.0,0.0,0.0,0.0,0.006151809298978073,0.0
2024-07-02,0.0,0.0,0.0,0.0,-0.001712925115607944,0.0,0.0,0.0,0.0,-0.0027765461339782638,0.0,0.0,0.0,0.0,0.0,-0.013113533579810488,0.0
2024-07-03,0.0,0.0,0.0,0.0,0.0060616836464875146,0.0,0.0,0.0,0.0,0.009811991266760467,0.0,0.0,0.0,0.0,0.0,0.045732485122755184,0.0
2024-07-05,0.0,0.0,0.0,0.0,-0.0025764561581193,0.0,0.0,-0.006561217912742445,-0.006754144961187425,-0.004163304701861104,0.0,0.0,0.0,0.0,0.0,-0.019098749884861155,0.0
2024-07-08,0.0,0.0,0.0,0.0,0.0024536986562240237,0.0,0.0,0.005571527134605292,0.0057364671941038115,0.003978237465217527,0.0,0.0,0.0,0.0,0.0,0.018834757409261105,0.0
2024-07-09,0.0,0.0,0.0,0.0,0.003258675394650634,0.0,0.0,0.0,0.0,0.005279235988915998,0.0,0.0,0.0,0.0,0.0,0.024805228596282314,0.0
2024-07-10,0.0,0.0,0.0,0.0,0.003536984267639598,0.0,0.0,0.0,0.0,0.005729001224863195,0.0,0.0,0.0,0.0,0.0,0.026868554402519118,0.0
2024-07-11,0.0,0.0,0.0,0.0,-0.00728539717768617,0.0,0.0,0.0,0.0,-0.011806976527014346,0.0,0.0,0.0,0.0,0.0,-0.05566677729747238,0.0
2024-07-12,0.0,0.0,0.0,0.0,0.0018388424517206126,0.0,0.0,0.0027750497134075847,0.0030344681973175636,0.0029874789493420373,0.0,0.0,0.0,0.0,0.0,0.014442865038697184,0.0
2024-07-15,0.0,0.0,0.0,0.0,-0.0007904762789796571,0.0,0.0,0.0039497850534191414,0.00431790364686413,-0.0012841001015815312,0.0,0.0,0.0,0.0,0.0,-0.0061900882988856765,0.0
2024-07-16,0.0,0.0,0.0,0.0,-0.0021356873428680645,0.0,0.0,0.0,0.0,-0.003458677224274731,0.0,0.0,0.0,0.0,0.0,-0.016194427262834044,0.0
2024-07-17,0.0,0.0,0.0,0.0,-0.008785793894057536,0.0,0.0,-0.013268470387897136,-0.013817596944732502,-0.01422075447299731,0.0,0.0,0.0,0.0,0.0,-0.06623932088603579,0.0
2024-07-18,0.0,0.0,0.0,0.0,0.003379104710150349,0.0,0.0,-0.012163369328674678,-0.013817596944732391,0.005485123107457079,0.0,0.0,0.0,0.0,0.0,0.02627338861871853,0.0
2024-07-19,0.0,0.0,0.0,0.0,-0.0034488471336786564,0.0,0.0,-0.009520136010916391,-0.010677538870406567,-0.0055841884046196055,0.0,0.0,0.0,0.0,0.0,-0.026096298510973948,0.0
2024-07-22,0.0,0.0,0.0,0.0,0.006155661304968252,0.0,0.0,0.00827722300742706,0.009294380458898077,0.00998655203765475,0.0,0.0,0.0,0.0,0.0,0.04757068845429213,0.0
2024-07-23,0.0,0.0,0.0,0.0,-0.0010359187873895115,0.0,0.0,-0.001311873530011498,-0.00150591581404802,-0.0016742505521113449,0.0,0.0,0.0,0.0,0.0,-0.00768985430309066,0.0
2024-07-24,0.0,0.0,0.0,0.0,-0.009091989344388485,0.0,0.0,-0.012634036448573638,-0.014505584741627442,-0.014705922759166157,0.0,0.0,0.0,0.0,0.0,-0.06803160798320196,0.0
2024-07-25,0.0,0.0,0.0,0.0,-0.0022377693052789693,0.0,0.0,-0.013341080637202851,-0.013817596944732613,-0.0036293243028213684,0.0,0.0,0.0,0.0,0.0,-0.017242927465432434,0.0
2024-07-26,0.0,0.0,0.0,0.0,0.0009907423969870433,0.0,0.0,-0.013309357056984328,-0.013817596944732391,0.0015932072244604356,0.0,0.0,0.0,0.0,0.0,0.006946789840045708,0.0
2024-07-29,0.0,0.0,0.0,0.0,-0.0017215344726364545,0.0,0.0,0.0,0.0,-0.0027869459543832242,0.0,0.0,0.0,0.0,0.0,-0.013001880858018122,0.0
2024-07-30,0.0,0.0,0.0,0.0,-0.009283848149996499,0.0,0.0,-0.013307507068357705,-0.013817596944732502,-0.015035669477845626,0.0,0.0,0.0,0.0,0.0,-0.07043646145243176,0.0
2024-07-31,0.0,0.0,0.0,0.0,0.015787045259911148,0.0,0.0,0.016120983512302844,0.01825380531563403,0.025726029273999362,0.0,0.0,0.0,0.0,0.0,0.1281209930133791,0.0
2024-08-01,0.0,0.0,0.0,0.0,-0.008743856753578139,0.0,0.0,0.0,0.0,-0.01416932175158414,0.0,0.0,0.0,0.0,0.0,-0.06674061003671672,0.0
2024-08-02,0.0,0.0,0.0,0.0,-0.001757315235921375,0.0,0.0,0.012116537913904102,0.01825380531563403,-0.0029299795871672307,0.0,0.0,0.0,0.0,0.0,-0.017763932333548227,0.0
2024-08-05,0.0,0.0,0.0,0.0,-0.007467924767441958,0.0,0.0,0.0,0.0,-0.012237273535083415,0.0,0.0,0.0,0.0,0.0,-0.06357787275416904,0.0
2024-08-06,0.0,0.0,0.0,0.0,0.005293229044654568,0.0,0.0,-0.008951260248815096,-0.013817596944732613,0.008522609805723613,0.0,0.0,0.0,0.0,0.0,0.03782995184514837,0.0
2024-08-07,0.0,0.0,0.0,0.0,-0.006415249859435201,0.0,0.0,0.0,0.0,-0.010441071950361258,0.0,0.0,0.0,0.0,0.0,-0.051223147603548624,0.0
2024-08-08,0.0,0.0,0.0,0.0,0.007656607379520786,0.0,0.0,-0.008848331525905029,-0.013817596944732502,0.012459799395714288,0.0,0.0,0.0,0.0,0.0,0.06126777693368868,0.0
2024-08-09,0.0,0.0,0.0,0.0,-0.0002548286918602205,0.0,0.0,-0.003035799587477239,-0.004904330690540748,-0.0004160343536394606,0.0,0.0,0.0,0.0,0.0,-0.0020958410622107237,0.0
2024-08-12,0.0,0.0,0.0,0.0,0.00530968571334034,0.0,0.0,0.004096592389131848,0.00663046718350091,0.00860886145652473,0.0,0.0,0.0,0.0,0.0,0.040763744541624014,0.0
2024-08-13,0.0,0.0,0.0,0.0,0.009540133085283786,0.0,0.0,0.0,0.0,0.016052010015992435,0.0,0.0,0.009431720626615014,0.0,0.014364076236123235,0.06530905509178564,0.0
2024-08-14,0.0,0.0,0.0,0.0,0.0027972509103868504,0.0,0.0,0.0,0.0,0.004831967988120356,0.0,0.0,0.005853321936393874,0.0,0.00780989871072113,0.016704101413275385,0.0
2024-08-15,0.0,0.0,0.0,0.0,0.006527927448286341,0.0,0.0,0.0,0.0,0.01133746448344608,0.0,0.0,0.009841817752660686,0.0,0.018471553213182057,0.04048101286115857,0.0
2024-08-16,0.0,0.0,0.0,0.0,0.0022496087206989035,0.0,0.0,0.005954887015583665,0.00962513222001693,0.003909107587584337,0.0,0.0,0.0010524357360710557,0.0,0.00637379712794961,0.0139995996457698,0.0
2024-08-19,0.0,0.0,0.0,0.0,0.007052426995161953,0.0,0.0,-0.0011718867707646297,-0.0018872836690599915,0.0122392810314218,0.0,0.0,0.010991468281951411,0.0,0.019918904396290626,0.043506189541378415,0.0
2024-08-20,0.0,0.0,0.0,0.0,-0.0035250013112134715,0.0,0.0,-0.0031212065313013237,-0.004994725325235705,-0.006093097532191116,0.0,0.0,-0.0031212065313013237,0.0,-0.009858127831328334,-0.021153829442384198,0.0
2024-08-21,0.0,0.0,0.0,0.0,0.0015883570731953789,0.0,0.0,0.0029182137512591133,0.004689932037529765,0.0027575345235810733,0.0,0.0,0.0029182137512591133,0.0,0.00449014515317625,0.009823120251523987,0.0
2024-08-22,0.0,0.0,0.0,0.0,-0.005913259176504648,0.0,0.0,-0.008475227280583253,-0.012895919388909216,-0.010284998049392757,0.0,0.0,-0.008475227280583475,0.0,-0.01679298742867308,-0.037042860569466485,0.0
2024-08-23,0.0,0.0,0.0,0.0,0.007185992089838944,0.0,0.0,0.008152267204791341,0.012604912537312885,0.012516213896037742,0.0,0.0,0.008152267204791341,0.0,0.02047993504546808,0.045498586733934365,0.0
2024-08-26,0.0,0.0,0.0,0.0,-0.0036392628868472388,0.0,0.0,0.0031235191563085962,0.004903504670505043,-0.006317577991614587,0.0,0.0,0.0031235191563085962,0.0,-0.010285764847729362,-0.022493467015878954,0.0
2024-08-27,0.0,0.0,0.0,0.0,0.0024260616365165966,0.0,0.0,0.007419641862145943,0.01169805615341879,0.0041939961762038624,0.0,0.0,0.007419641862146165,0.0,0.0067858295147558145,0.014550100477582983,0.0
2024-08-28,0.0,0.0,0.0,0.0,-0.0034103786072688935,0.0,0.0,-0.006800399559919623,-0.010047098184130743,-0.005915677612178372,0.0,0.0,-0.006800399559919734,0.0,-0.009620491955736554,-0.020966498128261124,0.0
2024-08-29,0.0,0.0,0.0,0.0,-0.010407647437110756,0.0,0.0,-0.011278573898857447,-0.01669231940305993,-0.01804816484757399,0.0,0.0,-0.011278573898857558,0.0,-0.029338629319995313,-0.06384848827359235,0.0
2024-08-30,0.0,0.0,0.0,0.0,0.00238239180172517,0.0,0.0,-0.0011074269447657326,-0.0013558992228435152,0.004151813951527528,0.0,0.0,-0.0011074269447658436,0.0,0.006798825295166067,0.01513736026912249,0.0
2024-09-03,0.0,0.0,0.0,0.0,-0.015696120570014238,0.0,0.0,-0.011547598174159845,-0.014142039049155342,-0.027177117480715718,0.0,0.0,-0.011547598174159734,0.0,-0.04407752980448476,-0.09525003766340112,0.0
2024-09-04,0.0,0.0,0.0,0.0,-0.00245165326817931,0.0,0.0,0.013384287787150395,0.017645291557391696,-0.0043098717110361395,0.0,0.0,0.013384287787150617,0.0,-0.007149696682358431,-0.01657401670823133,0.0
2024-09-05,0.0,0.0,0.0,0.0,0.0015456704293683732,0.0,0.0,0.0,0.0,0.0026776527959220253,0.0,0.0,0.013538073595043887,0.0,0.004346181974551833,0.009415320721646747,0.0
2024-09-06,0.0,0.0,0.0,0.0,-0.006552001898291859,0.0,0.0,0.0,0.0,-0.011388464656097885,0.0,0.0,-0.01070654796095405,0.0,-0.018576554785319832,-0.04085448833352412,0.0
2024-09-09,0.0,0.0,0.0,0.0,0.005555939244719088,0.0,0.0,0.005367021441225139,0.006525137720773566,0.00968558556071275,0.0,0.0,0.005367021441225139,0.0,0.01586900490395493,0.035398293808073245,0.0
2024-09-10,0.0,0.0,0.0,0.0,0.002495838424140917,0.0,0.0,0.0043904028212433666,0.005331638928904425,0.004327931915673711,0.0,0.0,0.008931613215958922,0.0,0.007035060276349814,0.0153093760330405,0.0
2024-09-11,0.0,0.0,0.0,0.0,0.013093565766810755,0.0,0.0,0.0,0.0,0.022752594995055775,0.0,0.0,0.014556462284694982,0.0,0.03709890082625411,0.0814987006828245,0.0
2024-09-12,0.0,0.0,0.0,0.0,0.0030871982296238887,0.0,0.0,0.0,0.0,0.005362588091299969,0.0,0.0,0.006903235067987179,0.0,0.008738883520715612,0.019161618159231564,0.0
2024-09-13,0.0,0.0,0.0,0.0,-5.961792904463081e-05,0.0,0.0,0.0,0.0,-0.00010216776621185808,0.0,0.0,-0.0001373490984359904,0.0,-0.00016316274757821603,-0.00033575218836312537,0.0
2024-09-16,0.0,0.0,0.0,0.0,-0.0031604277386676483,0.0,0.0,0.0,0.0,-0.005484163474489434,0.0,0.0,-0.007412754656233256,0.0,-0.008923613450086743,-0.01947939842427382,0.0
2024-09-17,0.0,0.0,0.0,0.0,-0.0016181488995566928,0.0,0.0,0.0,0.0,-0.0028165620109417144,0.0,0.0,-0.0038976731312971857,0.0,-0.0046038683099847155,-0.010190111185763517,0.0
2024-09-18,0.0,0.0,0.0,0.0,-0.003115486690170255,0.0,0.0,0.0,0.0,-0.005406317203740185,0.0,0.0,-0.006647695175606705,0.0,-0.008797277741298126,-0.019205847943485566,0.0
2024-09-19,0.0,0.0,0.0,0.0,0.00630287789018813,0.0,0.0,0.0011818698130015015,0.0014001711850424314,0.01097043043811996,0.0,0.0,0.0011818698130015015,0.0,0.01793141663937181,0.039693098189876874,0.0
2024-09-20,0.0,0.0,0.0,0.0,-0.002583327790662504,0.0,0.0,-0.0033823361570790578,-0.004006208785641063,-0.004480432136421908,0.0,0.0,-0.006334745035742051,0.0,-0.007284815468184158,-0.015864840566789717,0.0
2024-09-23,0.0,0.0,0.0,0.0,0.0003579902424781789,0.0,0.0,0.0,0.0,0.0006225908692110149,0.0,0.0,0.0008433419837770018,0.0,0.001016401074918516,0.002241299469428748,0.0
2024-09-24,0.0,0.0,0.0,0.0,0.006411935555763026,0.0,0.0,0.0,0.0,0.011131664844925115,0.0,0.0,0.016382279104443898,0.0,0.01812576131137278,0.03965254303494059,0.0
2024-09-25,0.0,0.0,0.0,0.0,0.0035612200785120063,0.0,0.0,0.0043323853196259865,0.005116445882189291,0.006175148837302746,0.0,0.0,0.003393922950431394,0.0,0.010037296428004883,0.02184158981151829,0.0
2024-09-26,0.0,0.0,0.0,0.0,0.0008098981512913994,0.0,0.0,0.010230938231158948,0.01207307392591539,0.0013771434361706802,0.0,0.0,-0.011254541408376673,0.0,0.0021729671784660454,0.004291112163702593,0.0
2024-09-27,0.0,0.0,0.0,0.0,-0.0034525755400450775,0.0,0.0,-0.011331675642561101,-0.013356969820616182,-0.005991250132334924,0.0,0.0,-0.011331675642561101,0.0,-0.009749047873805927,-0.02128340222345637,0.0
2024-09-30,0.0,0.0,0.0,0.0,0.00020761259185531067,0.0,0.0,0.010841495449642746,0.011920823984606477,0.00032279346299368683,0.0,0.0,0.010841495449642746,0.0,0.00043438582724308894,0.0003294388920089819,0.0
2024-10-01,0.0,0.0,0.0,0.0,-0.005905043098928586,0.0,0.0,0.000535251855664054,0.0005879112810127651,-0.010253441583112477,0.0,0.0,-0.01591814074797715,0.0,-0.016699995579023907,-0.036561204891712884,0.0
2024-10-02,0.0,0.0,0.0,0.0,0.002591838794659296,0.0,0.0,0.010195690714116079,0.00917006807774512,0.004491180957036489,0.0,0.0,0.00877693057704132,0.0,0.007292426874952129,0.015811960654548596,0.0
2024-10-03,0.0,0.0,0.0,0.0,0.0054558950852290344,0.0,0.0,0.008527319513237153,0.007677319133023497,0.00946849230753144,0.0,0.0,0.016293411316244066,0.0,0.015409433046932763,0.033655857935392275,0.0
2024-10-04,0.0,0.0,0.0,0.0,0.0027602074831389878,0.0,0.0,0.0,0.0,0.004783079171438942,0.0,0.0,-0.0008723792742642011,0.0,0.0077670156352172,0.01684978676440796,0.0
2024-10-07,0.0,0.0,0.0,0.0,0.0036295772589738373,0.0,0.0,0.0,0.0,0.006299993292519623,0.0,0.0,0.02182167269494406,0.0,0.010255277588633982,0.022414338881298068,0.0
2024-10-08,0.0,0.0,0.0,0.0,0.0065538561775362325,0.0,0.0,0.0,0.0,0.011375997865798348,0.0,0.0,0.010775463112703498,0.0,0.018518673728095125,0.04047913816037507,0.0
2024-10-09,0.0,0.0,0.0,0.0,-0.0002599457210044065,0.0,0.0,0.0,0.0,-0.00045932398804549024,0.0,0.0,-0.0008193178518661748,0.0,-0.0007671785364766759,-0.0018058437153170015,0.0
2024-10-10,0.0,0.0,0.0,0.0,0.002659623317778248,0.0,0.0,0.0,0.0,0.004610792983041678,0.0,0.0,0.011843427321936106,0.0,0.007491994837746541,0.01628326201494734,0.0
2024-10-11,0.0,0.0,0.0,0.0,-2.8148173060293935e-05,0.0,0.0,0.0,0.0,-4.4809521959399135e-05,0.0,0.0,-5.953901761646119e-05,0.0,-6.324319898609598e-05,-7.405390195547312e-05,0.0
2024-10-14,0.0,0.0,0.0,0.0,0.003916515903312989,0.0,0.0,0.0,0.0,0.006800923166211836,0.0,0.0,0.007555684418934394,0.0,0.01107763804312123,0.024258185968554447,0.0
2024-10-15,0.0,0.0,0.0,0.0,-0.007605106998041067,0.0,0.0,-0.0198472878424526,-0.013356969820616071,-0.013196235656720678,0.0,0.0,-0.01984728784245271,0.0,-0.021470982411960104,-0.0468603043305067,0.0
2024-10-16,0.0,0.0,0.0,0.0,0.004921609356929757,0.0,0.0,0.007193919314745001,0.0054870715766619504,0.008577920260564698,0.0,0.0,0.007193919314745223,0.0,0.014049617160195371,0.03130695678832396,0.0
2024-10-17,0.0,0.0,0.0,0.0,0.0015456973656746698,0.0,0.0,0.01583013123426169,0.012094730130622455,0.0026575214841431105,0.0,0.0,0.01583013123426169,0.0,0.004264957597267749,0.008915400032842191,0.0
2024-10-18,0.0,0.0,0.0,0.0,0.0012434362567874668,0.0,0.0,0.0,0.0,0.0021636269009603915,0.0,0.0,-0.0041744538850465585,0.0,0.00353495978482532,0.007814242732701926,0.0
2024-10-21,0.0,0.0,0.0,0.0,0.006696839644610542,0.0,0.0,0.0,0.0,0.011624771618561347,0.0,0.0,0.028022728030789423,0.0,0.01892505440176495,0.04137678680206358,0.0
2024-10-22,0.0,0.0,0.0,0.0,-0.0001690437726251659,0.0,0.0,0.0021151986189948957,0.0015563529670028498,-0.00028482898512005583,0.0,0.0,0.0009863653402246708,0.0,-0.00044319012835425386,-0.0008349934595188735,0.0
2024-10-23,0.0,0.0,0.0,0.0,-0.0045808617364537785,0.0,0.0,-0.008037416824757893,-0.0059171924467404935,-0.007942228262179052,0.0,0.0,-0.018811446369232043,0.0,-0.012907018623633748,-0.028066086477301466,0.0
2024-10-24,0.0,0.0,0.0,0.0,0.0009672018930426685,0.0,0.0,-0.002825343605309838,-0.002107281590168042,0.0016834562090877192,0.0,0.0,-0.002825343605309727,0.0,0.0027516295917351385,0.00609062345434741,0.0
2024-10-25,0.0,0.0,0.0,0.0,0.0013000218488221638,0.0,0.0,0.0014074734704672132,0.0010490082335530282,0.0022572777018337042,0.0,0.0,0.00515342577301392,0.0,0.0036763343347092636,0.008047824686880922,0.0
2024-10-28,0.0,0.0,0.0,0.0,-0.0011401442266557593,0.0,0.0,-0.012521752750622284,-0.009000640371756186,-0.0019856175563077727,0.0,0.0,-0.005019460617462279,0.0,-0.0032481937819585083,-0.007206311969602308,0.0
2024-10-29,0.0,0.0,0.0,0.0,0.0008431304238465387,0.0,0.0,-0.006131584949478963,-0.00452912978927722,0.0014629791699025674,0.0,0.0,0.0034274605539128533,0.0,0.0023803286669992207,0.0051948466721249975,0.0
2024-10-30,0.0,0.0,0.0,0.0,-0.0022053828638648465,0.0,0.0,-0.0021456774740437057,-0.0014011426607904998,-0.003824062100211467,0.0,0.0,-0.021194353652608133,0.0,-0.006215507895240058,-0.013522109433509621,0.0
2024-10-31,0.0,0.0,0.0,0.0,-0.007710538503540976,0.0,0.0,-0.018174250937138425,-0.012069600313974527,-0.013367730200689598,0.0,0.0,-0.019942164683886432,0.0,-0.02172237049987813,-0.04722262938688904,0.0
2024-11-01,0.0,0.0,0.0,0.0,0.0031367788298066746,0.0,0.0,0.002380260295118619,0.0017658241040336975,0.005464661534227533,0.0,0.0,0.002380260295118619,0.0,0.008944320992708477,0.019885571183991146,0.0
2024-11-04,0.0,0.0,0.0,0.0,0.0007987159185174342,0.0,0.0,0.007650085744994595,0.005678787080965808,0.0013810760136776512,0.0,0.0,0.0031463751440674592,0.0,0.002235424154364507,0.004800645587734298,0.0
2024-11-05,0.0,0.0,0.0,0.0,0.004559282186429536,0.0,0.0,0.010679561565052786,0.00783264961954866,0.007922303699914535,0.0,0.0,0.01836134773179343,0.0,0.01291686461495023,0.028371843625664583,0.0
2024-11-06,0.0,0.0,0.0,0.0,0.00659030170246222,0.0,0.0,0.013294140456118875,0.009777787587867515,0.011440731765301804,0.0,0.0,0.011495093690510272,0.0,0.018627582029047796,0.04074057223457461,0.0
2024-11-07,0.0,0.0,0.0,0.0,0.003634509625472626,0.0,0.0,0.009852624672427757,0.007408441177155334,0.00630905013602634,0.0,0.0,0.012575625032411386,0.0,0.010271218138046878,0.02245727108376583,0.0
2024-11-08,0.0,0.0,0.0,0.0,-0.001366042667211742,0.0,0.0,-0.0014318060159043133,-0.0010792237492438517,-0.0023694840208522416,0.0,0.0,-0.005777442182627102,0.0,-0.003853248443056456,-0.00839627635550566,0.0
2024-11-11,0.0,0.0,0.0,0.0,-0.008050787625067057,0.0,0.0,-0.017517072873754813,-0.013733603501732361,-0.0030011323252873146,0.0,0.0,-0.01182588665109785,0.0,-0.008950671233038054,-0.016053572431175445,0.0
2024-11-12,0.0,0.0,0.0,0.0,0.00794104907395754,0.0,0.0,0.005509574792542216,0.004315908740206709,0.004360885316803342,0.0,0.0,0.005509574792542216,0.0,0.01083838485586508,0.02085911232520843,0.0
2024-11-13,0.0,0.0,0.0,0.0,-0.005212581689857276,0.0,0.0,-0.010000293664267579,-0.006662952304065661,-0.0028665241433181166,0.0,0.0,-0.010000293664267357,0.0,-0.007106320546083622,-0.013621830504566335,0.0
2024-11-14,0.0,0.0,0.0,0.0,0.0012573326804834473,0.0,0.0,0.0022251011470710846,0.0016125699397200322,0.0006876923963687886,0.0,0.0,0.0022251011470706406,0.0,0.0017216336221266282,0.003349874156648003,0.0
2024-11-15,0.0,0.0,0.0,0.0,-0.012585960826979936,0.0,0.0,-0.017753661028491075,-0.013019639666395078,-0.006940443867147539,0.0,0.0,-0.017753661028490852,0.0,-0.017120460031156415,-0.03257029929531685,0.0
2024-11-18,0.0,0.0,0.0,0.0,-0.004871856173124689,0.0,0.0,0.0021199238129305797,0.0015517459014009471,-0.0026699922269786125,0.0,0.0,0.0021199238129305797,0.0,-0.006660213609000487,-0.01288910539826893,0.0
2024-11-19,0.0,0.0,0.0,0.0,0.0187654470473948,0.0,0.0,0.0045983637525224275,0.003367828603177081,0.010325088206084132,0.0,0.0,0.02453640949513458,0.0,0.025572048580235096,0.0489477006779484,0.0
2024-11-20,0.0,0.0,0.0,0.0,-0.0029153651788679236,0.0,0.0,-0.018032533806368822,-0.013733603501732583,-0.0016031835881851197,0.0,0.0,-0.018032533806368822,0.0,-0.00397457127779699,-0.007618506290555382,0.0
2024-11-21,0.0,0.0,0.0,0.0,0.0020962867853624445,0.0,0.0,0.0,0.0,0.0011605957933782385,0.0,0.0,-0.018714762609166602,0.0,0.002842323791073298,0.005346513126098795,0.0
2024-11-22,0.0,0.0,0.0,0.0,-0.012406165157048954,0.0,0.0,-0.01871907710928533,-0.013733603501732583,-0.006836757476844091,0.0,0.0,-0.018719077109285442,0.0,-0.016884920284732874,-0.032181263077810884,0.0
2024-11-25,0.0,0.0,0.0,0.0,-0.016088137411947034,0.0,0.0,-0.017820060108704183,-0.013733603501732583,-0.008863291732544631,0.0,0.0,-0.017820060108704072,0.0,-0.021901162437537702,-0.041775126447095134,0.0
2024-11-26,0.0,0.0,0.0,0.0,0.0024278042573018244,0.0,0.0,-0.004269726388791195,-0.0035187882950636906,0.0013195060940807135,0.0,0.0,-0.004269726388791084,0.0,0.0033413425617099257,0.006616671939369656,0.0
2024-11-27,0.0,0.0,0.0,0.0,-0.00442185196683198,0.0,0.0,-0.012566998130486229,-0.01038769113635385,-0.0024326559682802396,0.0,0.0,-0.012566998130486229,0.0,-0.006026409803821853,-0.011539715341722045,0.0
2024-11-29,0.0,0.0,0.0,0.0,0.008250587216387828,0.0,0.0,0.005516067845433348,0.004541700483342792,0.004540772760049272,0.0,0.0,0.005516067845433348,0.0,0.011240957014763797,0.021501614290346804,0.0
2024-12-02,0.0,0.0,0.0,0.0,0.0010646541539929277,0.0,0.0,0.0015209308189845228,0.001357997985106163,0.0005875059885156464,0.0,0.0,0.0015209308189845228,0.0,0.0014474237368082843,0.002748443952534485,0.0
2024-12-03,0.0,0.0,0.0,0.0,0.004534384442222539,0.0,0.0,0.007698771120045134,0.005788241213873446,0.0024990393793382637,0.0,0.0,0.007698771120045134,0.0,0.006170866735470515,0.011758101746455196,0.0
2024-12-04,0.0,0.0,0.0,0.0,0.013359971463696496,0.0,0.0,0.009063698980628976,0.006274759157560261,0.007354192965829176,0.0,0.0,0.009063698980628976,0.0,0.01819933247834493,0.03479253705418395,0.0
2024-12-05,0.0,0.0,0.0,0.0,-0.00019411765988808227,0.0,0.0,-0.0011786248617723372,-0.000905957246629896,-0.00010825980650697176,0.0,0.0,-0.0011786248617721151,0.0,-0.00026165552691781446,-0.00048232432787742585,0.0
2024-12-06,0.0,0.0,0.0,0.0,-0.006964218077207263,0.0,0.0,-0.01808536530689997,-0.012863826044099969,-0.003838042527096297,0.0,0.0,-0.018085365306900192,0.0,-0.009477945079493622,-0.01806148214891312,0.0
2024-12-09,0.0,0.0,0.0,0.0,-0.009743139362918818,0.0,0.0,-0.0018465030395928839,-0.0013021955875411884,-0.005356779917031318,0.0,0.0,-0.0018465030395927728,0.0,-0.01328537498261162,-0.02548454541528611,0.0
2024-12-10,0.0,0.0,0.0,0.0,-0.0103615170860476,0.0,0.0,-0.017223183199052694,-0.012445799411510805,-0.0057060920280018745,0.0,0.0,-0.017223183199052805,0.0,-0.014109913206026614,-0.026943265898928592,0.0
2024-12-11,0.0,0.0,0.0,0.0,0.011905772356871624,0.0,0.0,0.008459382799415938,0.006235682339416293,0.006531375574381215,0.0,0.0,0.008459382799415716,0.0,0.01626330800191389,0.03139106037169204,0.0
2024-12-12,0.0,0.0,0.0,0.0,-0.0054901366830659715,0.0,0.0,-0.009536658506038576,-0.007000088972596075,-0.0030315432871853565,0.0,0.0,-0.009536658506038465,0.0,-0.007460161958970035,-0.014141165568019365,0.0
2024-12-13,0.0,0.0,0.0,0.0,-0.008566477011983764,0.0,0.0,-0.01695379276667819,-0.012828055595299204,-0.004704255905163546,0.0,0.0,-0.016953792766678077,0.0,-0.011691963913082692,-0.022498809426563127,0.0
2024-12-16,0.0,0.0,0.0,0.0,-0.006461048055801832,0.0,0.0,-0.017855993492708278,-0.013733603501732583,-0.00356052828830411,0.0,0.0,-0.017855993492708055,0.0,-0.008793566409339482,-0.01675981083589162,0.0
2024-12-17,0.0,0.0,0.0,0.0,-0.004570078887019879,0.0,0.0,0.0,0.004209354939910925,-0.0024983094201539435,0.0,0.0,0.005636625833367992,0.0,-0.006260210038080638,-0.012196924161399503,0.0
2024-12-18,0.0,0.0,0.0,0.0,-0.004086504257567514,0.0,0.0,0.0,0.013848085459623016,-0.0022069866306499986,0.0,0.0,0.018530245441465754,0.0,-0.0056510512833445325,-0.01135050407143634,0.0
2024-12-19,0.0,0.0,0.0,0.0,0.005126454497689226,0.0,0.0,0.0,-0.00476248980978744,0.0028000233967140353,0.0,0.0,-0.0074289260638439325,0.0,0.007027544443875655,0.013730304699117735,0.0
2024-12-20,0.0,0.0,0.0,0.0,0.011907828338258541,0.0,0.0,0.0,-0.009117813284037934,0.006569634309600669,0.0,0.0,-0.013945903798629034,0.0,0.01619173731937673,0.030762238773439643,0.0
2024-12-23,0.0,0.0,0.0,0.0,0.014219378680856432,0.0,0.0,0.0,0.01148060618780411,0.007835396043774923,0.0,0.0,0.016409319561381697,0.0,0.019354002710864293,0.03689701089213626,0.0
2024-12-24,0.0,0.0,0.0,0.0,0.0015190125710897728,0.0,0.0,0.0,0.006503341742006397,0.0008372532826956824,0.0,0.0,0.00902128913071909,0.0,0.002067086314190947,0.003937853754408582,0.0
2024-12-26,0.0,0.0,0.0,0.0,-0.0007967874275525144,0.0,0.0,0.0,7.188111041367407e-05,-0.0004390080401920349,0.0,0.0,0.00010950111345353619,0.0,-0.0010846029304030225,-0.002068263809008042,0.0
2024-12-27,0.0,0.0,0.0,0.0,-0.00806481872159992,0.0,0.0,0.0,-0.013861933371589807,-0.0044474756098977775,0.0,0.0,-0.02108793272817444,0.0,-0.010970079771357666,-0.020867637223834,0.0
2024-12-30,0.0,0.0,0.0,0.0,0.0014555337493971088,0.0,0.0,0.0,0.01814284535910593,0.0008182117745443307,0.0,0.0,0.027143871199449165,0.0,0.0019488741908864071,0.0035033966693500673,0.0
2024-12-31,0.0,0.0,0.0,0.0,-0.008923572924974366,0.0,0.0,0.0,-0.013733603501732583,-0.00490997231766066,0.0,0.0,-0.02108136572243713,0.0,-0.012160170333720632,-0.02327436419474116,0.0
2025-01-02,0.0,0.0,0.0,0.0,0.011382743917984106,0.0,0.0,0.0,0.007605494608152519,0.006248901212790869,0.0,0.0,0.011339412129674376,0.0,0.015539898127168383,0.029935279219117872,0.0
2025-01-03,0.0,0.0,0.0,0.0,0.017089368954400053,0.0,0.0,0.0,0.010383227726606048,0.009405108822794439,0.0,0.0,0.015157131003512792,0.0,0.023283549046358765,0.04453757048093232,0.0
2025-01-06,0.0,0.0,0.0,0.0,0.013367993538847767,0.0,0.0,0.0,0.002039775941913957,0.00738792187185533,0.0,0.0,0.0028012548129687787,0.0,0.01815246106949142,0.03433227133768679,0.0
2025-01-07,0.0,0.0,0.0,0.0,-0.02342828899531202,0.0,0.0,0.0,-0.015344714578150787,-0.012827322871700075,0.0,0.0,-0.019427595444678647,0.0,-0.03205203403402468,-0.06216958077745127,0.0
2025-01-08,0.0,0.0,0.0,0.0,-0.00039227077949410827,0.0,0.0,0.0,-0.013733603501732472,-0.00026087701513344275,0.0,0.0,-0.01563333894157548,0.0,-0.0004425517379527122,-0.00021391525252789645,0.0
2025-01-10,0.0,0.0,0.0,0.0,-0.011523299784333751,0.0,0.0,0.0,-0.006239501139976844,-0.0063452108317663125,0.0,0.0,-0.007263327589611568,0.0,-0.015693366321242297,-0.029976440320453435,0.0
2025-01-13,0.0,0.0,0.0,0.0,-0.007235324699225498,0.0,0.0,0.0,-0.021987548138242108,-0.003931007144198917,0.0,0.0,-0.0256218350873767,0.0,-0.009959523746999821,-0.019718935620643974,0.0
2025-01-14,0.0,0.0,0.0,0.0,-0.003982912475243183,0.0,0.0,0.0,0.0,-0.0021523211288936306,0.0,0.0,-0.016260894581615837,0.0,-0.005504885431472317,-0.01103362295156729,0.0
2025-01-15,0.0,0.0,0.0,0.0,0.012905991269515305,0.0,0.0,0.0,0.0,0.007081732495604509,0.0,0.0,0.01042224231919242,0.0,0.017626362833793152,0.034001317162089206,0.0
2025-01-16,0.0,0.0,0.0,0.0,-0.007324772572846472,0.0,0.0,0.0,0.0,-0.004000451239733249,0.0,0.0,-0.01071676100758101,0.0,-0.01004047611840242,-0.019597900489832565,0.0
2025-01-17,0.0,0.0,0.0,0.0,0.011678213380346358,0.0,0.0,0.0,0.0,0.006394908497529439,0.0,0.0,0.017376561340504137,0.0,0.015976003727822263,0.03099507975064153,0.0
2025-01-21,0.0,0.0,0.0,0.0,0.008702879189895318,0.0,0.0,0.0,0.0,0.004791123573945288,0.0,0.0,0.0051306533885100425,0.0,0.011854333701135866,0.022656267058981383,0.0
2025-01-22,0.0,0.0,0.0,0.0,0.017010939981012996,0.0,0.0,0.0,0.0,0.009363427716064798,0.0,0.0,0.008382210964173575,0.0,0.023173772058596054,0.04430888193590321,0.0
2025-01-23,0.0,0.0,0.0,0.0,0.0003860813714029465,0.0,0.0,0.0,0.0,0.00021165854769922277,0.0,0.0,0.00016363157237608839,0.0,0.0005276447344628732,0.00101979985104661,0.0
2025-01-24,0.0,0.0,0.0,0.0,-0.01193600223197755,0.0,0.0,0.0,0.0,-0.0065606096835754135,0.0,0.0,-0.01682563810336235,0.0,-0.016278851519683446,-0.031245872234980765,0.0
2025-01-27,0.0,0.0,0.0,0.0,-0.06573941388360038,0.0,0.0,0.0,0.0,-0.03627624485133929,0.0,0.0,-0.06683509677373278,0.0,-0.0893738417857246,-0.16968160945545863,0.0
2025-01-28,0.0,0.0,0.0,0.0,0.03358663778371218,0.0,0.0,0.0,0.0,0.01838650218450355,0.0,0.0,0.0,0.0,0.04595891951591269,0.08925874983614168,0.0
2025-01-29,0.0,0.0,0.0,0.0,-0.016161105210880544,0.0,0.0,0.0,0.0,-0.008962995472286184,0.0,0.0,0.0,0.0,-0.021884296759093758,-0.0410110569263854,0.0
2025-01-30,0.0,0.0,0.0,0.0,0.0029866098967861188,0.0,0.0,0.0,0.0,0.0016497969048652195,0.0,0.0,0.0,0.0,0.004056910624153032,0.007679894296106271,0.0
2025-01-31,0.0,0.0,0.0,0.0,-0.01421459754030463,0.0,0.0,0.0,0.0,-0.007841185465821132,0.0,0.0,0.0,0.0,-0.019330721786739002,-0.03674293172733556,0.0
2025-02-03,0.0,0.0,0.0,0.0,-0.010463055873515037,0.0,0.0,0.0,0.0,-0.005692603739077651,0.0,0.0,0.0,0.0,-0.01438754705760581,-0.02840002898429117,0.0
2025-02-04,0.0,0.0,0.0,0.0,0.006560260052604017,0.0,0.0,0.0,0.0,0.003612785875781066,0.0,0.0,0.0,0.0,0.008933414243049054,0.01705799585132728,0.0
2025-02-05,0.0,0.0,0.0,0.0,0.019967275492334347,0.0,0.0,0.0,0.0,0.010986075476880242,0.0,0.0,0.0,0.0,0.027210302557233224,0.05208599334722619,0.0
2025-02-06,0.0,0.0,0.0,0.0,0.011929468269590737,0.0,0.0,0.0,0.0,0.006580399218326427,0.0,0.0,0.0,0.0,0.016223692267123502,0.03084195149066793,0.0
2025-02-07,0.0,0.0,0.0,0.0,0.0034697904302491978,0.0,0.0,0.0,0.0,0.0019112987401985748,0.0,0.0,0.0,0.0,0.0047240670224135695,0.009014508191179438,0.0
2025-02-10,0.0,0.0,0.0,0.0,0.011045161452002406,0.0,0.0,0.0,0.0,0.006082169252493275,0.0,0.0,0.0,0.0,0.015041680753385744,0.02872776117199205,0.0
2025-02-11,0.0,0.0,0.0,0.0,-0.002269173323479312,0.0,0.0,0.0,0.0,-0.0012578966674452463,0.0,0.0,0.0,0.0,-0.0030737656109615097,-0.0057646316166704015,0.0
2025-02-12,0.0,0.0,0.0,0.0,-0.004783821290522128,0.0,0.0,0.0,0.0,-0.0026308270175923187,0.0,0.0,0.0,0.0,-0.006521624979315077,-0.012500099134159393,0.0
2025-02-13,0.0,0.0,0.0,0.0,0.01597666173277701,0.0,0.0,0.0,0.0,0.0003624260995587214,0.0,0.0,0.0,0.0,0.0008934010376016044,0.031645532786999775,0.0
2025-02-14,0.0,0.0,0.0,0.0,0.013867037787196335,0.0,0.0,0.0,0.0,0.0,0.0,0.0,0.0,0.0,0.0,0.02631398727878409,0.0
2025-02-18,0.0,0.0,0.0,0.0,0.00220479562548781,0.0,0.0,0.0,0.0,0.0,0.0,0.0,0.0,0.0,0.0,0.003961109387652151,0.0
2025-02-19,0.0,0.0,0.0,0.0,-0.0006491453362719168,0.0,0.0,0.0,0.0,0.0,0.0,0.0,0.0,0.0,0.0,-0.0012195700145202215,0.0
2025-02-20,0.0,0.0,0.0,0.0,0.003323346181556941,0.0,0.0,0.0,0.0,0.0,0.0,0.0,0.0,0.0,0.0,0.006320499641016442,0.0
2025-02-21,0.0,0.0,0.0,0.0,-0.021353725837099047,0.0,0.0,0.0,0.0,0.0,0.0,0.0,0.0,0.0,0.0,-0.040539730840520316,0.0
2025-02-24,0.0,0.0,0.0,0.0,-0.016242292596745256,0.0,0.0,0.0,0.0,0.0,0.0,0.0,0.0,0.0,0.0,-0.030870938711165086,0.0
2025-02-25,0.0,0.0,0.0,0.0,-0.0147601537276848,0.0,0.0,0.0,0.0,0.0,0.0,0.0,0.0,0.0,0.0,-0.02801663082699324,0.0
2025-02-26,0.0,0.0,0.0,0.0,0.01909832924578647,0.0,0.0,0.0,0.0,0.0,0.0,0.0,0.0,0.0,0.0,0.036721145843673364,0.0
2025-02-27,0.0,0.0,0.0,0.0,-0.04381707429212489,0.0,0.0,0.0,0.0,0.0,0.0,0.0,0.0,0.0,0.0,-0.08478053304201005,0.0
2025-02-28,0.0,0.0,0.0,0.0,0.021645445090752613,0.0,0.0,0.0,0.0,0.0,0.0,0.0,0.0,0.0,0.0,0.03970026571566665,0.0
2025-03-03,0.0,0.0,0.0,0.0,-0.04616587500125402,0.0,0.0,0.0,0.0,0.0,0.0,0.0,0.0,0.0,0.0,-0.08693565937899761,0.0
2025-03-04,0.0,0.0,0.0,0.0,0.009838156675943122,0.0,0.0,0.0,0.0,0.0,0.0,0.0,0.0,0.0,0.0,0.01692097951345506,0.0
2025-03-05,0.0,0.0,0.0,0.0,0.006093514419392099,0.0,0.0,0.0,0.0,0.0,0.0,0.0,0.0,0.0,0.0,0.011294071573072939,0.0
2025-03-06,0.0,0.0,0.0,0.0,-0.030416649342589253,0.0,0.0,0.0,0.0,0.0,0.0,0.0,0.0,0.0,0.0,-0.05737427706833775,0.0
2025-03-07,0.0,0.0,0.0,0.0,0.010028635544882203,0.0,0.0,0.0,0.0,0.0,0.0,0.0,0.0,0.0,0.0,0.01917346936239972,0.0
2025-03-10,0.0,0.0,0.0,0.0,-0.026930033974232548,0.0,0.0,0.0,0.0,0.0,0.0,0.0,0.0,0.0,0.0,-0.05067004423166255,0.0
2025-03-11,0.0,0.0,0.0,0.0,0.008750940032128396,0.0,0.0,0.0,0.0,0.0,0.0,0.0,0.0,0.0,0.0,0.016638642153480987,0.0
2025-03-12,0.0,0.0,0.0,0.0,0.033852060069323064,0.0,0.0,0.0,0.0,0.0,0.0,0.0,0.0,0.0,0.0,0.06427590124907367,0.0
2025-03-13,0.0,0.0,0.0,0.0,-0.0006640953761747337,0.0,0.0,0.0,0.0,0.0,0.0,0.0,0.0,0.0,0.0,-0.0013824365221174473,0.0
2025-03-14,0.0,0.0,0.0,0.0,0.027491119354653648,0.0,0.0,0.0,0.0,0.0,0.0,0.0,0.0,0.0,0.0,0.052690747948613614,0.0
2025-03-17,0.0,0.0,0.0,0.0,-0.009162626287635423,0.0,0.0,0.0,0.0,0.0,0.0,0.0,0.0,0.0,0.0,-0.017588559495923417,0.0
2025-03-18,0.0,0.0,0.0,0.0,-0.018063559564764353,0.0,0.0,0.0,0.0,0.0,0.0,0.0,0.0,0.0,0.0,-0.03430097466409654,0.0
2025-03-19,0.0,0.0,0.0,0.0,0.009436421282717822,0.0,0.0,0.0,0.0,0.0,0.0,0.0,0.0,0.0,0.0,0.018106148739028605,0.0
2025-03-20,0.0,0.0,0.0,0.0,0.004554042218742449,0.0,0.0,0.0,0.0,0.0,0.0,0.0,0.0,0.0,0.0,0.008594247566485747,0.0
2025-03-21,0.0,0.0,0.0,0.0,-0.0037235677953718627,0.0,0.0,0.0,0.0,0.0,0.0,0.0,0.0,0.0,0.0,-0.0070024387239933095,0.0
2025-03-24,0.0,0.0,0.0,0.0,0.016560973011961355,0.0,0.0,0.0,0.0,0.0,0.0,0.0,0.0,0.0,0.0,0.031520910991958306,0.0
2025-03-25,0.0,0.0,0.0,0.0,-0.0031454083028686908,0.0,0.0,0.0,0.0,0.0,0.0,0.0,0.0,0.0,0.0,-0.005930343262850246,0.0
2025-03-26,0.0,0.0,0.0,0.0,-0.030417453868584743,0.0,0.0,0.0,0.0,0.0,0.0,0.0,0.0,0.0,0.0,-0.05741983754646507,0.0
2025-03-27,0.0,0.0,0.0,0.0,-0.010579711858875962,0.0,0.0,0.0,0.0,0.0,0.0,0.0,0.0,0.0,0.0,-0.020481728406026578,0.0
2025-03-28,0.0,0.0,0.0,0.0,-0.008315837606868937,0.0,0.0,0.0,0.0,0.0,0.0,0.0,0.0,0.0,0.0,-0.01579471236369623,0.0
2025-03-31,0.0,0.0,0.0,0.0,-0.005724409511606465,0.0,0.0,0.0,0.0,0.0,0.0,0.0,0.0,0.0,0.0,-0.011762557807137308,0.0
2025-04-01,0.0,0.0,0.0,0.0,0.008593410869336626,0.0,0.0,0.0,0.0,0.0,0.0,0.0,0.0,0.0,0.0,0.016331512868818843,0.0
2025-04-02,0.0,0.0,0.0,0.0,0.0013774118513159017,0.0,0.0,0.0,0.0,0.0,0.0,0.0,0.0,0.0,0.0,0.0024511264235309582,0.0
2025-04-03,0.0,0.0,0.0,0.0,-0.041824984035661816,0.0,0.0,0.0,0.0,0.0,0.0,0.0,0.0,0.0,0.0,-0.0780654698553378,0.0
2025-04-04,0.0,0.0,0.0,0.0,-0.03897614903124458,0.0,0.0,0.0,0.0,0.0,0.0,0.0,0.0,0.0,0.0,-0.07357570888187503,0.0
2025-04-07,0.0,0.0,0.0,0.0,0.02157073621548622,0.0,0.0,0.0,0.0,0.0,0.0,0.0,0.0,0.0,0.0,0.035309011911489385,0.0
2025-04-08,0.0,0.0,0.0,0.0,-0.004488987606442785,0.0,0.0,0.0,0.0,0.0,0.0,0.0,0.0,0.0,0.0,-0.013723798645924545,0.0
2025-04-09,0.0,0.0,0.0,0.0,0.09698343402971488,0.0,0.0,0.0,0.0,0.0,0.0,0.0,0.0,0.0,0.0,0.18722746024727277,0.0
2025-04-10,0.0,0.0,0.0,0.0,-0.03289807028117975,0.0,0.0,0.0,0.0,0.0,0.0,0.0,0.0,0.0,0.0,-0.05912715396118473,0.0
2025-04-11,0.0,0.0,0.0,0.0,0.016361409753955503,0.0,0.0,0.0,0.0,0.0,0.0,0.0,0.0,0.0,0.0,0.031235463613924708,0.0
2025-04-14,0.0,0.0,0.0,0.0,-0.0006945757459539958,0.0,0.0,0.0,0.0,0.0,0.0,0.0,0.0,0.0,0.0,-0.0019832295375101783,0.0
2025-04-15,0.0,0.0,0.0,0.0,0.007052598333997517,0.0,0.0,0.0,0.0,0.0,0.0,0.0,0.0,0.0,0.0,0.013458567331988469,0.0
2025-04-16,0.0,0.0,0.0,0.0,-0.036405307899194383,0.0,0.0,0.0,0.0,0.0,0.0,0.0,0.0,0.0,0.0,-0.06871651023515013,0.0
2025-04-17,0.0,0.0,0.0,0.0,-0.015122472644061968,0.0,0.0,0.0,0.0,0.0,0.0,0.0,0.0,0.0,0.0,-0.02871092738667569,0.0
2025-04-21,0.0,0.0,0.0,0.0,-0.023720544726338777,0.0,0.0,0.0,0.0,0.0,0.0,0.0,0.0,0.0,0.0,-0.04512749971558783,0.0
2025-04-22,0.0,0.0,0.0,0.0,0.010662385984511635,0.0,0.0,0.0,0.0,0.0,0.0,0.0,0.0,0.0,0.0,0.020431293445663634,0.0
2025-04-23,0.0,0.0,0.0,0.0,0.020582161225033202,0.0,0.0,0.0,0.0,0.0,0.0,0.0,0.0,0.0,0.0,0.0386286943160854,0.0
2025-04-24,0.0,0.0,0.0,0.0,0.01898278597736769,0.0,0.0,0.0,0.0,0.0,0.0,0.0,0.0,0.0,0.0,0.036218482880859604,0.0
2025-04-25,0.0,0.0,0.0,0.0,0.022639315185073894,0.0,0.0,0.0,0.0,0.0,0.0,0.0,0.0,0.0,0.0,0.04303310043246067,0.0
2025-04-28,0.0,0.0,0.0,0.0,-0.010964145035885275,0.0,0.0,0.0,0.0,0.0,0.0,0.0,0.0,0.0,0.0,-0.020538774098301293,0.0
2025-04-29,0.0,0.0,0.0,0.0,0.0014495785301142927,0.0,0.0,0.0,0.0,0.0,0.0,0.0,0.0,0.0,0.0,0.00266716245203491,0.0
2025-04-30,0.0,0.0,0.0,0.0,-0.0001836743648828687,0.0,0.0,0.0,0.0,0.0,0.0,0.0,0.0,0.0,0.0,-0.0009173250395855259,0.0
2025-05-01,0.0,0.0,0.0,0.0,0.013493489409011072,0.0,0.0,0.0,0.0,0.0,0.0,0.0,0.0,0.0,0.0,0.024697053835500915,0.0
2025-05-02,0.0,0.0,0.0,0.0,0.013540943590574228,0.0,0.0,0.0,0.0,0.0,0.0,0.0,0.0,0.0,0.0,0.02589381736650509,0.0
2025-05-05,0.0,0.0,0.0,0.0,-0.0031134644451278337,0.0,0.0,0.0,0.0,0.0,0.0,0.0,0.0,0.0,0.0,-0.005938866887284955,0.0
2025-05-06,0.0,0.0,0.0,0.0,-0.0012470403420284937,0.0,0.0,0.0,0.0,0.0,0.0,0.0,0.0,0.0,0.0,-0.0024599900463294633,0.0
2025-05-07,0.0,0.0,0.0,0.0,0.016338885141338855,0.0,0.0,0.0,0.0,0.0,0.0,0.0,0.0,0.0,0.0,0.03100223747026698,0.0
2025-05-08,0.0,0.0,0.0,0.0,0.0014845106788274887,0.0,0.0,0.0,0.0,0.0,0.0,0.0,0.0,0.0,0.0,0.002648230985873745,0.0
2025-05-09,0.0,0.0,0.0,0.0,-0.0032332590158425933,0.0,0.0,0.0,0.0,0.0,0.0,0.0,0.0,0.0,0.0,-0.006134471915594242,0.0
2025-05-12,0.0,0.0,0.0,0.0,0.028487579580224853,0.0,0.0,0.0,0.0,0.0,0.0,0.0,0.0,0.0,0.0,0.05443640488875179,0.0
2025-05-13,0.0,0.0,0.0,0.0,0.02953604421432532,0.0,0.0,0.0,0.0,0.0,0.0,0.0,0.0,0.0,0.0,0.0563413373781545,0.0
2025-05-14,0.0,0.0,0.0,0.0,0.022047242602709405,0.0,0.0,0.0,0.0,0.0,0.0,0.0,0.0,0.0,0.0,0.041637779766350524,0.0
2025-05-15,0.0,0.0,0.0,0.0,-0.003680376466840385,0.0,0.0,0.0,0.0,0.0005475925084095223,0.0,0.0,0.0,0.0,0.0009096486457598196,-0.003768232765931412,0.0
2025-05-16,0.0,0.0,0.0,0.0,0.0009570248404493498,0.0,0.0,0.0,0.0,0.0009324335805829254,0.0,0.0,0.0,0.0,0.001545014570105696,0.004227577634351665,0.0
2025-05-19,0.0,0.0,0.0,0.0,0.0003885155522724837,0.0,0.0,0.0,0.0,0.00037927098857304387,0.0,0.0,0.0,0.0,0.0005977737634863534,0.0012554832990738785,0.0
2025-05-20,0.0,0.0,0.0,0.0,-0.001999308385284726,0.0,0.0,0.0,0.0,-0.0019480272249172703,0.0,0.0,0.0,0.0,-0.00322403806113436,-0.00877770099864661,0.0
2025-05-21,0.0,0.0,0.0,0.0,-0.0043014438587131165,0.0,0.0,0.0,0.0,-0.004190596563103721,0.0,0.0,0.0,0.0,-0.006956941674716499,-0.019199280198776814,0.0
2025-05-22,0.0,0.0,0.0,0.0,0.001733302514309365,0.0,0.0,0.0,0.0,0.0016885100670471775,0.0,0.0,0.0,0.0,0.0028083647074799156,0.007814850369574522,0.0
2025-05-23,0.0,0.0,0.0,0.0,-0.0025701692566435508,0.0,0.0,0.0,0.0,-0.002503739518238679,0.0,0.0,0.0,0.0,-0.0041647076817027395,-0.01159380523896325,0.0
2025-05-27,0.0,0.0,0.0,0.0,0.007142591377366836,0.0,0.0,0.0,0.0,0.006958229092129287,0.0,0.0,0.0,0.0,0.011563990600264917,0.03206635423474524,0.0
2025-05-28,0.0,0.0,0.0,0.0,-0.0011263986033087647,0.0,0.0,0.0,0.0,-0.001097267343235786,0.0,0.0,0.0,0.0,-0.0018259294120615,-0.005092117794083806,0.0
2025-05-29,0.0,0.0,0.0,0.0,0.007354272510942117,0.0,0.0,0.0,0.0,0.007165286725876019,0.0,0.0,0.0,0.0,0.011873178481775604,0.03249016424752771,0.0
2025-05-30,0.0,0.0,0.0,0.0,-0.00651419921452745,0.0,0.0,0.0,0.0,-0.00634617975195928,0.0,0.0,0.0,0.0,-0.010541712091696187,-0.029168709381678704,0.0
2025-06-02,0.0,0.0,0.0,0.0,0.003688810785878349,0.0,0.0,0.0,0.0,0.0035934558267691763,0.0,0.0,0.0,0.0,0.005977882786533106,0.016650601990513936,0.0
2025-06-03,0.0,0.0,0.0,0.0,0.006221028364073566,0.0,0.0,0.0,0.0,0.0060604165656190645,0.0,0.0,0.0,0.0,0.010073418173387028,0.027951559872750664,0.0
2025-06-04,0.0,0.0,0.0,0.0,0.001122213623067747,0.0,0.0,0.0,0.0,0.0010933797919789878,0.0,0.0,0.0,0.0,0.0018116230870353078,0.00495687095373043,0.0
2025-06-05,0.0,0.0,0.0,0.0,-0.00302880586527865,0.0,0.0,0.0,0.0,-0.002950624998658502,0.0,0.0,0.0,0.0,-0.0049037857521783135,-0.013599137425771679,0.0
2025-06-06,0.0,0.0,0.0,0.0,0.002724775342330732,0.0,0.0,0.0,0.0,0.002654245707386149,0.0,0.0,0.0,0.0,0.00441939431655114,0.012357853449719514,0.0
2025-06-09,0.0,0.0,0.0,0.0,0.0014278848421422907,0.0,0.0,0.0,0.0,0.0013910114218089742,0.0,0.0,0.0,0.0,0.0023124630691517822,0.006421251547966023,0.0
2025-06-10,0.0,0.0,0.0,0.0,0.002077764855153319,0.0,0.0,0.0,0.0,0.002024139541353387,0.0,0.0,0.0,0.0,0.0033637304128701917,0.009324789052088667,0.0
2025-06-11,0.0,0.0,0.0,0.0,-0.0017219023972046,0.0,0.0,0.0,0.0,-0.001677376015039811,0.0,0.0,0.0,0.0,-0.0027910235132435623,-0.007780571947151982,0.0
2025-06-12,0.0,0.0,0.0,0.0,0.003418749026218748,0.0,0.0,0.0,0.0,0.0033307537892843797,0.0,0.0,0.0,0.0,0.005525111109564884,0.015192942029507384,0.0
2025-06-13,0.0,0.0,0.0,0.0,-0.004735985662206343,0.0,0.0,0.0,0.0,-0.00461433886609941,0.0,0.0,0.0,0.0,-0.007643936130518392,-0.02089664809731795,0.0
2025-06-16,0.0,0.0,0.0,0.0,0.004249457872596896,0.0,0.0,0.0,0.0,0.004139641949261419,0.0,0.0,0.0,0.0,0.006885146578926804,0.019159054367494432,0.0
2025-06-17,0.0,0.0,0.0,0.0,-0.0008835003304685785,0.0,0.0,0.0,0.0,-0.0008607392642466793,0.0,0.0,0.0,0.0,-0.0014286702847704502,-0.003939529332248282,0.0
2025-06-18,0.0,0.0,0.0,0.0,0.0021053617409518832,0.0,0.0,0.0,0.0,0.002051043556817733,0.0,0.0,0.0,0.0,0.003407635024135436,0.009436565638210936,0.0
2025-06-20,0.0,0.0,0.0,0.0,-0.0025020965677173823,0.0,0.0,0.0,0.0,-0.0024375600069482806,0.0,0.0,0.0,0.0,-0.004049081343847405,-0.011204192941437263,0.0
2025-06-23,0.0,0.0,0.0,0.0,0.0005278556530445844,0.0,0.0,0.0,0.0,0.0005144628599835777,0.0,0.0,0.0,0.0,0.0008453517694546608,0.002224535733727162,0.0
2025-06-24,0.0,0.0,0.0,0.0,0.005757124250145074,0.0,0.0,0.0,0.0,0.00560848151323845,0.0,0.0,0.0,0.0,0.009322551345632979,0.025872058712224533,0.0
2025-06-25,0.0,0.0,0.0,0.0,0.009630788353788278,0.0,0.0,0.0,0.0,0.00938203338070176,0.0,0.0,0.0,0.0,0.01559911296366856,0.043340313576431866,0.0
2025-06-26,0.0,0.0,0.0,0.0,0.0010888381594118535,0.0,0.0,0.0,0.0,0.0010612071900368836,0.0,0.0,0.0,0.0,0.0017440617486437215,0.004601045575293838,0.0
2025-06-27,0.0,0.0,0.0,0.0,0.003907905741272755,0.0,0.0,0.0,0.0,0.0038069299447567317,0.0,0.0,0.0,0.0,0.006331208306463054,0.017610774562986764,0.0
2025-06-30,0.0,0.0,0.0,0.0,0.0003450282043615527,0.0,0.0,0.0,0.0,0.0003361671811950018,0.0,0.0,0.0,0.0,0.0005568274655254335,0.0015213919255940844,0.0
2025-07-01,0.0,0.0,0.0,0.0,-0.0066547422724364536,0.0,0.0,0.0,0.0,-0.00648327896308698,0.0,0.0,0.0,0.0,-0.010761931478573072,-0.0296854432434569,0.0
2025-07-02,0.0,0.0,0.0,0.0,0.005757926629832211,0.0,0.0,0.0,0.0,0.005609438942725475,0.0,0.0,0.0,0.0,0.009316847554521335,0.025766351418616384,0.0
2025-07-03,0.0,0.0,0.0,0.0,0.0029817556119831057,0.0,0.0,0.0,0.0,0.002904948248603878,0.0,0.0,0.0,0.0,0.0048212970856038595,0.013290989179453039,0.0
2025-07-07,0.0,0.0,0.0,0.0,-0.0015471447499807445,0.0,0.0,0.0,0.0,-0.0015072788586705244,0.0,0.0,0.0,0.0,-0.0025021290019701103,-0.006903417381723842,0.0
2025-07-08,0.0,0.0,0.0,0.0,0.0024739191405032113,0.0,0.0,0.0,0.0,0.0024100377826581365,0.0,0.0,0.0,0.0,0.004006331962287613,0.011122326495506485,0.0
2025-07-09,0.0,0.0,0.0,0.0,0.004003213904699265,0.0,0.0,0.0,0.0,0.0038998395469729275,0.0,0.0,0.0,0.0,0.00648305841225838,0.017999969095818136,0.0
2025-07-10,0.0,0.0,0.0,0.0,0.0016832602712226752,0.0,0.0,0.0,0.0,0.0016399205802970496,0.0,0.0,0.0,0.0,0.002720929751189205,0.007490211033165828,0.0
2025-07-11,0.0,0.0,0.0,0.0,0.0011169342209134125,0.0,0.0,0.0,0.0,0.0010881324840843476,0.0,0.0,0.0,0.0,0.0018072137545901423,0.0049968979800461,0.0
2025-07-14,0.0,0.0,0.0,0.0,-0.0011448792963197896,0.0,0.0,0.0,0.0,-0.001115305253143406,0.0,0.0,0.0,0.0,-0.001854488197376547,-0.005153982348054642,0.0
2025-07-15,0.0,0.0,0.0,0.0,0.008965296164920034,0.0,0.0,0.0,0.0,0.00873363093297419,0.0,0.0,0.0,0.0,0.014525191851964436,0.040409535932759866,0.0
2025-07-16,0.0,0.0,0.0,0.0,0.0008734512044250575,0.0,0.0,0.0,0.0,0.0008509000180221271,0.0,0.0,0.0,0.0,0.001414370977435242,0.0039250305047697776,0.0
2025-07-17,0.0,0.0,0.0,0.0,0.0021172567259744035,0.0,0.0,0.0,0.0,0.0020625967077743113,0.0,0.0,0.0,0.0,0.0034282796837799,0.009511589505708518,0.0
2025-07-18,0.0,0.0,0.0,0.0,-0.0007548296019198597,0.0,0.0,0.0,0.0,-0.0007353113798186373,0.0,0.0,0.0,0.0,-0.0012234690175509932,-0.0034103327462871036,0.0
2025-07-21,0.0,0.0,0.0,0.0,-0.001333391797940675,0.0,0.0,0.0,0.0,-0.0012989941440270103,0.0,0.0,0.0,0.0,-0.002158012692250577,-0.0059741431161832725,0.0
2025-07-22,0.0,0.0,0.0,0.0,-0.005663527963619686,0.0,0.0,0.0,0.0,-0.005517413737091581,0.0,0.0,0.0,0.0,-0.009166533703511615,-0.02538216980801078,0.0
2025-07-23,0.0,0.0,0.0,0.0,0.004919394287119516,0.0,0.0,0.0,0.0,0.004791840826932292,0.0,0.0,0.0,0.0,0.007987614802075216,0.022450948681822958,0.0
2025-07-24,0.0,0.0,0.0,0.0,0.003860698571926502,0.0,0.0,0.0,0.0,0.003761047681157814,0.0,0.0,0.0,0.0,0.006250535054674211,0.017332301017892293,0.0
2025-07-25,0.0,0.0,0.0,0.0,-0.0003108916310109455,0.0,0.0,0.0,0.0,-0.0003028902155746138,0.0,0.0,0.0,0.0,-0.0005024151980453917,-0.0013813721014661606,0.0
2025-07-28,0.0,0.0,0.0,0.0,0.004168491811213038,0.0,0.0,0.0,0.0,0.004060867662760925,0.0,0.0,0.0,0.0,0.006749997818948916,0.01873193435220344,0.0
2025-07-29,0.0,0.0,0.0,0.0,-0.0015356319728951906,0.0,0.0,0.0,0.0,-0.0014957972322818813,0.0,0.0,0.0,0.0,-0.0024940692298979217,-0.007015547037994896,0.0
2025-07-30,0.0,0.0,0.0,0.0,0.004746568735886081,0.0,0.0,0.0,0.0,0.004623871250434286,0.0,0.0,0.0,0.0,0.007691996859484851,0.021423331819171443,0.0
2025-07-31,0.0,0.0,0.0,0.0,-0.0016001642708406427,0.0,0.0,0.0,0.0,-0.0015578435043912542,0.0,0.0,0.0,0.0,-0.002631163003669279,-0.007809521101566741,0.0
2025-08-01,0.0,0.0,0.0,0.0,-0.00512197044349183,0.0,0.0,0.0,0.0,-0.0049892348319080515,0.0,0.0,0.0,0.0,-0.008313732367582594,-0.02333162962246693,0.0
2025-08-04,0.0,0.0,0.0,0.0,0.008017815986052002,0.0,0.0,0.0,0.0,0.007810614789422798,0.0,0.0,0.0,0.0,0.012990876829803266,0.03615015415062883,0.0
2025-08-05,0.0,0.0,0.0,0.0,-0.002175228543694896,0.0,0.0,0.0,0.0,-0.0021192446001212506,0.0,0.0,0.0,0.0,-0.003515291994323655,-0.009666692667442134,0.0
2025-08-06,0.0,0.0,0.0,0.0,0.0014936382384285185,0.0,0.0,0.0,0.0,0.001455402598358857,0.0,0.0,0.0,0.0,0.0024055629680026502,0.00650733795265368,0.0
2025-08-07,0.0,0.0,0.0,0.0,0.0017157442962039138,0.0,0.0,0.0,0.0,0.0016717487300184075,0.0,0.0,0.0,0.0,0.002766268925698645,0.00752433863266444,0.0
2025-08-08,0.0,0.0,0.0,0.0,0.0023730024644430525,0.0,0.0,0.0,0.0,0.002311714429336753,0.0,0.0,0.0,0.0,0.003843405447902404,0.010676510503399239,0.0
2025-08-11,0.0,0.0,0.0,0.0,-0.0007858375977064513,0.0,0.0,0.0,0.0,-0.0007655940214855717,0.0,0.0,0.0,0.0,-0.0012706850659761626,-0.0035030879331288123,0.0
2025-08-12,0.0,0.0,0.0,0.0,0.0013452933273327972,0.0,0.0,0.0,0.0,0.001310565257686136,0.0,0.0,0.0,0.0,0.0021782063441175836,0.0060419962243181136,0.0
2025-08-13,0.0,0.0,0.0,0.0,-0.001915578134663698,0.0,0.0,0.0,0.0,-0.0018661792516310172,0.0,0.0,0.0,0.0,-0.003099548533601615,-0.008571705439759048,0.0
2025-08-14,0.0,0.0,0.0,0.0,0.0005561059396932411,0.0,0.0,0.0,0.0,0.0005419583785055693,0.0,0.0,0.0,0.0,0.0008921161074568751,0.0023679047425746447,0.0
2025-08-15,0.0,0.0,0.0,0.0,-0.0076008915290664,0.0,0.0,0.0,0.0,-0.004103611830002407,0.0,0.0,0.0,0.0,-0.007956371298465936,-0.008625390714084302,0.0
2025-08-18,0.0,0.0,0.0,0.0,0.00717460627346167,0.0,0.0,0.0,0.0,0.003933193779608768,0.0,0.0,0.0,0.0,0.007597370047369045,0.008644955017782952,0.0
2025-08-19,0.0,0.0,0.0,0.0,-0.029046571171804425,0.0,0.0,0.0,0.0,-0.015924844341629996,0.0,0.0,0.0,0.0,-0.030757814793363147,-0.03499800104375028,0.0
2025-08-20,0.0,0.0,0.0,0.0,-0.0011282407442861908,0.0,0.0,0.0,0.0,-0.0006116574440928613,0.0,0.0,0.0,0.0,-0.0011964756952821398,-0.0013664290809752844,0.0
2025-08-21,0.0,0.0,0.0,0.0,-0.0019888597222917914,0.0,0.0,0.0,0.0,-0.0010922052063154775,0.0,0.0,0.0,0.0,-0.002105576724461433,-0.0023945663416948815,0.0
2025-08-22,0.0,0.0,0.0,0.0,0.014338254161723407,0.0,0.0,0.0,0.0,0.007935475466814612,0.0,0.0,0.0,0.0,0.015164267535921594,0.01720209081387325,0.0
2025-08-25,0.0,0.0,0.0,0.0,0.00848955103626281,0.0,0.0,0.0,0.0,0.0046582397377219475,0.0,0.0,0.0,0.0,0.008988748598466545,0.010225232930471728,0.0
2025-08-26,0.0,0.0,0.0,0.0,0.009048362601984605,0.0,0.0,0.0,0.0,0.004962731517282881,0.0,0.0,0.0,0.0,0.009580947747897417,0.010900376589173089,0.0
2025-08-27,0.0,0.0,0.0,0.0,-0.0007768172998129375,0.0,0.0,0.0,0.0,-0.0004267404209425951,0.0,0.0,0.0,0.0,-0.0008223699251262984,-0.0009351413404258269,0.0
2025-08-28,0.0,0.0,0.0,0.0,-0.0065405359076393665,0.0,0.0,0.0,0.0,-0.00359200717280872,0.0,0.0,0.0,0.0,-0.0069243201700032175,-0.007874540490031223,0.0
2025-08-29,0.0,0.0,0.0,0.0,-0.027637670309115903,0.0,0.0,0.0,0.0,-0.015206717395201408,0.0,0.0,0.0,0.0,-0.02925225758309591,-0.03324642868305794,0.0
2025-09-02,0.0,0.0,0.0,0.0,-0.01612560226473969,0.0,0.0,0.0,0.0,-0.008751161387899109,0.0,0.0,0.0,0.0,-0.017098409513068735,-0.019520005102879878,0.0
2025-09-03,0.0,0.0,0.0,0.0,-0.0007774835904238442,0.0,0.0,0.0,0.0,-0.0004262546414097734,0.0,0.0,0.0,0.0,-0.0008232887517002352,-0.0009367869432115317,0.0
2025-09-04,0.0,0.0,0.0,0.0,0.005060814272912939,0.0,0.0,0.0,0.0,0.0027769529022458883,0.0,0.0,0.0,0.0,0.005358376110356167,0.006095406083867605,0.0
2025-09-05,0.0,0.0,0.0,0.0,-0.02248314496412307,0.0,0.0,0.0,0.0,-0.01238663124348216,0.0,0.0,0.0,0.0,-0.023792619373874224,-0.027030129068697395,0.0
2025-09-08,0.0,0.0,0.0,0.0,0.0064075197741997325,0.0,0.0,0.0,0.0,0.0035098188164917055,0.0,0.0,0.0,0.0,0.006785799605306453,0.007723497933343371,0.0
2025-09-09,0.0,0.0,0.0,0.0,0.012080861454661918,0.0,0.0,0.0,0.0,0.006623075440371773,0.0,0.0,0.0,0.0,0.01279266260282963,0.014556426417988044,0.0
2025-09-10,0.0,0.0,0.0,0.0,0.03196547547567685,0.0,0.0,0.0,0.0,0.01756537294018834,0.0,0.0,0.0,0.0,0.0338386044736223,0.03847514721289991,0.0
2025-09-11,0.0,0.0,0.0,0.0,-0.0006725437034768023,0.0,0.0,0.0,0.0,-0.0003329061893090346,0.0,0.0,0.0,0.0,-0.0007211592423054247,-0.0008459006393353175,0.0
2025-09-12,0.0,0.0,0.0,0.0,0.003037018764449506,0.0,0.0,0.0,0.0,0.0016556312495190628,0.0,0.0,0.0,0.0,0.0032183253949631396,0.003668730192814884,0.0
2025-09-15,0.0,0.0,0.0,0.0,-0.00030961326075595874,0.0,0.0,0.0,0.0,-0.0001490844570556371,0.0,0.0,0.0,0.0,-0.0003330430418490016,-0.0003935692872465424,0.0
2025-09-16,0.0,0.0,0.0,0.0,-0.013421963454106955,0.0,0.0,0.0,0.0,-0.007384638418945988,0.0,0.0,0.0,0.0,-0.014206189705779804,-0.016146299893558758,0.0
2025-09-17,0.0,0.0,0.0,0.0,-0.021800913527390886,0.0,0.0,0.0,0.0,-0.01197364623285957,0.0,0.0,0.0,0.0,-0.023079946642470928,-0.02624663624929069,0.0
2025-09-18,0.0,0.0,0.0,0.0,0.02892744116766721,0.0,0.0,0.0,0.0,0.015773812900659934,0.0,0.0,0.0,0.0,0.030653364791692006,0.034940451119733984,0.0
2025-09-19,0.0,0.0,0.0,0.0,0.002020637765432376,0.0,0.0,0.0,0.0,0.0011026725424991835,0.0,0.0,0.0,0.0,0.0021409682697006716,0.0024397346321007873,0.0
2025-09-22,0.0,0.0,0.0,0.0,0.032661813675262996,0.0,0.0,0.0,0.0,0.017979128589031168,0.0,0.0,0.0,0.0,0.03456792911946649,0.039282375453410845,0.0
2025-09-23,0.0,0.0,0.0,0.0,-0.023513200912519405,0.0,0.0,0.0,0.0,-0.013013537903176498,0.0,0.0,0.0,0.0,-0.024868247703260016,-0.028212036426307097,0.0
2025-09-24,0.0,0.0,0.0,0.0,-0.006800691135478321,0.0,0.0,0.0,0.0,-0.003740134867484146,0.0,0.0,0.0,0.0,-0.007198408879136364,-0.008182476268150385,0.0
2025-09-25,0.0,0.0,0.0,0.0,0.0034400224211545982,0.0,0.0,0.0,0.0,0.0019621513643584,0.0,0.0,0.0,0.0,0.003623435868572722,0.00406859508864299,0.0
2025-09-26,0.0,0.0,0.0,0.0,0.0023388069624479257,0.0,0.0,0.0,0.0,0.0012864728431398742,0.0,0.0,0.0,0.0,0.0024755419448161398,0.00281385463560313,0.0
2025-09-29,0.0,0.0,0.0,0.0,0.01703798057505801,0.0,0.0,0.0,0.0,0.009330082767236236,0.0,0.0,0.0,0.0,0.018044528576292684,0.02053992188464826,0.0
2025-09-30,0.0,0.0,0.0,0.0,0.02159160024306961,0.0,0.0,0.0,0.0,0.011842909385565648,0.0,0.0,0.0,0.0,0.022862322520187384,0.026010341701790507,0.0
2025-10-01,0.0,0.0,0.0,0.0,0.0029197248518877394,0.0,0.0,0.0,0.0,0.001580895832637541,0.0,0.0,0.0,0.0,0.0030966769397509086,0.0035374376225016935,0.0
2025-10-02,0.0,0.0,0.0,0.0,0.007337477028629857,0.0,0.0,0.0,0.0,0.004051798354876679,0.0,0.0,0.0,0.0,0.00776249176942212,0.00881217616136909,0.0
2025-10-03,0.0,0.0,0.0,0.0,-0.005581947720578739,0.0,0.0,0.0,0.0,-0.003062540067632513,0.0,0.0,0.0,0.0,-0.005910243451246244,-0.006723442800848245,0.0
2025-10-06,0.0,0.0,0.0,0.0,-0.009195540648193723,0.0,0.0,0.0,0.0,-0.005034808351728204,0.0,0.0,0.0,0.0,-0.009738972087712128,-0.011086325894107851,0.0
2025-10-07,0.0,0.0,0.0,0.0,-0.002234879402117973,0.0,0.0,0.0,0.0,-0.001223254804315177,0.0,0.0,0.0,0.0,-0.0023670536422116806,-0.002694803694029413,0.0
2025-10-08,0.0,0.0,0.0,0.0,0.018238946292878477,0.0,0.0,0.0,0.0,0.009980286674577288,0.0,0.0,0.0,0.0,0.01931833335972044,0.021995224919487466,0.0
2025-10-09,0.0,0.0,0.0,0.0,0.015212363658587469,0.0,0.0,0.0,0.0,0.008373624362314036,0.0,0.0,0.0,0.0,0.016100223882933973,0.01829625717954375,0.0
2025-10-10,0.0,0.0,0.0,0.0,-0.040536588697744236,0.0,0.0,0.0,0.0,-0.022201052811759325,0.0,0.0,0.0,0.0,-0.0429305933862677,-0.04886534322137259,0.0
2025-10-13,0.0,0.0,0.0,0.0,0.023170836725508348,0.0,0.0,0.0,0.0,0.01245617954659628,0.0,0.0,0.0,0.0,0.024599623098849,0.02817212030804872,0.0
2025-10-14,0.0,0.0,0.0,0.0,-0.03662731148135712,0.0,0.0,0.0,0.0,-0.020192910769996186,0.0,0.0,0.0,0.0,-0.038757071670995846,-0.044020911827305165,0.0
2025-10-15,0.0,0.0,0.0,0.0,-0.000917657955079143,0.0,0.0,0.0,0.0,-0.0004979760913724762,0.0,0.0,0.0,0.0,-0.0009730263952238971,-0.0011108615216387507,0.0
2025-10-16,0.0,0.0,0.0,0.0,0.009091707630139334,0.0,0.0,0.0,0.0,0.004929248933196018,0.0,0.0,0.0,0.0,0.009641409119268252,0.011010395836064779,0.0
2025-10-17,0.0,0.0,0.0,0.0,0.006461198402724522,0.0,0.0,0.0,0.0,0.003572206964824076,0.0,0.0,0.0,0.0,0.006834350456710991,0.007755381326113531,0.0
2025-10-20,0.0,0.0,0.0,0.0,-0.00263317482732095,0.0,0.0,0.0,0.0,-0.0014508179135521715,0.0,0.0,0.0,0.0,-0.002786512961631793,-0.0031656175965258937,0.0
2025-10-21,0.0,0.0,0.0,0.0,-0.0067279711203585,0.0,0.0,0.0,0.0,-0.0036917290363058797,0.0,0.0,0.0,0.0,-0.007123562346135537,-0.008103403516373953,0.0
2025-10-22,0.0,0.0,0.0,0.0,-0.004035104241037368,0.0,0.0,0.0,0.0,-0.0022165915508193246,0.0,0.0,0.0,0.0,-0.004271737206307691,-0.004857555235790123,0.0
2025-10-23,0.0,0.0,0.0,0.0,0.008656175754802709,0.0,0.0,0.0,0.0,0.004747345346850507,0.0,0.0,0.0,0.0,0.009165750279657381,0.0104282097489381,0.0
2025-10-24,0.0,0.0,0.0,0.0,0.01867963147111351,0.0,0.0,0.0,0.0,0.010240494691926783,0.0,0.0,0.0,0.0,0.019780282161999452,0.0225075935807193,0.0
2025-10-27,0.0,0.0,0.0,0.0,0.023321938661781783,0.0,0.0,0.0,0.0,0.012807841340441106,0.0,0.0,0.0,0.0,0.024690532410500232,0.028079142713459238,0.0
2025-10-28,0.0,0.0,0.0,0.0,0.04132408489128836,0.0,0.0,0.0,0.0,0.022626982274989382,0.0,0.0,0.0,0.0,0.04376592151607839,0.04981984937812567,0.0
2025-10-29,0.0,0.0,0.0,0.0,0.02502304652591425,0.0,0.0,0.0,0.0,0.01397985938236923,0.0,0.0,0.0,0.0,0.026432716387100763,0.029896025705414164,0.0
2025-10-30,0.0,0.0,0.0,0.0,-0.016654288604321943,0.0,0.0,0.0,0.0,-0.00915304112566151,0.0,0.0,0.0,0.0,-0.017629852504997934,-0.020044469393717845,0.0
2025-10-31,0.0,0.0,0.0,0.0,-0.0016178847975253374,0.0,0.0,0.0,0.0,-0.0008649368657687173,0.0,0.0,0.0,0.0,-0.0017187785577573722,-0.0019714724306381104,0.0
2025-11-03,0.0,0.0,0.0,0.0,0.01794636397901761,0.0,0.0,0.0,0.0,0.009782888820725644,0.0,0.0,0.0,0.0,0.019017925731448004,0.0216800483053341,0.0
2025-11-04,0.0,0.0,0.0,0.0,-0.03291644940771743,0.0,0.0,0.0,0.0,-0.018119480897531903,0.0,0.0,0.0,0.0,-0.034837325962411514,-0.039588173995557474,0.0
2025-11-05,0.0,0.0,0.0,0.0,-0.014547103036241071,0.0,0.0,0.0,0.0,-0.007988628705719925,0.0,0.0,0.0,0.0,-0.015400822928467561,-0.017514626436203273,0.0
2025-11-06,0.0,0.0,0.0,0.0,-0.03030745413592817,0.0,0.0,0.0,0.0,-0.01660881365188782,0.0,0.0,0.0,0.0,-0.03209488101058655,-0.03652481390732365,0.0
2025-11-07,0.0,0.0,0.0,0.0,0.000444254648075626,0.0,0.0,0.0,0.0,0.0004039128369881517,0.0,0.0,0.0,0.0,0.00042939940335506854,0.0003721807128440613,0.0
2025-11-10,0.0,0.0,0.0,0.0,0.04807655452721371,0.0,0.0,0.0,0.0,0.026352527585954633,0.0,0.0,0.0,0.0,0.05091030072366154,0.057932501138553194,0.0
2025-11-11,0.0,0.0,0.0,0.0,-0.02465173141775956,0.0,0.0,0.0,0.0,-0.013629247842750436,0.0,0.0,0.0,0.0,-0.02607564997223011,-0.02959058026486583,0.0
2025-11-12,0.0,0.0,0.0,0.0,0.0027496703724680938,0.0,0.0,0.0,0.0,0.0015072161931861672,0.0,0.0,0.0,0.0,0.002911739883680209,0.003313360000960719,0.0
2025-11-13,0.0,0.0,0.0,0.0,-0.028829982946713906,0.0,0.0,0.0,0.0,-0.024018955512952522,0.0,0.0,0.0,0.0,-0.02958773390642855,-0.03581019794270368,0.0
2025-11-14,0.0,0.0,0.0,0.0,0.014115619081194186,0.0,0.0,0.0,0.0,0.014115619081194186,0.0,0.0,0.0,0.0,0.014115619081194186,0.017713769013105507,0.0
2025-11-17,0.0,0.0,0.0,0.0,-0.014866570500622789,0.0,0.0,0.0,0.0,-0.014866570500622789,0.0,0.0,0.0,0.0,-0.0148665705006229,-0.018772611440638687,0.0
2025-11-18,0.0,0.0,0.0,0.0,-0.022079575568274112,0.0,0.0,0.0,0.0,-0.022079575568274223,0.0,0.0,0.0,0.0,-0.022079575568274,-0.028081462747415298,0.0
2025-11-19,0.0,0.0,0.0,0.0,0.022257064028564866,0.0,0.0,0.0,0.0,0.022257064028565088,0.0,0.0,0.0,0.0,0.022257064028565088,0.0284517292724924,0.0
2025-11-20,0.0,0.0,0.0,0.0,-0.024008327383417516,0.0,0.0,0.0,0.0,-0.024008327383417627,0.0,0.0,0.0,0.0,-0.024008327383417627,-0.031524819976513574,0.0
2025-11-21,0.0,0.0,0.0,0.0,-0.007703904370917836,0.0,0.0,0.0,0.0,-0.007703904370917836,0.0,0.0,0.0,0.0,-0.007703904370917725,-0.009743076928405703,0.0
2025-11-24,0.0,0.0,0.0,0.0,0.0160783808615943,0.0,0.0,0.0,0.0,0.016078380861594077,0.0,0.0,0.0,0.0,0.0160783808615943,0.020516571142315865,0.0
2025-11-25,0.0,0.0,0.0,0.0,-0.02034029121093628,0.0,0.0,0.0,0.0,-0.020340291210936168,0.0,0.0,0.0,0.0,-0.02034029121093628,-0.02591077088622873,0.0
2025-11-26,0.0,0.0,0.0,0.0,0.010843633856050916,0.0,0.0,0.0,0.0,0.010843633856050916,0.0,0.0,0.0,0.0,0.010843633856050694,0.013721716820289886,0.0
2025-11-28,0.0,0.0,0.0,0.0,-0.01419843271440524,0.0,0.0,0.0,0.0,-0.014198432714405351,0.0,0.0,0.0,0.0,-0.01419843271440524,-0.01808499704797295,0.0
2025-12-01,0.0,0.0,0.0,0.0,0.013026338835638196,0.0,0.0,0.0,0.0,0.013026338835638196,0.0,0.0,0.0,0.0,0.013026338835638196,0.016497252512760685,0.0
2025-12-02,0.0,0.0,0.0,0.0,0.006758836246735678,0.0,0.0,0.0,0.0,0.006758836246735678,0.0,0.0,0.0,0.0,0.006758836246735456,0.008559328912786102,0.0
2025-12-03,0.0,0.0,0.0,0.0,-0.008089367439079065,0.0,0.0,0.0,0.0,-0.008089367439079287,0.0,0.0,0.0,0.0,-0.008089367439079065,-0.010305312728931093,0.0
2025-12-04,0.0,0.0,0.0,0.0,0.016568282745784035,0.0,0.0,0.0,0.0,0.016568282745784257,0.0,0.0,0.0,0.0,0.016568282745784035,0.021160543078458494,0.0
2025-12-05,0.0,0.0,0.0,0.0,-0.004145359817443017,0.0,0.0,0.0,0.0,-0.004145359817443239,0.0,0.0,0.0,0.0,-0.004145359817443017,-0.005289605638251871,0.0
2025-12-08,0.0,0.0,0.0,0.0,0.013500103034264077,0.0,0.0,0.0,0.0,0.013500103034264077,0.0,0.0,0.0,0.0,0.013500103034264077,0.01721397633801902,0.0
2025-12-09,0.0,0.0,0.0,0.0,-0.0024565378882448474,0.0,0.0,0.0,0.0,-0.0024565378882447364,0.0,0.0,0.0,0.0,-0.0024565378882448474,-0.0031258565800189597,0.0
2025-12-10,0.0,0.0,0.0,0.0,-0.005048873529228337,0.0,0.0,0.0,0.0,-0.005048873529228337,0.0,0.0,0.0,0.0,-0.005048873529228337,-0.006433507035163433,0.0
2025-12-11,0.0,0.0,0.0,0.0,-0.012142175539847644,0.0,0.0,0.0,0.0,-0.012142175539847644,0.0,0.0,0.0,0.0,-0.012142175539847533,-0.015507714749317336,0.0
2025-12-12,0.0,0.0,0.0,0.0,-0.025625191906302747,0.0,0.0,0.0,0.0,-0.025625191906302747,0.0,0.0,0.0,0.0,-0.025625191906302858,-0.0326645011557094,0.0
2025-12-15,0.0,0.0,0.0,0.0,0.0056186407216820555,0.0,0.0,0.0,0.0,0.0056186407216820555,0.0,0.0,0.0,0.0,0.0056186407216820555,0.007256294743706926,0.0
2025-12-16,0.0,0.0,0.0,0.0,0.006362943608443139,0.0,0.0,0.0,0.0,0.006362943608442917,0.0,0.0,0.0,0.0,0.006362943608443139,0.008111685598434226,0.0
2025-12-17,0.0,0.0,0.0,0.0,-0.02999216905727342,0.0,0.0,0.0,0.0,-0.02999216905727331,0.0,0.0,0.0,0.0,-0.02999216905727331,-0.038149894542773066,0.0
2025-12-18,0.0,0.0,0.0,0.0,0.014588040583923156,0.0,0.0,0.0,0.0,0.014588040583922934,0.0,0.0,0.0,0.0,0.014588040583922934,0.018719942068098128,0.0
2025-12-19,0.0,0.0,0.0,0.0,0.03079648361534404,0.0,0.0,0.0,0.0,0.030796483615343817,0.0,0.0,0.0,0.0,0.03079648361534404,0.03933622863520192,0.0
2025-12-22,0.0,0.0,0.0,0.0,0.011764151663445022,0.0,0.0,0.0,0.0,0.011764151663445022,0.0,0.0,0.0,0.0,0.011764151663445022,0.01491789831628254,0.0
2025-12-23,0.0,0.0,0.0,0.0,0.023601467374916307,0.0,0.0,0.0,0.0,0.023601467374916307,0.0,0.0,0.0,0.0,0.023601467374916307,0.030050700900574157,0.0
2025-12-24,0.0,0.0,0.0,0.0,-0.002528696248103257,0.0,0.0,0.0,0.0,-0.002528696248103479,0.0,0.0,0.0,0.0,-0.002528696248103368,-0.0031711222062752453,0.0
2025-12-26,0.0,0.0,0.0,0.0,0.007985281295492808,0.0,0.0,0.0,0.0,0.007985281295492808,0.0,0.0,0.0,0.0,0.00798528129549303,0.010179710869091751,0.0
2025-12-29,0.0,0.0,0.0,0.0,-0.00951737366428651,0.0,0.0,0.0,0.0,-0.009517373664286621,0.0,0.0,0.0,0.0,-0.009517373664286621,-0.012124077899723473,0.0
2025-12-30,0.0,0.0,0.0,0.0,-0.0028353825588288695,0.0,0.0,0.0,0.0,-0.0028353825588286474,0.0,0.0,0.0,0.0,-0.0028353825588287584,-0.003612788112190457,0.0
2025-12-31,0.0,0.0,0.0,0.0,-0.004330122250904234,0.0,0.0,0.0,0.0,-0.004330122250904345,0.0,0.0,0.0,0.0,-0.004330122250904345,-0.005545422619901985,0.0
2026-01-02,0.0,0.0,0.0,0.0,0.009853013379289344,0.0,0.0,0.0,0.0,0.009853013379289344,0.0,0.0,0.0,0.0,0.009853013379289344,0.012600514015812525,0.0
2026-01-05,0.0,0.0,0.0,0.0,-0.002999642739180519,0.0,0.0,0.0,0.0,-0.002999642739180297,0.0,0.0,0.0,0.0,-0.002999642739180519,-0.003865526635683625,0.0
2026-01-06,0.0,0.0,0.0,0.0,-0.003675969416505498,0.0,0.0,0.0,0.0,-0.003675969416505609,0.0,0.0,0.0,0.0,-0.003675969416505498,-0.004677819899715829,0.0
2026-01-07,0.0,0.0,0.0,0.0,0.007809365340913699,0.0,0.0,0.0,0.0,0.007809365340913699,0.0,0.0,0.0,0.0,0.007809365340913921,0.009987125820996923,0.0
2026-01-08,0.0,0.0,0.0,0.0,-0.01688790410490404,0.0,0.0,0.0,0.0,-0.01688790410490404,0.0,0.0,0.0,0.0,-0.01688790410490415,-0.021521859150629097,0.0
2026-01-09,0.0,0.0,0.0,0.0,-0.0007695293498339861,0.0,0.0,0.0,0.0,-0.0007695293498339861,0.0,0.0,0.0,0.0,-0.0007695293498339861,-0.0009727757218404021,0.0
2026-01-12,0.0,0.0,0.0,0.0,0.00035289642995794956,0.0,0.0,0.0,0.0,0.0003528964299577275,0.0,0.0,0.0,0.0,0.00035289642995794956,0.000432793264901532,0.0
2026-01-13,0.0,0.0,0.0,0.0,0.003688988688189232,0.0,0.0,0.0,0.0,0.00368898868818901,0.0,0.0,0.0,0.0,0.003688988688189232,0.004704209026523465,0.0
2026-01-14,0.0,0.0,0.0,0.0,-0.011290587380849537,0.0,0.0,0.0,0.0,-0.011290587380849315,0.0,0.0,0.0,0.0,-0.011290587380849426,-0.014369546141221101,0.0
2026-01-15,0.0,0.0,0.0,0.0,0.016720088913015463,0.0,0.0,0.0,0.0,0.016720088913015463,0.0,0.0,0.0,0.0,0.016720088913015463,0.02134988022026696,0.0
2026-01-16,0.0,0.0,0.0,0.0,-0.0034103816769789352,0.0,0.0,0.0,0.0,-0.0034103816769789352,0.0,0.0,0.0,0.0,-0.0034103816769789352,-0.004383967623675211,0.0
2026-01-20,0.0,0.0,0.0,0.0,-0.03441427470845837,0.0,0.0,0.0,0.0,-0.03441427470845837,0.0,0.0,0.0,0.0,-0.03441427470845826,-0.0438167213859465,0.0
2026-01-21,0.0,0.0,0.0,0.0,0.023087232006772762,0.0,0.0,0.0,0.0,0.023087232006772984,0.0,0.0,0.0,0.0,0.023087232006772762,0.02948284071008489,0.0
2026-01-22,0.0,0.0,0.0,0.0,0.006528165574937184,0.0,0.0,0.0,0.0,0.006528165574936962,0.0,0.0,0.0,0.0,0.006528165574936962,0.008291401026019996,0.0
2026-01-23,0.0,0.0,0.0,0.0,0.012008672988834679,0.0,0.0,0.0,0.0,0.0120086729888349,0.0,0.0,0.0,0.0,0.012008672988835123,0.01531055266325887,0.0
2026-01-26,0.0,0.0,0.0,0.0,-0.005019735311865614,0.0,0.0,0.0,0.0,-0.005019735311865725,0.0,0.0,0.0,0.0,-0.005019735311865947,-0.00639412610100043,0.0
2026-01-27,0.0,0.0,0.0,0.0,0.008618752631615045,0.0,0.0,0.0,0.0,0.008618752631615267,0.0,0.0,0.0,0.0,0.008618752631615045,0.010993681830616886,0.0
2026-01-28,0.0,0.0,0.0,0.0,0.012494679809046172,0.0,0.0,0.0,0.0,0.01249467980904595,0.0,0.0,0.0,0.0,0.012494679809046172,0.015913482871948492,0.0
2026-01-29,0.0,0.0,0.0,0.0,0.004056605929635637,0.0,0.0,0.0,0.0,0.004056605929636081,0.0,0.0,0.0,0.0,0.004056605929635859,0.005169082772252587,0.0
2026-01-30,0.0,0.0,0.0,0.0,-0.005632294262432724,0.0,0.0,0.0,0.0,-0.005632294262432946,0.0,0.0,0.0,0.0,-0.005632294262432613,-0.007168396845442571,0.0
2026-02-02,0.0,0.0,0.0,0.0,-0.022694790597774128,0.0,0.0,0.0,0.0,-0.022694790597774017,0.0,0.0,0.0,0.0,-0.022694790597774017,-0.028880854608678286,0.0
2026-02-03,0.0,0.0,0.0,0.0,-0.022266497812963415,0.0,0.0,0.0,0.0,-0.022266497812963748,0.0,0.0,0.0,0.0,-0.022266497812963748,-0.028392945801114844,0.0
2026-02-04,0.0,0.0,0.0,0.0,-0.026765673479435037,0.0,0.0,0.0,0.0,-0.026765673479434926,0.0,0.0,0.0,0.0,-0.026765673479434926,-0.03410220337884484,0.0
2026-02-05,0.0,0.0,0.0,0.0,-0.010420802530565543,0.0,0.0,0.0,0.0,-0.010420802530565432,0.0,0.0,0.0,0.0,-0.010420802530565543,-0.01326138417734124,0.0
2026-02-06,0.0,0.0,0.0,0.0,0.06144319884927141,0.0,0.0,0.0,0.0,0.06144319884927141,0.0,0.0,0.0,0.0,0.06144319884927141,0.07871770227202068,0.0
2026-02-09,0.0,0.0,0.0,0.0,0.019565221901863605,0.0,0.0,0.0,0.0,0.019565221901863827,0.0,0.0,0.0,0.0,0.019565221901863605,0.024971663419029566,0.0
2026-02-10,0.0,0.0,0.0,0.0,-0.0061490712838575545,0.0,0.0,0.0,0.0,-0.0061490712838576655,0.0,0.0,0.0,0.0,-0.0061490712838574435,-0.007893101110529543,0.0
2026-02-11,0.0,0.0,0.0,0.0,0.006274458992820753,0.0,0.0,0.0,0.0,0.006274458992820753,0.0,0.0,0.0,0.0,0.006274458992820531,0.008008991631896611,0.0
2026-02-12,0.0,0.0,0.0,0.0,-0.012789860506053463,0.0,0.0,0.0,0.0,-0.012789860506053574,0.0,0.0,0.0,0.0,-0.012789860506053574,-0.016364120017250072,0.0
2026-02-13,0.0,0.0,0.0,0.0,-0.017345703065092755,0.0,0.0,0.0,0.0,-0.017345703065092644,0.0,0.0,0.0,0.0,-0.017345703065092644,-0.022092647100718232,0.0
2026-02-17,0.0,0.0,0.0,0.0,-0.005688581099451917,0.0,0.0,0.0,0.0,-0.002499619070529091,0.0,0.0,0.0,0.0,-0.005688581099452028,0.011815537711723945,0.0
2026-02-18,0.0,0.0,0.0,0.0,0.0,0.0,0.0,0.0,0.0,0.002768948315746922,0.0,0.0,0.0,0.0,0.0,0.016272852504360502,0.0
2026-02-19,0.0,0.0,0.0,0.0,0.0,0.0,0.0,0.0,0.0,-6.703648694472708e-05,0.0,0.0,0.0,0.0,0.0,-0.0004255288059948903,0.0
2026-02-20,0.0,0.0,0.0,0.0,0.0,0.0,0.0,0.0,0.0,0.0017171375784472698,0.0,0.0,0.0,0.0,0.0,0.010218257158700395,0.0
2026-02-23,0.0,0.0,0.0,0.0,0.0,0.0,0.0,0.0,0.0,0.0015345109593072337,0.0,0.0,0.0,0.0,0.0,0.009113885259954158,0.0
2026-02-24,0.0,0.0,0.0,0.0,0.0,0.0,0.0,0.0,0.0,0.0011325791974263755,0.0,0.0,0.0,0.0,0.0,0.006786724366676156,0.0
2026-02-25,0.0,0.0,0.0,0.0,0.0,0.0,0.0,0.0,0.0,0.0023430852706938232,0.0,0.0,0.0,0.0,0.0,0.014052296839024647,0.0
2026-02-26,0.0,0.0,0.0,0.0,0.0,0.0,0.0,0.0,0.0,-0.009153497331492844,0.0,0.0,0.0,0.0,0.0,-0.054561240794954724,0.0
2026-02-27,0.0,0.0,0.0,0.0,0.0,0.0,0.0,0.0,0.0,-0.006891534971117053,0.0,0.0,0.0,0.0,0.0,-0.041646311846979533,0.0
2026-03-02,0.0,0.0,0.0,0.0,0.0,0.0,0.0,0.0,0.0,0.0050859301138797,0.0,0.0,0.0,0.0,0.0,0.029854898026954846,0.0
2026-03-03,0.0,0.0,0.0,0.0,0.0,0.0,0.0,0.0,0.0,-0.0023285068757732397,0.0,0.0,0.0,0.0,0.0,-0.013316539505995872,0.0
2026-03-04,0.0,0.0,0.0,0.0,0.0,0.0,0.0,0.0,0.0,0.002766899606847728,0.0,0.0,0.0,0.0,0.0,0.016606495502460517,0.0
2026-03-05,0.0,0.0,0.0,0.0,0.0,0.0,0.0,0.0,0.0,0.00026918907778239465,0.0,0.0,0.0,0.0,0.0,0.0016390080583172928,0.0
2026-03-06,0.0,0.0,0.0,0.0,0.0,0.0,0.0,0.0,0.0,-0.005086679253234472,0.0,0.0,0.0,0.0,0.0,-0.03010798420604066,0.0
2026-03-09,0.0,0.0,0.0,0.0,0.0,0.0,0.0,0.0,0.0,0.004562883737604828,0.0,0.0,0.0,0.0,0.0,0.02716223428151121,0.0
2026-03-10,0.0,0.0,0.0,0.0,0.0,0.0,0.0,0.0,0.0,0.0019263740734298818,0.0,0.0,0.0,0.0,0.0,0.011606999188437328,0.0
2026-03-11,0.0,0.0,0.0,0.0,0.0,0.0,0.0,0.0,0.0,0.001153562635538563,0.0,0.0,0.0,0.0,0.0,0.006873722377926494,0.0
2026-03-12,0.0,0.0,0.0,0.0,0.0,0.0,0.0,0.0,0.0,-0.002602474568987767,0.0,0.0,0.0,0.0,0.0,-0.015535125563684304,0.0
2026-03-13,0.0,0.0,0.0,0.0,0.0,0.0,0.0,0.0,0.0,-0.0026065441773160947,0.0,0.0,0.0,0.0,0.0,-0.015780274103308733,0.0
2026-03-16,0.0,0.0,0.0,0.0,0.0,0.0,0.0,0.0,0.0,0.0026910106514570487,0.0,0.0,0.0,0.0,0.0,0.01647712189016981,0.0
2026-03-17,0.0,0.0,0.0,0.0,0.0,0.0,0.0,0.0,0.0,-0.001151651221197425,0.0,0.0,0.0,0.0,0.0,-0.007040762669616729,0.0
2026-03-18,0.0,0.0,0.0,0.0,0.0,0.0,0.0,0.0,0.0,-0.001408458304001159,0.0,0.0,0.0,0.0,0.0,-0.00840982158463277,0.0
2026-03-19,0.0,0.0,0.0,0.0,0.0,0.0,0.0,0.0,0.0,-0.0016802337104742104,0.0,0.0,0.0,0.0,0.0,-0.01019953658616235,0.0
2026-03-20,0.0,0.0,0.0,0.0,0.0,0.0,0.0,0.0,0.0,-0.005490213737861183,0.0,0.0,0.0,0.0,0.0,-0.03281810422532405,0.0
2026-03-23,0.0,0.0,0.0,0.0,0.0,0.0,0.0,0.0,0.0,0.002763512656956957,0.0,0.0,0.0,0.0,0.0,0.01702375502813336,0.0
2026-03-24,0.0,0.0,0.0,0.0,0.0,0.0,0.0,0.0,0.0,-0.0004136324828118987,0.0,0.0,0.0,0.0,0.0,-0.002505138026276832,0.0
2026-03-25,0.0,0.0,0.0,0.0,0.0,0.0,0.0,0.0,0.0,0.0033012821095019795,0.0,0.0,0.0,0.0,0.0,0.019862989658425256,0.0
2026-03-26,0.0,0.0,0.0,0.0,0.0,0.0,0.0,0.0,0.0,-0.007022546597669543,0.0,0.0,0.0,0.0,0.0,-0.04163861365338872,0.0
2026-03-27,0.0,0.0,0.0,0.0,0.0,0.0,0.0,0.0,0.0,-0.0036189661046746036,0.0,0.0,0.0,0.0,0.0,-0.02172390271764879,0.0
2026-03-30,0.0,0.0,0.0,0.0,0.0,0.0,0.0,0.0,0.0,-0.002335050644459713,0.0,0.0,0.0,0.0,0.0,-0.014028211816980884,0.0
2026-03-31,0.0,0.0,0.0,0.0,0.0,0.0,0.0,0.0,0.0,0.009221748918387007,0.0,0.0,0.0,0.0,0.0,0.05588179348466227,0.0
2026-04-01,0.0,0.0,0.0,0.0,0.0,0.0,0.0,0.0,0.0,0.0013385435726027684,0.0,0.0,0.0,0.0,0.0,0.0077408609562046315,0.0
2026-04-02,0.0,0.0,0.0,0.0,0.0,0.0,0.0,0.0,0.0,0.0016419302525358948,0.0,0.0,0.0,0.0,0.0,0.009331433227018238,0.0
2026-04-06,0.0,0.0,0.0,0.0,0.0,0.0,0.0,0.0,0.0,0.0002242077967857803,0.0,0.0,0.0,0.0,0.0,0.0014093240930164175,0.0
2026-04-07,0.0,0.0,0.0,0.0,0.0,0.0,0.0,0.0,0.0,0.00044649551460684833,0.0,0.0,0.0,0.0,0.0,0.0025895446715138437,0.0
2026-04-08,0.0,0.0,0.0,0.0,0.0,0.0,0.0,0.0,0.0,0.003850949017298877,0.0,0.0,0.0,0.0,0.0,0.02234697131467689,0.0
2026-04-09,0.0,0.0,0.0,0.0,0.0,0.0,0.0,0.0,0.0,0.001678468741258099,0.0,0.0,0.0,0.0,0.0,0.010050537196021336,0.0
2026-04-10,0.0,0.0,0.0,0.0,0.0,0.0,0.0,0.0,0.0,0.004275825084072649,0.0,0.0,0.0,0.0,0.0,0.025664733438725884,0.0
2026-04-13,0.0,0.0,0.0,0.0,0.0,0.0,0.0,0.0,0.0,0.0005884690614530452,0.0,0.0,0.0,0.0,0.0,0.0036049019677633076,0.0
2026-04-14,0.0,0.0,0.0,0.0,0.0,0.0,0.0,0.0,0.0,0.006327053465778665,0.0,0.0,0.0,0.0,0.0,0.03803284053190947,0.0
2026-04-15,0.0,0.0,0.0,0.0,0.0,0.0,0.0,0.0,0.0,0.0019980286834195837,0.0,0.0,0.0,0.0,0.0,0.012009570384825752,0.0
2026-04-16,0.0,0.0,0.0,0.0,0.0,0.0,0.0,0.0,0.0,-0.00044445179428476145,0.0,0.0,0.0,0.0,0.0,-0.0026147182905368327,0.0
2026-04-17,0.0,0.0,0.0,0.0,0.0,0.0,0.0,0.0,0.0,0.0027940244364921263,0.0,0.0,0.0,0.0,0.0,0.016788436953855124,0.0
2026-04-20,0.0,0.0,0.0,0.0,0.0,0.0,0.0,0.0,0.0,0.0003160562597390726,0.0,0.0,0.0,0.0,0.0,0.0018841972263623497,0.0
2026-04-21,0.0,0.0,0.0,0.0,0.0,0.0,0.0,0.0,0.0,-0.0018013760785376975,0.0,0.0,0.0,0.0,0.0,-0.01078883847432055,0.0
2026-04-22,0.0,0.0,0.0,0.0,0.0,0.0,0.0,0.0,0.0,0.002171515693182302,0.0,0.0,0.0,0.0,0.0,0.013107839969903834,0.0
2026-04-23,0.0,0.0,0.0,0.0,0.0,0.0,0.0,0.0,0.0,-0.0023586848744066025,0.0,0.0,0.0,0.0,0.0,-0.014123459804205263,0.0
2026-04-24,0.0,0.0,0.0,0.0,0.0,0.0,0.0,0.0,0.0,0.007197810797703319,0.0,0.0,0.0,0.0,0.0,0.04322783464835056,0.0
2026-04-27,0.0,0.0,0.0,0.0,0.0,0.0,0.0,0.0,0.0,0.0066791414726787846,0.0,0.0,0.0,0.0,0.0,0.04004415502378422,0.0
2026-04-28,0.0,0.0,0.0,0.0,0.0,0.0,0.0,0.0,0.0,-0.0027210403499220437,0.0,0.0,0.0,0.0,0.0,-0.01588108781548958,0.0
2026-04-29,0.0,0.0,0.0,0.0,0.0,0.0,0.0,0.0,0.0,-0.0030818208987521967,0.0,0.0,0.0,0.0,0.0,-0.01838907070702578,0.0
2026-04-30,0.0,0.0,0.0,0.0,0.0,0.0,0.0,0.0,0.0,-0.007706498088101421,0.0,0.0,0.0,0.0,0.0,-0.04626041900014932,0.0
2026-05-01,0.0,0.0,0.0,0.0,0.0,0.0,0.0,0.0,0.0,-0.0009874371698608275,0.0,0.0,0.0,0.0,0.0,-0.005612117727475163,0.0
2026-05-04,0.0,0.0,0.0,0.0,0.0,0.0,0.0,0.0,0.0,1.6780018168960353e-05,0.0,0.0,0.0,0.0,0.0,0.00015116543088011802,0.0
2026-05-05,0.0,0.0,0.0,0.0,0.0,0.0,0.0,0.0,0.0,-0.0016595880777613425,0.0,0.0,0.0,0.0,0.0,-0.009975794891980194,0.0
2026-05-06,0.0,0.0,0.0,0.0,0.0,0.0,0.0,0.0,0.0,0.009490844750518423,0.0,0.0,0.0,0.0,0.0,0.05765904239722497,0.0
2026-05-07,0.0,0.0,0.0,0.0,0.0,0.0,0.0,0.0,0.0,0.0029459833673628477,0.0,0.0,0.0,0.0,0.0,0.017658654364679505,0.0
2026-05-08,0.0,0.0,0.0,0.0,0.0,0.0,0.0,0.0,0.0,0.002919287890555733,0.0,0.0,0.0,0.0,0.0,0.01749407540540049,0.0
2026-05-11,0.0,0.0,0.0,0.0,0.0,0.0,0.0,0.0,0.0,0.003297753343940446,0.0,0.0,0.0,0.0,0.0,0.019702628035742187,0.0
2026-05-12,0.0,0.0,0.0,0.0,0.0,0.0,0.0,0.0,0.0,0.0010060725663119108,0.0,0.0,0.0,0.0,0.0,0.006106436032548013,0.0
2026-05-13,0.0,0.0,0.0,0.0,0.0,0.0,0.0,0.0,0.0,0.0038266599332594797,0.0,0.0,0.0,0.0,0.0,0.02287346263103318,0.0
2026-05-14,0.0,0.0,0.0,0.0,0.0,0.0,0.0,0.0,0.0,0.0072639959798352915,0.0,0.0,0.0,0.0,0.0,0.043882582392764435,0.0
2026-05-15,0.0,0.0,0.0,0.0,0.0,0.0,0.0,0.0,0.0,-0.0075331348171263635,0.0,0.0,0.0,0.0,0.0,-0.044201229855521995,0.0
2026-05-18,0.0,0.0,0.0,0.0,-0.015534734086747881,0.0,0.0,0.0,0.0,-0.010672271136013434,0.0,0.0,0.0,0.0,-0.00603348976896223,-0.013314396868819633,0.0
2026-05-19,0.0,0.0,0.0,0.0,-0.0033842016200110736,0.0,0.0,0.0,0.0,-0.00308435678193153,0.0,0.0,0.0,0.0,-0.001295248528648596,-0.00769164563481417,0.0
2026-05-20,0.0,0.0,0.0,0.0,0.005871099617938524,0.0,0.0,0.0,0.0,0.005361964416785936,0.0,0.0,0.0,0.0,0.0022799504861232833,0.01296405694410474,0.0
2026-05-21,0.0,0.0,0.0,0.0,-0.00804030636345443,0.0,0.0,0.0,0.0,-0.007344050033691096,0.0,0.0,0.0,0.0,-0.0031252963612948825,-0.017720529342800884,0.0
