model,method,volatility,design,horizon,step,as_of,label_end,actual_return,pit,train_n,n_sims,sigma,log_drift,student_t_df,low_50,high_50,width_50,hit_50,below_50,above_50,score_50,low_80,high_80,width_80,hit_80,below_80,above_80,score_80,low_95,high_95,width_95,hit_95,below_95,above_95,score_95
bootstrap_rolling,bootstrap,rolling,nonoverlap,21,21,2020-01-02,2020-02-03,-0.011580428916523555,0.566,252,500,0.01619130949021687,-0.0006263127007088722,,-0.07578086058403655,0.03125541170692442,0.10703627229096097,True,False,False,0.10703627229096097,-0.12261644205054416,0.07697431277696241,0.19959075482750657,True,False,False,0.19959075482750657,-0.1716838281455943,0.12307351189407374,0.294757340039668,True,False,False,0.294757340039668
normal_rolling,normal,rolling,nonoverlap,21,21,2020-01-02,2020-02-03,-0.011580428916523555,0.496,252,500,0.01619130949021687,-0.0006263127007088722,,-0.06419570219981782,0.040905626893411706,0.10510132909322953,True,False,False,0.10510132909322953,-0.10581329977546394,0.08394527510263945,0.18975857487810338,True,False,False,0.18975857487810338,-0.14887450330054053,0.13067460788521834,0.27954911118575887,True,False,False,0.27954911118575887
student_t_rolling,student_t,rolling,nonoverlap,21,21,2020-01-02,2020-02-03,-0.011580428916523555,0.49,252,500,0.01619130949021687,-0.0006263127007088722,30.0,-0.06041010758337581,0.044769529820768206,0.10517963740414402,True,False,False,0.10517963740414402,-0.10251986008035935,0.08534523336110873,0.18786509344146807,True,False,False,0.18786509344146807,-0.13375154588059376,0.1444696865242735,0.2782212324048673,True,False,False,0.2782212324048673
bootstrap_ewma,bootstrap,ewma,nonoverlap,21,21,2020-01-02,2020-02-03,-0.011580428916523555,0.566,252,500,0.01577256035866715,-0.0006263127007088722,,-0.07421023285534167,0.03008443703854463,0.1042946698938863,True,False,False,0.1042946698938863,-0.11994254388708236,0.07454523352911564,0.194487777416198,True,False,False,0.194487777416198,-0.16792219723532,0.11932644968706438,0.2872486469223844,True,False,False,0.2872486469223844
normal_ewma,normal,ewma,nonoverlap,21,21,2020-01-02,2020-02-03,-0.011580428916523555,0.496,252,500,0.01577256035866715,-0.0006263127007088722,,-0.06290734852794844,0.03947326559443215,0.10238061412238059,True,False,False,0.10238061412238059,-0.10352812529279734,0.08132002683510627,0.18484815212790362,True,False,False,0.18484815212790362,-0.1456094909486784,0.12670561944633119,0.27231511039500955,True,False,False,0.27231511039500955
student_t_ewma,student_t,ewma,nonoverlap,21,21,2020-01-02,2020-02-03,-0.011580428916523555,0.49,252,500,0.01577256035866715,-0.0006263127007088722,30.0,-0.05921476792869612,0.04323187851205357,0.10244664644074969,True,False,False,0.10244664644074969,-0.1003118163644525,0.08268045290479364,0.18299226926924614,True,False,False,0.18299226926924614,-0.13082454772139748,0.14009464304923558,0.2709191907706331,True,False,False,0.2709191907706331
bootstrap_rolling,bootstrap,rolling,nonoverlap,21,21,2020-02-03,2020-03-04,0.1803212232876581,0.994,252,500,0.015964113237223118,-0.0011446330401108382,,-0.07208100222163996,0.022534495147964073,0.09461549736960403,False,False,True,0.7257624099283801,-0.11438455575815833,0.06714461756493094,0.18152917332308927,False,False,True,1.3132952305503611,-0.15834053221399103,0.12849622851576153,0.28683676072975256,False,False,True,2.3598365516056132
normal_rolling,normal,rolling,nonoverlap,21,21,2020-02-03,2020-03-04,0.1803212232876581,0.998,252,500,0.015964113237223118,-0.0011446330401108382,,-0.07328115124545992,0.014696745432546343,0.08797789667800626,False,False,True,0.7504758080984533,-0.10448993519966142,0.0628014376337344,0.16729137283339582,False,False,True,1.342489229372633,-0.15191490939758492,0.11605912959028762,0.26797403898787253,False,False,True,2.8384577868826892
student_t_rolling,student_t,rolling,nonoverlap,21,21,2020-02-03,2020-03-04,0.1803212232876581,0.992,252,500,0.015964113237223118,-0.0011446330401108382,30.0,-0.06916912848337581,0.02430408952093449,0.0934732180043103,False,False,True,0.7175417530712047,-0.11163691441567723,0.07078682902856138,0.18242374344423862,False,False,True,1.2777676860352059,-0.16199268503865932,0.12114884458610503,0.28314152962476435,False,False,True,2.6500366776868844
bootstrap_ewma,bootstrap,ewma,nonoverlap,21,21,2020-02-03,2020-03-04,0.1803212232876581,0.994,252,500,0.01552991278468645,-0.0011446330401108382,,-0.07079869277212317,0.02124703490896307,0.09204572768108624,False,False,True,0.7283424811958663,-0.11203448059032305,0.06456384832802023,0.17659832891834326,False,False,True,1.3341720785147222,-0.15493783897980126,0.12405677472407152,0.2789946137038728,False,False,True,2.5295725562473335
normal_ewma,normal,ewma,nonoverlap,21,21,2020-02-03,2020-03-04,0.1803212232876581,0.998,252,500,0.01552991278468645,-0.0011446330401108382,,-0.0719678334975837,0.013631264140938515,0.08559909763852222,False,False,True,0.7523589342254006,-0.10238489662602572,0.0603487797823675,0.16273367640839323,False,False,True,1.3624581114612995,-0.1486623843063186,0.11200374415354114,0.2606661284598597,False,False,True,2.9933652938245356
student_t_ewma,student_t,ewma,nonoverlap,21,21,2020-02-03,2020-03-04,0.1803212232876581,0.994,252,500,0.01552991278468645,-0.0011446330401108382,30.0,-0.06796222415204045,0.02296629090812269,0.09092851506016314,False,False,True,0.7203482445783047,-0.10935459051448607,0.06809826430855728,0.17745285482304335,False,False,True,1.2996824446140518,-0.1585052389129469,0.11693670309862414,0.275441942011571,False,False,True,2.810822749572927
bootstrap_rolling,bootstrap,rolling,nonoverlap,21,21,2020-03-04,2020-04-02,0.05122508846813778,0.764,252,500,0.016568530761079458,-0.0005356921553004221,,-0.06260774761951099,0.04619496092719416,0.10880270854670515,False,False,True,0.12892321871047963,-0.10759035012482128,0.10732203419451505,0.21491238431933635,True,False,False,0.21491238431933635,-0.14151842226557956,0.18386769290984414,0.3253861151754237,True,False,False,0.3253861151754237
normal_rolling,normal,rolling,nonoverlap,21,21,2020-03-04,2020-04-02,0.05122508846813778,0.786,252,500,0.016568530761079458,-0.0005356921553004221,,-0.0556931558792835,0.043662953423465045,0.09935610930274855,False,False,True,0.1296046494814395,-0.10270431809596456,0.09198847942583913,0.19469279752180368,True,False,False,0.19469279752180368,-0.15029360168052397,0.1384706992314981,0.2887643009120221,True,False,False,0.2887643009120221
student_t_rolling,student_t,rolling,nonoverlap,21,21,2020-03-04,2020-04-02,0.05122508846813778,0.806,252,500,0.016568530761079458,-0.0005356921553004221,30.0,-0.06797301879333892,0.03412534532054223,0.10209836411388115,False,False,True,0.17049733670426334,-0.10869300339520847,0.08824743021374629,0.19694043360895475,True,False,False,0.19694043360895475,-0.14791038580710514,0.16767375992315714,0.3155841457302623,True,False,False,0.3155841457302623
bootstrap_ewma,bootstrap,ewma,nonoverlap,21,21,2020-03-04,2020-04-02,0.05122508846813778,0.746,252,500,0.018681352232810054,-0.0005356921553004221,,-0.06896977268379817,0.05374772174902431,0.12271749443282248,True,False,False,0.12271749443282248,-0.11918800438511845,0.12342161566879455,0.242609620053913,True,False,False,0.242609620053913,-0.15685288024427038,0.21136195868208651,0.36821483892635687,True,False,False,0.36821483892635687
normal_ewma,normal,ewma,nonoverlap,21,21,2020-03-04,2020-04-02,0.05122508846813778,0.752,252,500,0.018681352232810054,-0.0005356921553004221,,-0.06122270997331411,0.05087265095807342,0.11209536093138753,False,False,True,0.11350511097164498,-0.11374860912153341,0.10589690502190939,0.2196455141434428,True,False,False,0.2196455141434428,-0.16656351495161936,0.15911705707587803,0.3256805720274974,True,False,False,0.3256805720274974
student_t_ewma,student_t,ewma,nonoverlap,21,21,2020-03-04,2020-04-02,0.05122508846813778,0.788,252,500,0.018681352232810054,-0.0005356921553004221,30.0,-0.07497596633455814,0.04005084348267546,0.1150268098172336,False,False,True,0.15972378975908288,-0.12041501254048308,0.10162600574282668,0.22204101828330974,True,False,False,0.22204101828330974,-0.16392784940731006,0.1926949702886811,0.3566228196959912,True,False,False,0.3566228196959912
bootstrap_rolling,bootstrap,rolling,nonoverlap,21,21,2020-04-02,2020-05-04,0.03874677090314549,0.736,252,500,0.016633278653639304,-0.00011393442779586317,,-0.061068451537542395,0.042519609744623654,0.10358806128216605,True,False,False,0.10358806128216605,-0.1031193862457433,0.08704340174101143,0.19016278798675473,True,False,False,0.19016278798675473,-0.16103560731284133,0.1484397140029149,0.3094753213157562,True,False,False,0.3094753213157562
normal_rolling,normal,rolling,nonoverlap,21,21,2020-04-02,2020-05-04,0.03874677090314549,0.684,252,500,0.016633278653639304,-0.00011393442779586317,,-0.05383945544366581,0.05503729052339268,0.10887674596705849,True,False,False,0.10887674596705849,-0.09252009854303476,0.10587726032412566,0.19839735886716042,True,False,False,0.19839735886716042,-0.1479889504056044,0.16774847847901814,0.31573742888462253,True,False,False,0.31573742888462253
student_t_rolling,student_t,rolling,nonoverlap,21,21,2020-04-02,2020-05-04,0.03874677090314549,0.728,252,500,0.016633278653639304,-0.00011393442779586317,30.0,-0.057095098699068786,0.044321227193371504,0.10141632589244029,True,False,False,0.10141632589244029,-0.10475545554405946,0.09723100386354164,0.2019864594076011,True,False,False,0.2019864594076011,-0.15423503373417594,0.1593552799409259,0.3135903136751018,True,False,False,0.3135903136751018
bootstrap_ewma,bootstrap,ewma,nonoverlap,21,21,2020-04-02,2020-05-04,0.03874677090314549,0.732,252,500,0.016867946471549145,-0.00011393442779586317,,-0.061871123019441226,0.04316745990093085,0.10503858292037208,True,False,False,0.10503858292037208,-0.10446521147996099,0.08836089071406181,0.1928261021940228,True,False,False,0.1928261021940228,-0.16308309851982475,0.15072325238417314,0.3138063509039979,True,False,False,0.3138063509039979
normal_ewma,normal,ewma,nonoverlap,21,21,2020-04-02,2020-05-04,0.03874677090314549,0.684,252,500,0.016867946471549145,-0.00011393442779586317,,-0.05454601210199039,0.05587070388309351,0.1104167159850839,True,False,False,0.1104167159850839,-0.09373162363374694,0.10748593653091117,0.2012175601646581,True,False,False,0.2012175601646581,-0.14988320343372516,0.17034575090468998,0.32022895433841514,True,False,False,0.32022895433841514
student_t_ewma,student_t,ewma,nonoverlap,21,21,2020-04-02,2020-05-04,0.03874677090314549,0.726,252,500,0.016867946471549145,-0.00011393442779586317,30.0,-0.057845042169830385,0.044995652587309476,0.10284069475713986,True,False,False,0.10284069475713986,-0.10612185124803634,0.09870542635563162,0.20482727760366798,True,False,False,0.20482727760366798,-0.15620301687729873,0.1618155836702726,0.31801860054757136,True,False,False,0.31801860054757136
bootstrap_rolling,bootstrap,rolling,nonoverlap,21,21,2020-05-04,2020-06-03,0.1171352936975747,0.93,252,500,0.016198546372535226,-4.934607884985361e-05,,-0.04981330556625513,0.05783513364996945,0.10764843921622458,False,False,True,0.34484907940664555,-0.1003696794356487,0.10566065179669866,0.20603033123234737,False,False,True,0.32077675024110774,-0.13742667875311715,0.1526524073461731,0.29007908609929023,True,False,False,0.29007908609929023
normal_rolling,normal,rolling,nonoverlap,21,21,2020-05-04,2020-06-03,0.1171352936975747,0.936,252,500,0.016198546372535226,-4.934607884985361e-05,,-0.04885461401783686,0.0426727353576109,0.09152734937544776,False,False,True,0.38937758273530293,-0.08836761783062004,0.09403125342902413,0.18239887125964416,False,False,True,0.4134392739451498,-0.13184249536556208,0.15531287025793902,0.2871553656235011,True,False,False,0.2871553656235011
student_t_rolling,student_t,rolling,nonoverlap,21,21,2020-05-04,2020-06-03,0.1171352936975747,0.924,252,500,0.016198546372535226,-4.934607884985361e-05,24.318929558674085,-0.04619828783128327,0.04615501696738733,0.0923533047986706,False,False,True,0.37627441171942005,-0.08188651453760104,0.10283161554796683,0.18471813008556787,False,False,True,0.3277549115816466,-0.11835370434567438,0.15580106540627106,0.2741547697519454,True,False,False,0.2741547697519454
bootstrap_ewma,bootstrap,ewma,nonoverlap,21,21,2020-05-04,2020-06-03,0.1171352936975747,0.966,252,500,0.013468798896882716,-4.934607884985361e-05,,-0.04176353393810242,0.04767666554463085,0.08944019948273327,False,False,True,0.3672747120945087,-0.08435047589691554,0.08691340096334055,0.17126387686025607,False,False,True,0.4734828042025976,-0.11582199536911378,0.12518823623533312,0.2410102316044469,True,False,False,0.2410102316044469
normal_ewma,normal,ewma,nonoverlap,21,21,2020-05-04,2020-06-03,0.1171352936975747,0.962,252,500,0.013468798896882716,-4.934607884985361e-05,,-0.04095970731864165,0.035175314170274974,0.07613502148891663,False,False,True,0.4039749395981155,-0.07420464095676348,0.07739925477866919,0.15160389573543265,False,False,True,0.5489642849244878,-0.11106516484853288,0.12734736176950864,0.23841252661804152,True,False,False,0.23841252661804152
student_t_ewma,student_t,ewma,nonoverlap,21,21,2020-05-04,2020-06-03,0.1171352936975747,0.948,252,500,0.013468798896882716,-4.934607884985361e-05,24.318929558674085,-0.0387332156414156,0.03804914252100916,0.07678235816242476,False,False,True,0.39312696286868687,-0.06873526444579278,0.08460049145633161,0.1533357559021244,False,False,True,0.4786837783145553,-0.09959597180417702,0.1277434297316814,0.2273394015358584,True,False,False,0.2273394015358584
bootstrap_rolling,bootstrap,rolling,nonoverlap,21,21,2020-06-03,2020-07-02,0.23598970874565817,0.996,252,500,0.01634219430819568,0.0006368532120837397,,-0.037407526601668906,0.06774512068546634,0.10515264728713525,False,False,True,0.7781309995279025,-0.08638418636296184,0.11885447461996922,0.20523866098293106,False,False,True,1.376591002239821,-0.13630230033788923,0.1709964252912361,0.3072987256291253,False,False,True,2.9070300638060056
normal_rolling,normal,rolling,nonoverlap,21,21,2020-06-03,2020-07-02,0.23598970874565817,0.994,252,500,0.01634219430819568,0.0006368532120837397,,-0.04317508138126239,0.05562761033527136,0.09880269171653375,False,False,True,0.820251085358081,-0.08101248008014517,0.10948745149869366,0.19049993157883882,False,False,True,1.455522504048484,-0.1277911564042612,0.16927357906050164,0.29706473546476286,False,False,True,2.9657099228710218
student_t_rolling,student_t,rolling,nonoverlap,21,21,2020-06-03,2020-07-02,0.23598970874565817,0.996,252,500,0.01634219430819568,0.0006368532120837397,16.660828044155288,-0.03523195493820572,0.06411368441978293,0.09934563935798865,False,False,True,0.7868497366614896,-0.0823100086820984,0.12289535904273549,0.2052053677248339,False,False,True,1.336148864754061,-0.1314770273308962,0.18398423522214175,0.31546126255303797,False,False,True,2.395680203493693
bootstrap_ewma,bootstrap,ewma,nonoverlap,21,21,2020-06-03,2020-07-02,0.23598970874565817,0.998,252,500,0.015530194999778793,0.0006368532120837397,,-0.03494124535109114,0.06498063648692459,0.09992188183801573,False,False,True,0.78395817087295,-0.08166369810840585,0.11336808632536124,0.1950317844337671,False,False,True,1.4212480086367365,-0.12941262276017548,0.1626199230433741,0.2920325458035496,False,False,True,3.2268239738949096
normal_ewma,normal,ewma,nonoverlap,21,21,2020-06-03,2020-07-02,0.23598970874565817,0.994,252,500,0.015530194999778793,0.0006368532120837397,,-0.0404370878146523,0.05349177745373507,0.09392886526838737,False,False,True,0.8239205904360798,-0.07653326923397455,0.10450828896276859,0.18104155819674314,False,False,True,1.4958557560256391,-0.12126183800706687,0.16099446537737955,0.2822563033844464,False,False,True,3.2820660381155884
student_t_ewma,student_t,ewma,nonoverlap,21,21,2020-06-03,2020-07-02,0.23598970874565817,0.996,252,500,0.015530194999778793,0.0006368532120837397,16.660828044155288,-0.032868589957346706,0.06153828161743208,0.09440687157477878,False,False,True,0.7922125800876831,-0.07777238057496208,0.11718900620072852,0.19496138677569058,False,False,True,1.3829684122249872,-0.12479121635921486,0.17487091898254511,0.29966213534176,False,False,True,2.74441372586628
bootstrap_rolling,bootstrap,rolling,nonoverlap,21,21,2020-07-02,2020-08-03,-0.04966704949668599,0.164,252,500,0.016241914882420418,0.0017367185146781594,,-0.02108968766998448,0.090695586285088,0.11178527395507248,False,True,False,0.22609472126187852,-0.07483746456540824,0.14247533319833713,0.21731279776374537,True,False,False,0.21731279776374537,-0.12127321826760011,0.2090895451945339,0.330362763462134,True,False,False,0.330362763462134
normal_rolling,normal,rolling,nonoverlap,21,21,2020-07-02,2020-08-03,-0.04966704949668599,0.102,252,500,0.016241914882420418,0.0017367185146781594,,-0.00692440388093879,0.0933266291007141,0.10025103298165289,False,True,False,0.2712216154446417,-0.049871730253929186,0.14871814714818504,0.19858987740211423,True,False,False,0.19858987740211423,-0.104432472272742,0.21067301818232645,0.3151054904550684,True,False,False,0.3151054904550684
student_t_rolling,student_t,rolling,nonoverlap,21,21,2020-07-02,2020-08-03,-0.04966704949668599,0.12,252,500,0.016241914882420418,0.0017367185146781594,19.22744302218825,-0.017769348222239245,0.08757396755162977,0.10534331577386902,False,True,False,0.232934120871656,-0.05520135010932759,0.13950730740703443,0.19470865751636202,True,False,False,0.19470865751636202,-0.09428789591505803,0.18914730246835773,0.28343519838341574,True,False,False,0.28343519838341574
bootstrap_ewma,bootstrap,ewma,nonoverlap,21,21,2020-07-02,2020-08-03,-0.04966704949668599,0.136,252,500,0.014557533827696131,0.0017367185146781594,,-0.01520568789865226,0.08501587886903561,0.10022156676768787,False,True,False,0.2380670131598228,-0.06380990916043915,0.13107236751833126,0.1948822766787704,True,False,False,0.1948822766787704,-0.10603842884107446,0.1900073131311423,0.2960457419722168,True,False,False,0.2960457419722168
normal_ewma,normal,ewma,nonoverlap,21,21,2020-07-02,2020-08-03,-0.04966704949668599,0.076,252,500,0.014557533827696131,0.0017367185146781594,,-0.002442638601167335,0.08736149410730254,0.08980413270846987,False,True,False,0.2787017762905445,-0.041197923415418385,0.1366103463486771,0.1778082697640955,False,True,False,0.26249953057677156,-0.09069702552366227,0.19140362597100088,0.2821006514946631,True,False,False,0.2821006514946631
student_t_ewma,student_t,ewma,nonoverlap,21,21,2020-07-02,2020-08-03,-0.04966704949668599,0.082,252,500,0.014557533827696131,0.0017367185146781594,19.22744302218825,-0.01221231855525634,0.08223214237294763,0.09444446092820397,False,True,False,0.24426338469392256,-0.046019843643489086,0.12843834567017856,0.17445818931366763,False,True,False,0.21093024784563666,-0.08147058485230232,0.17239964114926115,0.2538702260015635,True,False,False,0.2538702260015635
bootstrap_rolling,bootstrap,rolling,nonoverlap,21,21,2020-08-03,2020-09-01,0.0661817454738729,0.584,252,500,0.016464462337987294,0.0016773082736642009,,-0.007328101840451712,0.10960596406871742,0.11693406590916913,True,False,False,0.11693406590916913,-0.05996070133253893,0.15956229307245626,0.21952299440499518,True,False,False,0.21952299440499518,-0.11426390860367355,0.21490610853077924,0.3291700171344528,True,False,False,0.3291700171344528
normal_rolling,normal,rolling,nonoverlap,21,21,2020-08-03,2020-09-01,0.0661817454738729,0.65,252,500,0.016464462337987294,0.0016773082736642009,,-0.014884986409593959,0.0861134063605341,0.10099839277012806,True,False,False,0.10099839277012806,-0.058090929716705174,0.13938432317428887,0.19747525289099405,True,False,False,0.19747525289099405,-0.11190336395083644,0.1859126956236624,0.29781605957449886,True,False,False,0.29781605957449886
student_t_rolling,student_t,rolling,nonoverlap,21,21,2020-08-03,2020-09-01,0.0661817454738729,0.664,252,500,0.016464462337987294,0.0016773082736642009,25.09816051905208,-0.010434913596772788,0.0837652713390003,0.09420018493577309,True,False,False,0.09420018493577309,-0.05374190338880712,0.1334865184570896,0.18722842184589672,True,False,False,0.18722842184589672,-0.10367815184097037,0.19717539131454984,0.3008535431555202,True,False,False,0.3008535431555202
bootstrap_ewma,bootstrap,ewma,nonoverlap,21,21,2020-08-03,2020-09-01,0.0661817454738729,0.584,252,500,0.01655789295554886,0.0016773082736642009,,-0.007567922002765903,0.11003914269447318,0.11760706469723908,True,False,False,0.11760706469723908,-0.060478302161380455,0.16030489784632504,0.2207832000077055,True,False,False,0.2207832000077055,-0.11505047065311998,0.2160058477948366,0.3310563184479566,True,False,False,0.3310563184479566
normal_ewma,normal,ewma,nonoverlap,21,21,2020-08-03,2020-09-01,0.0661817454738729,0.65,252,500,0.01655789295554886,0.0016773082736642009,,-0.015165689042230562,0.08640547879760713,0.10157116783983769,True,False,False,0.10157116783983769,-0.05859894531219156,0.14000043969021697,0.19859938500240853,True,False,False,0.19859938500240853,-0.11267862025423803,0.18682351207274187,0.29950213232697986,True,False,False,0.29950213232697986
student_t_ewma,student_t,ewma,nonoverlap,21,21,2020-08-03,2020-09-01,0.0661817454738729,0.664,252,500,0.01655789295554886,0.0016773082736642009,25.09816051905208,-0.010691581424819963,0.08404339804018562,0.09473497946500559,True,False,False,0.09473497946500559,-0.05422754124950296,0.13406604542707612,0.18829358667657908,True,False,False,0.18829358667657908,-0.10441372336858232,0.19815911403832376,0.3025728374069061,True,False,False,0.3025728374069061
bootstrap_rolling,bootstrap,rolling,nonoverlap,21,21,2020-09-01,2020-10-01,0.04652939528977007,0.518,252,500,0.016830552974505437,0.0015774369864188776,,-0.016529011142278838,0.09774469011320358,0.11427370125548242,True,False,False,0.11427370125548242,-0.07617323486283584,0.1426955985746862,0.21886883343752203,True,False,False,0.21886883343752203,-0.12973275377190926,0.2163197901761031,0.3460525439480123,True,False,False,0.3460525439480123
normal_rolling,normal,rolling,nonoverlap,21,21,2020-09-01,2020-10-01,0.04652939528977007,0.584,252,500,0.016830552974505437,0.0015774369864188776,,-0.013199699743489779,0.09027562075667023,0.10347532050016,True,False,False,0.10347532050016,-0.06998341407995563,0.13933826557612788,0.2093216796560835,True,False,False,0.2093216796560835,-0.11903137471919902,0.21936616078391186,0.33839753550311086,True,False,False,0.33839753550311086
student_t_rolling,student_t,rolling,nonoverlap,21,21,2020-09-01,2020-10-01,0.04652939528977007,0.59,252,500,0.016830552974505437,0.0015774369864188776,16.18588562628686,-0.024409934105804804,0.08027109814852573,0.10468103225433054,True,False,False,0.10468103225433054,-0.06578487814477961,0.13426722187313458,0.20005210001791418,True,False,False,0.20005210001791418,-0.10988034593388478,0.18577625796639638,0.29565660390028115,True,False,False,0.29565660390028115
bootstrap_ewma,bootstrap,ewma,nonoverlap,21,21,2020-09-01,2020-10-01,0.04652939528977007,0.512,252,500,0.019689446544140732,0.0015774369864188776,,-0.024812185360343575,0.1090146851551228,0.13382687051546638,True,False,False,0.13382687051546638,-0.09363756665249783,0.16232371369847554,0.2559612803509734,True,False,False,0.2559612803509734,-0.1548021703170264,0.2504046106356661,0.40520678095269247,True,False,False,0.40520678095269247
normal_ewma,normal,ewma,nonoverlap,21,21,2020-09-01,2020-10-01,0.04652939528977007,0.566,252,500,0.019689446544140732,0.0015774369864188776,,-0.020949041497303256,0.10019229871146962,0.12114134020877287,True,False,False,0.12114134020877287,-0.0865291768109335,0.15832960358146858,0.24485878039240208,True,False,False,0.24485878039240208,-0.14263147738352897,0.2540761728192467,0.39670765020277565,True,False,False,0.39670765020277565
student_t_ewma,student_t,ewma,nonoverlap,21,21,2020-09-01,2020-10-01,0.04652939528977007,0.582,252,500,0.019689446544140732,0.0015774369864188776,16.18588562628686,-0.03394790085623975,0.0883911530101581,0.12233905386639785,True,False,False,0.12233905386639785,-0.08170300232296215,0.1523005708740319,0.23400357319699405,True,False,False,0.23400357319699405,-0.13220284329094548,0.2137503495813786,0.34595319287232407,True,False,False,0.34595319287232407
bootstrap_rolling,bootstrap,rolling,nonoverlap,21,21,2020-10-01,2020-10-30,-0.04360995320528116,0.088,252,500,0.016274886420648962,0.0024603736069080707,,0.007452746661749221,0.1035530155293174,0.09610026886756817,False,True,False,0.3003510683356897,-0.035618599407407706,0.15823094132917173,0.19384954073657945,False,True,False,0.273763078715314,-0.08052590487398421,0.19721470800407306,0.2777406128780573,True,False,False,0.2777406128780573
normal_rolling,normal,rolling,nonoverlap,21,21,2020-10-01,2020-10-30,-0.04360995320528116,0.108,252,500,0.016274886420648962,0.0024603736069080707,,0.0012094229824451408,0.11025887813644664,0.1090494551540015,False,True,False,0.2883269599049067,-0.04606929010714087,0.1654311967026354,0.21150048680977626,True,False,False,0.21150048680977626,-0.09242492132696431,0.22812274326609921,0.3205476645930635,True,False,False,0.3205476645930635
student_t_rolling,student_t,rolling,nonoverlap,21,21,2020-10-01,2020-10-30,-0.04360995320528116,0.094,252,500,0.016274886420648962,0.0024603736069080707,16.404391039648406,0.004300705297051954,0.11233844391317471,0.10803773861612276,False,True,False,0.2996803726254552,-0.04048570426498107,0.16679265491499912,0.2072783591799802,False,True,False,0.23852084858298112,-0.10090833474589775,0.2286724978634474,0.3295808326093451,True,False,False,0.3295808326093451
bootstrap_ewma,bootstrap,ewma,nonoverlap,21,21,2020-10-01,2020-10-30,-0.04360995320528116,0.098,252,500,0.017261211886692177,0.0024603736069080707,,0.004755089160099701,0.10669194386961744,0.10193685470951774,False,True,False,0.2953970241710412,-0.04074438810368539,0.1649345246978713,0.20567891280155667,False,True,False,0.23433456381751436,-0.08805226932454403,0.20656214230776065,0.2946144116323047,True,False,False,0.2946144116323047
normal_ewma,normal,ewma,nonoverlap,21,21,2020-10-01,2020-10-30,-0.04360995320528116,0.124,252,500,0.017261211886692177,0.0024603736069080707,,-0.001847632230588786,0.11382574762404363,0.11567337985463241,False,True,False,0.28272266375340194,-0.051765907645024624,0.17261678118971166,0.22438268883473628,True,False,False,0.22438268883473628,-0.1005641908813201,0.23962492089440532,0.3401891117757254,True,False,False,0.3401891117757254
student_t_ewma,student_t,ewma,nonoverlap,21,21,2020-10-01,2020-10-30,-0.04360995320528116,0.104,252,500,0.017261211886692177,0.0024603736069080707,16.404391039648406,0.0014212923345726658,0.11603855619116704,0.11461726385659438,False,True,False,0.2947422460160097,-0.045878256065152466,0.17406970322224544,0.2199479592873979,True,False,False,0.2199479592873979,-0.10947849714035307,0.2402135159308569,0.34969201307121,True,False,False,0.34969201307121
bootstrap_rolling,bootstrap,rolling,nonoverlap,21,21,2020-10-30,2020-12-01,0.08225757302675696,0.65,252,500,0.01624259535572133,0.0022710268108948545,,0.003727303113289837,0.10403677896530089,0.10030947585201105,True,False,False,0.10030947585201105,-0.04075637287617744,0.15419161509655493,0.19494798797273238,True,False,False,0.19494798797273238,-0.081486462837484,0.21409225287552147,0.2955787157130055,True,False,False,0.2955787157130055
normal_rolling,normal,rolling,nonoverlap,21,21,2020-10-30,2020-12-01,0.08225757302675696,0.66,252,500,0.01624259535572133,0.0022710268108948545,,-0.0007175905863165688,0.09988793723009204,0.10060552781640861,True,False,False,0.10060552781640861,-0.04314992326301236,0.14569993948062618,0.18884986274363855,True,False,False,0.18884986274363855,-0.09838781154726907,0.20599806848867555,0.30438588003594463,True,False,False,0.30438588003594463
student_t_rolling,student_t,rolling,nonoverlap,21,21,2020-10-30,2020-12-01,0.08225757302675696,0.638,252,500,0.01624259535572133,0.0022710268108948545,19.484812291173185,-0.0033435850472946227,0.10804075985215494,0.11138434489944957,True,False,False,0.11138434489944957,-0.041690990989070344,0.15797136236832582,0.19966235335739616,True,False,False,0.19966235335739616,-0.09587701390187607,0.2300963333615777,0.3259733472634538,True,False,False,0.3259733472634538
bootstrap_ewma,bootstrap,ewma,nonoverlap,21,21,2020-10-30,2020-12-01,0.08225757302675696,0.656,252,500,0.01594981026073469,0.0022710268108948545,,0.00452318539498614,0.10301668810995573,0.0984935027149696,True,False,False,0.0984935027149696,-0.039211004447252784,0.15220209609822113,0.19141310054547392,True,False,False,0.19141310054547392,-0.07928689579641666,0.21089444326067908,0.29018133905709576,True,False,False,0.29018133905709576
normal_ewma,normal,ewma,nonoverlap,21,21,2020-10-30,2020-12-01,0.08225757302675696,0.662,252,500,0.01594981026073469,0.0022710268108948545,,0.00015478008331754056,0.09894625865431866,0.09879147857100112,True,False,False,0.09879147857100112,-0.041565248919583936,0.14387730972952806,0.185442558649112,True,False,False,0.185442558649112,-0.09592619771219721,0.20296665616369775,0.2988928538758949,True,False,False,0.2988928538758949
student_t_ewma,student_t,ewma,nonoverlap,21,21,2020-10-30,2020-12-01,0.08225757302675696,0.638,252,500,0.01594981026073469,0.0022710268108948545,19.484812291173185,-0.002426191348950668,0.10694473087446199,0.10937092222341266,True,False,False,0.10937092222341266,-0.04013026191790475,0.15590720261842225,0.196037464536327,True,False,False,0.196037464536327,-0.0934538968157138,0.22656691406341042,0.3200208108791242,True,False,False,0.3200208108791242
bootstrap_rolling,bootstrap,rolling,nonoverlap,21,21,2020-12-01,2020-12-31,-0.051615361232427714,0.084,252,500,0.01662714529439578,0.0023106711759564255,,-0.004460661081794659,0.09481557830848869,0.09927623939028335,False,True,False,0.28789503999281557,-0.043994435495003426,0.14573871915051276,0.18973315464551618,False,True,False,0.2659424120197591,-0.09241715783951028,0.18889829793030616,0.2813154557698164,True,False,False,0.2813154557698164
normal_rolling,normal,rolling,nonoverlap,21,21,2020-12-01,2020-12-31,-0.051615361232427714,0.096,252,500,0.01662714529439578,0.0023106711759564255,,-0.005162969430953679,0.1025327816049566,0.10769575103591028,False,True,False,0.2935053182418064,-0.04960890286992431,0.16863123018440537,0.21824013305432968,False,True,False,0.23830471667936373,-0.09163506466943834,0.2315700684097825,0.32320513307922083,True,False,False,0.32320513307922083
student_t_rolling,student_t,rolling,nonoverlap,21,21,2020-12-01,2020-12-31,-0.051615361232427714,0.1,252,500,0.01662714529439578,0.0023106711759564255,30.0,0.011204272721224151,0.10776337815706305,0.0965591054358389,False,True,False,0.34783764125044636,-0.049925501774138646,0.16564081483713425,0.2155663166112729,False,True,False,0.2324649111941636,-0.08514667739009729,0.2312761650351172,0.31642284242521446,True,False,False,0.31642284242521446
bootstrap_ewma,bootstrap,ewma,nonoverlap,21,21,2020-12-01,2020-12-31,-0.051615361232427714,0.092,252,500,0.017037756863152256,0.0023106711759564255,,-0.005762689461410286,0.09595338504542422,0.10171607450683451,False,True,False,0.2851267615909042,-0.0461996800898442,0.1482178757583033,0.19441755584814752,False,True,False,0.24857436727398266,-0.09567227344108493,0.19255935393820328,0.2882316273792882,True,False,False,0.2882316273792882
normal_ewma,normal,ewma,nonoverlap,21,21,2020-12-01,2020-12-31,-0.051615361232427714,0.102,252,500,0.017037756863152256,0.0023106711759564255,,-0.006481393488356357,0.10387007162425843,0.11035146511261479,False,True,False,0.2908873360889002,-0.051939106869658885,0.17173223941047702,0.2236713462801359,True,False,False,0.2236713462801359,-0.09487372697320191,0.23643888642071273,0.33131261339391466,True,False,False,0.33131261339391466
student_t_ewma,student_t,ewma,nonoverlap,21,21,2020-12-01,2020-12-31,-0.051615361232427714,0.102,252,500,0.017037756863152256,0.0023106711759564255,30.0,0.01027119977023222,0.10923665394950222,0.09896545417927,False,True,False,0.34651169818990973,-0.0522627246454625,0.16865994077917945,0.22092266542464195,True,False,False,0.22092266542464195,-0.08824823393976225,0.23613669314327995,0.32438492708304223,True,False,False,0.32438492708304223
bootstrap_rolling,bootstrap,rolling,nonoverlap,21,21,2020-12-31,2021-02-02,0.02776795438591062,0.362,252,500,0.016531927303727836,0.002400136461752318,,0.008526635259237914,0.10452605691654349,0.09599942165730557,True,False,False,0.09599942165730557,-0.030186787788862846,0.15225690567167757,0.18244369346054043,True,False,False,0.18244369346054043,-0.07170490654805581,0.20779643935234537,0.2795013459004012,True,False,False,0.2795013459004012
normal_rolling,normal,rolling,nonoverlap,21,21,2020-12-31,2021-02-02,0.02776795438591062,0.36,252,500,0.016531927303727836,0.002400136461752318,,0.00016527578441699609,0.11168980894061759,0.11152453315620059,True,False,False,0.11152453315620059,-0.04419885123541877,0.1650860237789967,0.20928487501441548,True,False,False,0.20928487501441548,-0.09285133528695692,0.22584087445566184,0.31869220974261875,True,False,False,0.31869220974261875
student_t_rolling,student_t,rolling,nonoverlap,21,21,2020-12-31,2021-02-02,0.02776795438591062,0.424,252,500,0.016531927303727836,0.002400136461752318,29.343787089113,-0.006127335374537107,0.10816553134461104,0.11429286671914815,True,False,False,0.11429286671914815,-0.05156633194738165,0.16666612673728823,0.2182324586846699,True,False,False,0.2182324586846699,-0.10048919421395439,0.21813682813947022,0.31862602235342463,True,False,False,0.31862602235342463
bootstrap_ewma,bootstrap,ewma,nonoverlap,21,21,2020-12-31,2021-02-02,0.02776795438591062,0.352,252,500,0.015922853850859703,0.002400136461752318,,0.010085148902528762,0.10253334013962495,0.09244819123709619,True,False,False,0.09244819123709619,-0.027286367974209302,0.14838674034929472,0.17567310832350402,True,False,False,0.17567310832350402,-0.06742657051797145,0.20165380631254756,0.269080376830519,True,False,False,0.269080376830519
normal_ewma,normal,ewma,nonoverlap,21,21,2020-12-31,2021-02-02,0.02776795438591062,0.356,252,500,0.015922853850859703,0.002400136461752318,,0.002018162164558246,0.10941987691367028,0.10740171474911203,True,False,False,0.10740171474911203,-0.040826178262851065,0.1606991793407195,0.20152535760357057,True,False,False,0.20152535760357057,-0.08789643829849166,0.2189403440654531,0.30683678236394474,True,False,False,0.30683678236394474
student_t_ewma,student_t,ewma,nonoverlap,21,21,2020-12-31,2021-02-02,0.02776795438591062,0.416,252,500,0.015922853850859703,0.002400136461752318,29.343787089113,-0.004054548244381451,0.10603218651886842,0.11008673476324987,True,False,False,0.11008673476324987,-0.04794827782436706,0.16221530570915857,0.21016358353352563,True,False,False,0.21016358353352563,-0.09529423336362941,0.2115610299472108,0.30685526331084023,True,False,False,0.30685526331084023
bootstrap_rolling,bootstrap,rolling,nonoverlap,21,21,2021-02-02,2021-03-04,-0.06779398254188862,0.02,252,500,0.016584726367402842,0.002555046860716306,,0.006015385182713828,0.10090435180073687,0.09488896661802304,False,True,False,0.39012643751643283,-0.025127389669019565,0.14450868059663471,0.16963607026565428,False,True,False,0.5963019989943449,-0.06439774629626009,0.1941249775786902,0.2585227238749503,False,True,False,0.3943721737000913
normal_rolling,normal,rolling,nonoverlap,21,21,2021-02-02,2021-03-04,-0.06779398254188862,0.034,252,500,0.016584726367402842,0.002555046860716306,,0.014242729611565141,0.11674566149732069,0.10250293188575554,False,True,False,0.4306497804995706,-0.03161008299548072,0.16449791664271124,0.19610799963819198,False,True,False,0.5579469951022711,-0.0728453336112996,0.23538189452243136,0.30822722813373093,True,False,False,0.30822722813373093
student_t_rolling,student_t,rolling,nonoverlap,21,21,2021-02-02,2021-03-04,-0.06779398254188862,0.058,252,500,0.016584726367402842,0.002555046860716306,29.457759746108525,0.001446009424136696,0.10480341873156557,0.10335740930742887,False,True,False,0.38031737717153014,-0.04684048799472774,0.15208682573202303,0.19892731372675077,False,True,False,0.40846225919835966,-0.08412385496316849,0.20353510156279456,0.28765895652596307,True,False,False,0.28765895652596307
bootstrap_ewma,bootstrap,ewma,nonoverlap,21,21,2021-02-02,2021-03-04,-0.06779398254188862,0.016,252,500,0.015626085813920245,0.002555046860716306,,0.008790569886848398,0.09820470070551579,0.08941413081866739,False,True,False,0.39575234053361547,-0.020659632935234845,0.13914156605311415,0.159801198988349,False,True,False,0.6311446950548869,-0.057873533942494816,0.18561326236547906,0.24348679630797387,False,True,False,0.6403047402837256
normal_ewma,normal,ewma,nonoverlap,21,21,2021-02-02,2021-03-04,-0.06779398254188862,0.024,252,500,0.015626085813920245,0.002555046860716306,,0.0165619040194665,0.11308757918724122,0.09652567516777472,False,True,False,0.4339492214131952,-0.026796783368919785,0.15787764671945126,0.18467443008837103,False,True,False,0.5946464218180594,-0.06589042633023476,0.22417026355385564,0.2900606898840904,False,True,False,0.3662029383502448
student_t_ewma,student_t,ewma,nonoverlap,21,21,2021-02-02,2021-03-04,-0.06779398254188862,0.04,252,500,0.015626085813920245,0.002555046860716306,29.457759746108525,0.004472871334297079,0.10186900686337702,0.09739613552907994,False,True,False,0.38646355103382274,-0.04122475129442038,0.14624683400974595,0.18747158530416633,False,True,False,0.4531638977788488,-0.07660051506382963,0.19441419319279546,0.2710147082566251,True,False,False,0.2710147082566251
bootstrap_rolling,bootstrap,rolling,nonoverlap,21,21,2021-03-04,2021-04-05,-0.02820090504008821,0.218,252,500,0.01655117634890369,0.0016185862872792262,,-0.022285575998693102,0.07630293741074146,0.09858851340943456,False,True,False,0.12224982957501498,-0.05961266899443522,0.12098976075666724,0.18060242975110247,True,False,False,0.18060242975110247,-0.09425850799310362,0.1786605670860068,0.2729190750791104,True,False,False,0.2729190750791104
normal_rolling,normal,rolling,nonoverlap,21,21,2021-03-04,2021-04-05,-0.02820090504008821,0.22,252,500,0.01655117634890369,0.0016185862872792262,,-0.019365421034537367,0.09205324555500755,0.11141866658954491,False,True,False,0.14676060261174828,-0.06264787898776726,0.14369969046019535,0.20634756944796262,True,False,False,0.20634756944796262,-0.1015117916824865,0.2003604824036429,0.3018722740861294,True,False,False,0.3018722740861294
student_t_rolling,student_t,rolling,nonoverlap,21,21,2021-03-04,2021-04-05,-0.02820090504008821,0.202,252,500,0.01655117634890369,0.0016185862872792262,30.0,-0.01611921204483449,0.09096977655400923,0.10708898859884372,False,True,False,0.1554157605798586,-0.05804676115852615,0.13428810739968836,0.19233486855821452,True,False,False,0.19233486855821452,-0.09878779677694945,0.2000776763379247,0.29886547311487416,True,False,False,0.29886547311487416
bootstrap_ewma,bootstrap,ewma,nonoverlap,21,21,2021-03-04,2021-04-05,-0.02820090504008821,0.24,252,500,0.01804560812217988,0.0016185862872792262,,-0.027263115773840524,0.08015250823414721,0.10741562400798774,False,True,False,0.11116678107297848,-0.06768272654631563,0.1291390421417849,0.19682176868810053,True,False,False,0.19682176868810053,-0.10506956126768933,0.19261891287663865,0.297688474144328,True,False,False,0.297688474144328
normal_ewma,normal,ewma,nonoverlap,21,21,2021-03-04,2021-04-05,-0.02820090504008821,0.238,252,500,0.01804560812217988,0.0016185862872792262,,-0.02409505930655992,0.09739769022007788,0.1214927495266378,False,True,False,0.13791613246075096,-0.07096311525672454,0.15410206895235826,0.22506518420908278,True,False,False,0.22506518420908278,-0.11288057893792829,0.21657816263267116,0.32945874157059946,True,False,False,0.32945874157059946
student_t_ewma,student_t,ewma,nonoverlap,21,21,2021-03-04,2021-04-05,-0.02820090504008821,0.228,252,500,0.01804560812217988,0.0016185862872792262,30.0,-0.020572307660255,0.09621066434192643,0.11678297200218143,False,True,False,0.14729736152151426,-0.06598995069311295,0.1437512246954024,0.20974117538851536,True,False,False,0.20974117538851536,-0.10994781993172244,0.2162656305529703,0.32621345048469275,True,False,False,0.32621345048469275
bootstrap_rolling,bootstrap,rolling,nonoverlap,21,21,2021-04-05,2021-05-04,-0.09685796374831612,0.018,252,500,0.01653776948125391,0.0013068306393420079,,-0.02076012144653358,0.07492717917356884,0.09568730062010242,False,True,False,0.4000786698272326,-0.05717113961360511,0.12789324714437586,0.18506438675798098,False,True,False,0.5819326281050912,-0.09108897319341049,0.183296775605099,0.27438574879850947,False,True,False,0.5051453709947348
normal_rolling,normal,rolling,nonoverlap,21,21,2021-04-05,2021-05-04,-0.09685796374831612,0.052,252,500,0.01653776948125391,0.0013068306393420079,,-0.019033276396453885,0.08001966901620522,0.0990529454126591,False,True,False,0.410351694820108,-0.06997477643369687,0.13818817006600093,0.2081629464996978,False,True,False,0.47699481964589036,-0.10839249478261712,0.19222326823349356,0.3006157630161107,True,False,False,0.3006157630161107
student_t_rolling,student_t,rolling,nonoverlap,21,21,2021-04-05,2021-05-04,-0.09685796374831612,0.048,252,500,0.01653776948125391,0.0013068306393420079,30.0,-0.03393243503126725,0.07146429629182904,0.1053967313230963,False,True,False,0.3570988461912918,-0.0708288871406588,0.12078256911871697,0.19161145625937576,False,True,False,0.45190222233594907,-0.11385976771232575,0.18200974337717385,0.2958695110894996,True,False,False,0.2958695110894996
bootstrap_ewma,bootstrap,ewma,nonoverlap,21,21,2021-04-05,2021-05-04,-0.09685796374831612,0.016,252,500,0.016059875581676573,0.0013068306393420079,,-0.019388953235295603,0.07353619417179919,0.09292514740709479,False,True,False,0.40280118945917687,-0.054816577957576045,0.12486916820192287,0.17968574615949892,False,True,False,0.6000996040668998,-0.08785392116413897,0.17848997661949983,0.2663438977836388,False,True,False,0.6265056011507246
normal_ewma,normal,ewma,nonoverlap,21,21,2021-04-05,2021-05-04,-0.09685796374831612,0.044,252,500,0.016059875581676573,0.0013068306393420079,,-0.017709704148249822,0.07847478810294384,0.09618449225119366,False,True,False,0.41277753065145883,-0.06728373471811087,0.13483848176733912,0.20212221648544998,False,True,False,0.4978645067875025,-0.10472189659439507,0.18712236086092027,0.29184425745531534,True,False,False,0.29184425745531534
student_t_ewma,student_t,ewma,nonoverlap,21,21,2021-04-05,2021-05-04,-0.09685796374831612,0.046,252,500,0.016059875581676573,0.0013068306393420079,30.0,-0.03220103982658268,0.07017757281057918,0.10237861263716186,False,True,False,0.36100630832409564,-0.06811557503650531,0.11798185370801675,0.18609742874452206,False,True,False,0.47352131586263024,-0.11005354896843904,0.17724519071822364,0.2872987396866627,True,False,False,0.2872987396866627
bootstrap_rolling,bootstrap,rolling,nonoverlap,21,21,2021-05-04,2021-06-03,-0.06420110127246503,0.114,252,500,0.016724590127098506,0.0007517099935678155,,-0.02823263381929303,0.06489987660846752,0.09313251042776055,False,True,False,0.23700638024044857,-0.06790344884121441,0.11659145829341515,0.18449490713462957,True,False,False,0.18449490713462957,-0.10250956693860676,0.1698458110480457,0.27235537798665244,True,False,False,0.27235537798665244
normal_rolling,normal,rolling,nonoverlap,21,21,2021-05-04,2021-06-03,-0.06420110127246503,0.136,252,500,0.016724590127098506,0.0007517099935678155,,-0.03847239642736747,0.0697738201718403,0.10824621659920777,False,True,False,0.21116103597959804,-0.07417425140978974,0.118894871149622,0.19306912255941172,True,False,False,0.19306912255941172,-0.11551689578487423,0.18544334815451413,0.30096024393938836,True,False,False,0.30096024393938836
student_t_rolling,student_t,rolling,nonoverlap,21,21,2021-05-04,2021-06-03,-0.06420110127246503,0.116,252,500,0.016724590127098506,0.0007517099935678155,30.0,-0.02943496478515853,0.06515568004622324,0.09459064483138177,False,True,False,0.23365519078060779,-0.07258721270813782,0.12273435692328508,0.1953215696314229,True,False,False,0.1953215696314229,-0.12128013057992251,0.19704199399294053,0.318322124572863,True,False,False,0.318322124572863
bootstrap_ewma,bootstrap,ewma,nonoverlap,21,21,2021-05-04,2021-06-03,-0.06420110127246503,0.066,252,500,0.014018921828659298,0.0007517099935678155,,-0.021223447013062086,0.05681731248084365,0.07804075949390574,False,True,False,0.24995137653151753,-0.054828642684225944,0.09965174822396355,0.1544803909081895,False,True,False,0.2482049767905804,-0.08433296226993599,0.14344693690503246,0.22777989917496844,True,False,False,0.22777989917496844
normal_ewma,normal,ewma,nonoverlap,21,21,2021-05-04,2021-06-03,-0.06420110127246503,0.088,252,500,0.014018921828659298,0.0007517099935678155,,-0.02987594654229489,0.06087027062735351,0.0907462171696484,False,True,False,0.22804683609032897,-0.06016159858237866,0.1015529121002048,0.16171451068258347,False,True,False,0.20210953758344719,-0.09546980734373119,0.15621227098924675,0.25168207833297795,True,False,False,0.25168207833297795
student_t_ewma,student_t,ewma,nonoverlap,21,21,2021-05-04,2021-06-03,-0.06420110127246503,0.092,252,500,0.014018921828659298,0.0007517099935678155,30.0,-0.02223863445499563,0.05703012079693365,0.07926875525192928,False,True,False,0.24711862252180689,-0.05881137606565827,0.1047204631244439,0.16353183919010217,False,True,False,0.2174290912581698,-0.10041279002563719,0.1656874249686421,0.26610021499427927,True,False,False,0.26610021499427927
bootstrap_rolling,bootstrap,rolling,nonoverlap,21,21,2021-06-03,2021-07-02,0.0026838675931777356,0.524,252,500,0.016351304820428354,4.884367409612308e-05,,-0.04336415149547995,0.04776365233082547,0.09112780382630542,True,False,False,0.09112780382630542,-0.07785029288988206,0.08482488408061825,0.16267517697050032,True,False,False,0.16267517697050032,-0.11086210332086514,0.12549628275540878,0.2363583860762739,True,False,False,0.2363583860762739
normal_rolling,normal,rolling,nonoverlap,21,21,2021-06-03,2021-07-02,0.0026838675931777356,0.506,252,500,0.016351304820428354,4.884367409612308e-05,,-0.04563097214773426,0.059559173817100464,0.10519014596483472,True,False,False,0.10519014596483472,-0.09131189866251004,0.099751718137653,0.19106361680016304,True,False,False,0.19106361680016304,-0.12337905364874903,0.16486946917171086,0.2882485228204599,True,False,False,0.2882485228204599
student_t_rolling,student_t,rolling,nonoverlap,21,21,2021-06-03,2021-07-02,0.0026838675931777356,0.508,252,500,0.016351304820428354,4.884367409612308e-05,30.0,-0.050178774530031084,0.05598362970307136,0.10616240423310244,True,False,False,0.10616240423310244,-0.08777813732059868,0.11273884776183421,0.20051698508243287,True,False,False,0.20051698508243287,-0.12391936731873936,0.15965861531126427,0.2835779826300036,True,False,False,0.2835779826300036
bootstrap_ewma,bootstrap,ewma,nonoverlap,21,21,2021-06-03,2021-07-02,0.0026838675931777356,0.528,252,500,0.013815545290819966,4.884367409612308e-05,,-0.03661131363073136,0.040375159024689355,0.07698647265542072,True,False,False,0.07698647265542072,-0.06603821588001053,0.0713839827287044,0.13742219860871493,True,False,False,0.13742219860871493,-0.09436735873825353,0.10522499184207364,0.19959235058032715,True,False,False,0.19959235058032715
normal_ewma,normal,ewma,nonoverlap,21,21,2021-06-03,2021-07-02,0.0026838675931777356,0.508,252,500,0.013815545290819966,4.884367409612308e-05,,-0.03854046998767935,0.05026255234302052,0.08880302233069987,True,False,False,0.08880302233069987,-0.07757100043029208,0.08382648455252534,0.16139748498281742,True,False,False,0.16139748498281742,-0.10515119644099205,0.13780560047237586,0.2429567969133679,True,False,False,0.2429567969133679
student_t_ewma,student_t,ewma,nonoverlap,21,21,2021-06-03,2021-07-02,0.0026838675931777356,0.508,252,500,0.013815545290819966,4.884367409612308e-05,30.0,-0.04241299100924187,0.047267221786319535,0.0896802127955614,True,False,False,0.0896802127955614,-0.07454103065712925,0.09463081375151244,0.1691718444086417,True,False,False,0.1691718444086417,-0.1056172526513962,0.1335036498627461,0.2391209025141423,True,False,False,0.2391209025141423
bootstrap_rolling,bootstrap,rolling,nonoverlap,21,21,2021-07-02,2021-08-03,-0.0064301310542900225,0.604,252,500,0.01638724202737348,-0.0007812823588069562,,-0.06453852395967263,0.019804000042738412,0.08434252400241105,True,False,False,0.08434252400241105,-0.09921375185214361,0.06075097133536594,0.15996472318750954,True,False,False,0.15996472318750954,-0.13608926391888582,0.09796584067588696,0.23405510459477277,True,False,False,0.23405510459477277
normal_rolling,normal,rolling,nonoverlap,21,21,2021-07-02,2021-08-03,-0.0064301310542900225,0.58,252,500,0.01638724202737348,-0.0007812823588069562,,-0.05601381258014329,0.028874711562153044,0.08488852414229633,True,False,False,0.08488852414229633,-0.10626349762934699,0.07506014723282849,0.18132364486217548,True,False,False,0.18132364486217548,-0.14976131565798395,0.13217485945799512,0.28193617511597907,True,False,False,0.28193617511597907
student_t_rolling,student_t,rolling,nonoverlap,21,21,2021-07-02,2021-08-03,-0.0064301310542900225,0.55,252,500,0.01638724202737348,-0.0007812823588069562,30.0,-0.07012479107633904,0.034064257565748046,0.10418904864208708,True,False,False,0.10418904864208708,-0.10873190200531775,0.0811915515292584,0.18992345353457615,True,False,False,0.18992345353457615,-0.1421470977600512,0.1452213111308,0.2873684088908512,True,False,False,0.2873684088908512
bootstrap_ewma,bootstrap,ewma,nonoverlap,21,21,2021-07-02,2021-08-03,-0.0064301310542900225,0.606,252,500,0.015981445997233997,-0.0007812823588069562,,-0.06337241670258165,0.01889484501328964,0.08226726171587129,True,False,False,0.08226726171587129,-0.09724687893940796,0.05877268152845117,0.15601956046785914,True,False,False,0.15601956046785914,-0.1333062976559837,0.09498276189776994,0.22828905955375364,True,False,False,0.22828905955375364
normal_ewma,normal,ewma,nonoverlap,21,21,2021-07-02,2021-08-03,-0.0064301310542900225,0.58,252,500,0.015981445997233997,-0.0007812823588069562,,-0.05504937465107346,0.027732080308362717,0.08278145495943617,True,False,False,0.08278145495943617,-0.10413773321112454,0.0726991806756868,0.17683691388681133,True,False,False,0.17683691388681133,-0.14668537895977365,0.1282411879341548,0.27492656689392847,True,False,False,0.27492656689392847
student_t_ewma,student_t,ewma,nonoverlap,21,21,2021-07-02,2021-08-03,-0.0064301310542900225,0.55,252,500,0.015981445997233997,-0.0007812823588069562,30.0,-0.06882754618677639,0.03278718422350946,0.10161473041028585,True,False,False,0.10161473041028585,-0.10655082662173851,0.07866520088580861,0.18521602750754712,True,False,False,0.18521602750754712,-0.13923367494931635,0.1409183888117003,0.28015206376101665,True,False,False,0.28015206376101665
bootstrap_rolling,bootstrap,rolling,nonoverlap,21,21,2021-08-03,2021-09-01,-0.004691302204472891,0.626,252,500,0.016545365361136773,-0.0006047268501665462,,-0.06411607540380593,0.02103890777305778,0.08515498317686371,True,False,False,0.08515498317686371,-0.09531001894818394,0.06746914378162937,0.1627791627298133,True,False,False,0.1627791627298133,-0.12379824255287021,0.12411508845307621,0.24791333100594642,True,False,False,0.24791333100594642
normal_rolling,normal,rolling,nonoverlap,21,21,2021-08-03,2021-09-01,-0.004691302204472891,0.526,252,500,0.016545365361136773,-0.0006047268501665462,,-0.05871623204892307,0.04359115192571156,0.10230738397463462,True,False,False,0.10230738397463462,-0.1000343105761534,0.08977860348843114,0.18981291406458456,True,False,False,0.18981291406458456,-0.1517156873854818,0.12624589102011116,0.277961578405593,True,False,False,0.277961578405593
student_t_rolling,student_t,rolling,nonoverlap,21,21,2021-08-03,2021-09-01,-0.004691302204472891,0.56,252,500,0.016545365361136773,-0.0006047268501665462,30.0,-0.06704842653789017,0.03747528378312026,0.10452371032101043,True,False,False,0.10452371032101043,-0.11360167652826267,0.07855390251142368,0.19215557903968633,True,False,False,0.19215557903968633,-0.14806453898683047,0.1484069823774787,0.2964715213643092,True,False,False,0.2964715213643092
bootstrap_ewma,bootstrap,ewma,nonoverlap,21,21,2021-08-03,2021-09-01,-0.004691302204472891,0.626,252,500,0.017532129034008293,-0.0006047268501665462,,-0.06710106427594306,0.023082133106041236,0.0901831973819843,True,False,False,0.0901831973819843,-0.10001688402224548,0.07244583957300965,0.17246272359525514,True,False,False,0.17246272359525514,-0.13001860535629636,0.13284432834749715,0.26286293370379354,True,False,False,0.26286293370379354
normal_ewma,normal,ewma,nonoverlap,21,21,2021-08-03,2021-09-01,-0.004691302204472891,0.524,252,500,0.017532129034008293,-0.0006047268501665462,,-0.061396445750283885,0.047042875204525436,0.10843932095480932,True,False,False,0.10843932095480932,-0.1049961143573256,0.09621074425568484,0.20120685861301044,True,False,False,0.20120685861301044,-0.15936274177240997,0.13511939921437943,0.2944821409867894,True,False,False,0.2944821409867894
student_t_ewma,student_t,ewma,nonoverlap,21,21,2021-08-03,2021-09-01,-0.004691302204472891,0.556,252,500,0.017532129034008293,-0.0006047268501665462,30.0,-0.0701980994485468,0.04054196092247375,0.11074006037102055,True,False,False,0.11074006037102055,-0.119286915820057,0.0842500888121474,0.20353700463220442,True,False,False,0.20353700463220442,-0.1555283244534425,0.15880099898511119,0.3143293234385537,True,False,False,0.3143293234385537
bootstrap_rolling,bootstrap,rolling,nonoverlap,21,21,2021-09-01,2021-10-01,0.02503343270794156,0.73,252,500,0.015861638486574747,-0.000877687743227347,,-0.061814537753866056,0.027566597682103566,0.08938113543596962,True,False,False,0.08938113543596962,-0.09149895011273172,0.07100495494691766,0.1625039050596494,True,False,False,0.1625039050596494,-0.1235693101671344,0.12393414647518174,0.24750345664231616,True,False,False,0.24750345664231616
normal_rolling,normal,rolling,nonoverlap,21,21,2021-09-01,2021-10-01,0.02503343270794156,0.744,252,500,0.015861638486574747,-0.000877687743227347,,-0.0683923605295094,0.025773341434988828,0.09416570196449822,True,False,False,0.09416570196449822,-0.10874665898548852,0.06445284017099409,0.1731994991564826,True,False,False,0.1731994991564826,-0.14616608281948687,0.11735167472205818,0.26351775754154505,True,False,False,0.26351775754154505
student_t_rolling,student_t,rolling,nonoverlap,21,21,2021-09-01,2021-10-01,0.02503343270794156,0.714,252,500,0.015861638486574747,-0.000877687743227347,30.0,-0.06560588588521679,0.03168844716845942,0.09729433305367621,True,False,False,0.09729433305367621,-0.11207382732672101,0.07914771506117602,0.19122154238789701,True,False,False,0.19122154238789701,-0.1612357727666706,0.1344679484126582,0.29570372117932875,True,False,False,0.29570372117932875
bootstrap_ewma,bootstrap,ewma,nonoverlap,21,21,2021-09-01,2021-10-01,0.02503343270794156,0.716,252,500,0.016882699054025216,-0.000877687743227347,,-0.06455097508238031,0.03058900878057791,0.09513998386295822,True,False,False,0.09513998386295822,-0.09602170347778431,0.0770218906282811,0.1730435941060654,True,False,False,0.1730435941060654,-0.1299467422900198,0.13376435919607918,0.263711101486099,True,False,False,0.263711101486099
normal_ewma,normal,ewma,nonoverlap,21,21,2021-09-01,2021-10-01,0.02503343270794156,0.734,252,500,0.016882699054025216,-0.000877687743227347,,-0.07153023426294797,0.02867481084500889,0.10020504510795686,True,False,False,0.10020504510795686,-0.11427708016204989,0.07001020474151148,0.1842872849035614,True,False,False,0.1842872849035614,-0.15380368972725156,0.1266974067675922,0.2805010964948438,True,False,False,0.2805010964948438
student_t_ewma,student_t,ewma,nonoverlap,21,21,2021-09-01,2021-10-01,0.02503343270794156,0.692,252,500,0.016882699054025216,-0.000877687743227347,30.0,-0.06857409050415245,0.034989665210179766,0.10356375571433221,True,False,False,0.10356375571433221,-0.117796030136944,0.08573966481169845,0.20353569494864243,True,False,False,0.20353569494864243,-0.16969110190740927,0.1450770228855706,0.3147681247929799,True,False,False,0.3147681247929799
bootstrap_rolling,bootstrap,rolling,nonoverlap,21,21,2021-10-01,2021-11-01,0.10485587179114098,0.966,252,500,0.01570825681390924,-0.0009600453714793028,,-0.06568211150400241,0.023903527120726686,0.0895856386247291,False,False,True,0.4133950173063863,-0.09526989102205653,0.06231838552822792,0.15758827655028446,False,False,True,0.5829631391794151,-0.12243928517606074,0.10816274721988987,0.23060203239595062,True,False,False,0.23060203239595062
normal_rolling,normal,rolling,nonoverlap,21,21,2021-10-01,2021-11-01,0.10485587179114098,0.944,252,500,0.01570825681390924,-0.0009600453714793028,,-0.06365187212181628,0.026993366463723745,0.09064523858554002,False,False,True,0.40209525989520895,-0.10585689163716291,0.07285742008209271,0.17871431171925561,False,False,True,0.4986988288097383,-0.1529806444388661,0.14531501991607737,0.2982956643549435,True,False,False,0.2982956643549435
student_t_rolling,student_t,rolling,nonoverlap,21,21,2021-10-01,2021-11-01,0.10485587179114098,0.956,252,500,0.01570825681390924,-0.0009600453714793028,30.0,-0.062162728338241824,0.03045397602059008,0.0926167043588319,False,False,True,0.3902242874410355,-0.10255165304782901,0.06791456864961573,0.17046622169744474,False,False,True,0.5398792531126972,-0.13867791689133105,0.12712217778688248,0.2658000946782135,True,False,False,0.2658000946782135
bootstrap_ewma,bootstrap,ewma,nonoverlap,21,21,2021-10-01,2021-11-01,0.10485587179114098,0.978,252,500,0.014659525858902022,-0.0009600453714793028,,-0.06269708757722875,0.0209149210594598,0.08361200863668855,False,False,True,0.41937581156341325,-0.09042733509961802,0.056616262872189606,0.14704359797180763,False,False,True,0.6294396871613214,-0.11594436486316495,0.09910988759796369,0.21505425246112864,False,False,True,0.44489362018822
normal_ewma,normal,ewma,nonoverlap,21,21,2021-10-01,2021-11-01,0.10485587179114098,0.952,252,500,0.014659525858902022,-0.0009600453714793028,,-0.06079647839333216,0.023789765462587487,0.08458624385591965,False,False,True,0.4088506691701336,-0.10036429363921977,0.06639565921751625,0.166759952856736,False,False,True,0.5513620785929834,-0.1446914636615624,0.13346047024796903,0.2781519339095314,True,False,False,0.2781519339095314
student_t_ewma,student_t,ewma,nonoverlap,21,21,2021-10-01,2021-11-01,0.10485587179114098,0.966,252,500,0.014659525858902022,-0.0009600453714793028,30.0,-0.0594025905095833,0.027008899627943117,0.08641149013752641,False,False,True,0.39779937879031785,-0.09726115656261,0.06180988355894784,0.15907104012155784,False,False,True,0.5895309224434893,-0.1312205089069192,0.11664902186284032,0.2478695307697595,True,False,False,0.2478695307697595
bootstrap_rolling,bootstrap,rolling,nonoverlap,21,21,2021-11-01,2021-12-01,0.01191453149027688,0.632,252,500,0.015838394117218428,-0.00038740908538895146,,-0.05062125273478099,0.03554688641178977,0.08616813914657076,True,False,False,0.08616813914657076,-0.08354512453376811,0.07939210976102155,0.16293723429478968,True,False,False,0.16293723429478968,-0.1226530125704845,0.13620042527746656,0.25885343784795106,True,False,False,0.25885343784795106
normal_rolling,normal,rolling,nonoverlap,21,21,2021-11-01,2021-12-01,0.01191453149027688,0.604,252,500,0.015838394117218428,-0.00038740908538895146,,-0.05318194351401759,0.04485610538523549,0.09803804889925308,True,False,False,0.09803804889925308,-0.09520001462950337,0.10047322271598261,0.19567323734548597,True,False,False,0.19567323734548597,-0.1443616678388441,0.15889013500321908,0.3032518028420632,True,False,False,0.3032518028420632
student_t_rolling,student_t,rolling,nonoverlap,21,21,2021-11-01,2021-12-01,0.01191453149027688,0.634,252,500,0.015838394117218428,-0.00038740908538895146,30.0,-0.05996149266392595,0.037974446557385466,0.09793593922131141,True,False,False,0.09793593922131141,-0.09681372312430316,0.08439441356105365,0.1812081366853568,True,False,False,0.1812081366853568,-0.14592827636981678,0.13900571310120413,0.2849339894710209,True,False,False,0.2849339894710209
bootstrap_ewma,bootstrap,ewma,nonoverlap,21,21,2021-11-01,2021-12-01,0.01191453149027688,0.634,252,500,0.01514800078351023,-0.00038740908538895146,,-0.04880644368640477,0.033604770688995034,0.0824112143753998,True,False,False,0.0824112143753998,-0.08037949857026998,0.0754220759130468,0.15580157448331677,True,False,False,0.15580157448331677,-0.11794733114700061,0.12949305615075268,0.2474403872977533,True,False,False,0.2474403872977533
normal_ewma,normal,ewma,nonoverlap,21,21,2021-11-01,2021-12-01,0.01191453149027688,0.604,252,500,0.01514800078351023,-0.00038740908538895146,,-0.051260338527957805,0.04248976968248669,0.0937501082104445,True,False,False,0.0937501082104445,-0.09156797090825278,0.09550161552103621,0.187069586429289,True,False,False,0.187069586429289,-0.1388324266911677,0.15105653364787502,0.2898889603390427,True,False,False,0.2898889603390427
student_t_ewma,student_t,ewma,nonoverlap,21,21,2021-11-01,2021-12-01,0.01191453149027688,0.634,252,500,0.01514800078351023,-0.00038740908538895146,30.0,-0.05775854373548345,0.035922023268346814,0.09368056700383026,True,False,False,0.09368056700383026,-0.09311759973619134,0.08018824849726168,0.17330584823345302,True,False,False,0.17330584823345302,-0.14034050940188791,0.13215994302962816,0.2725004524315161,True,False,False,0.2725004524315161
bootstrap_rolling,bootstrap,rolling,nonoverlap,21,21,2021-12-01,2021-12-31,-0.004364041853794354,0.546,252,500,0.015490115778284949,-0.0006540959605856963,,-0.05115247258053768,0.029272247503395132,0.08042472008393281,True,False,False,0.08042472008393281,-0.08811331362634546,0.06699805585261633,0.15511136947896179,True,False,False,0.15511136947896179,-0.12667059060710345,0.1216364463059895,0.24830703691309297,True,False,False,0.24830703691309297
normal_rolling,normal,rolling,nonoverlap,21,21,2021-12-01,2021-12-31,-0.004364041853794354,0.522,252,500,0.015490115778284949,-0.0006540959605856963,,-0.056248403098519806,0.03579418366333326,0.09204258676185306,True,False,False,0.09204258676185306,-0.09800945114957656,0.08640969638296271,0.18441914753253927,True,False,False,0.18441914753253927,-0.14126452487549354,0.1457163665623447,0.2869808914378382,True,False,False,0.2869808914378382
student_t_rolling,student_t,rolling,nonoverlap,21,21,2021-12-01,2021-12-31,-0.004364041853794354,0.564,252,500,0.015490115778284949,-0.0006540959605856963,30.0,-0.066048979284589,0.028838909370923815,0.09488788865551281,True,False,False,0.09488788865551281,-0.1063463893583608,0.07581600623702836,0.18216239559538916,True,False,False,0.18216239559538916,-0.14558762166782405,0.12704434599777106,0.2726319676655951,True,False,False,0.2726319676655951
bootstrap_ewma,bootstrap,ewma,nonoverlap,21,21,2021-12-01,2021-12-31,-0.004364041853794354,0.548,252,500,0.014646600240353195,-0.0006540959605856963,,-0.04914706798885157,0.02688799016740301,0.07603505815625458,True,False,False,0.07603505815625458,-0.08420673111584559,0.06244174096623588,0.14664847208208148,True,False,False,0.14664847208208148,-0.12086335242193433,0.11381371509361113,0.23467706751554546,True,False,False,0.23467706751554546
normal_ewma,normal,ewma,nonoverlap,21,21,2021-12-01,2021-12-31,-0.004364041853794354,0.524,252,500,0.014646600240353195,-0.0006540959605856963,,-0.05397639064962606,0.033039432693879434,0.0870158233435055,True,False,False,0.0870158233435055,-0.09360685104886325,0.0807089447636573,0.17431579581252055,True,False,False,0.17431579581252055,-0.13476069977713695,0.13641034356608867,0.2711710433432256,True,False,False,0.2711710433432256
student_t_ewma,student_t,ewma,nonoverlap,21,21,2021-12-01,2021-12-31,-0.004364041853794354,0.566,252,500,0.014646600240353195,-0.0006540959605856963,30.0,-0.06326822089578282,0.026479196376051506,0.08974741727183433,True,False,False,0.08974741727183433,-0.1015302776480308,0.07074204253243038,0.17227232018046118,True,False,False,0.17227232018046118,-0.13887991731572336,0.11889070663794624,0.25777062395366956,True,False,False,0.25777062395366956
bootstrap_rolling,bootstrap,rolling,nonoverlap,21,21,2021-12-31,2022-02-01,0.023052232077701573,0.664,252,500,0.015638218686879098,-0.0004611533818558255,,-0.05022638593040629,0.03997066484122114,0.09019705077162743,True,False,False,0.09019705077162743,-0.0866943595498602,0.08324034723880214,0.16993470678866235,True,False,False,0.16993470678866235,-0.11653187231390441,0.13649441144934196,0.2530262837632464,True,False,False,0.2530262837632464
normal_rolling,normal,rolling,nonoverlap,21,21,2021-12-31,2022-02-01,0.023052232077701573,0.666,252,500,0.015638218686879098,-0.0004611533818558255,,-0.05888149749951041,0.04139433313275709,0.1002758306322675,True,False,False,0.1002758306322675,-0.09424081432453484,0.08258769410549589,0.17682850843003073,True,False,False,0.17682850843003073,-0.1336633425154307,0.13748438954278847,0.2711477320582192,True,False,False,0.2711477320582192
student_t_rolling,student_t,rolling,nonoverlap,21,21,2021-12-31,2022-02-01,0.023052232077701573,0.648,252,500,0.015638218686879098,-0.0004611533818558255,30.0,-0.05770783349387135,0.043724273799222335,0.10143210729309368,True,False,False,0.10143210729309368,-0.09224731286702356,0.08321800204243612,0.17546531490945969,True,False,False,0.17546531490945969,-0.14702734889722904,0.14126733639971997,0.288294685296949,True,False,False,0.288294685296949
bootstrap_ewma,bootstrap,ewma,nonoverlap,21,21,2021-12-31,2022-02-01,0.023052232077701573,0.66,252,500,0.016227613076666116,-0.0004611533818558255,,-0.05172318924156816,0.04188819435044039,0.09361138359200855,True,False,False,0.09361138359200855,-0.08947829679592163,0.08690628119588008,0.1763845779918017,True,False,False,0.1763845779918017,-0.1203267818413123,0.14240505301269762,0.2627318348540099,True,False,False,0.2627318348540099
normal_ewma,normal,ewma,nonoverlap,21,21,2021-12-31,2022-02-01,0.023052232077701573,0.656,252,500,0.016227613076666116,-0.0004611533818558255,,-0.06068880758249523,0.04336828365510709,0.10405709123760232,True,False,False,0.10405709123760232,-0.0972840848872105,0.08622674634405281,0.18351083123126333,True,False,False,0.18351083123126333,-0.1380210568575705,0.14343771845278364,0.2814587753103541,True,False,False,0.2814587753103541
student_t_ewma,student_t,ewma,nonoverlap,21,21,2021-12-31,2022-02-01,0.023052232077701573,0.638,252,500,0.016227613076666116,-0.0004611533818558255,30.0,-0.05947321957409807,0.045790721121352185,0.10526394069545025,True,False,False,0.10526394069545025,-0.09522231264805804,0.08688301443241556,0.1821053270804736,True,False,False,0.1821053270804736,-0.1518149368319034,0.14738401713823934,0.29919895397014273,True,False,False,0.29919895397014273
bootstrap_rolling,bootstrap,rolling,nonoverlap,21,21,2022-02-01,2022-03-03,-0.11004704932184006,0.064,252,500,0.015357286693277131,-0.0004794028772212886,,-0.05619277605207537,0.031172203463429804,0.08736497951550518,False,True,False,0.3027820725945639,-0.09504725709326509,0.06566939009112968,0.16071664718439477,False,True,False,0.31071456947014453,-0.12664653223818592,0.11548497459292245,0.24213150683110837,True,False,False,0.24213150683110837
normal_rolling,normal,rolling,nonoverlap,21,21,2022-02-01,2022-03-03,-0.11004704932184006,0.06,252,500,0.015357286693277131,-0.0004794028772212886,,-0.05853657586654498,0.04671398520007297,0.10525056106661795,False,True,False,0.3112924548877983,-0.09792234354834486,0.08603079270255172,0.1839531362508966,False,True,False,0.30520019398584863,-0.12720842829061965,0.12737597674143405,0.2545844050320537,True,False,False,0.2545844050320537
student_t_rolling,student_t,rolling,nonoverlap,21,21,2022-02-01,2022-03-03,-0.11004704932184006,0.074,252,500,0.015357286693277131,-0.0004794028772212886,30.0,-0.055397942360236624,0.039082803202486804,0.09448074556272343,False,True,False,0.3130771734091372,-0.0964433711049739,0.07991410376330138,0.1763574748682753,False,True,False,0.3123942570369369,-0.14250797513210206,0.14026283556164434,0.28277081069374643,True,False,False,0.28277081069374643
bootstrap_ewma,bootstrap,ewma,nonoverlap,21,21,2022-02-01,2022-03-03,-0.11004704932184006,0.06,252,500,0.014844528915675562,-0.0004794028772212886,,-0.05468635896068319,0.02976969072428276,0.08445604968496595,False,True,False,0.30589881112959344,-0.09232971759515284,0.06305132439560687,0.1553810419907597,False,True,False,0.332554359257632,-0.12298374341757103,0.11104844534807588,0.2340321887656469,True,False,False,0.2340321887656469
normal_ewma,normal,ewma,nonoverlap,21,21,2022-02-01,2022-03-03,-0.11004704932184006,0.052,252,500,0.014844528915675562,-0.0004794028772212886,,-0.05695561405831165,0.04476836226696612,0.10172397632527777,False,True,False,0.3140897173793914,-0.09511730332836706,0.08267831448692368,0.17779561781529074,False,True,False,0.32709307775002083,-0.1235291577665878,0.12249468039046618,0.24602383815705398,True,False,False,0.24602383815705398
student_t_ewma,student_t,ewma,nonoverlap,21,21,2022-02-01,2022-03-03,-0.11004704932184006,0.066,252,500,0.014844528915675562,-0.0004794028772212886,30.0,-0.05391684866458904,0.03740478977134454,0.09132163843593358,False,True,False,0.31584244106493764,-0.09368330617611566,0.0767835498963275,0.17046685607244316,False,True,False,0.33410428752968724,-0.1383846004170496,0.13489497223283745,0.27327957264988706,True,False,False,0.27327957264988706
bootstrap_rolling,bootstrap,rolling,nonoverlap,21,21,2022-03-03,2022-04-01,0.18827153858408163,0.996,252,500,0.014790542251509883,-0.0006634712982945304,,-0.05641537135173835,0.02815477512914666,0.08457014648088501,False,False,True,0.7250372003006249,-0.09164664752506405,0.07056940632613007,0.16221605385119411,False,False,True,1.33923737643071,-0.11834942040372358,0.127150188789536,0.24549960919325958,False,False,True,2.690353600975083
normal_rolling,normal,rolling,nonoverlap,21,21,2022-03-03,2022-04-01,0.18827153858408163,0.994,252,500,0.014790542251509883,-0.0006634712982945304,,-0.05627026914112046,0.03227829836489782,0.08854856750601828,False,False,True,0.7125215283827535,-0.1006581352251262,0.07985371049341249,0.18051184571853868,False,False,True,1.2646901266252302,-0.14481231842099174,0.12813291725483217,0.2729452356758239,False,False,True,2.6784900888458
student_t_rolling,student_t,rolling,nonoverlap,21,21,2022-03-03,2022-04-01,0.18827153858408163,0.996,252,500,0.014790542251509883,-0.0006634712982945304,25.409631471241983,-0.05323867312094044,0.034798772846592274,0.08803744596753271,False,False,True,0.7019285089174901,-0.09168742041496052,0.0754704727763966,0.1671578931913571,False,False,True,1.2951685512682076,-0.1336377584616262,0.11598876974216815,0.24962652820379436,False,False,True,3.1409372818803307
bootstrap_ewma,bootstrap,ewma,nonoverlap,21,21,2022-03-03,2022-04-01,0.18827153858408163,0.998,252,500,0.013963458344849704,-0.0006634712982945304,,-0.054083641044476966,0.02576013997344445,0.07984378101792142,False,False,True,0.7298893754604702,-0.08746226031512513,0.0656642650554623,0.15312652537058744,False,False,True,1.379199260656781,-0.11280899770869217,0.11875901284227339,0.23156801055096554,False,False,True,3.012069040223293
normal_ewma,normal,ewma,nonoverlap,21,21,2022-03-03,2022-04-01,0.18827153858408163,0.996,252,500,0.013963458344849704,-0.0006634712982945304,,-0.05394631398519745,0.029643574910270976,0.08358988889546842,False,False,True,0.7181017435907111,-0.09601139915482039,0.07438712683238956,0.17039852598720995,False,False,True,1.309242643504131,-0.13797041278440356,0.1196800115933512,0.25765042437775476,False,False,True,3.0013115040069693
student_t_ewma,student_t,ewma,nonoverlap,21,21,2022-03-03,2022-04-01,0.18827153858408163,0.998,252,500,0.013963458344849704,-0.0006634712982945304,25.409631471241983,-0.05107745432064109,0.03201686984028296,0.08309432416092405,False,False,True,0.7081129991361188,-0.08750092970507041,0.07026947952620877,0.15777040923127916,False,False,True,1.3377909998100082,-0.127340207997547,0.10829743275502762,0.23563764075257462,False,False,True,3.4346018739147324
bootstrap_rolling,bootstrap,rolling,nonoverlap,21,21,2022-04-01,2022-05-03,-0.11463922614204736,0.028,252,500,0.015109652566896246,0.0001345681896742012,,-0.043356178979677695,0.04900972898653411,0.0923659079662118,False,True,False,0.37749809661569045,-0.075314969827513,0.10103283969749384,0.17634780952500684,False,True,False,0.5695903726703505,-0.11920111737902918,0.14919005221522438,0.2683911695942536,True,False,False,0.2683911695942536
normal_rolling,normal,rolling,nonoverlap,21,21,2022-04-01,2022-05-03,-0.11463922614204736,0.056,252,500,0.015109652566896246,0.0001345681896742012,,-0.0483565703955082,0.04747653190838752,0.09583310230389572,False,True,False,0.3609637252900524,-0.08836613321469103,0.09545211327739782,0.18381824649208883,False,True,False,0.4465491757656522,-0.12766935546009303,0.1410837118816369,0.26875306734172993,True,False,False,0.26875306734172993
student_t_rolling,student_t,rolling,nonoverlap,21,21,2022-04-01,2022-05-03,-0.11463922614204736,0.022,252,500,0.015109652566896246,0.0001345681896742012,30.0,-0.028671276561647308,0.055005789725456056,0.08367706628710336,False,True,False,0.42754886460870356,-0.0668638018915369,0.09218644128547777,0.15905024317701466,False,True,False,0.6368044856821193,-0.1097206555827673,0.13581753592698514,0.24553819150975245,False,True,False,0.4422810138809543
bootstrap_ewma,bootstrap,ewma,nonoverlap,21,21,2022-04-01,2022-05-03,-0.11463922614204736,0.034,252,500,0.015626357161949368,0.0001345681896742012,,-0.04489741939031472,0.0506260025585642,0.09552342194887892,False,True,False,0.37449064895580947,-0.07787679646271704,0.10455601865994102,0.18243281512265808,False,True,False,0.5500571119159613,-0.12310053109223891,0.15455634465733128,0.2776568757495702,True,False,False,0.2776568757495702
normal_ewma,normal,ewma,nonoverlap,21,21,2022-04-01,2022-05-03,-0.11463922614204736,0.064,252,500,0.015626357161949368,0.0001345681896742012,,-0.0500600151485846,0.04903796713483055,0.09909798228341515,False,True,False,0.35741482625726617,-0.09133361594325472,0.09876648328375133,0.19010009922700605,False,True,False,0.42315620121493247,-0.13181828304003432,0.14613461442390097,0.27795289746393526,True,False,False,0.27795289746393526
student_t_ewma,student_t,ewma,nonoverlap,21,21,2022-04-01,2022-05-03,-0.11463922614204736,0.024,252,500,0.015626357161949368,0.0001345681896742012,30.0,-0.02973084514738558,0.05683726691619001,0.08656811206357559,False,True,False,0.4262016360422227,-0.06915948348298973,0.09537910040304065,0.16453858388603038,False,True,False,0.6193360104766068,-0.11333761852176241,0.1406646777112208,0.2540022962329832,False,True,False,0.30606660104438094
bootstrap_rolling,bootstrap,rolling,overlap_supplement,21,5,2020-01-02,2020-02-03,-0.011580428916523555,0.566,252,500,0.01619130949021687,-0.0006263127007088722,,-0.07578086058403655,0.03125541170692442,0.10703627229096097,True,False,False,0.10703627229096097,-0.12261644205054416,0.07697431277696241,0.19959075482750657,True,False,False,0.19959075482750657,-0.1716838281455943,0.12307351189407374,0.294757340039668,True,False,False,0.294757340039668
normal_rolling,normal,rolling,overlap_supplement,21,5,2020-01-02,2020-02-03,-0.011580428916523555,0.496,252,500,0.01619130949021687,-0.0006263127007088722,,-0.06419570219981782,0.040905626893411706,0.10510132909322953,True,False,False,0.10510132909322953,-0.10581329977546394,0.08394527510263945,0.18975857487810338,True,False,False,0.18975857487810338,-0.14887450330054053,0.13067460788521834,0.27954911118575887,True,False,False,0.27954911118575887
student_t_rolling,student_t,rolling,overlap_supplement,21,5,2020-01-02,2020-02-03,-0.011580428916523555,0.49,252,500,0.01619130949021687,-0.0006263127007088722,30.0,-0.06041010758337581,0.044769529820768206,0.10517963740414402,True,False,False,0.10517963740414402,-0.10251986008035935,0.08534523336110873,0.18786509344146807,True,False,False,0.18786509344146807,-0.13375154588059376,0.1444696865242735,0.2782212324048673,True,False,False,0.2782212324048673
bootstrap_ewma,bootstrap,ewma,overlap_supplement,21,5,2020-01-02,2020-02-03,-0.011580428916523555,0.566,252,500,0.01577256035866715,-0.0006263127007088722,,-0.07421023285534167,0.03008443703854463,0.1042946698938863,True,False,False,0.1042946698938863,-0.11994254388708236,0.07454523352911564,0.194487777416198,True,False,False,0.194487777416198,-0.16792219723532,0.11932644968706438,0.2872486469223844,True,False,False,0.2872486469223844
normal_ewma,normal,ewma,overlap_supplement,21,5,2020-01-02,2020-02-03,-0.011580428916523555,0.496,252,500,0.01577256035866715,-0.0006263127007088722,,-0.06290734852794844,0.03947326559443215,0.10238061412238059,True,False,False,0.10238061412238059,-0.10352812529279734,0.08132002683510627,0.18484815212790362,True,False,False,0.18484815212790362,-0.1456094909486784,0.12670561944633119,0.27231511039500955,True,False,False,0.27231511039500955
student_t_ewma,student_t,ewma,overlap_supplement,21,5,2020-01-02,2020-02-03,-0.011580428916523555,0.49,252,500,0.01577256035866715,-0.0006263127007088722,30.0,-0.05921476792869612,0.04323187851205357,0.10244664644074969,True,False,False,0.10244664644074969,-0.1003118163644525,0.08268045290479364,0.18299226926924614,True,False,False,0.18299226926924614,-0.13082454772139748,0.14009464304923558,0.2709191907706331,True,False,False,0.2709191907706331
bootstrap_rolling,bootstrap,rolling,overlap_supplement,21,5,2020-01-09,2020-02-10,0.03590621904257518,0.75,252,500,0.016254835412702676,-0.000854667287115643,,-0.0722420999388522,0.03552106704436242,0.10776316698321461,False,False,True,0.10930377497606567,-0.12288165646845067,0.08234234122296033,0.205223997691411,True,False,False,0.205223997691411,-0.16677513553677267,0.13593181362532653,0.30270694916209917,True,False,False,0.30270694916209917
normal_rolling,normal,rolling,overlap_supplement,21,5,2020-01-09,2020-02-10,0.03590621904257518,0.758,252,500,0.016254835412702676,-0.000854667287115643,,-0.059719626830004174,0.03492837343691613,0.0946480002669203,False,False,True,0.09855938268955652,-0.10628867357648089,0.08312954816984504,0.18941822174632594,True,False,False,0.18941822174632594,-0.16509032703032012,0.13618178100490125,0.30127210803522136,True,False,False,0.30127210803522136
student_t_rolling,student_t,rolling,overlap_supplement,21,5,2020-01-09,2020-02-10,0.03590621904257518,0.77,252,500,0.016254835412702676,-0.000854667287115643,30.0,-0.06069797021293877,0.031024906496585347,0.09172287670952411,False,False,True,0.11124812689348346,-0.10387555066935034,0.08368356176393982,0.18755911243329015,True,False,False,0.18755911243329015,-0.14723973086906608,0.1371975853645118,0.2844373162335779,True,False,False,0.2844373162335779
bootstrap_ewma,bootstrap,ewma,overlap_supplement,21,5,2020-01-09,2020-02-10,0.03590621904257518,0.744,252,500,0.016719592626889625,-0.000854667287115643,,-0.07375383794091064,0.0370870953871445,0.11084093332805514,True,False,False,0.11084093332805514,-0.12571508836892173,0.08535063936676175,0.2110657277356835,True,False,False,0.2110657277356835,-0.1706849888443411,0.14066413641124456,0.31134912525558567,True,False,False,0.31134912525558567
normal_ewma,normal,ewma,overlap_supplement,21,5,2020-01-09,2020-02-10,0.03590621904257518,0.748,252,500,0.016719592626889625,-0.000854667287115643,,-0.060891838129255665,0.03647653400882522,0.09736837213808089,True,False,False,0.09736837213808089,-0.10869823789092661,0.08616261868395046,0.19486085657487706,True,False,False,0.19486085657487706,-0.1689600694610564,0.14092233235224033,0.30988240181329674,True,False,False,0.30988240181329674
student_t_ewma,student_t,ewma,overlap_supplement,21,5,2020-01-09,2020-02-10,0.03590621904257518,0.764,252,500,0.016719592626889625,-0.000854667287115643,30.0,-0.0618968873029902,0.03245567050276005,0.09435255780575025,False,False,True,0.10815475196501079,-0.10622271906798832,0.08673407348360376,0.1929567925515921,True,False,False,0.1929567925515921,-0.15067864670768427,0.14197146578948233,0.2926501124971666,True,False,False,0.2926501124971666
bootstrap_rolling,bootstrap,rolling,overlap_supplement,21,5,2020-01-16,2020-02-18,0.11201822464731448,0.944,252,500,0.016195915823986183,-0.001330783009780268,,-0.0729364929781505,0.030986654481723552,0.10392314745987405,False,False,True,0.4280494281222378,-0.1194255464983632,0.08934157102519931,0.20876711752356253,False,False,True,0.43553365374471426,-0.17585180014205762,0.14120021753571863,0.31705201767777624,True,False,False,0.31705201767777624
normal_rolling,normal,rolling,overlap_supplement,21,5,2020-01-16,2020-02-18,0.11201822464731448,0.958,252,500,0.016195915823986183,-0.001330783009780268,,-0.0700031820476561,0.025278289386285346,0.09528147143394144,False,False,True,0.442241212478058,-0.10694711864249999,0.0741991999924406,0.18114631863494057,False,False,True,0.5593365651836795,-0.1461750468428049,0.13652631429104956,0.28270136113385447,True,False,False,0.28270136113385447
student_t_rolling,student_t,rolling,overlap_supplement,21,5,2020-01-16,2020-02-18,0.11201822464731448,0.964,252,500,0.016195915823986183,-0.001330783009780268,30.0,-0.07325282713821563,0.022994874747053473,0.0962477018852691,False,False,True,0.4523411014863131,-0.10712902851016906,0.07288180657781825,0.18001083508798732,False,False,True,0.5713750157829498,-0.14615523672383923,0.12304856751539948,0.26920380423923873,True,False,False,0.26920380423923873
bootstrap_ewma,bootstrap,ewma,overlap_supplement,21,5,2020-01-16,2020-02-18,0.11201822464731448,0.944,252,500,0.016249684387406153,-0.001330783009780268,,-0.07308355669639405,0.031186777543289412,0.10427033423968346,False,False,True,0.42759612265578373,-0.11971560091502935,0.08975219181221347,0.2094677927272428,False,False,True,0.43212812107825294,-0.1763043825416036,0.14180670102030937,0.318111083561913,True,False,False,0.318111083561913
normal_ewma,normal,ewma,overlap_supplement,21,5,2020-01-16,2020-02-18,0.11201822464731448,0.956,252,500,0.016249684387406153,-0.001330783009780268,,-0.07014095888553434,0.025458402787885415,0.09559936167341976,False,False,True,0.441838649111136,-0.10719957669859707,0.07455417529670398,0.18175375199530105,False,False,True,0.5563942455014061,-0.14654369936331513,0.13711478507088193,0.28365848443419706,True,False,False,0.28365848443419706
student_t_ewma,student_t,ewma,overlap_supplement,21,5,2020-01-16,2020-02-18,0.11201822464731448,0.964,252,500,0.016249684387406153,-0.001330783009780268,30.0,-0.07340089053411905,0.023167013042217577,0.09656790357633663,False,False,True,0.4519727499967242,-0.10738203918820691,0.07323197421783337,0.18061401340604027,False,False,True,0.5684765177008515,-0.1465238307553602,0.12358555972939962,0.27010939048475985,True,False,False,0.27010939048475985
bootstrap_rolling,bootstrap,rolling,overlap_supplement,21,5,2020-01-24,2020-02-25,0.20791496530526365,1.0,252,500,0.016173150853753288,-0.0015552218221848437,,-0.07303874581859007,0.025263277982073895,0.09830202380066397,False,False,True,0.828908773093423,-0.11296399542503259,0.07393377045207279,0.18689776587710538,False,False,True,1.5267097144090145,-0.16625028185940285,0.10855350655712676,0.27480378841652964,False,False,True,4.249262138342002
normal_rolling,normal,rolling,overlap_supplement,21,5,2020-01-24,2020-02-25,0.20791496530526365,1.0,252,500,0.016173150853753288,-0.0015552218221848437,,-0.08017735586876898,0.007506858435637143,0.08768421430440612,False,False,True,0.8893166417829121,-0.12002401447097728,0.051025047234006984,0.17104906170498427,False,False,True,1.7399482424175514,-0.16470903048322025,0.09938186568610789,0.2640908961693281,False,False,True,4.605414880935555
student_t_rolling,student_t,rolling,overlap_supplement,21,5,2020-01-24,2020-02-25,0.20791496530526365,0.998,252,500,0.016173150853753288,-0.0015552218221848437,30.0,-0.07930471987644602,0.011706381101397989,0.09101110097784401,False,False,True,0.8758454377933067,-0.12046610742008217,0.06045455757968788,0.18092066499977005,False,False,True,1.6555247422555281,-0.17104538239092365,0.1350588796344436,0.3061042620253672,False,False,True,3.220347688858167
bootstrap_ewma,bootstrap,ewma,overlap_supplement,21,5,2020-01-24,2020-02-25,0.20791496530526365,1.0,252,500,0.016118500283068323,-0.0015552218221848437,,-0.0729034717925943,0.025063713042631997,0.09796718483522629,False,False,True,0.8293721938857529,-0.1127025555724067,0.07355647249458658,0.1862590280669933,False,False,True,1.5298439561737645,-0.16582993823771786,0.10804524511595687,0.2738751833536747,False,False,True,4.268663990925942
normal_ewma,normal,ewma,overlap_supplement,21,5,2020-01-24,2020-02-25,0.20791496530526365,1.0,252,500,0.016118500283068323,-0.0015552218221848437,,-0.08001909080435135,0.007370217900716125,0.08738930870506748,False,False,True,0.8895682983232576,-0.11974088684050592,0.05073235265896645,0.17047323949947238,False,False,True,1.7422993659624448,-0.16429312561725706,0.09890865863654975,0.2632017842538068,False,False,True,4.6234540510023585
student_t_ewma,student_t,ewma,overlap_supplement,21,5,2020-01-24,2020-02-25,0.20791496530526365,0.998,252,500,0.016118500283068323,-0.0015552218221848437,30.0,-0.07914925535150993,0.011554952873746527,0.09070420822525646,False,False,True,0.876144257951325,-0.12018162805260964,0.060127240709292616,0.18030886876190225,False,False,True,1.6581861147216128,-0.17061129167031736,0.13444788113351028,0.30505917280382766,False,False,True,3.2437425396739603
bootstrap_rolling,bootstrap,rolling,overlap_supplement,21,5,2020-01-31,2020-03-03,0.16564862870375574,0.99,252,500,0.01596605284130468,-0.0011537221358986713,,-0.07935685140654411,0.029699444452037038,0.10905629585858115,False,False,True,0.6528530328654559,-0.12052395277808765,0.07533239094110634,0.195856343719194,False,False,True,1.0990187213456881,-0.16605316425885613,0.12378386304793126,0.2898370273067874,False,False,True,1.964427653539765
normal_rolling,normal,rolling,overlap_supplement,21,5,2020-01-31,2020-03-03,0.16564862870375574,0.992,252,500,0.01596605284130468,-0.0011537221358986713,,-0.07547501762286898,0.019755772850132747,0.09523079047300173,False,False,True,0.6788022138874937,-0.10906609481459441,0.06878086165259492,0.17784695646718934,False,False,True,1.1465246269787976,-0.1431170102387155,0.12165198065718445,0.26476899089589995,False,False,True,2.0246349127587497
student_t_rolling,student_t,rolling,overlap_supplement,21,5,2020-01-31,2020-03-03,0.16564862870375574,0.994,252,500,0.01596605284130468,-0.0011537221358986713,30.0,-0.06980921931711762,0.02469601322391418,0.0945052325410318,False,False,True,0.6583156944603981,-0.1127807279710443,0.06667310908535216,0.17945383705639645,False,False,True,1.1692090332404323,-0.15161077295218076,0.12316799976669868,0.2747787727188794,False,False,True,1.9740039302011603
bootstrap_ewma,bootstrap,ewma,overlap_supplement,21,5,2020-01-31,2020-03-03,0.16564862870375574,0.99,252,500,0.015781343367257367,-0.0011537221358986713,,-0.07873405143328746,0.029062381821364835,0.1077964332546523,False,False,True,0.6541414207842159,-0.11946311647135048,0.07412811375333546,0.19359123022468594,False,False,True,1.108796379728889,-0.16453364280269592,0.12195313973535275,0.28648678253804866,False,False,True,2.0343063412741667
normal_ewma,normal,ewma,overlap_supplement,21,5,2020-01-31,2020-03-03,0.16564862870375574,0.994,252,500,0.015781343367257367,-0.0011537221358986713,,-0.07489462439648056,0.01923927814557236,0.09413390254205292,False,False,True,0.6797713047747864,-0.10812500373733032,0.06765940217518172,0.17578440591251204,False,False,True,1.1556766711982525,-0.14182508586905826,0.11984932118415893,0.2616744070532172,False,False,True,2.0936467078370877
student_t_ewma,student_t,ewma,overlap_supplement,21,5,2020-01-31,2020-03-03,0.16564862870375574,0.994,252,500,0.015781343367257367,-0.0011537221358986713,30.0,-0.06929105566026036,0.024119754731783516,0.09341081039204388,False,False,True,0.6595263062799328,-0.11180063359677345,0.06557819629514766,0.1773788298919211,False,False,True,1.178083153978002,-0.15023372893773723,0.12134535849957664,0.27157908743731385,False,False,True,2.043709895604476
bootstrap_rolling,bootstrap,rolling,overlap_supplement,21,5,2020-02-07,2020-03-10,0.10512680287151754,0.944,252,500,0.01598348994772855,-0.0010610277323219654,,-0.06993960547761449,0.028941484681210217,0.09888109015882471,False,False,True,0.40362236292005405,-0.11255963702212386,0.078219160257305,0.19077879727942887,False,False,True,0.45985522342155427,-0.15382851246959975,0.13727986992595032,0.29110838239555004,True,False,False,0.29110838239555004
normal_rolling,normal,rolling,overlap_supplement,21,5,2020-02-07,2020-03-10,0.10512680287151754,0.96,252,500,0.01598348994772855,-0.0010610277323219654,,-0.06093370153230901,0.03145932087951098,0.09239302241181999,False,False,True,0.3870629503798463,-0.10624653624978611,0.07490463481500248,0.1811511710647886,False,False,True,0.48337285162993926,-0.14266909877828846,0.11751954044284434,0.2601886392211328,True,False,False,0.2601886392211328
student_t_rolling,student_t,rolling,overlap_supplement,21,5,2020-02-07,2020-03-10,0.10512680287151754,0.95,252,500,0.01598348994772855,-0.0010610277323219654,30.0,-0.05863517875385882,0.027771851976739703,0.08640703073059852,False,False,True,0.3958268343097099,-0.10047385591921032,0.08368098034477406,0.18415483626398438,False,False,True,0.3986130615314193,-0.1580475570940686,0.14087629621663234,0.2989238533107009,True,False,False,0.2989238533107009
bootstrap_ewma,bootstrap,ewma,overlap_supplement,21,5,2020-02-07,2020-03-10,0.10512680287151754,0.946,252,500,0.015784959504944355,-0.0010610277323219654,,-0.06935922217766341,0.02829228652326593,0.09765150870092934,False,False,True,0.40498957409393577,-0.11148831373866905,0.0769129440541263,0.18840125779279535,False,False,True,0.47053984596670784,-0.15230576506974353,0.13514993864887054,0.28745570371861406,True,False,False,0.28745570371861406
normal_ewma,normal,ewma,overlap_supplement,21,5,2020-02-07,2020-03-10,0.10512680287151754,0.962,252,500,0.015784959504944355,-0.0010610277323219654,,-0.060460163699761066,0.030777242676965577,0.09123740637672664,False,False,True,0.3886356471549345,-0.10524637640219871,0.07364349122726653,0.17888986762946524,False,False,True,0.49372298407197546,-0.1412660467003287,0.11566948666824961,0.25693553336857833,True,False,False,0.25693553336857833
student_t_ewma,student_t,ewma,overlap_supplement,21,5,2020-02-07,2020-03-10,0.10512680287151754,0.954,252,500,0.015784959504944355,-0.0010610277323219654,30.0,-0.0581890806459576,0.027137902893429156,0.08532698353938675,False,False,True,0.3972825834517403,-0.099539249399567,0.08230021913276245,0.18183946853232946,False,False,True,0.4101053059198805,-0.15648003370675048,0.13869450537507175,0.29517453908182223,True,False,False,0.29517453908182223
bootstrap_rolling,bootstrap,rolling,overlap_supplement,21,5,2020-02-14,2020-03-17,0.07414118286944116,0.866,252,500,0.015807929368711053,-0.0009658177331231944,,-0.06509777464163802,0.03758837652512975,0.10268615116676777,False,False,True,0.2488973765440134,-0.1084643824194429,0.09048768204341595,0.19895206446285885,True,False,False,0.19895206446285885,-0.1693738644382088,0.15651819410812984,0.3258920585463386,True,False,False,0.3258920585463386
normal_rolling,normal,rolling,overlap_supplement,21,5,2020-02-14,2020-03-17,0.07414118286944116,0.898,252,500,0.015807929368711053,-0.0009658177331231944,,-0.07026740551892058,0.025990555438107854,0.09625796095702843,False,False,True,0.28886047068236165,-0.10424204601301192,0.07560951217634725,0.17985155818935916,True,False,False,0.17985155818935916,-0.1512838784790734,0.1322018239187363,0.2834857023978097,True,False,False,0.2834857023978097
student_t_rolling,student_t,rolling,overlap_supplement,21,5,2020-02-14,2020-03-17,0.07414118286944116,0.886,252,500,0.015807929368711053,-0.0009658177331231944,30.0,-0.06537582792384758,0.03805022305586869,0.10342605097971627,False,False,True,0.24778989023400613,-0.11030985881105754,0.0804075736484624,0.19071743245951994,True,False,False,0.19071743245951994,-0.14747815071207726,0.13376884430967104,0.2812469950217483,True,False,False,0.2812469950217483
bootstrap_ewma,bootstrap,ewma,overlap_supplement,21,5,2020-02-14,2020-03-17,0.07414118286944116,0.874,252,500,0.015268029373864404,-0.0009658177331231944,,-0.06359484526999415,0.03556398665565097,0.09915883192564512,False,False,True,0.25346761678080587,-0.10558143079865,0.08651326008346609,0.1920946908821161,True,False,False,0.1920946908821161,-0.16467139847917484,0.14999177501169514,0.31466317349087,True,False,False,0.31466317349087
normal_ewma,normal,ewma,overlap_supplement,21,5,2020-02-14,2020-03-17,0.07414118286944116,0.902,252,500,0.015268029373864404,-0.0009658177331231944,,-0.06859641228454896,0.024381989362831535,0.0929784016473805,False,False,True,0.29201517567381896,-0.10149044886177687,0.07219225597877739,0.17368270484055426,False,False,True,0.19317197374719194,-0.14710682962671265,0.1266299882892263,0.27373681791593896,True,False,False,0.27373681791593896
student_t_ewma,student_t,ewma,overlap_supplement,21,5,2020-02-14,2020-03-17,0.07414118286944116,0.896,252,500,0.015268029373864404,-0.0009658177331231944,30.0,-0.06386383572227619,0.03600918814274062,0.09987302386501681,False,False,True,0.252401002771819,-0.10736970607287946,0.07681137802328712,0.18418108409616657,True,False,False,0.18418108409616657,-0.1434132679538785,0.12813599188330668,0.27154925983718514,True,False,False,0.27154925983718514
bootstrap_rolling,bootstrap,rolling,overlap_supplement,21,5,2020-02-24,2020-03-24,0.02646830686350876,0.734,252,500,0.016145174303709726,-0.0007241625269833617,,-0.07630277757144505,0.030351466427725737,0.10665424399917078,True,False,False,0.10665424399917078,-0.12069008757621558,0.07330188433797093,0.1939919719141865,True,False,False,0.1939919719141865,-0.16757010352915241,0.13278767509133338,0.3003577786204858,True,False,False,0.3003577786204858
normal_rolling,normal,rolling,overlap_supplement,21,5,2020-02-24,2020-03-24,0.02646830686350876,0.744,252,500,0.016145174303709726,-0.0007241625269833617,,-0.062486435408419166,0.028691431790883737,0.0911778671993029,True,False,False,0.0911778671993029,-0.09847618273504864,0.08012761592816024,0.17860379866320888,True,False,False,0.17860379866320888,-0.14623984481504032,0.13440090797865822,0.28064075279369854,True,False,False,0.28064075279369854
student_t_rolling,student_t,rolling,overlap_supplement,21,5,2020-02-24,2020-03-24,0.02646830686350876,0.72,252,500,0.016145174303709726,-0.0007241625269833617,27.321929001206797,-0.06220822581014984,0.03407057482051512,0.09627880063066496,True,False,False,0.09627880063066496,-0.10798813471945459,0.08552271659658903,0.19351085131604362,True,False,False,0.19351085131604362,-0.1643676385340022,0.1342156067359267,0.29858324526992885,True,False,False,0.29858324526992885
bootstrap_ewma,bootstrap,ewma,overlap_supplement,21,5,2020-02-24,2020-03-24,0.02646830686350876,0.716,252,500,0.017375612287156394,-0.0007241625269833617,,-0.08080859365108514,0.033899573925449955,0.1147081675765351,True,False,False,0.1147081675765351,-0.12825730916870726,0.0803552076752827,0.20861251684398996,True,False,False,0.20861251684398996,-0.17817239701813983,0.14492907862687046,0.3231014756450103,True,False,False,0.3231014756450103
normal_ewma,normal,ewma,overlap_supplement,21,5,2020-02-24,2020-03-24,0.02646830686350876,0.732,252,500,0.017375612287156394,-0.0007241625269833617,,-0.066003433448482,0.03210698738397322,0.09811042083245522,True,False,False,0.09811042083245522,-0.10453356000851403,0.08775119488886389,0.19228475489737792,True,False,False,0.19228475489737792,-0.15548712902572162,0.14668393422190196,0.30217106324762355,True,False,False,0.30217106324762355
student_t_ewma,student_t,ewma,overlap_supplement,21,5,2020-02-24,2020-03-24,0.02646830686350876,0.706,252,500,0.017375612287156394,-0.0007241625269833617,27.321929001206797,-0.06570512141902332,0.03791645368932961,0.10362157510835293,True,False,False,0.10362157510835293,-0.11469754616704406,0.09359956016256675,0.2082971063296108,True,False,False,0.2082971063296108,-0.17476943051552543,0.1464825494498854,0.3212519799654108,True,False,False,0.3212519799654108
bootstrap_rolling,bootstrap,rolling,overlap_supplement,21,5,2020-03-02,2020-03-31,0.041324152554146565,0.726,252,500,0.016529653421064994,-0.0006835862368092654,,-0.06861962114738071,0.0459558715046261,0.11457549265200681,True,False,False,0.11457549265200681,-0.10916956594510899,0.1014229720075546,0.21059253795266358,True,False,False,0.21059253795266358,-0.14908835204567084,0.16201061281423412,0.31109896485990496,True,False,False,0.31109896485990496
normal_rolling,normal,rolling,overlap_supplement,21,5,2020-03-02,2020-03-31,0.041324152554146565,0.766,252,500,0.016529653421064994,-0.0006835862368092654,,-0.06395451179435671,0.03410106226703413,0.09805557406139084,False,False,True,0.12694793520984057,-0.10407278802057549,0.0877592070859351,0.19183199510651058,True,False,False,0.19183199510651058,-0.14219014009878478,0.14657417983993876,0.28876431993872353,True,False,False,0.28876431993872353
student_t_rolling,student_t,rolling,overlap_supplement,21,5,2020-03-02,2020-03-31,0.041324152554146565,0.764,252,500,0.016529653421064994,-0.0006835862368092654,30.0,-0.06204192555826549,0.03634293580653536,0.09838486136480085,False,False,True,0.11830972835524567,-0.10518960568347874,0.08510523390571025,0.19029483958918897,True,False,False,0.19029483958918897,-0.14679387852026837,0.13022018302443253,0.2770140615447009,True,False,False,0.2770140615447009
bootstrap_ewma,bootstrap,ewma,overlap_supplement,21,5,2020-03-02,2020-03-31,0.041324152554146565,0.7,252,500,0.019099440881652767,-0.0006835862368092654,,-0.07679817055004365,0.05564100318915427,0.13243917373919792,True,False,False,0.13243917373919792,-0.12308164916454416,0.1205875245978056,0.24366917376234976,True,False,False,0.24366917376234976,-0.16832567511914287,0.19211250275099492,0.36043817787013777,True,False,False,0.36043817787013777
normal_ewma,normal,ewma,overlap_supplement,21,5,2020-03-02,2020-03-31,0.041324152554146565,0.746,252,500,0.019099440881652767,-0.0006835862368092654,,-0.071453054702458,0.04182856512426758,0.11328161982672558,True,False,False,0.11328161982672558,-0.11728187833640795,0.10454036625234428,0.22182224458875222,True,False,False,0.22182224458875222,-0.1605302108960835,0.17383314806225633,0.3343633589583398,True,False,False,0.3343633589583398
student_t_ewma,student_t,ewma,overlap_supplement,21,5,2020-03-02,2020-03-31,0.041324152554146565,0.738,252,500,0.019099440881652767,-0.0006835862368092654,30.0,-0.06926048150429712,0.0444387690407983,0.11369925054509541,True,False,False,0.11369925054509541,-0.11855319678618353,0.10142705357411676,0.21998025036030028,True,False,False,0.21998025036030028,-0.16573129668351705,0.15451037791919459,0.32024167460271163,True,False,False,0.32024167460271163
bootstrap_rolling,bootstrap,rolling,overlap_supplement,21,5,2020-03-09,2020-04-07,0.065219682609436,0.818,252,500,0.016443233877799227,-0.00036506659328260234,,-0.05814648226239691,0.04428647434655669,0.1024329566089536,False,False,True,0.18616578966047084,-0.10039769648368942,0.10329419817893332,0.20369189466262272,True,False,False,0.20369189466262272,-0.16030448405685407,0.16497130278177155,0.3252757868386256,True,False,False,0.3252757868386256
normal_rolling,normal,rolling,overlap_supplement,21,5,2020-03-09,2020-04-07,0.065219682609436,0.82,252,500,0.016443233877799227,-0.00036506659328260234,,-0.049029322416285215,0.04501480437221822,0.09404412678850343,False,False,True,0.17486363973737457,-0.09427154248256901,0.09557777671242029,0.18984931919498932,True,False,False,0.18984931919498932,-0.14037615537165093,0.15637990957269893,0.29675606494434986,True,False,False,0.29675606494434986
student_t_rolling,student_t,rolling,overlap_supplement,21,5,2020-03-09,2020-04-07,0.065219682609436,0.788,252,500,0.016443233877799227,-0.00036506659328260234,29.51830180134499,-0.05161925642271831,0.05723462749716285,0.10885388391988116,False,False,True,0.14079410436897377,-0.10727587666330086,0.10294165100128173,0.2102175276645826,True,False,False,0.2102175276645826,-0.1542026503733399,0.16251758726260532,0.31672023763594526,True,False,False,0.31672023763594526
bootstrap_ewma,bootstrap,ewma,overlap_supplement,21,5,2020-03-09,2020-04-07,0.065219682609436,0.796,252,500,0.018188842298907878,-0.00036506659328260234,,-0.0633552514053291,0.04995577504547738,0.11331102645080648,False,False,True,0.17436665670664098,-0.1097211870403926,0.11577567399883548,0.22549686103922809,True,False,False,0.22549686103922809,-0.1750642932804482,0.18497420851928326,0.36003850179973146,True,False,False,0.36003850179973146
normal_ewma,normal,ewma,overlap_supplement,21,5,2020-03-09,2020-04-07,0.065219682609436,0.794,252,500,0.018188842298907878,-0.00036506659328260234,,-0.05332085167341469,0.05076580860514357,0.10408666027855826,False,False,True,0.161902156295728,-0.10301249539781834,0.1071467477846299,0.21015924318244825,True,False,False,0.21015924318244825,-0.1533806122019122,0.17531084803317803,0.3286914602350902,True,False,False,0.3286914602350902
student_t_ewma,student_t,ewma,overlap_supplement,21,5,2020-03-09,2020-04-07,0.065219682609436,0.75,252,500,0.018188842298907878,-0.00036506659328260234,29.51830180134499,-0.05617238937140423,0.06436569124892827,0.1205380806203325,False,False,True,0.12395404606236343,-0.11724763609306131,0.11538132113706369,0.232628957230125,True,False,False,0.232628957230125,-0.1684308018408661,0.18221315013380832,0.3506439519746744,True,False,False,0.3506439519746744
bootstrap_rolling,bootstrap,rolling,overlap_supplement,21,5,2020-03-16,2020-04-15,0.1097110794223608,0.924,252,500,0.01645246599752184,-0.0003060306949974839,,-0.061707081657476626,0.04721271007441935,0.10891979173189598,False,False,True,0.3589132691236618,-0.11020047292399525,0.09572515874807029,0.20592563167206554,False,False,True,0.34578483841497065,-0.16901270411670113,0.15714434752040385,0.32615705163710496,True,False,False,0.32615705163710496
normal_rolling,normal,rolling,overlap_supplement,21,5,2020-03-16,2020-04-15,0.1097110794223608,0.932,252,500,0.01645246599752184,-0.0003060306949974839,,-0.05530360846138807,0.043605975138833464,0.09890958360022153,False,False,True,0.36333000073433086,-0.09385195934815145,0.09313481746129951,0.18698677680945097,False,False,True,0.352749396420064,-0.14122908442918974,0.13733364914638976,0.2785627335755795,True,False,False,0.2785627335755795
student_t_rolling,student_t,rolling,overlap_supplement,21,5,2020-03-16,2020-04-15,0.1097110794223608,0.928,252,500,0.01645246599752184,-0.0003060306949974839,30.0,-0.06115245358735394,0.04623561411918675,0.10738806770654069,False,False,True,0.3612899289192369,-0.10311156598287424,0.08871545165769575,0.19182701764056997,False,False,True,0.40178329528722057,-0.1389262807426722,0.14465095060480693,0.28357723134747914,True,False,False,0.28357723134747914
bootstrap_ewma,bootstrap,ewma,overlap_supplement,21,5,2020-03-16,2020-04-15,0.1097110794223608,0.916,252,500,0.017496881111158755,-0.0003060306949974839,,-0.0651118824517872,0.05071253754437216,0.11582441999615936,False,False,True,0.3518185875081139,-0.11641084407834515,0.1025520522047358,0.21896289628308097,False,False,True,0.290553168459331,-0.17838615696623147,0.16839216213646654,0.346778319102698,True,False,False,0.346778319102698
normal_ewma,normal,ewma,overlap_supplement,21,5,2020-03-16,2020-04-15,0.1097110794223608,0.914,252,500,0.017496881111158755,-0.0003060306949974839,,-0.05832515631046309,0.04686444565540404,0.10518960196586713,False,False,True,0.3565761370336942,-0.09913585133567779,0.0997803193575476,0.19891617069322537,False,False,True,0.29822377134135747,-0.14914180109319028,0.14713065733225855,0.2962724584254488,True,False,False,0.2962724584254488
student_t_ewma,student_t,ewma,overlap_supplement,21,5,2020-03-16,2020-04-15,0.1097110794223608,0.918,252,500,0.017496881111158755,-0.0003060306949974839,30.0,-0.06452417221813608,0.049669972575325516,0.1141941447934616,False,False,True,0.3543585721816027,-0.10892265742036636,0.0950524481098199,0.20397510553018627,False,False,True,0.3505614186555953,-0.14671555858617238,0.15498109391618223,0.3016966525023546,True,False,False,0.3016966525023546
bootstrap_rolling,bootstrap,rolling,overlap_supplement,21,5,2020-03-23,2020-04-22,0.13627636877940907,0.958,252,500,0.016384195296906236,-0.0002522032785579171,,-0.058146715877240435,0.048334974725951,0.10648169060319143,False,False,True,0.45824726681702377,-0.09790987522354368,0.09894693029107916,0.19685680551462284,False,False,True,0.5701511903979221,-0.14538748027423706,0.1590331458402495,0.30442062611448656,True,False,False,0.30442062611448656
normal_rolling,normal,rolling,overlap_supplement,21,5,2020-03-23,2020-04-22,0.13627636877940907,0.96,252,500,0.016384195296906236,-0.0002522032785579171,,-0.048390495381300996,0.04694307279521115,0.09533356817651215,False,False,True,0.45266675211330387,-0.0917233337489607,0.09899813101725909,0.1907214647662198,False,False,True,0.5635038423877198,-0.13594567961252463,0.14888369880493765,0.28482937841746225,True,False,False,0.28482937841746225
student_t_rolling,student_t,rolling,overlap_supplement,21,5,2020-03-23,2020-04-22,0.13627636877940907,0.964,252,500,0.016384195296906236,-0.0002522032785579171,26.062974378475012,-0.05442373096109074,0.047401598765989705,0.10182532972708044,False,False,True,0.45732440978075795,-0.09774201675009772,0.10099358473904146,0.19873560148913919,False,False,True,0.5515634418928154,-0.1450737789839548,0.15128672260395284,0.2963605015879076,True,False,False,0.2963605015879076
bootstrap_ewma,bootstrap,ewma,overlap_supplement,21,5,2020-03-23,2020-04-22,0.13627636877940907,0.958,252,500,0.016357252219447522,-0.0002522032785579171,,-0.0580621309438048,0.04824447160066003,0.10630660254446483,False,False,True,0.458434191259461,-0.09776486467680753,0.09876686306387226,0.19653172774067978,False,False,True,0.5716267848960479,-0.1451741075119859,0.15874179187207438,0.3039158993840603,True,False,False,0.3039158993840603
normal_ewma,normal,ewma,overlap_supplement,21,5,2020-03-23,2020-04-22,0.13627636877940907,0.96,252,500,0.016357252219447522,-0.0002522032785579171,,-0.04832116206044976,0.046854978108746226,0.09517614016919598,False,False,True,0.45286170285184735,-0.09158753873788476,0.09881797104266375,0.19040550978054852,False,False,True,0.5649894871480018,-0.13574556304471003,0.1486115091113327,0.2843570721560427,True,False,False,0.2843570721560427
student_t_ewma,student_t,ewma,overlap_supplement,21,5,2020-03-23,2020-04-22,0.13627636877940907,0.964,252,500,0.016357252219447522,-0.0002522032785579171,26.062974378475012,-0.05434494675001267,0.0473127108759413,0.10165765762595397,False,False,True,0.45751228923982507,-0.0975972554692742,0.10080981392080113,0.19840706939007532,False,False,True,0.5530726179761548,-0.1448608394119286,0.15101000822400018,0.29587084763592875,True,False,False,0.29587084763592875
bootstrap_rolling,bootstrap,rolling,overlap_supplement,21,5,2020-03-30,2020-04-29,0.05899720151383736,0.786,252,500,0.016602278331424362,-8.523426182958348e-05,,-0.06487009294395576,0.05253939173011096,0.11740948467406673,False,False,True,0.14324072380897232,-0.1036223129287351,0.08968084089757464,0.19330315382630975,True,False,False,0.19330315382630975,-0.15304950390755892,0.15496966574999566,0.3080191696575546,True,False,False,0.3080191696575546
normal_rolling,normal,rolling,overlap_supplement,21,5,2020-03-30,2020-04-29,0.05899720151383736,0.81,252,500,0.016602278331424362,-8.523426182958348e-05,,-0.05614155744367788,0.038113123078400646,0.09425468052207853,False,False,True,0.17779099426382539,-0.09957644865621657,0.09221199681809429,0.19178844547431084,True,False,False,0.19178844547431084,-0.1416525881856066,0.14637386416673157,0.28802645235233815,True,False,False,0.28802645235233815
student_t_rolling,student_t,rolling,overlap_supplement,21,5,2020-03-30,2020-04-29,0.05899720151383736,0.75,252,500,0.016602278331424362,-8.523426182958348e-05,30.0,-0.048806012447385666,0.058920777385971124,0.10772678983335679,False,False,True,0.10803248634482174,-0.0906909250646785,0.10828243662288665,0.19897336168756516,True,False,False,0.19897336168756516,-0.1366161641299366,0.1593522636604276,0.2959684277903642,True,False,False,0.2959684277903642
bootstrap_ewma,bootstrap,ewma,overlap_supplement,21,5,2020-03-30,2020-04-29,0.05899720151383736,0.778,252,500,0.017035155609879473,-8.523426182958348e-05,,-0.06646039261427533,0.05399476925799729,0.12045516187227262,False,False,True,0.1404648908956329,-0.10613365153830084,0.09217467577797137,0.1983083273162722,True,False,False,0.1983083273162722,-0.15667019650840072,0.15937081192312455,0.31604100843152527,True,False,False,0.31604100843152527
normal_ewma,normal,ewma,overlap_supplement,21,5,2020-03-30,2020-04-29,0.05899720151383736,0.808,252,500,0.017035155609879473,-8.523426182958348e-05,,-0.057518421154992255,0.039174551850687966,0.09669297300568022,False,False,True,0.1759835716582778,-0.10199368588181182,0.09477785991702803,0.19677154579883985,True,False,False,0.19677154579883985,-0.14502428258263358,0.15051793419298568,0.29554221677561926,True,False,False,0.29554221677561926
student_t_ewma,student_t,ewma,overlap_supplement,21,5,2020-03-30,2020-04-29,0.05899720151383736,0.74,252,500,0.017035155609879473,-8.523426182958348e-05,30.0,-0.05000183401637412,0.06055211010693895,0.11055394412331307,True,False,False,0.11055394412331307,-0.09289979521113216,0.11130919317442722,0.2042089883855594,True,False,False,0.2042089883855594,-0.139876498170688,0.163884850436551,0.303761348607239,True,False,False,0.303761348607239
bootstrap_rolling,bootstrap,rolling,overlap_supplement,21,5,2020-04-06,2020-05-06,0.01974303281301859,0.61,252,500,0.016420741757204815,-0.0002941902871110444,,-0.04773064124742596,0.053917115421615314,0.10164775666904127,True,False,False,0.10164775666904127,-0.09421959749412664,0.10806199577241812,0.20228159326654477,True,False,False,0.20228159326654477,-0.14822929272203006,0.15617440719163256,0.3044036999136626,True,False,False,0.3044036999136626
normal_rolling,normal,rolling,overlap_supplement,21,5,2020-04-06,2020-05-06,0.01974303281301859,0.614,252,500,0.016420741757204815,-0.0002941902871110444,,-0.04952152159385731,0.05360931345355213,0.10313083504740944,True,False,False,0.10313083504740944,-0.09326165843551151,0.09485056496225111,0.18811222339776262,True,False,False,0.18811222339776262,-0.15311152101107864,0.13993187763329124,0.2930433986443699,True,False,False,0.2930433986443699
student_t_rolling,student_t,rolling,overlap_supplement,21,5,2020-04-06,2020-05-06,0.01974303281301859,0.598,252,500,0.016420741757204815,-0.0002941902871110444,30.0,-0.04720794282831095,0.05056054337400917,0.09776848620232012,True,False,False,0.09776848620232012,-0.09991563277740026,0.10672466224244724,0.2066402950198475,True,False,False,0.2066402950198475,-0.15566232888862572,0.15556261765968593,0.3112249465483117,True,False,False,0.3112249465483117
bootstrap_ewma,bootstrap,ewma,overlap_supplement,21,5,2020-04-06,2020-05-06,0.01974303281301859,0.608,252,500,0.01657228721467537,-0.0002941902871110444,,-0.04810608754965143,0.05448813753514148,0.1025942250847929,True,False,False,0.1025942250847929,-0.0949948501902504,0.10917506845318459,0.20416991864343498,True,False,False,0.20416991864343498,-0.14944105200268934,0.15778988259019217,0.30723093459288153,True,False,False,0.30723093459288153
normal_ewma,normal,ewma,overlap_supplement,21,5,2020-04-06,2020-05-06,0.01974303281301859,0.612,252,500,0.01657228721467537,-0.0002941902871110444,,-0.049912769863462686,0.05417732560926214,0.10409009547272483,True,False,False,0.10409009547272483,-0.09402889215947528,0.09582905377990647,0.18985794593938177,True,False,False,0.18985794593938177,-0.15436118380076588,0.14137563707526773,0.2957368208760336,True,False,False,0.2957368208760336
student_t_ewma,student_t,ewma,overlap_supplement,21,5,2020-04-06,2020-05-06,0.01974303281301859,0.598,252,500,0.01657228721467537,-0.0002941902871110444,30.0,-0.04757877417937323,0.051098800877126094,0.09867757505649932,True,False,False,0.09867757505649932,-0.10073836650567677,0.10782404416929521,0.208562410674972,True,False,False,0.208562410674972,-0.15693171334254277,0.15717158530294015,0.3141032986454829,True,False,False,0.3141032986454829
bootstrap_rolling,bootstrap,rolling,overlap_supplement,21,5,2020-04-14,2020-05-13,0.06275178281130689,0.822,252,500,0.016406495549849333,-0.00023526467161622133,,-0.04899052851159255,0.050159751047745504,0.09915027955933806,False,False,True,0.1495184066135836,-0.10539737558923762,0.09662891255514722,0.20202628814438484,True,False,False,0.20202628814438484,-0.15425672415298175,0.1560646111562003,0.31032133530918204,True,False,False,0.31032133530918204
normal_rolling,normal,rolling,overlap_supplement,21,5,2020-04-14,2020-05-13,0.06275178281130689,0.812,252,500,0.016406495549849333,-0.00023526467161622133,,-0.05667382346239677,0.04274634839489039,0.09942017185728716,False,False,True,0.17944190952295316,-0.09517340308348127,0.1025310115275249,0.19770441461100619,True,False,False,0.19770441461100619,-0.1368932133918572,0.16795267932815883,0.30484589272001605,True,False,False,0.30484589272001605
student_t_rolling,student_t,rolling,overlap_supplement,21,5,2020-04-14,2020-05-13,0.06275178281130689,0.806,252,500,0.016406495549849333,-0.00023526467161622133,30.0,-0.05026126314699905,0.04325611887775199,0.09351738202475104,False,False,True,0.17150003775897063,-0.09927673808831988,0.089113644025445,0.18839038211376488,True,False,False,0.18839038211376488,-0.1348476008802654,0.1688181806554595,0.3036657815357249,True,False,False,0.3036657815357249
bootstrap_ewma,bootstrap,ewma,overlap_supplement,21,5,2020-04-14,2020-05-13,0.06275178281130689,0.826,252,500,0.01586565515590011,-0.00023526467161622133,,-0.047569605829525546,0.048296060837217714,0.09586566666674326,False,False,True,0.15368855456309996,-0.10225303736214833,0.09312138164875908,0.1953744190109074,True,False,False,0.1953744190109074,-0.14971130989170378,0.150363583170393,0.3000748930620968,True,False,False,0.3000748930620968
normal_ewma,normal,ewma,overlap_supplement,21,5,2020-04-14,2020-05-13,0.06275178281130689,0.818,252,500,0.01586565515590011,-0.00023526467161622133,,-0.05501171273561867,0.04113892833647048,0.09615064107208915,False,False,True,0.18260205897143478,-0.09233320160687541,0.09881015360262764,0.19114335520950304,True,False,False,0.19114335520950304,-0.13283564487972072,0.16180119114265967,0.2946368360223804,True,False,False,0.2946368360223804
student_t_ewma,student_t,ewma,overlap_supplement,21,5,2020-04-14,2020-05-13,0.06275178281130689,0.81,252,500,0.01586565515590011,-0.00023526467161622133,30.0,-0.04880031230875875,0.04163112834765176,0.09043144065641051,False,False,True,0.17491405851103103,-0.09631402593255699,0.08587628513933238,0.18219031107188938,True,False,False,0.18219031107188938,-0.13084821242213238,0.16263379667676595,0.2934820090988983,True,False,False,0.2934820090988983
bootstrap_rolling,bootstrap,rolling,overlap_supplement,21,5,2020-04-21,2020-05-20,0.05639913263973306,0.786,252,500,0.016454545933607106,-3.186714505693363e-05,,-0.054046366550380615,0.04998267276576551,0.10402903931614613,False,False,True,0.12969487881201633,-0.10785784874089646,0.09533562123934741,0.20319346998024387,True,False,False,0.20319346998024387,-0.1651210666135555,0.14779706478274818,0.31291813139630364,True,False,False,0.31291813139630364
normal_rolling,normal,rolling,overlap_supplement,21,5,2020-04-21,2020-05-20,0.05639913263973306,0.744,252,500,0.016454545933607106,-3.186714505693363e-05,,-0.052809535033879196,0.05756191335699612,0.11037144839087532,True,False,False,0.11037144839087532,-0.09450123863005656,0.10218464304661981,0.1966858816766764,True,False,False,0.1966858816766764,-0.13279673370785025,0.18603866913273945,0.3188354028405897,True,False,False,0.3188354028405897
student_t_rolling,student_t,rolling,overlap_supplement,21,5,2020-04-21,2020-05-20,0.05639913263973306,0.738,252,500,0.016454545933607106,-3.186714505693363e-05,30.0,-0.04973550413383565,0.0595887346878497,0.10932423882168535,True,False,False,0.10932423882168535,-0.08271382811752408,0.10335417280692029,0.18606800092444437,True,False,False,0.18606800092444437,-0.13039307556362992,0.16214698413054454,0.29254005969417446,True,False,False,0.29254005969417446
bootstrap_ewma,bootstrap,ewma,overlap_supplement,21,5,2020-04-21,2020-05-20,0.05639913263973306,0.798,252,500,0.015247386611547084,-3.186714505693363e-05,,-0.05022924116797092,0.0461809741684589,0.09641021533642982,False,False,True,0.13728284922152648,-0.10040082061369805,0.0879891810063121,0.18839000162001016,True,False,False,0.18839000162001016,-0.15403550763854795,0.13619226977358964,0.29022777741213757,True,False,False,0.29022777741213757
normal_ewma,normal,ewma,overlap_supplement,21,5,2020-04-21,2020-05-20,0.05639913263973306,0.762,252,500,0.015247386611547084,-3.186714505693363e-05,,-0.049078579649585036,0.05317688937444964,0.10225546902403468,False,False,True,0.11514444208516836,-0.08792744856910471,0.09429172338331122,0.18221917195241594,True,False,False,0.18221917195241594,-0.12372741130769142,0.17122782088864424,0.2949552321963357,True,False,False,0.2949552321963357
student_t_ewma,student_t,ewma,overlap_supplement,21,5,2020-04-21,2020-05-20,0.05639913263973306,0.754,252,500,0.015247386611547084,-3.186714505693363e-05,30.0,-0.04621918799566618,0.055047113175819395,0.10126630117148558,False,False,True,0.10667437902714025,-0.07693074287167655,0.0953676528656359,0.17229839573731243,True,False,False,0.17229839573731243,-0.12147701036260455,0.14934909074776953,0.2708261011103741,True,False,False,0.2708261011103741
bootstrap_rolling,bootstrap,rolling,overlap_supplement,21,5,2020-04-28,2020-05-28,0.06451730313495241,0.778,252,500,0.016325920862876785,1.9268726929734637e-05,,-0.05288946856499621,0.057388115816619734,0.11027758438161595,False,False,True,0.13879433365494664,-0.10282646954398184,0.10996077630414507,0.21278724584812692,True,False,False,0.21278724584812692,-0.16253637971594825,0.15525032401544456,0.31778670373139284,True,False,False,0.31778670373139284
normal_rolling,normal,rolling,overlap_supplement,21,5,2020-04-28,2020-05-28,0.06451730313495241,0.812,252,500,0.016325920862876785,1.9268726929734637e-05,,-0.04575614289051613,0.049275535890624944,0.09503167878114108,False,False,True,0.15599874775845093,-0.09788715587779165,0.09548610446092505,0.1933732603387167,True,False,False,0.1933732603387167,-0.14680623501460235,0.14756089532874656,0.29436713034334894,True,False,False,0.29436713034334894
student_t_rolling,student_t,rolling,overlap_supplement,21,5,2020-04-28,2020-05-28,0.06451730313495241,0.786,252,500,0.016325920862876785,1.9268726929734637e-05,30.0,-0.04385029170747681,0.0584691460197288,0.10231943772720561,False,False,True,0.12651206618810004,-0.08016668815407256,0.10378562178607648,0.18395230994014905,True,False,False,0.18395230994014905,-0.12401378461265651,0.15705916490810065,0.2810729495207572,True,False,False,0.2810729495207572
bootstrap_ewma,bootstrap,ewma,overlap_supplement,21,5,2020-04-28,2020-05-28,0.06451730313495241,0.812,252,500,0.01439136231132622,1.9268726929734637e-05,,-0.04672562570362279,0.05046977825388832,0.09719540395751111,False,False,True,0.15338550348176747,-0.09117297361489106,0.09637639165690061,0.18754936527179167,True,False,False,0.18754936527179167,-0.14470722905643832,0.13571651304515361,0.28042374210159193,True,False,False,0.28042374210159193
normal_ewma,normal,ewma,overlap_supplement,21,5,2020-04-28,2020-05-28,0.06451730313495241,0.834,252,500,0.01439136231132622,1.9268726929734637e-05,,-0.040399469505154745,0.04336205911650831,0.08376152862166306,False,False,True,0.16838250469543944,-0.08676383041458761,0.08376328362030594,0.17052711403489357,True,False,False,0.17052711403489357,-0.13056107434150405,0.12905049542172348,0.2596115697632275,True,False,False,0.2596115697632275
student_t_ewma,student_t,ewma,overlap_supplement,21,5,2020-04-28,2020-05-28,0.06451730313495241,0.802,252,500,0.01439136231132622,1.9268726929734637e-05,30.0,-0.038710225910018964,0.051416419681074355,0.09012664559109332,False,False,True,0.14253017940660553,-0.07096884728710792,0.09099780903360115,0.16196665632070906,True,False,False,0.16196665632070906,-0.11011904763210811,0.13728418275922724,0.24740323039133535,True,False,False,0.24740323039133535
bootstrap_rolling,bootstrap,rolling,overlap_supplement,21,5,2020-05-05,2020-06-04,0.16273440045883825,0.992,252,500,0.01622271696330976,-0.00010850834546684307,,-0.05149173577370786,0.05687543786895072,0.10836717364265858,False,False,True,0.5318030240022087,-0.09584566047550573,0.09932814659806703,0.19517380707357276,False,False,True,0.829236345681285,-0.14476905703703785,0.1406729007704379,0.2854419578074757,False,False,True,1.167901945343489
normal_rolling,normal,rolling,overlap_supplement,21,5,2020-05-05,2020-06-04,0.16273440045883825,0.98,252,500,0.01622271696330976,-0.00010850834546684307,,-0.05729876656840527,0.049374342241578495,0.10667310880998376,False,False,True,0.5601133416790227,-0.10376258349231962,0.09188857734108064,0.19565116083340026,False,False,True,0.9041093920109765,-0.1365238843150847,0.15241265383634534,0.28893653815143006,False,False,True,0.7018064030511462
student_t_rolling,student_t,rolling,overlap_supplement,21,5,2020-05-05,2020-06-04,0.16273440045883825,0.988,252,500,0.01622271696330976,-0.00010850834546684307,25.8843268505952,-0.04497009109762798,0.04869065032460762,0.0936607414222356,False,False,True,0.5498357419591581,-0.08308418940081194,0.09583108861187,0.17891527801268192,False,False,True,0.8479483964823645,-0.12346255754690476,0.1456481831693748,0.26911074071627955,False,False,True,0.9525594322948165
bootstrap_ewma,bootstrap,ewma,overlap_supplement,21,5,2020-05-05,2020-06-04,0.16273440045883825,0.996,252,500,0.013588429872575872,-0.00010850834546684307,,-0.043668316623299036,0.04703707546336583,0.09070539208666487,False,False,True,0.5534946920685545,-0.08127122335554478,0.08215203997767591,0.1634232633332207,False,False,True,0.9692468681448442,-0.12309783846384541,0.11613943328733108,0.23923727175117648,False,False,True,2.1030359586114615
normal_ewma,normal,ewma,overlap_supplement,21,5,2020-05-05,2020-06-04,0.16273440045883825,0.988,252,500,0.013588429872575872,-0.00010850834546684307,,-0.048574960661937644,0.0408089190167798,0.08938387967871744,False,False,True,0.5770858054469512,-0.0880142751816935,0.07601451403151165,0.16402878921320513,False,False,True,1.0312276534864713,-0.11602199154334296,0.12575327941281556,0.24177527095615853,False,False,True,1.7210201127970648
student_t_ewma,student_t,ewma,overlap_supplement,21,5,2020-05-05,2020-06-04,0.16273440045883825,0.994,252,500,0.013588429872575872,-0.00010850834546684307,25.8843268505952,-0.03816374713861628,0.04024088335528747,0.07840463049390375,False,False,True,0.5683786989081069,-0.0704220771416457,0.07926786739877284,0.14968994454041853,False,False,True,0.9843552751410727,-0.10483549839284972,0.12021574541411992,0.22505124380696964,False,False,True,1.9257974455957012
bootstrap_rolling,bootstrap,rolling,overlap_supplement,21,5,2020-05-12,2020-06-11,0.20929258578829324,0.994,252,500,0.016253889928685372,-4.88040127550549e-05,,-0.053090986181694194,0.0410343145873866,0.0941253007690808,False,False,True,0.7671583855727073,-0.08981967405009283,0.10061008692916323,0.19042976097925607,False,False,True,1.2772547495705562,-0.13844680950523047,0.16420627819725814,0.3026530877024886,False,False,True,2.106105391343891
normal_rolling,normal,rolling,overlap_supplement,21,5,2020-05-12,2020-06-11,0.20929258578829324,0.994,252,500,0.016253889928685372,-4.88040127550549e-05,,-0.04740347711268211,0.05461914951598812,0.10202262662867023,False,False,True,0.7207163717178907,-0.0893630031987974,0.09760434788047889,0.1869673510792763,False,False,True,1.30384973015742,-0.1286350207872104,0.1516692849550681,0.2803043057422785,False,False,True,2.5852363390712823
student_t_rolling,student_t,rolling,overlap_supplement,21,5,2020-05-12,2020-06-11,0.20929258578829324,0.99,252,500,0.016253889928685372,-4.88040127550549e-05,25.981792216607936,-0.050483545231104654,0.06032126071511906,0.11080480594622372,False,False,True,0.7066901062389204,-0.09168319571936831,0.10688767077423957,0.1985708664936079,False,False,True,1.2226200166341448,-0.13485966625240858,0.16309819631408873,0.2979578625664973,False,False,True,2.1457334415346763
bootstrap_ewma,bootstrap,ewma,overlap_supplement,21,5,2020-05-12,2020-06-11,0.20929258578829324,0.996,252,500,0.013762410081926139,-4.88040127550549e-05,,-0.04528968154866775,0.034474252005108175,0.07976393355377592,False,False,True,0.7790372686865161,-0.07673929009170272,0.08438491013745873,0.16112420022916146,False,False,True,1.410200956737507,-0.11867905408641496,0.13720870330487844,0.25588775739129344,False,False,True,3.1392430567278824
normal_ewma,normal,ewma,overlap_supplement,21,5,2020-05-12,2020-06-11,0.20929258578829324,0.998,252,500,0.013762410081926139,-4.88040127550549e-05,,-0.040436538984348874,0.04589287619514898,0.08632941517949785,False,False,True,0.7399282535520749,-0.07634704106838446,0.08187687999161687,0.15822392106000133,False,False,True,1.4323809790267654,-0.11018789697032264,0.12683089313656515,0.23701879010688778,False,False,True,3.5354864961760084
student_t_ewma,student_t,ewma,overlap_supplement,21,5,2020-05-12,2020-06-11,0.20929258578829324,0.994,252,500,0.013762410081926139,-4.88040127550549e-05,25.981792216607936,-0.0430642100636702,0.050679003561546476,0.09374321362521668,False,False,True,0.7281975425322037,-0.0783400585774527,0.08961958065602366,0.16795963923347634,False,False,True,1.3646896905561723,-0.11557296856536962,0.13629249175380156,0.2518654603191712,False,False,True,3.171869221698836
bootstrap_rolling,bootstrap,rolling,overlap_supplement,21,5,2020-05-19,2020-06-18,0.2076817882105111,0.992,252,500,0.01650310484187078,0.000247152783464386,,-0.053789659485047825,0.06219522554064705,0.11598488502569487,False,False,True,0.697931135705151,-0.09849461067311154,0.10778580801578425,0.2062804186888958,False,False,True,1.2052402206361643,-0.14407023710498293,0.16377967875571942,0.3078499158607023,False,False,True,2.0639342940523675
normal_rolling,normal,rolling,overlap_supplement,21,5,2020-05-19,2020-06-18,0.2076817882105111,0.992,252,500,0.01650310484187078,0.000247152783464386,,-0.0402442535964406,0.06047609457920783,0.10072034817564843,False,False,True,0.6895431227008615,-0.08049266551504648,0.1022020426739455,0.18269470818899197,False,False,True,1.237492163554648,-0.14611921046148205,0.16248294327549181,0.30860215373697386,False,False,True,2.116555951137743
student_t_rolling,student_t,rolling,overlap_supplement,21,5,2020-05-19,2020-06-18,0.2076817882105111,0.994,252,500,0.01650310484187078,0.000247152783464386,19.097753115695628,-0.04971699615681788,0.05016023280150228,0.09987722895832016,False,False,True,0.7299634505943554,-0.08184835460170913,0.09821385184094572,0.18006220644265486,False,False,True,1.2747415701383087,-0.1345232768026273,0.14644056550471274,0.28096384230734006,False,False,True,2.730612750539272
bootstrap_ewma,bootstrap,ewma,overlap_supplement,21,5,2020-05-19,2020-06-18,0.2076817882105111,0.992,252,500,0.015844882128363404,0.000247152783464386,,-0.05150440398735551,0.059861433211943926,0.11136583719929943,False,False,True,0.702647257193568,-0.09457119042121818,0.10350064335090739,0.19807183377212556,False,False,True,1.239883282368163,-0.13856461340803816,0.15700010243837484,0.295564715846413,False,False,True,2.322832146731861
normal_ewma,normal,ewma,overlap_supplement,21,5,2020-05-19,2020-06-18,0.2076817882105111,0.996,252,500,0.015844882128363404,0.000247152783464386,,-0.03847154691860946,0.058214453085551954,0.09668600000416142,False,False,True,0.6945553405039979,-0.07721889326235296,0.09815977192039235,0.1753786651827453,False,False,True,1.2705988280839329,-0.14054459299060557,0.15576236452155856,0.2963069575121641,False,False,True,2.3730839050702635
student_t_ewma,student_t,ewma,overlap_supplement,21,5,2020-05-19,2020-06-18,0.2076817882105111,0.994,252,500,0.015844882128363404,0.000247152783464386,19.097753115695628,-0.04758506944904961,0.04832922692412317,0.09591429637317278,False,False,True,0.7333245415187244,-0.07852518366265393,0.0943444297575403,0.17286961342019425,False,False,True,1.3062431979499025,-0.12934148776487273,0.14044468000054866,0.2697861677654214,False,False,True,2.9592704961639162
bootstrap_rolling,bootstrap,rolling,overlap_supplement,21,5,2020-05-27,2020-06-25,0.2290945229638064,0.994,252,500,0.016291104208509013,0.0006606541759954112,,-0.041838218474165495,0.06360193223902944,0.10544015071319493,False,False,True,0.7674105136123027,-0.08808984811577324,0.10282749341903663,0.19091734153480988,False,False,True,1.4535876369825078,-0.13488851297899113,0.16947384255189643,0.30436235553088753,False,False,True,2.689189572007284
normal_rolling,normal,rolling,overlap_supplement,21,5,2020-05-27,2020-06-25,0.2290945229638064,0.996,252,500,0.016291104208509013,0.0006606541759954112,,-0.03670209327273935,0.06931124555305107,0.10601333882579042,False,False,True,0.7451464484688117,-0.07621473612601871,0.1193484212699931,0.19556315739601182,False,False,True,1.2930241743341448,-0.11766156911353744,0.18528675684881912,0.30294832596235655,False,False,True,2.055258970561846
student_t_rolling,student_t,rolling,overlap_supplement,21,5,2020-05-27,2020-06-25,0.2290945229638064,1.0,252,500,0.016291104208509013,0.0006606541759954112,17.610814278136466,-0.03954004420616447,0.05973216260407088,0.09927220681023535,False,False,True,0.7767216482491774,-0.08573817507659165,0.11075228591921436,0.19649046099580603,False,False,True,1.3799128314417266,-0.12816732739099057,0.1646055578255615,0.2927728852165521,False,False,True,2.8723314907463458
bootstrap_ewma,bootstrap,ewma,overlap_supplement,21,5,2020-05-27,2020-06-25,0.2290945229638064,0.994,252,500,0.015582268689488971,0.0006606541759954112,,-0.03947512891342178,0.061392724366386486,0.10086785327980827,False,False,True,0.7716750476694879,-0.08387080329700178,0.09880395779702011,0.1826747610940219,False,False,True,1.4855804127618848,-0.12889153083385965,0.16223610932435722,0.2911276401582169,False,False,True,2.9654641857361814
normal_ewma,normal,ewma,overlap_supplement,21,5,2020-05-27,2020-06-25,0.2290945229638064,0.996,252,500,0.015582268689488971,0.0006606541759954112,,-0.03455093679472693,0.06684164384240676,0.10139258063713369,False,False,True,0.7504040971227321,-0.07246305174926629,0.1145432983875298,0.1870063501367961,False,False,True,1.332518595899562,-0.11230698868774588,0.17726295910219542,0.2895699477899413,False,False,True,2.3628325022543786
student_t_ewma,student_t,ewma,overlap_supplement,21,5,2020-05-27,2020-06-25,0.2290945229638064,1.0,252,500,0.015582268689488971,0.0006606541759954112,17.610814278136466,-0.03727164318089782,0.057698726098440345,0.09497036927933816,False,False,True,0.7805535567408024,-0.08161117687961565,0.10635511364295874,0.1879662905225744,False,False,True,1.415360383731051,-0.12241924435660943,0.1576079802875711,0.2800272246441805,False,False,True,3.1394889316935903
bootstrap_rolling,bootstrap,rolling,overlap_supplement,21,5,2020-06-03,2020-07-02,0.23598970874565817,0.996,252,500,0.01634219430819568,0.0006368532120837397,,-0.037407526601668906,0.06774512068546634,0.10515264728713525,False,False,True,0.7781309995279025,-0.08638418636296184,0.11885447461996922,0.20523866098293106,False,False,True,1.376591002239821,-0.13630230033788923,0.1709964252912361,0.3072987256291253,False,False,True,2.9070300638060056
normal_rolling,normal,rolling,overlap_supplement,21,5,2020-06-03,2020-07-02,0.23598970874565817,0.994,252,500,0.01634219430819568,0.0006368532120837397,,-0.04317508138126239,0.05562761033527136,0.09880269171653375,False,False,True,0.820251085358081,-0.08101248008014517,0.10948745149869366,0.19049993157883882,False,False,True,1.455522504048484,-0.1277911564042612,0.16927357906050164,0.29706473546476286,False,False,True,2.9657099228710218
student_t_rolling,student_t,rolling,overlap_supplement,21,5,2020-06-03,2020-07-02,0.23598970874565817,0.996,252,500,0.01634219430819568,0.0006368532120837397,16.660828044155288,-0.03523195493820572,0.06411368441978293,0.09934563935798865,False,False,True,0.7868497366614896,-0.0823100086820984,0.12289535904273549,0.2052053677248339,False,False,True,1.336148864754061,-0.1314770273308962,0.18398423522214175,0.31546126255303797,False,False,True,2.395680203493693
bootstrap_ewma,bootstrap,ewma,overlap_supplement,21,5,2020-06-03,2020-07-02,0.23598970874565817,0.998,252,500,0.015530194999778793,0.0006368532120837397,,-0.03494124535109114,0.06498063648692459,0.09992188183801573,False,False,True,0.78395817087295,-0.08166369810840585,0.11336808632536124,0.1950317844337671,False,False,True,1.4212480086367365,-0.12941262276017548,0.1626199230433741,0.2920325458035496,False,False,True,3.2268239738949096
normal_ewma,normal,ewma,overlap_supplement,21,5,2020-06-03,2020-07-02,0.23598970874565817,0.994,252,500,0.015530194999778793,0.0006368532120837397,,-0.0404370878146523,0.05349177745373507,0.09392886526838737,False,False,True,0.8239205904360798,-0.07653326923397455,0.10450828896276859,0.18104155819674314,False,False,True,1.4958557560256391,-0.12126183800706687,0.16099446537737955,0.2822563033844464,False,False,True,3.2820660381155884
student_t_ewma,student_t,ewma,overlap_supplement,21,5,2020-06-03,2020-07-02,0.23598970874565817,0.996,252,500,0.015530194999778793,0.0006368532120837397,16.660828044155288,-0.032868589957346706,0.06153828161743208,0.09440687157477878,False,False,True,0.7922125800876831,-0.07777238057496208,0.11718900620072852,0.19496138677569058,False,False,True,1.3829684122249872,-0.12479121635921486,0.17487091898254511,0.29966213534176,False,False,True,2.74441372586628
bootstrap_rolling,bootstrap,rolling,overlap_supplement,21,5,2020-06-10,2020-07-10,0.1846844370292029,0.97,252,500,0.016364641151531602,0.0010466399993998713,,-0.03728992803176048,0.0695772091641561,0.10686713719591659,False,False,True,0.5672960486561037,-0.07477166076601334,0.12659001323355035,0.20136167399956367,False,False,True,0.7823059119560893,-0.12138405299375576,0.19588769262375197,0.3172717456175077,True,False,False,0.3172717456175077
normal_rolling,normal,rolling,overlap_supplement,21,5,2020-06-10,2020-07-10,0.1846844370292029,0.984,252,500,0.016364641151531602,0.0010466399993998713,,-0.04089535650074361,0.06976706567139251,0.11066242217213612,False,False,True,0.5703319076033777,-0.08824232420005895,0.11292668783540802,0.20116901203546697,False,False,True,0.918746503973416,-0.12409052109919107,0.1737489455904835,0.2978394666896746,False,False,True,0.7352591242384496
student_t_rolling,student_t,rolling,overlap_supplement,21,5,2020-06-10,2020-07-10,0.1846844370292029,0.98,252,500,0.016364641151531602,0.0010466399993998713,16.583493573458274,-0.0338384716300372,0.07118963504379083,0.10502810667382803,False,False,True,0.5590073146154763,-0.08209318515690313,0.11665856593119157,0.1987517510880947,False,False,True,0.8790104620682081,-0.12888896025922672,0.17467105308532999,0.30356001334455673,False,False,True,0.7040953710994728
bootstrap_ewma,bootstrap,ewma,overlap_supplement,21,5,2020-06-10,2020-07-10,0.1846844370292029,0.97,252,500,0.015704709240878946,0.0010466399993998713,,-0.03495841695771426,0.06762577848811685,0.10258419544583111,False,False,True,0.5708188296101753,-0.07104444462233238,0.12218197377810514,0.19322641840043753,False,False,True,0.8182510509114153,-0.11600447725466487,0.18834442153380207,0.30434889878846694,True,False,False,0.30434889878846694
normal_ewma,normal,ewma,overlap_supplement,21,5,2020-06-10,2020-07-10,0.1846844370292029,0.984,252,500,0.015704709240878946,0.0010466399993998713,,-0.038427092522688944,0.06780764489507518,0.10623473741776412,False,False,True,0.573741905954275,-0.08402778800871022,0.109117747303344,0.19314553531205422,False,False,True,0.9488124325706433,-0.11861714983445576,0.1672245536612986,0.28584170349575433,False,False,True,0.9842370382119257
student_t_ewma,student_t,ewma,overlap_supplement,21,5,2020-06-10,2020-07-10,0.1846844370292029,0.984,252,500,0.015704709240878946,0.0010466399993998713,16.583493573458274,-0.03163836695219477,0.06917030963132076,0.10080867658351553,False,False,True,0.5628651861750441,-0.07810015399875349,0.11268662643210794,0.19078678043086145,False,False,True,0.9107648864018112,-0.12325138639326544,0.16810426299379744,0.2913556493870629,False,False,True,0.9545626108032808
bootstrap_rolling,bootstrap,rolling,overlap_supplement,21,5,2020-06-17,2020-07-17,0.08100114820403204,0.764,252,500,0.016211258168976662,0.0014136167713725881,,-0.02883499856752103,0.07721162206630611,0.10604662063382714,False,False,True,0.12120472518473085,-0.07720976558276622,0.13517796594239473,0.21238773152516094,True,False,False,0.21238773152516094,-0.12941450568924565,0.2012920276234738,0.3307065333127195,True,False,False,0.3307065333127195
normal_rolling,normal,rolling,overlap_supplement,21,5,2020-06-17,2020-07-17,0.08100114820403204,0.776,252,500,0.016211258168976662,0.0014136167713725881,,-0.028337404825669876,0.07403548462148335,0.10237288944715323,False,False,True,0.13023554377734797,-0.07305840691637834,0.13035849050534387,0.2034168974217222,True,False,False,0.2034168974217222,-0.11071558922429442,0.1843370937015698,0.29505268292586423,True,False,False,0.29505268292586423
student_t_rolling,student_t,rolling,overlap_supplement,21,5,2020-06-17,2020-07-17,0.08100114820403204,0.736,252,500,0.016211258168976662,0.0014136167713725881,17.815075556599492,-0.014114795096537236,0.08257862012780093,0.09669341522433816,True,False,False,0.09669341522433816,-0.054479567628725675,0.13445854547232064,0.1889381131010463,True,False,False,0.1889381131010463,-0.09866055757893762,0.18711016900310032,0.28577072658203795,True,False,False,0.28577072658203795
bootstrap_ewma,bootstrap,ewma,overlap_supplement,21,5,2020-06-17,2020-07-17,0.08100114820403204,0.778,252,500,0.015025781073225466,0.0014136167713725881,,-0.024639813475979988,0.07369700841527982,0.0983368218912598,False,False,True,0.12755338104626868,-0.06975430042769007,0.12714575004029224,0.1969000504679823,True,False,False,0.1969000504679823,-0.11863560633464727,0.18786454956868884,0.3065001559033361,True,False,False,0.3065001559033361
normal_ewma,normal,ewma,overlap_supplement,21,5,2020-06-17,2020-07-17,0.08100114820403204,0.782,252,500,0.015025781073225466,0.0014136167713725881,,-0.024176618611402828,0.07076241587817622,0.09493903448957905,False,False,True,0.1358939637930023,-0.0658760501851263,0.12270964701082042,0.1885856971959467,True,False,False,0.1885856971959467,-0.1011030047042011,0.17231689971008274,0.2734199044142838,True,False,False,0.2734199044142838
student_t_ewma,student_t,ewma,overlap_supplement,21,5,2020-06-17,2020-07-17,0.08100114820403204,0.762,252,500,0.015025781073225466,0.0014136167713725881,17.815075556599492,-0.01094466488003537,0.0786544031091973,0.08959906798923267,False,False,True,0.09898604836857161,-0.04853501886183052,0.12648366218466994,0.17501868104650048,True,False,False,0.17501868104650048,-0.0898142849230905,0.1748610200230864,0.2646753049461769,True,False,False,0.2646753049461769
bootstrap_rolling,bootstrap,rolling,overlap_supplement,21,5,2020-06-24,2020-07-24,-0.005351433499488745,0.362,252,500,0.016171977296438652,0.0013376332725254134,,-0.03848507210413618,0.08558903349101782,0.124074105595154,True,False,False,0.124074105595154,-0.08699921072892572,0.13965034630257217,0.2266495570314979,True,False,False,0.2266495570314979,-0.12768598883191462,0.20706152395132504,0.33474751278323966,True,False,False,0.33474751278323966
normal_rolling,normal,rolling,overlap_supplement,21,5,2020-06-24,2020-07-24,-0.005351433499488745,0.364,252,500,0.016171977296438652,0.0013376332725254134,,-0.027290651214438993,0.07908321113817457,0.10637386235261356,True,False,False,0.10637386235261356,-0.06619930349053546,0.12828202659408405,0.1944813300846195,True,False,False,0.1944813300846195,-0.11535693914921047,0.17973298599145324,0.2950899251406637,True,False,False,0.2950899251406637
student_t_rolling,student_t,rolling,overlap_supplement,21,5,2020-06-24,2020-07-24,-0.005351433499488745,0.282,252,500,0.016171977296438652,0.0013376332725254134,16.112530026808628,-0.013685116419300869,0.08647985507656458,0.10016497149586545,True,False,False,0.10016497149586545,-0.05107300216466731,0.12826536015733367,0.17933836232200098,True,False,False,0.17933836232200098,-0.10166093481651119,0.18009839992642676,0.28175933474293796,True,False,False,0.28175933474293796
bootstrap_ewma,bootstrap,ewma,overlap_supplement,21,5,2020-06-24,2020-07-24,-0.005351433499488745,0.35,252,500,0.01467910100008712,0.0013376332725254134,,-0.032489768199368,0.08018771324987595,0.11267748144924394,True,False,False,0.11267748144924394,-0.07690516906473484,0.12890411711536343,0.20580928618009825,True,False,False,0.20580928618009825,-0.1143226859844086,0.18935334597242032,0.3036760319568289,True,False,False,0.3036760319568289
normal_ewma,normal,ewma,overlap_supplement,21,5,2020-06-24,2020-07-24,-0.005351433499488745,0.356,252,500,0.01467910100008712,0.0013376332725254134,,-0.0222708474087199,0.07431023644553275,0.09658108385425265,True,False,False,0.09658108385425265,-0.05783651747679195,0.1186778137436093,0.17651433122040125,True,False,False,0.17651433122040125,-0.10296743392619796,0.16488576757607198,0.26785320150226993,True,False,False,0.26785320150226993
student_t_ewma,student_t,ewma,overlap_supplement,21,5,2020-06-24,2020-07-24,-0.005351433499488745,0.266,252,500,0.01467910100008712,0.0013376332725254134,16.112530026808628,-0.009865518942807877,0.0809922714060145,0.09085779034882238,True,False,False,0.09085779034882238,-0.04399390184454855,0.11866281445685833,0.16265671630140688,True,False,False,0.16265671630140688,-0.09037058868591809,0.16521329455648226,0.25558388324240033,True,False,False,0.25558388324240033
bootstrap_rolling,bootstrap,rolling,overlap_supplement,21,5,2020-07-01,2020-07-31,-0.0018733992558369605,0.326,252,500,0.01620670275535209,0.0015776053110658046,,-0.01713501789813371,0.09383626530519351,0.11097128320332722,True,False,False,0.11097128320332722,-0.06748248745130063,0.14386230560796429,0.2113447930592649,True,False,False,0.2113447930592649,-0.14451132332311717,0.19852046763838366,0.3430317909615008,True,False,False,0.3430317909615008
normal_rolling,normal,rolling,overlap_supplement,21,5,2020-07-01,2020-07-31,-0.0018733992558369605,0.342,252,500,0.01620670275535209,0.0015776053110658046,,-0.022145972085556714,0.08189705228892252,0.10404302437447924,True,False,False,0.10404302437447924,-0.07141279454893128,0.135695781847332,0.2071085763962633,True,False,False,0.2071085763962633,-0.12121140103585522,0.18302939786157194,0.30424079889742717,True,False,False,0.30424079889742717
student_t_rolling,student_t,rolling,overlap_supplement,21,5,2020-07-01,2020-07-31,-0.0018733992558369605,0.326,252,500,0.01620670275535209,0.0015776053110658046,17.897266799779867,-0.018012255437901165,0.08493232765857817,0.10294458309647933,True,False,False,0.10294458309647933,-0.06358380597879183,0.12702572680804083,0.19060953278683268,True,False,False,0.19060953278683268,-0.11185830679593535,0.1819733355911013,0.29383164238703663,True,False,False,0.29383164238703663
bootstrap_ewma,bootstrap,ewma,overlap_supplement,21,5,2020-07-01,2020-07-31,-0.0018733992558369605,0.296,252,500,0.01439658729955858,0.0015776053110658046,,-0.011585271053261403,0.0869479545627691,0.0985332256160305,True,False,False,0.0985332256160305,-0.05669317391771578,0.130995815829499,0.1876889897472148,True,False,False,0.1876889897472148,-0.12624002517916974,0.17887704716859215,0.30511707234776186,True,False,False,0.30511707234776186
normal_ewma,normal,ewma,overlap_supplement,21,5,2020-07-01,2020-07-31,-0.0018733992558369605,0.334,252,500,0.01439658729955858,0.0015776053110658046,,-0.01606296527623255,0.07640255923352329,0.09246552450975584,True,False,False,0.09246552450975584,-0.060225795315908874,0.1238201837436089,0.18404597905951778,True,False,False,0.18404597905951778,-0.1051321271826355,0.16533208518645537,0.27046421236909085,True,False,False,0.27046421236909085
student_t_ewma,student_t,ewma,overlap_supplement,21,5,2020-07-01,2020-07-31,-0.0018733992558369605,0.306,252,500,0.01439658729955858,0.0015776053110658046,17.897266799779867,-0.012368968683557524,0.07908472258675714,0.09145369127031466,True,False,False,0.09145369127031466,-0.05319068015640559,0.1161957559972633,0.16938643615366888,True,False,False,0.16938643615366888,-0.09667679037335396,0.16440796725188808,0.261084757625242,True,False,False,0.261084757625242
bootstrap_rolling,bootstrap,rolling,overlap_supplement,21,5,2020-07-09,2020-08-07,-0.014353552229468436,0.238,252,500,0.01615413341375378,0.0020374939458824392,,-0.011774613093960468,0.10663685867898659,0.11841147177294706,False,True,False,0.12872722831497893,-0.0632372459302506,0.1498819667016702,0.2131192126319208,True,False,False,0.2131192126319208,-0.131278370108385,0.21875194648019697,0.35003031658858197,True,False,False,0.35003031658858197
normal_rolling,normal,rolling,overlap_supplement,21,5,2020-07-09,2020-08-07,-0.014353552229468436,0.226,252,500,0.01615413341375378,0.0020374939458824392,,-0.008147587068014217,0.09394873215980692,0.10209631922782114,False,True,False,0.12692017987363802,-0.04789651741928901,0.1447978613300347,0.1926943787493237,True,False,False,0.1926943787493237,-0.09480850148927038,0.21167465288711337,0.30648315437638374,True,False,False,0.30648315437638374
student_t_rolling,student_t,rolling,overlap_supplement,21,5,2020-07-09,2020-08-07,-0.014353552229468436,0.22,252,500,0.01615413341375378,0.0020374939458824392,18.437238799551405,-0.0046657503189933,0.09727944266136462,0.10194519298035792,False,True,False,0.14069640062225847,-0.05090073816566393,0.14398946253138548,0.1948902006970494,True,False,False,0.1948902006970494,-0.10128919608445373,0.19672756718553266,0.2980167632699864,True,False,False,0.2980167632699864
bootstrap_ewma,bootstrap,ewma,overlap_supplement,21,5,2020-07-09,2020-08-07,-0.014353552229468436,0.206,252,500,0.014058159200686012,0.0020374939458824392,,-0.004744791197445752,0.09826352457140747,0.10300831576885322,False,True,False,0.14144335989694395,-0.050004264402032296,0.1355195661878188,0.18552383058985109,True,False,False,0.18552383058985109,-0.1103446311696221,0.19448021974877988,0.304824850918402,True,False,False,0.304824850918402
normal_ewma,normal,ewma,overlap_supplement,21,5,2020-07-09,2020-08-07,-0.014353552229468436,0.194,252,500,0.014058159200686012,0.0020374939458824392,,-0.0015666967763200979,0.0872970226577453,0.0888637194340654,False,True,False,0.14001114124665875,-0.036479675970173896,0.13114912150297459,0.1676287974731485,True,False,False,0.1676287974731485,-0.07792921930247897,0.1884415883961627,0.2663708076986417,True,False,False,0.2663708076986417
student_t_ewma,student_t,ewma,overlap_supplement,21,5,2020-07-09,2020-08-07,-0.014353552229468436,0.188,252,500,0.014058159200686012,0.0020374939458824392,18.437238799551405,0.0014828162860697214,0.09017738755627552,0.0886945712702058,False,True,False,0.15204004533235843,-0.039126004256038203,0.13045395536798465,0.16957995962402286,True,False,False,0.16957995962402286,-0.0836767005793828,0.17567300627858598,0.25934970685796876,True,False,False,0.25934970685796876
bootstrap_rolling,bootstrap,rolling,overlap_supplement,21,5,2020-07-16,2020-08-14,0.004815099256196387,0.348,252,500,0.01615032167733057,0.001936420332742311,,-0.016258678229742002,0.09649700823285334,0.11275568646259534,True,False,False,0.11275568646259534,-0.06303124021404118,0.14766070037022205,0.21069194058426322,True,False,False,0.21069194058426322,-0.11979291425816312,0.20476243626739898,0.3245553505255621,True,False,False,0.3245553505255621
normal_rolling,normal,rolling,overlap_supplement,21,5,2020-07-16,2020-08-14,0.004815099256196387,0.296,252,500,0.01615032167733057,0.001936420332742311,,-0.008549139503682857,0.09966369468478886,0.10821283418847172,True,False,False,0.10821283418847172,-0.050801316089986996,0.1528521256243871,0.2036534417143741,True,False,False,0.2036534417143741,-0.08794870457684728,0.21655163588914786,0.30450034046599517,True,False,False,0.30450034046599517
student_t_rolling,student_t,rolling,overlap_supplement,21,5,2020-07-16,2020-08-14,0.004815099256196387,0.292,252,500,0.01615032167733057,0.001936420332742311,17.166093023559462,-0.0034489901381106747,0.09718445736483838,0.10063344750294906,True,False,False,0.10063344750294906,-0.05390619590243963,0.14924352374242567,0.20314971964486528,True,False,False,0.20314971964486528,-0.12011200303669525,0.21198656024451804,0.3320985632812133,True,False,False,0.3320985632812133
bootstrap_ewma,bootstrap,ewma,overlap_supplement,21,5,2020-07-16,2020-08-14,0.004815099256196387,0.338,252,500,0.01440136379762291,0.001936420332742311,,-0.010161469389119021,0.09040402428870958,0.1005654936778286,True,False,False,0.1005654936778286,-0.05223740095433295,0.13566084878339277,0.18789824973772573,True,False,False,0.18789824973772573,-0.1036071163011532,0.18591314119886712,0.2895202575000203,True,False,False,0.2895202575000203
normal_ewma,normal,ewma,overlap_supplement,21,5,2020-07-16,2020-08-14,0.004815099256196387,0.284,252,500,0.01440136379762291,0.001936420332742311,,-0.0032471406039015493,0.09321165002473752,0.09645879062863907,True,False,False,0.09645879062863907,-0.0412140190922465,0.1402405630388078,0.1814545821310543,True,False,False,0.1814545821310543,-0.07474514342017263,0.19625570724599478,0.2710008506661674,True,False,False,0.2710008506661674
student_t_ewma,student_t,ewma,overlap_supplement,21,5,2020-07-16,2020-08-14,0.004815099256196387,0.264,252,500,0.01440136379762291,0.001936420332742311,17.166093023559462,0.0013237610676933853,0.09101360170799666,0.08968984064030328,True,False,False,0.08968984064030328,-0.04401111772458692,0.1370574132612372,0.1810685309858241,True,False,False,0.1810685309858241,-0.10389831162974454,0.19225183293111148,0.29615014456085603,True,False,False,0.29615014456085603
bootstrap_rolling,bootstrap,rolling,overlap_supplement,21,5,2020-07-23,2020-08-21,0.05515614367474608,0.58,252,500,0.01620771299955333,0.0019111069784776451,,-0.013540902160955687,0.0942314368241734,0.10777233898512908,True,False,False,0.10777233898512908,-0.05625661881028458,0.14746434758689017,0.20372096639717474,True,False,False,0.20372096639717474,-0.09868079689746646,0.1939758519263878,0.2926566488238543,True,False,False,0.2926566488238543
normal_rolling,normal,rolling,overlap_supplement,21,5,2020-07-23,2020-08-21,0.05515614367474608,0.552,252,500,0.01620771299955333,0.0019111069784776451,,-0.005130126047293904,0.09687688284396706,0.10200700889126096,True,False,False,0.10200700889126096,-0.04371211343793712,0.15166388182171517,0.1953759952596523,True,False,False,0.1953759952596523,-0.08577233750365669,0.21577831660003965,0.30155065410369636,True,False,False,0.30155065410369636
student_t_rolling,student_t,rolling,overlap_supplement,21,5,2020-07-23,2020-08-21,0.05515614367474608,0.55,252,500,0.01620771299955333,0.0019111069784776451,18.870965562391635,-0.008928190750756793,0.09151096715816792,0.10043915790892471,True,False,False,0.10043915790892471,-0.058490198970661905,0.132457089525954,0.1909472884966159,True,False,False,0.1909472884966159,-0.09686328503665478,0.18753237726184083,0.2843956622984956,True,False,False,0.2843956622984956
bootstrap_ewma,bootstrap,ewma,overlap_supplement,21,5,2020-07-23,2020-08-21,0.05515614367474608,0.588,252,500,0.014756031087047912,0.0019111069784776451,,-0.008778919317403544,0.08934992334795205,0.0981288426653556,True,False,False,0.0981288426653556,-0.047933462817226415,0.13749539206103029,0.1854288548782567,True,False,False,0.1854288548782567,-0.08697822314146622,0.17939797685689415,0.2663761999983604,True,False,False,0.2663761999983604
normal_ewma,normal,ewma,overlap_supplement,21,5,2020-07-23,2020-08-21,0.05515614367474608,0.564,252,500,0.014756031087047912,0.0019111069784776451,,-0.0010874371184531606,0.0917474200780733,0.09283485719652645,True,False,False,0.09283485719652645,-0.03641861088441085,0.1412849475913165,0.17770355847572733,True,False,False,0.17770355847572733,-0.0750809101468207,0.19898928456532874,0.27407019471214944,True,False,False,0.27407019471214944
student_t_ewma,student_t,ewma,overlap_supplement,21,5,2020-07-23,2020-08-21,0.05515614367474608,0.566,252,500,0.014756031087047912,0.0019111069784776451,18.870965562391635,-0.004559963408739487,0.08688389742276337,0.09144386083150285,True,False,False,0.09144386083150285,-0.049985112012890694,0.12394301804255924,0.17392813005544994,True,False,False,0.17392813005544994,-0.08530213129923205,0.17360180053004057,0.2589039318292726,True,False,False,0.2589039318292726
bootstrap_rolling,bootstrap,rolling,overlap_supplement,21,5,2020-07-30,2020-08-28,0.06330799549131161,0.58,252,500,0.016339523686541232,0.0017113946965505802,,-0.00390412095480544,0.10519514538192576,0.1090992663367312,True,False,False,0.1090992663367312,-0.06337517349833,0.15446773955946802,0.21784291305779802,True,False,False,0.21784291305779802,-0.11929477740471836,0.21321566162789002,0.33251043903260835,True,False,False,0.33251043903260835
normal_rolling,normal,rolling,overlap_supplement,21,5,2020-07-30,2020-08-28,0.06330799549131161,0.658,252,500,0.016339523686541232,0.0017113946965505802,,-0.01264978967863395,0.08149625657975845,0.0941460462583924,True,False,False,0.0941460462583924,-0.05410103914799382,0.1382973437928411,0.19239838294083492,True,False,False,0.19239838294083492,-0.10553490318162803,0.18857188323579635,0.2941067864174244,True,False,False,0.2941067864174244
student_t_rolling,student_t,rolling,overlap_supplement,21,5,2020-07-30,2020-08-28,0.06330799549131161,0.638,252,500,0.016339523686541232,0.0017113946965505802,20.108895853224226,-0.020645977155799855,0.08734014099082588,0.10798611814662573,True,False,False,0.10798611814662573,-0.0641867128036074,0.14230282826264531,0.20648954106625272,True,False,False,0.20648954106625272,-0.10663225748036183,0.19961709678383066,0.3062493542641925,True,False,False,0.3062493542641925
bootstrap_ewma,bootstrap,ewma,overlap_supplement,21,5,2020-07-30,2020-08-28,0.06330799549131161,0.582,252,500,0.015765183701773888,0.0017113946965505802,,-0.002507833697374756,0.10270846516390575,0.1052162988612805,True,False,False,0.1052162988612805,-0.060030468329221584,0.15010553646555957,0.21013600479478117,True,False,False,0.21013600479478117,-0.11423518409590191,0.20652463078330663,0.32075981487920857,True,False,False,0.32075981487920857
normal_ewma,normal,ewma,overlap_supplement,21,5,2020-07-30,2020-08-28,0.06330799549131161,0.664,252,500,0.015765183701773888,0.0017113946965505802,,-0.010959225524033112,0.07988538494961911,0.09084461047365222,True,False,False,0.09084461047365222,-0.05105192822180481,0.1345586417363843,0.1856105699581891,True,False,False,0.1856105699581891,-0.1008863673698731,0.18286969422947544,0.2837560615993485,True,False,False,0.2837560615993485
student_t_ewma,student_t,ewma,overlap_supplement,21,5,2020-07-30,2020-08-28,0.06330799549131161,0.646,252,500,0.015765183701773888,0.0017113946965505802,20.108895853224226,-0.01868865714612325,0.08551492256889714,0.1042035797150204,True,False,False,0.1042035797150204,-0.06081628911642994,0.13841039282165177,0.1992266819380817,True,False,False,0.1992266819380817,-0.10195066242935258,0.1934738354995987,0.2954244979289513,True,False,False,0.2954244979289513
bootstrap_rolling,bootstrap,rolling,overlap_supplement,21,5,2020-08-06,2020-09-04,0.06008678861058425,0.574,252,500,0.016747912048916347,0.0018501511211017365,,-0.01183729136944317,0.09941271096471255,0.11125000233415572,True,False,False,0.11125000233415572,-0.0668960958705834,0.14844019992716395,0.21533629579774735,True,False,False,0.21533629579774735,-0.11654460921925433,0.20396047110046797,0.3205050803197223,True,False,False,0.3205050803197223
normal_rolling,normal,rolling,overlap_supplement,21,5,2020-08-06,2020-09-04,0.06008678861058425,0.63,252,500,0.016747912048916347,0.0018501511211017365,,-0.020232977764010673,0.09143444040411508,0.11166741816812575,True,False,False,0.11166741816812575,-0.0635183851172754,0.1429900514068866,0.20650843652416198,True,False,False,0.20650843652416198,-0.1231239846944284,0.1994802340414133,0.32260421873584166,True,False,False,0.32260421873584166
student_t_rolling,student_t,rolling,overlap_supplement,21,5,2020-08-06,2020-09-04,0.06008678861058425,0.616,252,500,0.016747912048916347,0.0018501511211017365,14.895861608894364,-0.015380206269695162,0.09452540791028946,0.10990561417998462,True,False,False,0.10990561417998462,-0.06283768381901042,0.14371850179903053,0.20655618561804096,True,False,False,0.20655618561804096,-0.11630164514487978,0.1998208504639284,0.3161224956088082,True,False,False,0.3161224956088082
bootstrap_ewma,bootstrap,ewma,overlap_supplement,21,5,2020-08-06,2020-09-04,0.06008678861058425,0.564,252,500,0.01883182689165908,0.0018501511211017365,,-0.01805881743072041,0.10708954455302921,0.12514836198374962,True,False,False,0.12514836198374962,-0.07936203856175565,0.1627544386678721,0.24211647722962776,True,False,False,0.24211647722962776,-0.13425689517383843,0.22614897761808525,0.3604058727919237,True,False,False,0.3604058727919237
normal_ewma,normal,ewma,overlap_supplement,21,5,2020-08-06,2020-09-04,0.06008678861058425,0.604,252,500,0.01883182689165908,0.0018501511211017365,,-0.027434911897514513,0.09806001026706956,0.12549492216458408,True,False,False,0.12549492216458408,-0.07561394176537473,0.1565515936418748,0.23216553540724952,True,False,False,0.23216553540724952,-0.1415033614078865,0.22101924558140743,0.36252260698929395,True,False,False,0.36252260698929395
student_t_ewma,student_t,ewma,overlap_supplement,21,5,2020-08-06,2020-09-04,0.06008678861058425,0.596,252,500,0.01883182689165908,0.0018501511211017365,14.895861608894364,-0.022016759641968142,0.10155729969214644,0.12357405933411458,True,False,False,0.12357405933411458,-0.07485839371116657,0.15738044954041458,0.23223884325158115,True,False,False,0.23223884325158115,-0.1339893400439689,0.22140914949924145,0.35539848954321035,True,False,False,0.35539848954321035
bootstrap_rolling,bootstrap,rolling,overlap_supplement,21,5,2020-08-13,2020-09-14,0.02980495307377784,0.432,252,500,0.016751375094009053,0.0016577051265486758,,-0.011276051286880973,0.09325852051522898,0.10453457180210995,True,False,False,0.10453457180210995,-0.06180299572252739,0.14335862873708544,0.20516162445961283,True,False,False,0.20516162445961283,-0.11103644646129249,0.20645953923586868,0.3174959856971612,True,False,False,0.3174959856971612
normal_rolling,normal,rolling,overlap_supplement,21,5,2020-08-13,2020-09-14,0.02980495307377784,0.486,252,500,0.016751375094009053,0.0016577051265486758,,-0.023533940817032556,0.09620979609764813,0.11974373691468068,True,False,False,0.11974373691468068,-0.07069312442142907,0.14530436427118043,0.21599748869260949,True,False,False,0.21599748869260949,-0.11406344625973995,0.19144603208082214,0.3055094783405621,True,False,False,0.3055094783405621
student_t_rolling,student_t,rolling,overlap_supplement,21,5,2020-08-13,2020-09-14,0.02980495307377784,0.446,252,500,0.016751375094009053,0.0016577051265486758,13.965298147132245,-0.016773561387801367,0.0918110617380885,0.10858462312588987,True,False,False,0.10858462312588987,-0.05761163232475968,0.14095012778346677,0.19856176010822646,True,False,False,0.19856176010822646,-0.11708148303222281,0.22070187651990572,0.3377833595521285,True,False,False,0.3377833595521285
bootstrap_ewma,bootstrap,ewma,overlap_supplement,21,5,2020-08-13,2020-09-14,0.02980495307377784,0.436,252,500,0.019196364517629197,0.0016577051265486758,,-0.017913920919676307,0.10196574803263275,0.11987966895230906,True,False,False,0.11987966895230906,-0.07520921109505528,0.1600266697529743,0.2352358808480296,True,False,False,0.2352358808480296,-0.13060624899279746,0.23368279383710563,0.3642890428299031,True,False,False,0.3642890428299031
normal_ewma,normal,ewma,overlap_supplement,21,5,2020-08-13,2020-09-14,0.02980495307377784,0.49,252,500,0.019196364517629197,0.0016577051265486758,,-0.031853977062097416,0.1053754196170571,0.13722939667915451,True,False,False,0.13722939667915451,-0.0852444136120064,0.16228919273177295,0.24753360634377936,True,False,False,0.24753360634377936,-0.13399782937143634,0.21610576762383713,0.3501035969952735,True,False,False,0.3501035969952735
student_t_ewma,student_t,ewma,overlap_supplement,21,5,2020-08-13,2020-09-14,0.02980495307377784,0.448,252,500,0.019196364517629197,0.0016577051265486758,13.965298147132245,-0.024169003691132868,0.1002939955769469,0.12446299926807977,True,False,False,0.12446299926807977,-0.07047321153567555,0.15722688112583905,0.22770009266151459,True,False,False,0.22770009266151459,-0.1373777186555268,0.25038650670264734,0.3877642253581741,True,False,False,0.3877642253581741
bootstrap_rolling,bootstrap,rolling,overlap_supplement,21,5,2020-08-20,2020-09-21,-0.038846005435453246,0.19,252,500,0.016713461133233444,0.0015897344322692312,,-0.021974797776846633,0.08874484909260805,0.11071964686945468,False,True,False,0.17820447750388113,-0.07475458596862923,0.14048039696894804,0.21523498293757726,True,False,False,0.21523498293757726,-0.12884404385963155,0.18341017932768214,0.31225422318731366,True,False,False,0.31225422318731366
normal_rolling,normal,rolling,overlap_supplement,21,5,2020-08-20,2020-09-21,-0.038846005435453246,0.176,252,500,0.016713461133233444,0.0015897344322692312,,-0.017918112879936637,0.09270807552245569,0.11062618840239233,False,True,False,0.19433775862445876,-0.06637182983334527,0.14185625794586335,0.20822808777920862,True,False,False,0.20822808777920862,-0.1071444429613715,0.19231633134069023,0.29946077430206175,True,False,False,0.29946077430206175
student_t_rolling,student_t,rolling,overlap_supplement,21,5,2020-08-20,2020-09-21,-0.038846005435453246,0.184,252,500,0.016713461133233444,0.0015897344322692312,13.559039432259123,-0.017821005824439573,0.10001777089182678,0.11783877671626636,False,True,False,0.20193877516032105,-0.06949865305650857,0.14693397833761027,0.21643263139411884,True,False,False,0.21643263139411884,-0.10738517636195247,0.20199709636705673,0.3093822727290092,True,False,False,0.3093822727290092
bootstrap_ewma,bootstrap,ewma,overlap_supplement,21,5,2020-08-20,2020-09-21,-0.038846005435453246,0.214,252,500,0.018067544405426583,0.0015897344322692312,,-0.026370810835896208,0.09330951886111077,0.11968032969700698,False,True,False,0.16958110809523513,-0.08304395513039199,0.1495776154346874,0.23262157056507937,True,False,False,0.23262157056507937,-0.14085200006485935,0.19642623602874482,0.3372782360936042,True,False,False,0.3372782360936042
normal_ewma,normal,ewma,overlap_supplement,21,5,2020-08-20,2020-09-21,-0.038846005435453246,0.194,252,500,0.018067544405426583,0.0015897344322692312,,-0.022004415690073664,0.0976124323426269,0.11961684803270056,False,True,False,0.1869832070142189,-0.0740599531163241,0.15107686749303947,0.22513682060936357,True,False,False,0.22513682060936357,-0.11769452408849417,0.20616271686099769,0.32385724094949186,True,False,False,0.32385724094949186
student_t_ewma,student_t,ewma,overlap_supplement,21,5,2020-08-20,2020-09-21,-0.038846005435453246,0.204,252,500,0.018067544405426583,0.0015897344322692312,13.559039432259123,-0.021899906706248612,0.10555195545973683,0.12745186216598545,False,True,False,0.19523625708280398,-0.07741181367019162,0.15661129210190955,0.23402310577210117,True,False,False,0.23402310577210117,-0.1179515695258744,0.21675280244329473,0.33470437196916913,True,False,False,0.33470437196916913
bootstrap_rolling,bootstrap,rolling,overlap_supplement,21,5,2020-08-27,2020-09-28,0.004240023362836354,0.37,252,500,0.016541840063844716,0.001462416321763746,,-0.01944274638327556,0.09151233324014424,0.1109550796234198,True,False,False,0.1109550796234198,-0.06407493512600669,0.14574565614736126,0.20982059127336794,True,False,False,0.20982059127336794,-0.13734762196266473,0.2016534406521861,0.33900106261485086,True,False,False,0.33900106261485086
normal_rolling,normal,rolling,overlap_supplement,21,5,2020-08-27,2020-09-28,0.004240023362836354,0.362,252,500,0.016541840063844716,0.001462416321763746,,-0.016670402449292576,0.07842399598520777,0.09509439843450035,True,False,False,0.09509439843450035,-0.06232197494013625,0.13049846995601672,0.19282044489615296,True,False,False,0.19282044489615296,-0.10920314969597482,0.2194676556249678,0.3286708053209426,True,False,False,0.3286708053209426
student_t_rolling,student_t,rolling,overlap_supplement,21,5,2020-08-27,2020-09-28,0.004240023362836354,0.348,252,500,0.016541840063844716,0.001462416321763746,14.28925421179271,-0.022530497529207827,0.08706907023203958,0.10959956776124741,True,False,False,0.10959956776124741,-0.06662075452614115,0.14322332234435423,0.2098440768704954,True,False,False,0.2098440768704954,-0.1026024499377858,0.206499875734881,0.3091023256726668,True,False,False,0.3091023256726668
bootstrap_ewma,bootstrap,ewma,overlap_supplement,21,5,2020-08-27,2020-09-28,0.004240023362836354,0.376,252,500,0.018316827853030824,0.001462416321763746,,-0.024725595271608863,0.09819150352358513,0.122917098795194,True,False,False,0.122917098795194,-0.07375898315814808,0.15877043131940302,0.2325294144775511,True,False,False,0.2325294144775511,-0.1537090768709891,0.22154269976652047,0.3752517766375095,True,False,False,0.3752517766375095
normal_ewma,normal,ewma,overlap_supplement,21,5,2020-08-27,2020-09-28,0.004240023362836354,0.384,252,500,0.018316827853030824,0.001462416321763746,,-0.021671846131177064,0.08361947916110257,0.10529132529227964,True,False,False,0.10529132529227964,-0.0718378097615884,0.14170748938093186,0.21354529914252027,True,False,False,0.21354529914252027,-0.12308254902110052,0.24161076100857654,0.3646933100296771,True,False,False,0.3646933100296771
student_t_ewma,student_t,ewma,overlap_supplement,21,5,2020-08-27,2020-09-28,0.004240023362836354,0.358,252,500,0.018316827853030824,0.001462416321763746,14.28925421179271,-0.02812567416875736,0.09324244026554634,0.1213681144343037,True,False,False,0.1213681144343037,-0.07654839654072085,0.1559460270241777,0.23249442356489855,True,False,False,0.23249442356489855,-0.11588471980077265,0.22699912647174525,0.3428838462725179,True,False,False,0.3428838462725179
bootstrap_rolling,bootstrap,rolling,overlap_supplement,21,5,2020-09-03,2020-10-05,0.011508127854963135,0.366,252,500,0.01681066453605326,0.0016154823388064164,,-0.01192175032523432,0.08739412764604121,0.09931587797127553,True,False,False,0.09931587797127553,-0.06792702017646449,0.14281024543922666,0.21073726561569114,True,False,False,0.21073726561569114,-0.13298563490746956,0.1877055093556716,0.32069114426314116,True,False,False,0.32069114426314116
normal_rolling,normal,rolling,overlap_supplement,21,5,2020-09-03,2020-10-05,0.011508127854963135,0.392,252,500,0.01681066453605326,0.0016154823388064164,,-0.019989036512473468,0.09753495262593737,0.11752398913841083,True,False,False,0.11752398913841083,-0.056340569059976704,0.15292071578226682,0.20926128484224352,True,False,False,0.20926128484224352,-0.10937414610893435,0.21426114687261372,0.3236352929815481,True,False,False,0.3236352929815481
student_t_rolling,student_t,rolling,overlap_supplement,21,5,2020-09-03,2020-10-05,0.011508127854963135,0.384,252,500,0.01681066453605326,0.0016154823388064164,15.549062130672148,-0.014809197940178875,0.09634066103062472,0.1111498589708036,True,False,False,0.1111498589708036,-0.05635525767186615,0.14611712440268768,0.2024723820745538,True,False,False,0.2024723820745538,-0.11340803805655554,0.20094147160649525,0.3143495096630508,True,False,False,0.3143495096630508
bootstrap_ewma,bootstrap,ewma,overlap_supplement,21,5,2020-09-03,2020-10-05,0.011508127854963135,0.386,252,500,0.01918813844764181,0.0016154823388064164,,-0.01831763494174457,0.0950888603741446,0.11340649531588917,True,False,False,0.11340649531588917,-0.08157093422114574,0.15901619040642193,0.24058712462756765,True,False,False,0.24058712462756765,-0.15437474507062368,0.2111304067492903,0.36550515181991394,True,False,False,0.36550515181991394
normal_ewma,normal,ewma,overlap_supplement,21,5,2020-09-03,2020-10-05,0.011508127854963135,0.402,252,500,0.01918813844764181,0.0016154823388064164,,-0.027460933908680096,0.10675344403509784,0.13421437794377794,True,False,False,0.13421437794377794,-0.06852802463025466,0.17072749400795714,0.23925551863821182,True,False,False,0.23925551863821182,-0.12803797637112468,0.24208835285558816,0.37012632922671285,True,False,False,0.37012632922671285
student_t_ewma,student_t,ewma,overlap_supplement,21,5,2020-09-03,2020-10-05,0.011508127854963135,0.388,252,500,0.01918813844764181,0.0016154823388064164,15.549062130672148,-0.021591431845398995,0.10537891081023582,0.1269703426556348,True,False,False,0.1269703426556348,-0.06854441077737491,0.16284505596891619,0.2313894667462911,True,False,False,0.2313894667462911,-0.1325451960249523,0.22654827943215222,0.3590934754571045,True,False,False,0.3590934754571045
bootstrap_rolling,bootstrap,rolling,overlap_supplement,21,5,2020-09-11,2020-10-12,-0.005669306842235211,0.28,252,500,0.016708069613325077,0.0018551816651416215,,-0.014415531095775341,0.09345176061756116,0.1078672917133365,True,False,False,0.1078672917133365,-0.06744617596781095,0.13918024430882864,0.20662642027663958,True,False,False,0.20662642027663958,-0.12574820906338038,0.19387485891707473,0.31962306798045514,True,False,False,0.31962306798045514
normal_rolling,normal,rolling,overlap_supplement,21,5,2020-09-11,2020-10-12,-0.005669306842235211,0.294,252,500,0.016708069613325077,0.0018551816651416215,,-0.018961769270473383,0.09439200556395394,0.11335377483442732,True,False,False,0.11335377483442732,-0.0647197789546739,0.15448161685130393,0.21920139580597783,True,False,False,0.21920139580597783,-0.11268861987699429,0.20859490944799458,0.3212835293249889,True,False,False,0.3212835293249889
student_t_rolling,student_t,rolling,overlap_supplement,21,5,2020-09-11,2020-10-12,-0.005669306842235211,0.298,252,500,0.016708069613325077,0.0018551816651416215,14.521456204814545,-0.017664868712766957,0.09144542281518692,0.10911029152795387,True,False,False,0.10911029152795387,-0.06101895963505999,0.14058833705170412,0.2016072966867641,True,False,False,0.2016072966867641,-0.1043130767721886,0.20116803555429555,0.3054811123264841,True,False,False,0.3054811123264841
bootstrap_ewma,bootstrap,ewma,overlap_supplement,21,5,2020-09-11,2020-10-12,-0.005669306842235211,0.31,252,500,0.018606582474921442,0.0018551816651416215,,-0.020386530692576676,0.09972936962806783,0.12011590032064451,True,False,False,0.12011590032064451,-0.07890282062905009,0.15106649047502718,0.22996931110407726,True,False,False,0.22996931110407726,-0.1427998581988251,0.21277779041870323,0.35557764861752833,True,False,False,0.35557764861752833
normal_ewma,normal,ewma,overlap_supplement,21,5,2020-09-11,2020-10-12,-0.005669306842235211,0.306,252,500,0.018606582474921442,0.0018551816651416215,,-0.025417365877897558,0.10078252004002253,0.12619988591792008,True,False,False,0.12619988591792008,-0.07590343176582845,0.16829741840373766,0.2442008501695661,True,False,False,0.2442008501695661,-0.12852795038909692,0.22944089776278973,0.3579688481518867,True,False,False,0.3579688481518867
student_t_ewma,student_t,ewma,overlap_supplement,21,5,2020-09-11,2020-10-12,-0.005669306842235211,0.314,252,500,0.018606582474921442,0.0018551816651416215,14.521456204814545,-0.023982491719746007,0.09748246058147864,0.12146495230122464,True,False,False,0.12146495230122464,-0.07183045389088533,0.15265105511294572,0.22448150900383104,True,False,False,0.22448150900383104,-0.11936230664462494,0.2210305399921814,0.34039284663680636,True,False,False,0.34039284663680636
bootstrap_rolling,bootstrap,rolling,overlap_supplement,21,5,2020-09-18,2020-10-19,0.05272022691498712,0.594,252,500,0.016589160482909298,0.0016182925395285392,,-0.009235131431709148,0.08612555557686569,0.09536068700857483,True,False,False,0.09536068700857483,-0.05120718054764218,0.13300018343092684,0.18420736397856902,True,False,False,0.18420736397856902,-0.10909327096785772,0.18830596919920706,0.29739924016706476,True,False,False,0.29739924016706476
normal_rolling,normal,rolling,overlap_supplement,21,5,2020-09-18,2020-10-19,0.05272022691498712,0.592,252,500,0.016589160482909298,0.0016182925395285392,,-0.0166728284423317,0.08497560660979031,0.10164843505212201,True,False,False,0.10164843505212201,-0.05996410364602687,0.13785244820930706,0.19781655185533392,True,False,False,0.19781655185533392,-0.09780812411705904,0.19426021273502456,0.2920683368520836,True,False,False,0.2920683368520836
student_t_rolling,student_t,rolling,overlap_supplement,21,5,2020-09-18,2020-10-19,0.05272022691498712,0.592,252,500,0.016589160482909298,0.0016182925395285392,14.425580662652294,-0.01980906581905298,0.09089957344790622,0.1107086392669592,True,False,False,0.1107086392669592,-0.056159635234738,0.14679692427208002,0.202956559506818,True,False,False,0.202956559506818,-0.10669530723275378,0.2074217100953342,0.31411701732808794,True,False,False,0.31411701732808794
bootstrap_ewma,bootstrap,ewma,overlap_supplement,21,5,2020-09-18,2020-10-19,0.05272022691498712,0.586,252,500,0.01802299462266826,0.0016182925395285392,,-0.012932917821045609,0.09070060659050433,0.10363352441154994,True,False,False,0.10363352441154994,-0.05827823342065197,0.1419353694526761,0.20021360287332807,True,False,False,0.20021360287332807,-0.12053107567969165,0.20262129401721843,0.3231523696969101,True,False,False,0.3231523696969101
normal_ewma,normal,ewma,overlap_supplement,21,5,2020-09-18,2020-10-19,0.05272022691498712,0.586,252,500,0.01802299462266826,0.0016182925395285392,,-0.02098069314815218,0.08944605986459664,0.11042675301274882,True,False,False,0.11042675301274882,-0.06771734545733765,0.14724958330559218,0.21496692876292983,True,False,False,0.21496692876292983,-0.10842129035542736,0.20916932227238325,0.31759061262781063,True,False,False,0.31759061262781063
student_t_ewma,student_t,ewma,overlap_supplement,21,5,2020-09-18,2020-10-19,0.05272022691498712,0.59,252,500,0.01802299462266826,0.0016182925395285392,14.425580662652294,-0.024372606887534537,0.09591008750441382,0.12028269439194836,True,False,False,0.12028269439194836,-0.06361743432114496,0.15705072112487284,0.2206681554460178,True,False,False,0.2206681554460178,-0.11795898562154099,0.22365451175686385,0.34161349737840485,True,False,False,0.34161349737840485
bootstrap_rolling,bootstrap,rolling,overlap_supplement,21,5,2020-09-25,2020-10-26,-0.011755379891643547,0.166,252,500,0.016124063392433243,0.0022051956125114466,,0.006586809749198397,0.10571956658499593,0.09913275683579753,False,True,False,0.1725015153991653,-0.03779091023796763,0.14528412510783303,0.18307503534580066,True,False,False,0.18307503534580066,-0.07583233136512968,0.201467115868786,0.27729944723391564,True,False,False,0.27729944723391564
normal_rolling,normal,rolling,overlap_supplement,21,5,2020-09-25,2020-10-26,-0.011755379891643547,0.186,252,500,0.016124063392433243,0.0022051956125114466,,-0.0013673779289574972,0.10494122184636528,0.10630859977532278,False,True,False,0.14786060762606698,-0.04475408464487467,0.15789121361251368,0.20264529825738836,True,False,False,0.20264529825738836,-0.09351552964155957,0.21719467762384614,0.3107102072654057,True,False,False,0.3107102072654057
student_t_rolling,student_t,rolling,overlap_supplement,21,5,2020-09-25,2020-10-26,-0.011755379891643547,0.202,252,500,0.016124063392433243,0.0022051956125114466,14.307522280371092,-0.0006071346490457707,0.10192005644215657,0.10252719109120234,False,True,False,0.14712017206159345,-0.043018757563457966,0.14788352029479893,0.1909022778582569,True,False,False,0.1909022778582569,-0.07796741689574645,0.22180524010535202,0.29977265700109845,True,False,False,0.29977265700109845
bootstrap_ewma,bootstrap,ewma,overlap_supplement,21,5,2020-09-25,2020-10-26,-0.011755379891643547,0.18,252,500,0.016990944038787356,0.0022051956125114466,,0.004438276053630896,0.1089455293433601,0.10450725328972921,False,True,False,0.16928187707082698,-0.04216942747377205,0.15079861307226197,0.19296804054603403,True,False,False,0.19296804054603403,-0.08203068124454593,0.21036450347490238,0.2923951847194483,True,False,False,0.2923951847194483
normal_ewma,normal,ewma,overlap_supplement,21,5,2020-09-25,2020-10-26,-0.011755379891643547,0.202,252,500,0.016990944038787356,0.0022051956125114466,,-0.003923881898114323,0.108122974312021,0.11204685621013533,False,True,False,0.14337284818425222,-0.049472150960514646,0.1641514011477099,0.21362355210822453,True,False,False,0.21362355210822453,-0.10053004879574981,0.22706631751390616,0.32759636630965594,True,False,False,0.32759636630965594
student_t_ewma,student_t,ewma,overlap_supplement,21,5,2020-09-25,2020-10-26,-0.011755379891643547,0.204,252,500,0.016990944038787356,0.0022051956125114466,14.307522280371092,-0.003124799591154387,0.10493043560053267,0.10805523519168705,False,True,False,0.1425775563936437,-0.0476524698363863,0.1535512044870915,0.2012036743234778,True,False,False,0.2012036743234778,-0.08426535752841594,0.23196456920243008,0.31622992673084604,True,False,False,0.31622992673084604
bootstrap_rolling,bootstrap,rolling,overlap_supplement,21,5,2020-10-02,2020-11-02,-0.03147077639794282,0.112,252,500,0.016337431918606114,0.002399135943736741,,0.009408946869147783,0.10916201001765369,0.0997530631485059,False,True,False,0.26327195621686833,-0.03432398907474802,0.16768285401025546,0.20200684308500347,True,False,False,0.20200684308500347,-0.08346472085047935,0.229395913428098,0.31286063427857735,True,False,False,0.31286063427857735
normal_rolling,normal,rolling,overlap_supplement,21,5,2020-10-02,2020-11-02,-0.03147077639794282,0.16,252,500,0.016337431918606114,0.002399135943736741,,-0.004562680245965511,0.10239107915827084,0.10695375940423635,False,True,False,0.2145861440121456,-0.05784473763558236,0.15345797680681617,0.2113027144423985,True,False,False,0.2113027144423985,-0.10643880383919262,0.22980043823064547,0.3362392420698381,True,False,False,0.3362392420698381
student_t_rolling,student_t,rolling,overlap_supplement,21,5,2020-10-02,2020-11-02,-0.03147077639794282,0.13,252,500,0.016337431918606114,0.002399135943736741,17.878466910531742,0.0018818650916581081,0.10145774821494374,0.09957588312328564,False,True,False,0.23298644908168936,-0.048602350333273835,0.15338837615959985,0.2019907264928737,True,False,False,0.2019907264928737,-0.10256593609517681,0.20794322066842533,0.31050915676360213,True,False,False,0.31050915676360213
bootstrap_ewma,bootstrap,ewma,overlap_supplement,21,5,2020-10-02,2020-11-02,-0.03147077639794282,0.136,252,500,0.017551407712350506,0.002399135943736741,,0.006337137697182804,0.11355721889222653,0.10722008119504373,False,True,False,0.25845173757554624,-0.040426029571203635,0.1767974237620221,0.21722345333322574,True,False,False,0.21722345333322574,-0.09278315890880243,0.24374318057293046,0.3365263394817329,True,False,False,0.3365263394817329
normal_ewma,normal,ewma,overlap_supplement,21,5,2020-10-02,2020-11-02,-0.03147077639794282,0.172,252,500,0.017551407712350506,0.002399135943736741,,-0.008619264893823336,0.10625600728287893,0.11487527217670226,False,True,False,0.2062813181931802,-0.06551196131703006,0.1614032578967165,0.22691521921374658,True,False,False,0.22691521921374658,-0.11719095321509763,0.2441825355891951,0.3613734888042927,True,False,False,0.3613734888042927
student_t_ewma,student_t,ewma,overlap_supplement,21,5,2020-10-02,2020-11-02,-0.03147077639794282,0.16,252,500,0.017551407712350506,0.002399135943736741,17.878466910531742,-0.0017224094894643105,0.10524983072493993,0.10697224021440424,False,True,False,0.2259657078483183,-0.05566002425472012,0.16132797057192366,0.21698799482664377,True,False,False,0.21698799482664377,-0.11307994939945946,0.22044225850082363,0.3335222079002831,True,False,False,0.3335222079002831
bootstrap_rolling,bootstrap,rolling,overlap_supplement,21,5,2020-10-09,2020-11-09,-0.03664260505472272,0.112,252,500,0.016184820495795935,0.0025286340625467643,,0.003432396795814141,0.10788471077078887,0.10445231397497473,False,True,False,0.2647523213771222,-0.04483392869196458,0.1537338909819841,0.19856781967394865,True,False,False,0.19856781967394865,-0.08154422821565986,0.20272284882065264,0.2842670770363125,True,False,False,0.2842670770363125
normal_rolling,normal,rolling,overlap_supplement,21,5,2020-10-09,2020-11-09,-0.03664260505472272,0.092,252,500,0.016184820495795935,0.0025286340625467643,,0.012765154856710648,0.10389351312933504,0.09112835827262439,False,True,False,0.28875939791835786,-0.03291547579267404,0.14867302590540904,0.18158850169808308,False,True,False,0.21885979431856992,-0.08201867626881933,0.19716476717168582,0.27918344344050516,True,False,False,0.27918344344050516
student_t_rolling,student_t,rolling,overlap_supplement,21,5,2020-10-09,2020-11-09,-0.03664260505472272,0.092,252,500,0.016184820495795935,0.0025286340625467643,16.649719825482926,0.009579204755479465,0.10831963733517741,0.09874043257969795,False,True,False,0.2836276718205067,-0.032016583566867804,0.15864228338235684,0.19065886694922463,False,True,False,0.2369190818277738,-0.10386241077657375,0.21397294634800432,0.31783535712457806,True,False,False,0.31783535712457806
bootstrap_ewma,bootstrap,ewma,overlap_supplement,21,5,2020-10-09,2020-11-09,-0.03664260505472272,0.122,252,500,0.0166214276681549,0.0025286340625467643,,0.0020886541018173554,0.10936063662351991,0.10727198252170256,False,True,False,0.26219701914786286,-0.04738070644077346,0.15653536021581405,0.2039160666565875,True,False,False,0.2039160666565875,-0.0849610454942788,0.2069965580744605,0.2919576035687393,True,False,False,0.2919576035687393
normal_ewma,normal,ewma,overlap_supplement,21,5,2020-10-09,2020-11-09,-0.03664260505472272,0.096,252,500,0.0166214276681549,0.0025286340625467643,,0.011661538259288617,0.10525651039926592,0.0935949721399773,False,True,False,0.28681154539602266,-0.035171331252490716,0.15132566020842603,0.18649699146091675,False,True,False,0.20120972948323682,-0.0854464739356275,0.20126865277711434,0.28671512671274185,True,False,False,0.28671512671274185
student_t_ewma,student_t,ewma,overlap_supplement,21,5,2020-10-09,2020-11-09,-0.03664260505472272,0.098,252,500,0.0166214276681549,0.0025286340625467643,16.649719825482926,0.008393346419313052,0.10980789332369217,0.10141454690437912,False,True,False,0.2815583528005222,-0.034250325514940304,0.16158869247031157,0.19583901798525188,False,True,False,0.21976181338307607,-0.10778823338763861,0.21859263193098763,0.32638086531862626,True,False,False,0.32638086531862626
bootstrap_rolling,bootstrap,rolling,overlap_supplement,21,5,2020-10-16,2020-11-16,0.04516132351816782,0.472,252,500,0.01627383764546513,0.002447116673278511,,0.002309971306662717,0.09899006249470693,0.09668009118804421,True,False,False,0.09668009118804421,-0.03651062558740267,0.15154516637771,0.18805579196511268,True,False,False,0.18805579196511268,-0.08856105410419661,0.19969413322131857,0.2882551873255152,True,False,False,0.2882551873255152
normal_rolling,normal,rolling,overlap_supplement,21,5,2020-10-16,2020-11-16,0.04516132351816782,0.444,252,500,0.01627383764546513,0.002447116673278511,,0.0062761060302263805,0.10379327576530534,0.09751716973507896,True,False,False,0.09751716973507896,-0.035359190045147385,0.14843848299153117,0.18379767303667854,True,False,False,0.18379767303667854,-0.08044141703595752,0.2147511052593673,0.29519252229532483,True,False,False,0.29519252229532483
student_t_rolling,student_t,rolling,overlap_supplement,21,5,2020-10-16,2020-11-16,0.04516132351816782,0.444,252,500,0.01627383764546513,0.002447116673278511,17.157101945210435,0.0027131410909002063,0.10690006091129617,0.10418691982039596,True,False,False,0.10418691982039596,-0.041690636017133666,0.15168662062990565,0.1933772566470393,True,False,False,0.1933772566470393,-0.08835580167411201,0.22296843991175325,0.31132424158586525,True,False,False,0.31132424158586525
bootstrap_ewma,bootstrap,ewma,overlap_supplement,21,5,2020-10-16,2020-11-16,0.04516132351816782,0.474,252,500,0.01700096043173312,0.002447116673278511,,0.00011430217710964308,0.10110365173607155,0.10098934955896191,True,False,False,0.10098934955896191,-0.04031652364769906,0.15617044063035385,0.1964869642780529,True,False,False,0.1964869642780529,-0.09441126351335832,0.20671929954114224,0.3011305630545006,True,False,False,0.3011305630545006
normal_ewma,normal,ewma,overlap_supplement,21,5,2020-10-16,2020-11-16,0.04516132351816782,0.444,252,500,0.01700096043173312,0.002447116673278511,,0.004248934145321015,0.10613160930959026,0.10188267516426924,True,False,False,0.10188267516426924,-0.03911836172392906,0.15291208976520754,0.1920304514891366,True,False,False,0.1920304514891366,-0.08598153115727375,0.22254555560658304,0.30852708676385676,True,False,False,0.30852708676385676
student_t_ewma,student_t,ewma,overlap_supplement,21,5,2020-10-16,2020-11-16,0.04516132351816782,0.446,252,500,0.01700096043173312,0.002447116673278511,17.157101945210435,0.0005345652665398326,0.10938428993343341,0.10884972466689358,True,False,False,0.10884972466689358,-0.04570595516399039,0.15631881162972158,0.20202476679371198,True,False,False,0.20202476679371198,-0.09419821230513457,0.23118663077359708,0.32538484307873167,True,False,False,0.32538484307873167
bootstrap_rolling,bootstrap,rolling,overlap_supplement,21,5,2020-10-23,2020-11-23,0.04895096222117101,0.482,252,500,0.01631124588035861,0.002370665836120578,,0.004587498565322978,0.11224753475468896,0.10766003618936598,True,False,False,0.10766003618936598,-0.03874976804842061,0.1555252196448007,0.19427498769322132,True,False,False,0.19427498769322132,-0.0754496672261892,0.20566455264249914,0.28111421986868834,True,False,False,0.28111421986868834
normal_rolling,normal,rolling,overlap_supplement,21,5,2020-10-23,2020-11-23,0.04895096222117101,0.452,252,500,0.01631124588035861,0.002370665836120578,,0.007616556863497159,0.10713732756192096,0.0995207706984238,True,False,False,0.0995207706984238,-0.03948400765318113,0.16308441632409912,0.20256842397728025,True,False,False,0.20256842397728025,-0.09173712078498604,0.22939886516441002,0.3211359859493961,True,False,False,0.3211359859493961
student_t_rolling,student_t,rolling,overlap_supplement,21,5,2020-10-23,2020-11-23,0.04895096222117101,0.508,252,500,0.01631124588035861,0.002370665836120578,18.446907953892325,0.0005120775170464054,0.09449431803370306,0.09398224051665666,True,False,False,0.09398224051665666,-0.03336523605563792,0.13869914544366682,0.17206438149930475,True,False,False,0.17206438149930475,-0.0867767628231728,0.20192666184950075,0.28870342467267357,True,False,False,0.28870342467267357
bootstrap_ewma,bootstrap,ewma,overlap_supplement,21,5,2020-10-23,2020-11-23,0.04895096222117101,0.482,252,500,0.01668266893938708,0.002370665836120578,,0.003553901143805549,0.11368193463648574,0.11012803349268019,True,False,False,0.11012803349268019,-0.040702532887980085,0.1580215704061302,0.1987241032941103,True,False,False,0.1987241032941103,-0.07814534933915687,0.20943844640952297,0.28758379574867987,True,False,False,0.28758379574867987
normal_ewma,normal,ewma,overlap_supplement,21,5,2020-10-23,2020-11-23,0.04895096222117101,0.452,252,500,0.01668266893938708,0.002370665836120578,,0.006648852723607213,0.10844889847660139,0.10180004575299417,True,False,False,0.10180004575299417,-0.04145195855139888,0.16577017385839582,0.2072221324097947,True,False,False,0.2072221324097947,-0.09475164887489662,0.23379466084896353,0.3285463097238601,True,False,False,0.3285463097238601
student_t_ewma,student_t,ewma,overlap_supplement,21,5,2020-10-23,2020-11-23,0.04895096222117101,0.508,252,500,0.01668266893938708,0.002370665836120578,18.446907953892325,-0.0006098399592271708,0.09550436455040529,0.09611420450963246,True,False,False,0.09611420450963246,-0.035206227842709825,0.1407780435639653,0.17598427140667514,True,False,False,0.17598427140667514,-0.08969497999583394,0.2056036099566522,0.29529858995248615,True,False,False,0.29529858995248615
bootstrap_rolling,bootstrap,rolling,overlap_supplement,21,5,2020-10-30,2020-12-01,0.08225757302675696,0.65,252,500,0.01624259535572133,0.0022710268108948545,,0.003727303113289837,0.10403677896530089,0.10030947585201105,True,False,False,0.10030947585201105,-0.04075637287617744,0.15419161509655493,0.19494798797273238,True,False,False,0.19494798797273238,-0.081486462837484,0.21409225287552147,0.2955787157130055,True,False,False,0.2955787157130055
normal_rolling,normal,rolling,overlap_supplement,21,5,2020-10-30,2020-12-01,0.08225757302675696,0.66,252,500,0.01624259535572133,0.0022710268108948545,,-0.0007175905863165688,0.09988793723009204,0.10060552781640861,True,False,False,0.10060552781640861,-0.04314992326301236,0.14569993948062618,0.18884986274363855,True,False,False,0.18884986274363855,-0.09838781154726907,0.20599806848867555,0.30438588003594463,True,False,False,0.30438588003594463
student_t_rolling,student_t,rolling,overlap_supplement,21,5,2020-10-30,2020-12-01,0.08225757302675696,0.638,252,500,0.01624259535572133,0.0022710268108948545,19.484812291173185,-0.0033435850472946227,0.10804075985215494,0.11138434489944957,True,False,False,0.11138434489944957,-0.041690990989070344,0.15797136236832582,0.19966235335739616,True,False,False,0.19966235335739616,-0.09587701390187607,0.2300963333615777,0.3259733472634538,True,False,False,0.3259733472634538
bootstrap_ewma,bootstrap,ewma,overlap_supplement,21,5,2020-10-30,2020-12-01,0.08225757302675696,0.656,252,500,0.01594981026073469,0.0022710268108948545,,0.00452318539498614,0.10301668810995573,0.0984935027149696,True,False,False,0.0984935027149696,-0.039211004447252784,0.15220209609822113,0.19141310054547392,True,False,False,0.19141310054547392,-0.07928689579641666,0.21089444326067908,0.29018133905709576,True,False,False,0.29018133905709576
normal_ewma,normal,ewma,overlap_supplement,21,5,2020-10-30,2020-12-01,0.08225757302675696,0.662,252,500,0.01594981026073469,0.0022710268108948545,,0.00015478008331754056,0.09894625865431866,0.09879147857100112,True,False,False,0.09879147857100112,-0.041565248919583936,0.14387730972952806,0.185442558649112,True,False,False,0.185442558649112,-0.09592619771219721,0.20296665616369775,0.2988928538758949,True,False,False,0.2988928538758949
student_t_ewma,student_t,ewma,overlap_supplement,21,5,2020-10-30,2020-12-01,0.08225757302675696,0.638,252,500,0.01594981026073469,0.0022710268108948545,19.484812291173185,-0.002426191348950668,0.10694473087446199,0.10937092222341266,True,False,False,0.10937092222341266,-0.04013026191790475,0.15590720261842225,0.196037464536327,True,False,False,0.196037464536327,-0.0934538968157138,0.22656691406341042,0.3200208108791242,True,False,False,0.3200208108791242
bootstrap_rolling,bootstrap,rolling,overlap_supplement,21,5,2020-11-06,2020-12-08,0.0897443331101051,0.72,252,500,0.016352147753213666,0.002122474676583059,,-0.005791204034759051,0.09750995472303714,0.10330115875779619,True,False,False,0.10330115875779619,-0.04289554386079122,0.15034871219256937,0.1932442560533606,True,False,False,0.1932442560533606,-0.0845997930132843,0.1985665248502222,0.2831663178635065,True,False,False,0.2831663178635065
normal_rolling,normal,rolling,overlap_supplement,21,5,2020-11-06,2020-12-08,0.0897443331101051,0.68,252,500,0.016352147753213666,0.002122474676583059,,-0.0060554634477502645,0.1117977417465178,0.11785320519426806,True,False,False,0.11785320519426806,-0.04149748496124171,0.16542613822656607,0.20692362318780777,True,False,False,0.20692362318780777,-0.0962343206022832,0.2254260355425458,0.321660356144829,True,False,False,0.321660356144829
student_t_rolling,student_t,rolling,overlap_supplement,21,5,2020-11-06,2020-12-08,0.0897443331101051,0.718,252,500,0.016352147753213666,0.002122474676583059,22.19362179955726,-0.012194603277597665,0.09913910778811597,0.11133371106571363,True,False,False,0.11133371106571363,-0.0637729132627746,0.1536100917394704,0.217383005002245,True,False,False,0.217383005002245,-0.1053605217355398,0.20596250627283685,0.31132302800837663,True,False,False,0.31132302800837663
bootstrap_ewma,bootstrap,ewma,overlap_supplement,21,5,2020-11-06,2020-12-08,0.0897443331101051,0.712,252,500,0.01702481071939106,0.002122474676583059,,-0.007849503526447227,0.09970051447861444,0.10755001800506167,True,False,False,0.10755001800506167,-0.046370239776412754,0.15487641555541254,0.20124665533182529,True,False,False,0.20124665533182529,-0.08959307668188388,0.20531830445651575,0.29491138113839965,True,False,False,0.29491138113839965
normal_ewma,normal,ewma,overlap_supplement,21,5,2020-11-06,2020-12-08,0.0897443331101051,0.668,252,500,0.01702481071939106,0.002122474676583059,,-0.008124061516601305,0.11460973119868778,0.12273379271528909,True,False,False,0.12273379271528909,-0.04491991186950179,0.17064008951948892,0.2155600013889907,True,False,False,0.2155600013889907,-0.1016369471041973,0.23345311266004054,0.33509005976423784,True,False,False,0.33509005976423784
student_t_ewma,student_t,ewma,overlap_supplement,21,5,2020-11-06,2020-12-08,0.0897443331101051,0.712,252,500,0.01702481071939106,0.002122474676583059,22.19362179955726,-0.014501628048442461,0.10140012171019447,0.11590174975863693,True,False,False,0.11590174975863693,-0.06801772722422504,0.15828551644970318,0.22630324367392823,True,False,False,0.22630324367392823,-0.11107971557477649,0.21306370225613935,0.3241434178309158,True,False,False,0.3241434178309158
bootstrap_rolling,bootstrap,rolling,overlap_supplement,21,5,2020-11-13,2020-12-15,0.0050620336743720795,0.292,252,500,0.01640273338244364,0.0023037892647020464,,-3.1742706563336887e-05,0.09361740706489297,0.0936491497714563,True,False,False,0.0936491497714563,-0.03886793116705875,0.14540850072505868,0.18427643189211743,True,False,False,0.18427643189211743,-0.08225368216910915,0.18634042730495462,0.26859410947406376,True,False,False,0.26859410947406376
normal_rolling,normal,rolling,overlap_supplement,21,5,2020-11-13,2020-12-15,0.0050620336743720795,0.278,252,500,0.01640273338244364,0.0023037892647020464,,9.4261059670947e-05,0.08971704918612677,0.08962278812645583,True,False,False,0.08962278812645583,-0.03931692491656953,0.14328634166071544,0.18260326657728498,True,False,False,0.18260326657728498,-0.09722888737251537,0.21424460241167703,0.3114734897841924,True,False,False,0.3114734897841924
student_t_rolling,student_t,rolling,overlap_supplement,21,5,2020-11-13,2020-12-15,0.0050620336743720795,0.282,252,500,0.01640273338244364,0.0023037892647020464,26.60237130629994,-0.0003973444828728745,0.10986022300344056,0.11025756748631343,True,False,False,0.11025756748631343,-0.0421369782244106,0.15593405360819587,0.19807103183260646,True,False,False,0.19807103183260646,-0.08708609014052704,0.21956325164677645,0.3066493417873035,True,False,False,0.3066493417873035
bootstrap_ewma,bootstrap,ewma,overlap_supplement,21,5,2020-11-13,2020-12-15,0.0050620336743720795,0.298,252,500,0.016593381172340754,0.0023037892647020464,,-0.0005942469092282132,0.0941401005726678,0.09473434748189602,True,False,False,0.09473434748189602,-0.0398507481266631,0.1465724052214914,0.1864231533481545,True,False,False,0.1864231533481545,-0.08368419583384132,0.18803066603153124,0.2717148618653725,True,False,False,0.2717148618653725
normal_ewma,normal,ewma,overlap_supplement,21,5,2020-11-13,2020-12-15,0.0050620336743720795,0.278,252,500,0.016593381172340754,0.0023037892647020464,,-0.00046685108884980675,0.09019260447212263,0.09065945556097244,True,False,False,0.09065945556097244,-0.04030449503123094,0.14442342209883,0.18472791713006093,True,False,False,0.18472791713006093,-0.09880840871369409,0.2163032239770809,0.315111632690775,True,False,False,0.315111632690775
student_t_ewma,student_t,ewma,overlap_supplement,21,5,2020-11-13,2020-12-15,0.0050620336743720795,0.282,252,500,0.016593381172340754,0.0023037892647020464,26.60237130629994,-0.0009638899643275856,0.1105809703428614,0.11154486030718899,True,False,False,0.11154486030718899,-0.043154343833656524,0.15723168557316008,0.2003860294068166,True,False,False,0.2003860294068166,-0.0885650011812868,0.22169294943824705,0.3102579506195339,True,False,False,0.3102579506195339
bootstrap_rolling,bootstrap,rolling,overlap_supplement,21,5,2020-11-20,2020-12-22,-0.00794593139851929,0.224,252,500,0.016453555276911547,0.002301642286674944,,-0.0002567558386384061,0.09871151553002178,0.09896827136866018,False,True,False,0.12972497360818372,-0.042921906479543234,0.1514615768679309,0.19438348334747413,True,False,False,0.19438348334747413,-0.086094857956773,0.2273654088754567,0.3134602668322297,True,False,False,0.3134602668322297
normal_rolling,normal,rolling,overlap_supplement,21,5,2020-11-20,2020-12-22,-0.00794593139851929,0.244,252,500,0.016453555276911547,0.002301642286674944,,-0.00780339967768523,0.10220711409686689,0.11001051377455212,False,True,False,0.11058064065788836,-0.04675917447266186,0.14860420220339357,0.19536337667605544,True,False,False,0.19536337667605544,-0.09707498051411291,0.20439550382425095,0.3014704843383639,True,False,False,0.3014704843383639
student_t_rolling,student_t,rolling,overlap_supplement,21,5,2020-11-20,2020-12-22,-0.00794593139851929,0.226,252,500,0.016453555276911547,0.002301642286674944,30.0,-0.002236669432921501,0.114168092553729,0.1164047619866505,False,True,False,0.13924180984904166,-0.04649001022590043,0.16778443219272032,0.21427444241862076,True,False,False,0.21427444241862076,-0.09497039885263657,0.23397538641644777,0.32894578526908436,True,False,False,0.32894578526908436
bootstrap_ewma,bootstrap,ewma,overlap_supplement,21,5,2020-11-20,2020-12-22,-0.00794593139851929,0.224,252,500,0.016276049964289354,0.002301642286674944,,0.0002674623900191797,0.09816873004184878,0.0979012676518296,False,True,False,0.13075484280598348,-0.041969399337717844,0.15031063712294462,0.19228003646066247,True,False,False,0.19228003646066247,-0.08472965692811976,0.22529441161452832,0.3100240685426481,True,False,False,0.3100240685426481
normal_ewma,normal,ewma,overlap_supplement,21,5,2020-11-20,2020-12-22,-0.00794593139851929,0.244,252,500,0.016276049964289354,0.002301642286674944,,-0.007201985445542736,0.10162484978192382,0.10882683522746656,False,True,False,0.11180261903937277,-0.04576912981869305,0.14748687658223592,0.19325600640092896,True,False,False,0.19325600640092896,-0.09560825651947019,0.2026083119032559,0.2982165684227261,True,False,False,0.2982165684227261
student_t_ewma,student_t,ewma,overlap_supplement,21,5,2020-11-20,2020-12-22,-0.00794593139851929,0.222,252,500,0.016276049964289354,0.002301642286674944,30.0,-0.0016921402157754062,0.11344984941332742,0.11514198962910283,False,True,False,0.14015715436007836,-0.04550259439189239,0.1664400307864372,0.2119426251783296,True,False,False,0.2119426251783296,-0.09352311984427092,0.23182189496672656,0.3253450148109975,True,False,False,0.3253450148109975
bootstrap_rolling,bootstrap,rolling,overlap_supplement,21,5,2020-11-30,2020-12-30,-0.04923763199460229,0.096,252,500,0.01663169964239232,0.0023202550271813355,,-0.007026300712798111,0.10404843736864555,0.11107473808144366,False,True,False,0.27992006320866036,-0.04702405871224991,0.1481342377446748,0.1951582964569247,False,True,False,0.21729402928044853,-0.0859136328075247,0.18852973384505425,0.27444336665257896,True,False,False,0.27444336665257896
normal_rolling,normal,rolling,overlap_supplement,21,5,2020-11-30,2020-12-30,-0.04923763199460229,0.084,252,500,0.01663169964239232,0.0023202550271813355,,0.001052705280404409,0.10240901028637456,0.10135630500597015,False,True,False,0.30251765410599696,-0.04186082612675222,0.16302866567199958,0.2048894917987518,False,True,False,0.2786575504772526,-0.08978469520515989,0.22361420920173564,0.31339890440689555,True,False,False,0.31339890440689555
student_t_rolling,student_t,rolling,overlap_supplement,21,5,2020-11-30,2020-12-30,-0.04923763199460229,0.074,252,500,0.01663169964239232,0.0023202550271813355,30.0,0.0018925687228488752,0.10883716322093062,0.10694459449808175,False,True,False,0.3114653973678864,-0.03672810558436928,0.1577930114957383,0.19452111708010758,False,True,False,0.31961638118243774,-0.08799367094174819,0.21020349169110897,0.29819716263285717,True,False,False,0.29819716263285717
bootstrap_ewma,bootstrap,ewma,overlap_supplement,21,5,2020-11-30,2020-12-30,-0.04923763199460229,0.108,252,500,0.017283155199611065,0.0023202550271813355,,-0.009193318566778574,0.10622400745257599,0.11541732601935456,False,True,False,0.27559457973064944,-0.050633911466091044,0.1521623555997094,0.20279626706580045,True,False,False,0.20279626706580045,-0.09086107453450894,0.19431639353169894,0.28517746806620786,True,False,False,0.28517746806620786
normal_ewma,normal,ewma,overlap_supplement,21,5,2020-11-30,2020-12-30,-0.04923763199460229,0.088,252,500,0.017283155199611065,0.0023202550271813355,,-0.0008148306074296507,0.10451705978918946,0.10533189039661911,False,True,False,0.2990230959453097,-0.04528819643302404,0.1676984181308916,0.21298661456391563,False,True,False,0.2524809701796981,-0.0948616664523084,0.2309732977921986,0.325834964244507,True,False,False,0.325834964244507
student_t_ewma,student_t,ewma,overlap_supplement,21,5,2020-11-30,2020-12-30,-0.04923763199460229,0.082,252,500,0.017283155199611065,0.0023202550271813355,30.0,5.629527826664371e-05,0.11121053441650591,0.11115423913823927,False,True,False,0.30832994822971505,-0.0399729522988235,0.16223632510277086,0.20220927740159436,False,True,False,0.2948560743593823,-0.09301078392375531,0.21695694811516078,0.3099677320389161,True,False,False,0.3099677320389161
bootstrap_rolling,bootstrap,rolling,overlap_supplement,21,5,2020-12-07,2021-01-07,-0.03345661501471908,0.12,252,500,0.0168084365428925,0.002235884757628772,,0.008569934149279257,0.10221074520629081,0.09364081105701155,False,True,False,0.2617470077130049,-0.040860301155412074,0.15608273510386106,0.19694303625927312,True,False,False,0.19694303625927312,-0.08227056271075261,0.20795710090487318,0.2902276636156258,True,False,False,0.2902276636156258
normal_rolling,normal,rolling,overlap_supplement,21,5,2020-12-07,2021-01-07,-0.03345661501471908,0.134,252,500,0.0168084365428925,0.002235884757628772,,-0.006398106847614826,0.10766282185072235,0.11406092869833717,False,True,False,0.2222949613667542,-0.04900192514520224,0.1631402876749611,0.21214221282016335,True,False,False,0.21214221282016335,-0.09350652758286,0.22098154329347516,0.3144880708763352,True,False,False,0.3144880708763352
student_t_rolling,student_t,rolling,overlap_supplement,21,5,2020-12-07,2021-01-07,-0.03345661501471908,0.158,252,500,0.0168084365428925,0.002235884757628772,30.0,-0.0055751825411821665,0.1070860210758775,0.11266120361705967,False,True,False,0.22418693351120733,-0.055885975773572676,0.15880830186949418,0.21469427764306687,True,False,False,0.21469427764306687,-0.10646412053180697,0.22301511959470774,0.3294792401265147,True,False,False,0.3294792401265147
bootstrap_ewma,bootstrap,ewma,overlap_supplement,21,5,2020-12-07,2021-01-07,-0.03345661501471908,0.132,252,500,0.017794915405588477,0.002235884757628772,,0.006298311983253202,0.1054735452000155,0.0991752332167623,False,True,False,0.25819494120865144,-0.045838816069135487,0.1627569023091619,0.20859571837829738,True,False,False,0.20859571837829738,-0.08939583742344162,0.21806453915849378,0.30746037658193537,True,False,False,0.30746037658193537
normal_ewma,normal,ewma,overlap_supplement,21,5,2020-12-07,2021-01-07,-0.03345661501471908,0.15,252,500,0.017794915405588477,0.002235884757628772,,-0.009505586635739555,0.11126352712910109,0.12076911376484065,False,True,False,0.21657322728075876,-0.054411386601004565,0.17027313900629182,0.22468452560729638,True,False,False,0.22468452560729638,-0.10119461873880006,0.23197313243727077,0.33316775117607084,True,False,False,0.33316775117607084
student_t_ewma,student_t,ewma,overlap_supplement,21,5,2020-12-07,2021-01-07,-0.03345661501471908,0.182,252,500,0.017794915405588477,0.002235884757628772,30.0,-0.008637068809311726,0.1106508987183249,0.11928796752763662,False,True,False,0.21856615234926605,-0.06165645792109171,0.1656592903004372,0.2273157482215289,True,False,False,0.2273157482215289,-0.11479061546464918,0.23414587670638162,0.3489364921710308,True,False,False,0.3489364921710308
bootstrap_rolling,bootstrap,rolling,overlap_supplement,21,5,2020-12-14,2021-01-14,0.03479416685659542,0.364,252,500,0.016808043303139116,0.0021021230853526334,,0.009542362149646044,0.10368966855669365,0.0941473064070476,True,False,False,0.0941473064070476,-0.03762685619689135,0.14036407333070544,0.1779909295275968,True,False,False,0.1779909295275968,-0.07234759744281546,0.20055567703187124,0.2729032744746867,True,False,False,0.2729032744746867
normal_rolling,normal,rolling,overlap_supplement,21,5,2020-12-14,2021-01-14,0.03479416685659542,0.49,252,500,0.016808043303139116,0.0021021230853526334,,-0.01383022294594094,0.09736931709737096,0.1111995400433119,True,False,False,0.1111995400433119,-0.05929594787483018,0.14905386381917465,0.20834981169400485,True,False,False,0.20834981169400485,-0.1031109137234174,0.20534183666805308,0.30845275039147046,True,False,False,0.30845275039147046
student_t_rolling,student_t,rolling,overlap_supplement,21,5,2020-12-14,2021-01-14,0.03479416685659542,0.416,252,500,0.016808043303139116,0.0021021230853526334,30.0,0.005058728618746511,0.10047755664030161,0.0954188280215551,True,False,False,0.0954188280215551,-0.04758477003646501,0.14693961806597824,0.19452438810244327,True,False,False,0.19452438810244327,-0.08964254038870474,0.2087478999169294,0.29839044030563416,True,False,False,0.29839044030563416
bootstrap_ewma,bootstrap,ewma,overlap_supplement,21,5,2020-12-14,2021-01-14,0.03479416685659542,0.37,252,500,0.017697448125942875,0.0021021230853526334,,0.007693177669161444,0.10687801654314472,0.09918483887398327,True,False,False,0.09918483887398327,-0.041818838131657696,0.14563830992078108,0.1874571480524388,True,False,False,0.1874571480524388,-0.07818244960014738,0.20939556997210226,0.28757801957224965,True,False,False,0.28757801957224965
normal_ewma,normal,ewma,overlap_supplement,21,5,2020-12-14,2021-01-14,0.03479416685659542,0.492,252,500,0.017697448125942875,0.0021021230853526334,,-0.016855940661157837,0.10020500942855776,0.11706095008971559,True,False,False,0.11706095008971559,-0.06452154785614031,0.1548321259800309,0.21935367383617121,True,False,False,0.21935367383617121,-0.11034133765885949,0.21447287116659292,0.3248142088254524,True,False,False,0.3248142088254524
student_t_ewma,student_t,ewma,overlap_supplement,21,5,2020-12-14,2021-01-14,0.03479416685659542,0.42,252,500,0.017697448125942875,0.0021021230853526334,30.0,0.0029814928569465438,0.10348643024324866,0.10050493738630212,True,False,False,0.10050493738630212,-0.05225514284038764,0.15259488337920088,0.20485002621958853,True,False,False,0.20485002621958853,-0.09626904579323682,0.2180864518552291,0.31435549764846593,True,False,False,0.31435549764846593
bootstrap_rolling,bootstrap,rolling,overlap_supplement,21,5,2020-12-21,2021-01-22,0.017106763695596827,0.272,252,500,0.016607326662847893,0.002373151038261476,,0.012096619396762376,0.10372446346902253,0.09162784407226016,True,False,False,0.09162784407226016,-0.040554979800263256,0.15131099110466625,0.19186597090492952,True,False,False,0.19186597090492952,-0.07240679269996647,0.20413043909942194,0.2765372317993884,True,False,False,0.2765372317993884
normal_rolling,normal,rolling,overlap_supplement,21,5,2020-12-21,2021-01-22,0.017106763695596827,0.322,252,500,0.016607326662847893,0.002373151038261476,,-0.0004676834783675088,0.10218179588870518,0.1026494793670727,True,False,False,0.1026494793670727,-0.03843175418744262,0.15305162476047898,0.1914833789479216,True,False,False,0.1914833789479216,-0.08829201701135367,0.20390269480818785,0.2921947118195415,True,False,False,0.2921947118195415
student_t_rolling,student_t,rolling,overlap_supplement,21,5,2020-12-21,2021-01-22,0.017106763695596827,0.344,252,500,0.016607326662847893,0.002373151038261476,30.0,-0.002352768141604289,0.10654050199230164,0.10889327013390593,True,False,False,0.10889327013390593,-0.047385413685790634,0.1628683140193812,0.21025372770517184,True,False,False,0.21025372770517184,-0.08748859205590805,0.21716501520830556,0.3046536072642136,True,False,False,0.3046536072642136
bootstrap_ewma,bootstrap,ewma,overlap_supplement,21,5,2020-12-21,2021-01-22,0.017106763695596827,0.27,252,500,0.016553072940603746,0.002373151038261476,,0.012221647941575597,0.10354832370222533,0.09132667576064973,True,False,False,0.09132667576064973,-0.04026896874972976,0.15096853106807498,0.19123749981780475,True,False,False,0.19123749981780475,-0.07202793562976174,0.2035958803269605,0.27562381595672225,True,False,False,0.27562381595672225
normal_ewma,normal,ewma,overlap_supplement,21,5,2020-12-21,2021-01-22,0.017106763695596827,0.322,252,500,0.016553072940603746,0.002373151038261476,,-0.00030341109728418414,0.10201093700164132,0.1023143480989255,True,False,False,0.1023143480989255,-0.0381520561039427,0.15270295764185707,0.19085501374579977,True,False,False,0.19085501374579977,-0.08786817477963048,0.2033689800644896,0.2912371548441201,True,False,False,0.2912371548441201
student_t_ewma,student_t,ewma,overlap_supplement,21,5,2020-12-21,2021-01-22,0.017106763695596827,0.342,252,500,0.016553072940603746,0.002373151038261476,30.0,-0.0021826521018254164,0.10635470301717509,0.1085373551190005,True,False,False,0.1085373551190005,-0.04707919740061416,0.16248448316713418,0.20956368056774835,True,False,False,0.20956368056774835,-0.08706700289598812,0.2165818775665689,0.303648880462557,True,False,False,0.303648880462557
bootstrap_rolling,bootstrap,rolling,overlap_supplement,21,5,2020-12-29,2021-01-29,0.04053877057396571,0.444,252,500,0.01653023675031641,0.0023769687673268363,,-4.5669050768526454e-05,0.10049581740644575,0.10054148645721428,True,False,False,0.10054148645721428,-0.037401263966168184,0.14343739520801915,0.18083865917418734,True,False,False,0.18083865917418734,-0.07928565767708988,0.20004145276505564,0.27932711044214553,True,False,False,0.27932711044214553
normal_rolling,normal,rolling,overlap_supplement,21,5,2020-12-29,2021-01-29,0.04053877057396571,0.454,252,500,0.01653023675031641,0.0023769687673268363,,0.0016723366443372467,0.1068690072938927,0.10519667064955546,True,False,False,0.10519667064955546,-0.04370337963161324,0.16438867530421042,0.20809205493582367,True,False,False,0.20809205493582367,-0.0936473241803664,0.21194814460055292,0.3055954687809193,True,False,False,0.3055954687809193
student_t_rolling,student_t,rolling,overlap_supplement,21,5,2020-12-29,2021-01-29,0.04053877057396571,0.458,252,500,0.01653023675031641,0.0023769687673268363,28.918296839000966,-0.0046141564224834175,0.11619147603832575,0.12080563246080916,True,False,False,0.12080563246080916,-0.04906472301535285,0.16720907627032489,0.21627379928567775,True,False,False,0.21627379928567775,-0.09224771738335547,0.21399401187059452,0.30624172925395,True,False,False,0.30624172925395
bootstrap_ewma,bootstrap,ewma,overlap_supplement,21,5,2020-12-29,2021-01-29,0.04053877057396571,0.444,252,500,0.016414884273488042,0.0023769687673268363,,0.0003030241380009291,0.100143808336289,0.09984078419828807,True,False,False,0.09984078419828807,-0.036809727120763504,0.1427663594321865,0.17957608655295,True,False,False,0.17957608655295,-0.07843381307446656,0.19893288066237122,0.27736669373683775,True,False,False,0.27736669373683775
normal_ewma,normal,ewma,overlap_supplement,21,5,2020-12-29,2021-01-29,0.04053877057396571,0.454,252,500,0.016414884273488042,0.0023769687673268363,,0.0020096259347520684,0.1064703708134988,0.10446074487874674,True,False,False,0.10446074487874674,-0.0430718540411019,0.1635579049601923,0.20662975900129418,True,False,False,0.20662975900129418,-0.09270925437022985,0.21074515196477414,0.303454406335004,True,False,False,0.303454406335004
student_t_ewma,student_t,ewma,overlap_supplement,21,5,2020-12-29,2021-01-29,0.04053877057396571,0.456,252,500,0.016414884273488042,0.0023769687673268363,28.918296839000966,-0.004235237516066054,0.11572418112377353,0.11995941863983958,True,False,False,0.11995941863983958,-0.048399404751824124,0.16635660247303927,0.21475600722486338,True,False,False,0.21475600722486338,-0.09131796636031743,0.21277471681128873,0.30409268317160615,True,False,False,0.30409268317160615
bootstrap_rolling,bootstrap,rolling,overlap_supplement,21,5,2021-01-06,2021-02-05,-0.0003525841508773553,0.216,252,500,0.016738291758105536,0.002707377939405668,,0.010316382041695382,0.10329297384837383,0.09297659180667844,False,True,False,0.1356524565769694,-0.03458085555223119,0.14789290418429213,0.18247375973652333,True,False,False,0.18247375973652333,-0.08407004799781267,0.22411413933360902,0.3081841873314217,True,False,False,0.3081841873314217
normal_rolling,normal,rolling,overlap_supplement,21,5,2021-01-06,2021-02-05,-0.0003525841508773553,0.218,252,500,0.016738291758105536,0.002707377939405668,,0.008291527399676923,0.11544762355506644,0.10715609615538951,False,True,False,0.14173254235760663,-0.04646525932729209,0.16589644191126082,0.2123617012385529,True,False,False,0.2123617012385529,-0.10276468291974761,0.21412505255127012,0.31688973547101773,True,False,False,0.31688973547101773
student_t_rolling,student_t,rolling,overlap_supplement,21,5,2021-01-06,2021-02-05,-0.0003525841508773553,0.232,252,500,0.016738291758105536,0.002707377939405668,30.0,0.003119046234493661,0.11533328590261471,0.11221423966812105,False,True,False,0.12610076120960512,-0.03755220456967626,0.1708085741788704,0.20836077874854667,True,False,False,0.20836077874854667,-0.090041677845113,0.23087297075118673,0.3209146485962997,True,False,False,0.3209146485962997
bootstrap_ewma,bootstrap,ewma,overlap_supplement,21,5,2021-01-06,2021-02-05,-0.0003525841508773553,0.228,252,500,0.017629648154955976,0.002707377939405668,,0.007812797373419389,0.10573065086439876,0.09791785349097937,False,True,False,0.13057937958816634,-0.039301549999445885,0.15285947011570722,0.1921610201151531,True,False,False,0.1921610201151531,-0.09109922146042553,0.2336267114428643,0.3247259329032898,True,False,False,0.3247259329032898
normal_ewma,normal,ewma,overlap_supplement,21,5,2021-01-06,2021-02-05,-0.0003525841508773553,0.224,252,500,0.017629648154955976,0.002707377939405668,,0.005685505779969402,0.1185646020275748,0.11287909624760539,False,True,False,0.13703145597099242,-0.051753522345109985,0.17191169986932803,0.22366522221443802,True,False,False,0.22366522221443802,-0.11062742841693417,0.22302623643852318,0.33365366485545733,True,False,False,0.33365366485545733
student_t_ewma,student_t,ewma,overlap_supplement,21,5,2021-01-06,2021-02-05,-0.0003525841508773553,0.248,252,500,0.017629648154955976,0.002707377939405668,30.0,0.0002523953649597732,0.11844383994899194,0.11819144458403216,False,True,False,0.12061136264738068,-0.042415572260592,0.1771126896815411,0.2195282619421331,True,False,False,0.2195282619421331,-0.09733943556689065,0.24080205188447387,0.3381414874513645,True,False,False,0.3381414874513645
bootstrap_rolling,bootstrap,rolling,overlap_supplement,21,5,2021-01-13,2021-02-12,-0.013642736601694128,0.158,252,500,0.016649154227414528,0.0027070555373918696,,0.00817561007201445,0.10659047022920115,0.0984148601571867,False,True,False,0.185688246852021,-0.030004733201390382,0.15418308565442684,0.18418781885581723,True,False,False,0.18418781885581723,-0.07144808656865212,0.22074431502033792,0.29219240158899007,True,False,False,0.29219240158899007
normal_rolling,normal,rolling,overlap_supplement,21,5,2021-01-13,2021-02-12,-0.013642736601694128,0.184,252,500,0.016649154227414528,0.0027070555373918696,,0.0029158908839537756,0.10677447722452688,0.1038585863405731,False,True,False,0.1700930962831647,-0.04299095312952636,0.15965987094432002,0.20265082407384638,True,False,False,0.20265082407384638,-0.09812781440418766,0.2215624510294491,0.31969026543363677,True,False,False,0.31969026543363677
student_t_rolling,student_t,rolling,overlap_supplement,21,5,2021-01-13,2021-02-12,-0.013642736601694128,0.174,252,500,0.016649154227414528,0.0027070555373918696,30.0,0.0037712238751205773,0.1147755394891729,0.11100431561405233,False,True,False,0.18066015752131115,-0.0402608880761254,0.16246817641746691,0.20272906449359232,True,False,False,0.20272906449359232,-0.09302689794442254,0.24026378312115465,0.3332906810655772,True,False,False,0.3332906810655772
bootstrap_ewma,bootstrap,ewma,overlap_supplement,21,5,2021-01-13,2021-02-12,-0.013642736601694128,0.166,252,500,0.017459961278745825,0.0027070555373918696,,0.005787109123819301,0.10898771397020585,0.10320060484638655,False,True,False,0.18091998774844026,-0.03412046447131028,0.15905788537544624,0.19317834984675653,True,False,False,0.19317834984675653,-0.07735203746823853,0.22925236488357015,0.3066044023518087,True,False,False,0.3066044023518087
normal_ewma,normal,ewma,overlap_supplement,21,5,2021-01-13,2021-02-12,-0.013642736601694128,0.198,252,500,0.017459961278745825,0.0027070555373918696,,0.00028500264349717863,0.1091811007230688,0.10889609807957162,False,True,False,0.16460705506033685,-0.047676885065689636,0.16482630009258573,0.21250318515827538,True,False,False,0.21250318515827538,-0.10513352218051158,0.23011624612960316,0.33524976831011477,True,False,False,0.33524976831011477
student_t_ewma,student_t,ewma,overlap_supplement,21,5,2021-01-13,2021-02-12,-0.013642736601694128,0.19,252,500,0.017459961278745825,0.0027070555373918696,30.0,0.0011796551697788038,0.1175915330198411,0.1164118778500623,False,True,False,0.17570144493595402,-0.04482768794220535,0.1677847206228121,0.21261240856501745,True,False,False,0.21261240856501745,-0.0998250244213967,0.24987281513493767,0.3496978395563344,True,False,False,0.3496978395563344
bootstrap_rolling,bootstrap,rolling,overlap_supplement,21,5,2021-01-21,2021-02-22,-0.03626046218678014,0.07,252,500,0.016613402407012205,0.0027406440985517696,,0.017447564885653744,0.12086454072432257,0.10341697583866882,False,True,False,0.31824908412840436,-0.017059481954358326,0.16886077700565033,0.18592025896000866,False,True,False,0.3779300612842268,-0.07792614519964212,0.22187042566494145,0.29979657086458356,True,False,False,0.29979657086458356
normal_rolling,normal,rolling,overlap_supplement,21,5,2021-01-21,2021-02-22,-0.03626046218678014,0.132,252,500,0.016613402407012205,0.0027406440985517696,,0.0019286431557901107,0.1102847926189181,0.108356149463128,False,True,False,0.261112570833409,-0.04432871180851763,0.1649875946516882,0.20931630646020583,True,False,False,0.20931630646020583,-0.09214671800887408,0.21686628700952487,0.30901300501839896,True,False,False,0.30901300501839896
student_t_rolling,student_t,rolling,overlap_supplement,21,5,2021-01-21,2021-02-22,-0.03626046218678014,0.104,252,500,0.016613402407012205,0.0027406440985517696,30.0,0.008265164146788462,0.1186788520415285,0.11041368789474004,False,True,False,0.28851619322901445,-0.037472956363897796,0.16655846563753476,0.20403142200143257,True,False,False,0.20403142200143257,-0.0713164497441287,0.22145449243788695,0.29277094218201566,True,False,False,0.29277094218201566
bootstrap_ewma,bootstrap,ewma,overlap_supplement,21,5,2021-01-21,2021-02-22,-0.03626046218678014,0.076,252,500,0.017103220535921723,0.0027406440985517696,,0.016240680241255412,0.12273478916834185,0.10649410892708644,False,True,False,0.31649867863922865,-0.019223671988300942,0.1722593790289819,0.19148305101728283,False,True,False,0.3618509530020748,-0.08168817573442999,0.22702667310665736,0.30871484884108735,True,False,False,0.30871484884108735
normal_ewma,normal,ewma,overlap_supplement,21,5,2021-01-21,2021-02-22,-0.03626046218678014,0.136,252,500,0.017103220535921723,0.0027406440985517696,,0.00028676629112001084,0.1118264642602787,0.11153969796915869,False,True,False,0.2577286118807593,-0.047223517563788106,0.1682606058529294,0.21548412341671752,True,False,False,0.21548412341671752,-0.09626541070758601,0.22185357666350392,0.3181189873710899,True,False,False,0.3181189873710899
student_t_ewma,student_t,ewma,overlap_supplement,21,5,2021-01-21,2021-02-22,-0.03626046218678014,0.11,252,500,0.017103220535921723,0.0027406440985517696,30.0,0.006800024926899462,0.12048098239335658,0.11368095746645712,False,True,False,0.28592290592117553,-0.040186269464733436,0.16988236608137725,0.2100686355461107,True,False,False,0.2100686355461107,-0.07491114791108831,0.22659685774189878,0.3015080056529871,True,False,False,0.3015080056529871
bootstrap_rolling,bootstrap,rolling,overlap_supplement,21,5,2021-01-28,2021-03-01,-0.0948196392582965,0.018,252,500,0.01658642374142453,0.002592051257358929,,0.0033049052293059322,0.09779975172636429,0.09449484649705836,False,True,False,0.4869930244474681,-0.03528089095360509,0.15886978798546894,0.19415067893907403,False,True,False,0.7895381619859883,-0.07581259922074758,0.20797485405123664,0.28378745327198424,False,True,False,1.0440690547739406
normal_rolling,normal,rolling,overlap_supplement,21,5,2021-01-28,2021-03-01,-0.0948196392582965,0.02,252,500,0.01658642374142453,0.002592051257358929,,-0.0015376461126115626,0.10729320299584649,0.10883084910845806,False,True,False,0.48195882169119786,-0.040906100323502496,0.15981006928228608,0.20071616960578859,False,True,False,0.7398515589537287,-0.0862251431147385,0.2074984239837329,0.29372356709847136,False,True,False,0.6375034128407913
student_t_rolling,student_t,rolling,overlap_supplement,21,5,2021-01-28,2021-03-01,-0.0948196392582965,0.024,252,500,0.01658642374142453,0.002592051257358929,30.0,0.0061550791596041154,0.11809955913898407,0.11194447997937995,False,True,False,0.5158433536509824,-0.03610508760826198,0.16278186285569848,0.19888695046396046,False,True,False,0.7860324669643057,-0.0905668347254553,0.22671854727302265,0.31728538199847794,False,True,False,0.4873975633121258
bootstrap_ewma,bootstrap,ewma,overlap_supplement,21,5,2021-01-28,2021-03-01,-0.0948196392582965,0.018,252,500,0.016334717002944563,0.002592051257358929,,0.004083748402065379,0.09715230108964357,0.09306855268757819,False,True,False,0.48868210332902573,-0.033957233881279414,0.15723519380572454,0.19119242768700395,False,True,False,0.799816481457175,-0.0739416026170178,0.20551154673485,0.2794531493518678,False,True,False,1.1145746150030156
normal_ewma,normal,ewma,overlap_supplement,21,5,2021-01-28,2021-03-01,-0.0948196392582965,0.02,252,500,0.016334717002944563,0.002592051257358929,,-0.0006891920873866864,0.10649555996568233,0.10718475205306902,False,True,False,0.48370654073670827,-0.03950492497693705,0.15815989193187846,0.19766481690881552,False,True,False,0.7508119597224102,-0.08421772913601423,0.2050432994397339,0.28926102857574815,False,True,False,0.7133374334670387
student_t_ewma,student_t,ewma,overlap_supplement,21,5,2021-01-28,2021-03-01,-0.0948196392582965,0.022,252,500,0.016334717002944563,0.002592051257358929,30.0,0.006892788112999704,0.1171294734808287,0.11023668536782899,False,True,False,0.5170863948530138,-0.034770042038431766,0.1610823662270327,0.19585240826546446,False,True,False,0.7963483804641119,-0.08850307473551239,0.2239309940916597,0.31243406882717206,False,True,False,0.5650966497385366
bootstrap_rolling,bootstrap,rolling,overlap_supplement,21,5,2021-02-04,2021-03-08,-0.0949737533340419,0.018,252,500,0.016514770609350665,0.002519182891012936,,0.00090667864187427,0.09736639024502186,0.09645971160314759,False,True,False,0.47998143950681227,-0.03403215134534854,0.1536864182346882,0.18771856958003674,False,True,False,0.7971345894669705,-0.08012033897404687,0.21271919383772794,0.2928395328117748,False,True,False,0.8869761072115754
normal_rolling,normal,rolling,overlap_supplement,21,5,2021-02-04,2021-03-08,-0.0949737533340419,0.026,252,500,0.016514770609350665,0.002519182891012936,,0.0021387479689470856,0.10795121545315484,0.10581246748420775,False,True,False,0.4942624726961637,-0.04290440318717101,0.15504033331442277,0.19794473650159378,False,True,False,0.7186382379703027,-0.09430237391665405,0.2280582140298309,0.3223605879464849,False,True,False,0.34921576464199877
student_t_rolling,student_t,rolling,overlap_supplement,21,5,2021-02-04,2021-03-08,-0.0949737533340419,0.024,252,500,0.016514770609350665,0.002519182891012936,28.787913740735853,0.007224585751946455,0.11170850022949419,0.10448391447754773,False,True,False,0.5132772708215012,-0.04279612495986296,0.16588898995982682,0.20868511491968977,False,True,False,0.7304613986614793,-0.09162812258390324,0.22441064811541991,0.3160387706993232,False,True,False,0.44986400070486954
bootstrap_ewma,bootstrap,ewma,overlap_supplement,21,5,2021-02-04,2021-03-08,-0.0949737533340419,0.008,252,500,0.01565273144048294,0.002519182891012936,,0.0036269497001468753,0.09507697451781588,0.091450024817669,False,True,False,0.4858528369544241,-0.029608769310861774,0.14827573652214593,0.1778845058330077,False,True,False,0.831534346064809,-0.07354704069713514,0.20389159349174585,0.277438634188881,False,True,False,1.1345071396651507
normal_ewma,normal,ewma,overlap_supplement,21,5,2021-02-04,2021-03-08,-0.0949737533340419,0.022,252,500,0.01565273144048294,0.002519182891012936,,0.004797801957941494,0.10508584349790817,0.10028804153996668,False,True,False,0.49937426270790025,-0.03805844565853444,0.1495529263050637,0.18761137196359814,False,True,False,0.7567644487186729,-0.08709124275813135,0.21831933035630033,0.30541057311443165,False,True,False,0.6207109961508535
student_t_ewma,student_t,ewma,overlap_supplement,21,5,2021-02-04,2021-03-08,-0.0949737533340419,0.016,252,500,0.01565273144048294,0.002519182891012936,28.787913740735853,0.009630361723529546,0.10863749034358361,0.09900712862005406,False,True,False,0.5174235888503398,-0.03795529984278965,0.15978394663873188,0.19773924648152152,False,True,False,0.7679237813940442,-0.08453570877663107,0.21488940537222448,0.29942511414885553,False,True,False,0.7169468964452885
bootstrap_rolling,bootstrap,rolling,overlap_supplement,21,5,2021-02-11,2021-03-15,-0.1115178445647772,0.002,252,500,0.01673548306115782,0.0024959416970076038,,0.0014310933574782636,0.1011276438908777,0.09969655053339943,False,True,False,0.5514923022224213,-0.030530367265248267,0.14402362980588332,0.1745539970711316,False,True,False,0.984428770066421,-0.06461066852282367,0.22055030799732314,0.2851609765201468,False,True,False,2.1614480181982865
normal_rolling,normal,rolling,overlap_supplement,21,5,2021-02-11,2021-03-15,-0.1115178445647772,0.014,252,500,0.01673548306115782,0.0024959416970076038,,0.005463615612824879,0.11252166967976074,0.10705805406693586,False,True,False,0.5749838947773442,-0.04425704660023975,0.16685660264820854,0.21111364924844828,False,True,False,0.883721628893823,-0.09817932965683322,0.23264719782486115,0.3308265274816944,False,True,False,0.8643671237994531
student_t_rolling,student_t,rolling,overlap_supplement,21,5,2021-02-11,2021-03-15,-0.1115178445647772,0.014,252,500,0.01673548306115782,0.0024959416970076038,30.0,-0.00026090288097616043,0.10667404034255207,0.10693494322352823,False,True,False,0.5519627099587324,-0.05276357768330812,0.16213643593509153,0.21490001361839964,False,True,False,0.8024426824330906,-0.10055448236523723,0.221582852476467,0.32213733484170426,False,True,False,0.7606718228233027
bootstrap_ewma,bootstrap,ewma,overlap_supplement,21,5,2021-02-11,2021-03-15,-0.1115178445647772,0.002,252,500,0.017058102228248582,0.0024959416970076038,,0.0004473099575237338,0.10206033078496535,0.10161302082744161,False,True,False,0.5494736389166454,-0.032088167084969386,0.14583651122030877,0.17792467830527817,False,True,False,0.9722214531033564,-0.06675770507797027,0.22401135006555273,0.290769055143523,False,True,False,2.081174634615799
normal_ewma,normal,ewma,overlap_supplement,21,5,2021-02-11,2021-03-15,-0.1115178445647772,0.016,252,500,0.017058102228248582,0.0024959416970076038,,0.00455369101711095,0.11368499811923638,0.10913130710212543,False,True,False,0.573417449429678,-0.046055066509586885,0.16915097905958537,0.21520604556917225,False,True,False,0.8698338261210756,-0.10088304194201479,0.23637760231336924,0.33726064425538405,False,True,False,0.7626527491658801
student_t_ewma,student_t,ewma,overlap_supplement,21,5,2021-02-11,2021-03-15,-0.1115178445647772,0.016,252,500,0.017058102228248582,0.0024959416970076038,30.0,-0.001275581456474717,0.10771871096964175,0.10899429242611647,False,True,False,0.5499633448593264,-0.05470852652380786,0.16433054711670447,0.21903907364051234,False,True,False,0.7871322540502059,-0.10329664474909221,0.22506678761499996,0.32836343236409216,False,True,False,0.6572114249914915
bootstrap_rolling,bootstrap,rolling,overlap_supplement,21,5,2021-02-19,2021-03-22,-0.0371258220158911,0.098,252,500,0.016901651348601016,0.002244687377798556,,0.005450313345925051,0.1064450674170419,0.10099475407111685,False,True,False,0.27129929551838144,-0.03688875415626567,0.14413036446295763,0.1810191186192233,False,True,False,0.18338979721547757,-0.0753027562868108,0.19559592277404067,0.27089867906085147,True,False,False,0.27089867906085147
normal_rolling,normal,rolling,overlap_supplement,21,5,2021-02-19,2021-03-22,-0.0371258220158911,0.146,252,500,0.016901651348601016,0.002244687377798556,,-0.008704528613874718,0.09947945996797103,0.10818398858184575,False,True,False,0.22186916218991126,-0.05918866428745322,0.15261546094555808,0.21180412523301131,True,False,False,0.21180412523301131,-0.10365436287376924,0.20708065145228977,0.310735014326059,True,False,False,0.310735014326059
student_t_rolling,student_t,rolling,overlap_supplement,21,5,2021-02-19,2021-03-22,-0.0371258220158911,0.124,252,500,0.016901651348601016,0.002244687377798556,30.0,-0.0014053729674214366,0.10374747793809441,0.10515285090551585,False,True,False,0.2480346470993945,-0.042816487794423784,0.16167477734019695,0.20449126513462074,True,False,False,0.20449126513462074,-0.10638948267897838,0.21144260110903626,0.31783208378801464,True,False,False,0.31783208378801464
bootstrap_ewma,bootstrap,ewma,overlap_supplement,21,5,2021-02-19,2021-03-22,-0.0371258220158911,0.102,252,500,0.01706861897750212,0.002244687377798556,,0.005036179598484292,0.10703561323567623,0.10199943363719194,False,True,False,0.2706474400946935,-0.037694519064456804,0.14511984372164577,0.18281436278610258,True,False,False,0.18281436278610258,-0.07644778684123008,0.19715015632887464,0.2735979431701047,True,False,False,0.2735979431701047
normal_ewma,normal,ewma,overlap_supplement,21,5,2021-02-19,2021-03-22,-0.0371258220158911,0.154,252,500,0.01706861897750212,0.002244687377798556,,-0.00925160483089621,0.09999765899684027,0.10924926382773648,False,True,False,0.22074613256771602,-0.06019328505646578,0.15369648604844216,0.21388977110490795,True,False,False,0.21388977110490795,-0.10503966339528406,0.20876396684127443,0.3138036302365585,True,False,False,0.3138036302365585
student_t_ewma,student_t,ewma,overlap_supplement,21,5,2021-02-19,2021-03-22,-0.0371258220158911,0.124,252,500,0.01706861897750212,0.002244687377798556,30.0,-0.001884145517821345,0.10430995383957098,0.10619409935739232,False,True,False,0.24716080534967133,-0.04367562096429526,0.16285423214690342,0.20652985311119867,True,False,False,0.20652985311119867,-0.10779749196991065,0.21317524231906657,0.3209727342889772,True,False,False,0.3209727342889772
bootstrap_rolling,bootstrap,rolling,overlap_supplement,21,5,2021-02-26,2021-03-29,-0.010601823102186825,0.236,252,500,0.01641445259327037,0.0016071911409753512,,-0.006191036306389758,0.08168653174980667,0.08787756805619643,False,True,False,0.1055207152393847,-0.04372975140052078,0.1307161556600259,0.1744459070605467,True,False,False,0.1744459070605467,-0.08152430477936454,0.18444224755681998,0.2659665523361845,True,False,False,0.2659665523361845
normal_rolling,normal,rolling,overlap_supplement,21,5,2021-02-26,2021-03-29,-0.010601823102186825,0.298,252,500,0.01641445259327037,0.0016071911409753512,,-0.02018204163842449,0.08049784527152976,0.10067988690995425,True,False,False,0.10067988690995425,-0.05941787037515814,0.12838786722045156,0.1878057375956097,True,False,False,0.1878057375956097,-0.11795917505524216,0.18702400459184268,0.3049831796470848,True,False,False,0.3049831796470848
student_t_rolling,student_t,rolling,overlap_supplement,21,5,2021-02-26,2021-03-29,-0.010601823102186825,0.284,252,500,0.01641445259327037,0.0016071911409753512,30.0,-0.0197638049328204,0.09295667490234555,0.11272047983516595,True,False,False,0.11272047983516595,-0.0622956719691404,0.1533400229472278,0.2156356949163682,True,False,False,0.2156356949163682,-0.09991923819416333,0.19877687324469362,0.29869611143885694,True,False,False,0.29869611143885694
bootstrap_ewma,bootstrap,ewma,overlap_supplement,21,5,2021-02-26,2021-03-29,-0.010601823102186825,0.238,252,500,0.017091356434814367,0.0016071911409753512,,-0.007827418715029899,0.08368544574549092,0.09151286446052082,False,True,False,0.10261048200914852,-0.04681904139883069,0.13487843180860573,0.18169747320743643,True,False,False,0.18169747320743643,-0.08601265452470008,0.19108030290375086,0.27709295742845097,True,False,False,0.27709295742845097
normal_ewma,normal,ewma,overlap_supplement,21,5,2021-02-26,2021-03-29,-0.010601823102186825,0.304,252,500,0.017091356434814367,0.0016071911409753512,,-0.022367162424933223,0.0824454821441224,0.10481264456905562,True,False,False,0.10481264456905562,-0.06309579566716522,0.13244530825454567,0.1955411039217109,True,False,False,0.1955411039217109,-0.12373335958295868,0.19378366681681392,0.3175170263997726,True,False,False,0.3175170263997726
student_t_ewma,student_t,ewma,overlap_supplement,21,5,2021-02-26,2021-03-29,-0.010601823102186825,0.296,252,500,0.017091356434814367,0.0016071911409753512,30.0,-0.021932644931843825,0.0954445539794253,0.11737719891126913,True,False,False,0.11737719891126913,-0.06608037562942855,0.1585316761478089,0.22461205177723742,True,False,False,0.22461205177723742,-0.1050646337472928,0.2060933556332729,0.3111579893805657,True,False,False,0.3111579893805657
bootstrap_rolling,bootstrap,rolling,overlap_supplement,21,5,2021-03-05,2021-04-06,-0.04484560301009166,0.132,252,500,0.01656405152671713,0.0016446939544963294,,-0.01665456261842413,0.0825350415394217,0.09918960415784583,False,True,False,0.21195376572451596,-0.05290403648971013,0.12479713152810903,0.17770116801781916,True,False,False,0.17770116801781916,-0.09066140009875173,0.17100185145782237,0.2616632515565741,True,False,False,0.2616632515565741
normal_rolling,normal,rolling,overlap_supplement,21,5,2021-03-05,2021-04-06,-0.04484560301009166,0.132,252,500,0.01656405152671713,0.0016446939544963294,,-0.015527329635690673,0.08789360840053095,0.10342093803622163,False,True,False,0.22069403153382558,-0.05655505625406029,0.13894698262186014,0.19550203887592044,True,False,False,0.19550203887592044,-0.1052558976143783,0.20503031841097197,0.3102862160253503,True,False,False,0.3102862160253503
student_t_rolling,student_t,rolling,overlap_supplement,21,5,2021-03-05,2021-04-06,-0.04484560301009166,0.144,252,500,0.01656405152671713,0.0016446939544963294,30.0,-0.015487377183010909,0.09511800072746679,0.1106053779104777,False,True,False,0.2280382812188007,-0.06682810573564738,0.1425701108839593,0.20939821661960667,True,False,False,0.20939821661960667,-0.10763406154756283,0.20404380831024196,0.31167786985780477,True,False,False,0.31167786985780477
bootstrap_ewma,bootstrap,ewma,overlap_supplement,21,5,2021-03-05,2021-04-06,-0.04484560301009166,0.15,252,500,0.017940491285184493,0.0016446939544963294,,-0.020840282570625063,0.08656962694402459,0.10740990951464965,False,True,False,0.20343119127251605,-0.05987433269358851,0.13258785917731714,0.19246219187090563,True,False,False,0.19246219187090563,-0.10040018413832894,0.18306374797003203,0.28346393210836096,True,False,False,0.28346393210836096
normal_ewma,normal,ewma,overlap_supplement,21,5,2021-03-05,2021-04-06,-0.04484560301009166,0.152,252,500,0.017940491285184493,0.0016446939544963294,,-0.019624510386275495,0.09239630273265731,0.1120208131189328,False,True,False,0.21290518361419747,-0.06379900830637611,0.14802772098639513,0.21182672929277124,True,False,False,0.21182672929277124,-0.11602730628660579,0.2203440679236312,0.336371374210237,True,False,False,0.336371374210237
student_t_ewma,student_t,ewma,overlap_supplement,21,5,2021-03-05,2021-04-06,-0.04484560301009166,0.166,252,500,0.017940491285184493,0.0016446939544963294,30.0,-0.01958142147899608,0.1002555780002729,0.11983699947926899,False,True,False,0.2208937256036513,-0.07483528659767741,0.15198373365470416,0.22681902025238157,True,False,False,0.22681902025238157,-0.11857200823793493,0.21926230696344048,0.3378343152013754,True,False,False,0.3378343152013754
bootstrap_rolling,bootstrap,rolling,overlap_supplement,21,5,2021-03-12,2021-04-13,-0.04979830338669422,0.124,252,500,0.01652702773359646,0.0017523415679199098,,-0.016458849677949222,0.08106146086438781,0.09752031054233704,False,True,False,0.23087812537731703,-0.057545957886954456,0.13710670759061375,0.1946526654775682,True,False,False,0.1946526654775682,-0.09388438924656199,0.18157406174134322,0.2754584509879052,True,False,False,0.2754584509879052
normal_rolling,normal,rolling,overlap_supplement,21,5,2021-03-12,2021-04-13,-0.04979830338669422,0.134,252,500,0.01652702773359646,0.0017523415679199098,,-0.014996279410151497,0.09499790330187996,0.10999418271203146,False,True,False,0.24920227861820235,-0.06111384300070279,0.14383017696274927,0.20494401996345207,True,False,False,0.20494401996345207,-0.11403537298308541,0.20798281141302152,0.32201818439610697,True,False,False,0.32201818439610697
student_t_rolling,student_t,rolling,overlap_supplement,21,5,2021-03-12,2021-04-13,-0.04979830338669422,0.12,252,500,0.01652702773359646,0.0017523415679199098,30.0,-0.011502166156635601,0.09598111852087393,0.10748328467750953,False,True,False,0.26066783359774404,-0.06040615569885928,0.15119874649598303,0.2116049021948423,True,False,False,0.2116049021948423,-0.10065318383118073,0.18943687046285804,0.2900900542940388,True,False,False,0.2900900542940388
bootstrap_ewma,bootstrap,ewma,overlap_supplement,21,5,2021-03-12,2021-04-13,-0.04979830338669422,0.13,252,500,0.017072319038585117,0.0017523415679199098,,-0.018190037449569235,0.08253000803836719,0.10072004548793642,False,True,False,0.22715310923643636,-0.060528464850477234,0.140551826913681,0.20108029176415826,True,False,False,0.20108029176415826,-0.09792291393186588,0.18665487310802775,0.2845777870398936,True,False,False,0.2845777870398936
normal_ewma,normal,ewma,overlap_supplement,21,5,2021-03-12,2021-04-13,-0.04979830338669422,0.138,252,500,0.017072319038585117,0.0017523415679199098,,-0.01668183377923413,0.09694887751988784,0.11363071129912197,False,True,False,0.24609658972896234,-0.06420217517705759,0.14751884971845822,0.2117210248955158,True,False,False,0.2117210248955158,-0.11863821085692053,0.21406232366301672,0.33270053451993725,True,False,False,0.33270053451993725
student_t_ewma,student_t,ewma,overlap_supplement,21,5,2021-03-12,2021-04-13,-0.04979830338669422,0.124,252,500,0.017072319038585117,0.0017523415679199098,30.0,-0.013078401952975965,0.0979663584813052,0.11104476043428116,False,True,False,0.25792436616915415,-0.06347350640657082,0.15515589268439417,0.218629399090965,True,False,False,0.218629399090965,-0.10488304702245564,0.19481290893448946,0.2996959559569451,True,False,False,0.2996959559569451
bootstrap_rolling,bootstrap,rolling,overlap_supplement,21,5,2021-03-19,2021-04-20,-0.07136361460530338,0.062,252,500,0.01658025171908039,0.0017518285634706484,,-0.011735964929346088,0.07806996728414933,0.08980593221349542,False,True,False,0.3283165309173246,-0.052362612719241045,0.13089529888178128,0.18325791160102234,False,True,False,0.37326793046164575,-0.10135828844421374,0.20409158842528433,0.3054498768694981,True,False,False,0.3054498768694981
normal_rolling,normal,rolling,overlap_supplement,21,5,2021-03-19,2021-04-20,-0.07136361460530338,0.048,252,500,0.01658025171908039,0.0017518285634706484,,-0.004444942121034717,0.08481422192742805,0.08925916404846276,False,True,False,0.35693385398553745,-0.0545766379527429,0.13803097547095108,0.19260761342369398,False,True,False,0.36047737994929885,-0.09804758672858596,0.20215806156131255,0.3002056482898985,True,False,False,0.3002056482898985
student_t_rolling,student_t,rolling,overlap_supplement,21,5,2021-03-19,2021-04-20,-0.07136361460530338,0.078,252,500,0.01658025171908039,0.0017518285634706484,30.0,-0.008471701639440332,0.09701594258608137,0.1054876442255217,False,True,False,0.3570552960889739,-0.06093339690638795,0.15739766259432728,0.21833105950071524,False,True,False,0.3226332364898696,-0.11301163702888763,0.20659290797301502,0.31960454500190266,True,False,False,0.31960454500190266
bootstrap_ewma,bootstrap,ewma,overlap_supplement,21,5,2021-03-19,2021-04-20,-0.07136361460530338,0.06,252,500,0.01646848384220245,0.0017518285634706484,,-0.01141218450264428,0.07779105480622689,0.08920323930887117,False,True,False,0.3290089597195076,-0.051783859564035,0.13023819121174293,0.18202205077577793,False,True,False,0.3778196011884618,-0.10048761280707114,0.20288327185830832,0.3033708846653794,True,False,False,0.3033708846653794
normal_ewma,normal,ewma,overlap_supplement,21,5,2021-03-19,2021-04-20,-0.07136361460530338,0.048,252,500,0.01646848384220245,0.0017518285634706484,,-0.004168117717342962,0.08448797314716783,0.08865609086451079,False,True,False,0.35743807841635244,-0.053984320355495656,0.13732149559779383,0.1913058159532895,False,True,False,0.3650987584513668,-0.09719608365682103,0.20096471897120635,0.29816080262802735,True,False,False,0.29816080262802735
student_t_ewma,student_t,ewma,overlap_supplement,21,5,2021-03-19,2021-04-20,-0.07136361460530338,0.078,252,500,0.01646848384220245,0.0017518285634706484,30.0,-0.008168899481913017,0.09660333928452863,0.10477223876644165,False,True,False,0.3575510992600031,-0.0603023281549756,0.15654454459356248,0.2168468727485381,False,True,False,0.327459737251816,-0.11207412942445574,0.2053652456322159,0.31743937505667164,True,False,False,0.31743937505667164
bootstrap_rolling,bootstrap,rolling,overlap_supplement,21,5,2021-03-26,2021-04-27,-0.12001071564854071,0.01,252,500,0.0167342945631599,0.0016142019800612238,,-0.011791064333953272,0.08173850889420525,0.09352957322815852,False,True,False,0.5264081784865082,-0.0497461831051625,0.12488928437973495,0.17463546748489744,False,True,False,0.8772807929186797,-0.09581630299952058,0.17571733309132664,0.27153363609084724,False,True,False,1.2393101420516515
normal_rolling,normal,rolling,overlap_supplement,21,5,2021-03-26,2021-04-27,-0.12001071564854071,0.018,252,500,0.0167342945631599,0.0016142019800612238,,-0.017126845967073173,0.08442020492570135,0.10154705089277452,False,True,False,0.5130825296186446,-0.0591685719832679,0.138741911073913,0.1979104830571809,False,True,False,0.806331919709909,-0.11048233189133705,0.20152807871205689,0.31201041060339396,False,True,False,0.6931457608915401
student_t_rolling,student_t,rolling,overlap_supplement,21,5,2021-03-26,2021-04-27,-0.12001071564854071,0.01,252,500,0.0167342945631599,0.0016142019800612238,30.0,-0.012159840444374875,0.09381178953440605,0.10597162997878093,False,True,False,0.5373751307954443,-0.055345565871610304,0.13693423055680987,0.19227979642842016,False,True,False,0.8389312941977245,-0.09805920662498424,0.2072036172790959,0.3052628239040801,False,True,False,1.1833231848463381
bootstrap_ewma,bootstrap,ewma,overlap_supplement,21,5,2021-03-26,2021-04-27,-0.12001071564854071,0.01,252,500,0.017068629956546587,0.0016142019800612238,,-0.012694100756940774,0.0827043799045395,0.09539848066148027,False,True,False,0.52466494022788,-0.051357120187697704,0.12677389523535176,0.17813101542304946,False,True,False,0.8646669700314797,-0.09824492733403611,0.17872740098718368,0.27697232832121976,False,True,False,1.1476038609014028
normal_ewma,normal,ewma,overlap_supplement,21,5,2021-03-26,2021-04-27,-0.12001071564854071,0.018,252,500,0.017068629956546587,0.0016142019800612238,,-0.018131213474059132,0.08544216347381067,0.1035733769478698,False,True,False,0.5110913856457961,-0.06095051245542719,0.14092869239079078,0.20187920484621796,False,True,False,0.7924812367773533,-0.1131612314454038,0.20512697063685648,0.3182882020822603,False,True,False,0.5922675702077366
student_t_ewma,student_t,ewma,overlap_supplement,21,5,2021-03-26,2021-04-27,-0.12001071564854071,0.01,252,500,0.017068629956546587,0.0016142019800612238,30.0,-0.013069889706359222,0.09503123828543641,0.10810112799179564,False,True,False,0.5358644317605216,-0.05705835237205922,0.13908138273698084,0.19613973510904006,False,True,False,0.8256633678738551,-0.10052643629056779,0.2109335106832419,0.3114599469738097,False,True,False,1.090831121292726
bootstrap_rolling,bootstrap,rolling,overlap_supplement,21,5,2021-04-05,2021-05-04,-0.09685796374831612,0.018,252,500,0.01653776948125391,0.0013068306393420079,,-0.02076012144653358,0.07492717917356884,0.09568730062010242,False,True,False,0.4000786698272326,-0.05717113961360511,0.12789324714437586,0.18506438675798098,False,True,False,0.5819326281050912,-0.09108897319341049,0.183296775605099,0.27438574879850947,False,True,False,0.5051453709947348
normal_rolling,normal,rolling,overlap_supplement,21,5,2021-04-05,2021-05-04,-0.09685796374831612,0.052,252,500,0.01653776948125391,0.0013068306393420079,,-0.019033276396453885,0.08001966901620522,0.0990529454126591,False,True,False,0.410351694820108,-0.06997477643369687,0.13818817006600093,0.2081629464996978,False,True,False,0.47699481964589036,-0.10839249478261712,0.19222326823349356,0.3006157630161107,True,False,False,0.3006157630161107
student_t_rolling,student_t,rolling,overlap_supplement,21,5,2021-04-05,2021-05-04,-0.09685796374831612,0.048,252,500,0.01653776948125391,0.0013068306393420079,30.0,-0.03393243503126725,0.07146429629182904,0.1053967313230963,False,True,False,0.3570988461912918,-0.0708288871406588,0.12078256911871697,0.19161145625937576,False,True,False,0.45190222233594907,-0.11385976771232575,0.18200974337717385,0.2958695110894996,True,False,False,0.2958695110894996
bootstrap_ewma,bootstrap,ewma,overlap_supplement,21,5,2021-04-05,2021-05-04,-0.09685796374831612,0.016,252,500,0.016059875581676573,0.0013068306393420079,,-0.019388953235295603,0.07353619417179919,0.09292514740709479,False,True,False,0.40280118945917687,-0.054816577957576045,0.12486916820192287,0.17968574615949892,False,True,False,0.6000996040668998,-0.08785392116413897,0.17848997661949983,0.2663438977836388,False,True,False,0.6265056011507246
normal_ewma,normal,ewma,overlap_supplement,21,5,2021-04-05,2021-05-04,-0.09685796374831612,0.044,252,500,0.016059875581676573,0.0013068306393420079,,-0.017709704148249822,0.07847478810294384,0.09618449225119366,False,True,False,0.41277753065145883,-0.06728373471811087,0.13483848176733912,0.20212221648544998,False,True,False,0.4978645067875025,-0.10472189659439507,0.18712236086092027,0.29184425745531534,True,False,False,0.29184425745531534
student_t_ewma,student_t,ewma,overlap_supplement,21,5,2021-04-05,2021-05-04,-0.09685796374831612,0.046,252,500,0.016059875581676573,0.0013068306393420079,30.0,-0.03220103982658268,0.07017757281057918,0.10237861263716186,False,True,False,0.36100630832409564,-0.06811557503650531,0.11798185370801675,0.18609742874452206,False,True,False,0.47352131586263024,-0.11005354896843904,0.17724519071822364,0.2872987396866627,True,False,False,0.2872987396866627
bootstrap_rolling,bootstrap,rolling,overlap_supplement,21,5,2021-04-12,2021-05-11,-0.05206982500640944,0.12,252,500,0.016551771908445572,0.0011874400576160546,,-0.017296717461672773,0.07969833590005615,0.09699505336172892,False,True,False,0.2360874835406756,-0.05654677024412136,0.12889564725593516,0.18544241750005652,True,False,False,0.18544241750005652,-0.09624321674496633,0.1821700960314634,0.2784133127764297,True,False,False,0.2784133127764297
normal_rolling,normal,rolling,overlap_supplement,21,5,2021-04-12,2021-05-11,-0.05206982500640944,0.118,252,500,0.016551771908445572,0.0011874400576160546,,-0.023136936848648898,0.08160362087177031,0.10474055772041921,False,True,False,0.2204721103514614,-0.05897392853277702,0.1307120864091029,0.18968601494187992,True,False,False,0.18968601494187992,-0.10615548915396222,0.1765905257693692,0.2827460149233314,True,False,False,0.2827460149233314
student_t_rolling,student_t,rolling,overlap_supplement,21,5,2021-04-12,2021-05-11,-0.05206982500640944,0.138,252,500,0.016551771908445572,0.0011874400576160546,30.0,-0.02324886382907923,0.0825852835607418,0.10583414738982103,False,True,False,0.22111799209914187,-0.06119812664948428,0.1377731997518372,0.19897132640132148,True,False,False,0.19897132640132148,-0.11475219183422256,0.19308062633669065,0.30783281817091324,True,False,False,0.30783281817091324
bootstrap_ewma,bootstrap,ewma,overlap_supplement,21,5,2021-04-12,2021-05-11,-0.05206982500640944,0.096,252,500,0.01507257312484629,0.0011874400576160546,,-0.013567380435053011,0.07471691826329452,0.08828429869834753,False,True,False,0.24229407698377325,-0.04951035238196701,0.11922154025619791,0.1687318926381649,False,True,False,0.19432661888258926,-0.08599850652993664,0.1672194919008893,0.25321799843082593,True,False,False,0.25321799843082593
normal_ewma,normal,ewma,overlap_supplement,21,5,2021-04-12,2021-05-11,-0.05206982500640944,0.1,252,500,0.01507257312484629,0.0011874400576160546,,-0.01890727007565421,0.07644378114070438,0.09535105121635859,False,True,False,0.22800127093937952,-0.05173734376637437,0.12086135505951016,0.17259869882588452,False,True,False,0.17592351122623523,-0.09513161938275916,0.16220159557414265,0.2573332149569018,True,False,False,0.2573332149569018
student_t_ewma,student_t,ewma,overlap_supplement,21,5,2021-04-12,2021-05-11,-0.05206982500640944,0.108,252,500,0.01507257312484629,0.0011874400576160546,30.0,-0.019009639312930204,0.0773334253577333,0.0963430646706635,False,True,False,0.22858380744458046,-0.053778558653566816,0.12723363439662286,0.18101219305018967,True,False,False,0.18101219305018967,-0.103060182195743,0.17702470759790384,0.2800848897936469,True,False,False,0.2800848897936469
bootstrap_rolling,bootstrap,rolling,overlap_supplement,21,5,2021-04-19,2021-05-18,-0.07573733307009145,0.052,252,500,0.016522631874006828,0.0010301600941979923,,-0.023153660673890658,0.07597967242089992,0.09913333309479058,False,True,False,0.3094680226795937,-0.055658465224987005,0.11897283204879078,0.1746312972737778,False,True,False,0.3754199757248223,-0.1031234178707655,0.18059139097622617,0.2837148088469917,True,False,False,0.2837148088469917
normal_rolling,normal,rolling,overlap_supplement,21,5,2021-04-19,2021-05-18,-0.07573733307009145,0.102,252,500,0.016522631874006828,0.0010301600941979923,,-0.03475115271017845,0.07370661072292839,0.10845776343310684,False,True,False,0.27240248487275887,-0.07655602288907462,0.1276679808654525,0.20422400375452712,True,False,False,0.20422400375452712,-0.11827290187748714,0.1840869197809086,0.30235982165839576,True,False,False,0.30235982165839576
student_t_rolling,student_t,rolling,overlap_supplement,21,5,2021-04-19,2021-05-18,-0.07573733307009145,0.08,252,500,0.016522631874006828,0.0010301600941979923,30.0,-0.026597086550976257,0.07792610638332165,0.1045231929342979,False,True,False,0.3010841790107587,-0.06737890882795583,0.12098526563578772,0.18836417446374354,False,True,False,0.27194841688509974,-0.11723825204811636,0.1631949512779578,0.28043320332607413,True,False,False,0.28043320332607413
bootstrap_ewma,bootstrap,ewma,overlap_supplement,21,5,2021-04-19,2021-05-18,-0.07573733307009145,0.04,252,500,0.014648556655391285,0.0010301600941979923,,-0.018148378534996595,0.06970087434454875,0.08784925287954534,False,True,False,0.3182050710199248,-0.047169345317164,0.10751047059362669,0.1546798159107907,False,True,False,0.4403596934400653,-0.08975224863891319,0.16141350156762047,0.25116575020653364,True,False,False,0.25116575020653364
normal_ewma,normal,ewma,overlap_supplement,21,5,2021-04-19,2021-05-18,-0.07573733307009145,0.078,252,500,0.014648556655391285,0.0010301600941979923,,-0.02849010229095786,0.06769715714483837,0.09618725943579623,False,True,False,0.28517618255233057,-0.06588681110210517,0.11513708038935837,0.18102389149146353,False,True,False,0.2795291111713263,-0.10339681794509058,0.16446257977203457,0.26785939771712514,True,False,False,0.26785939771712514
student_t_ewma,student_t,ewma,overlap_supplement,21,5,2021-04-19,2021-05-18,-0.07573733307009145,0.056,252,500,0.014648556655391285,0.0010301600941979923,30.0,-0.02121749324535313,0.0714162924391567,0.09263378568450983,False,True,False,0.31071314498346314,-0.057661224843003483,0.10927621605760335,0.16693744090060683,False,True,False,0.34769852317148653,-0.10246410749331065,0.14622939981144265,0.24869350730475331,True,False,False,0.24869350730475331
bootstrap_rolling,bootstrap,rolling,overlap_supplement,21,5,2021-04-26,2021-05-25,-0.04945954645293438,0.14,252,500,0.016618671681097378,0.0008111614304058399,,-0.029419561904587416,0.07222650974242772,0.10164607164701514,False,True,False,0.181806009840403,-0.06439714539688994,0.12054854437295129,0.18494568976984121,True,False,False,0.18494568976984121,-0.11051430541398864,0.17975443687901624,0.29026874229300487,True,False,False,0.29026874229300487
normal_rolling,normal,rolling,overlap_supplement,21,5,2021-04-26,2021-05-25,-0.04945954645293438,0.184,252,500,0.016618671681097378,0.0008111614304058399,,-0.034066788376110574,0.07744247589867076,0.11150926427478133,False,True,False,0.17308029658207655,-0.06948455842897373,0.13195095137032092,0.20143550979929464,True,False,False,0.20143550979929464,-0.10445628752539678,0.19150041003346038,0.2959566975588572,True,False,False,0.2959566975588572
student_t_rolling,student_t,rolling,overlap_supplement,21,5,2021-04-26,2021-05-25,-0.04945954645293438,0.16,252,500,0.016618671681097378,0.0008111614304058399,30.0,-0.028682699806543505,0.07005237628290345,0.09873507608944695,False,True,False,0.18184246267501045,-0.07612671951138633,0.11570519868512728,0.19183191819651363,True,False,False,0.19183191819651363,-0.11916762789023956,0.18546882936197798,0.30463645725221755,True,False,False,0.30463645725221755
bootstrap_ewma,bootstrap,ewma,overlap_supplement,21,5,2021-04-26,2021-05-25,-0.04945954645293438,0.108,252,500,0.014353650947738161,0.0008111614304058399,,-0.023196184303258066,0.06455221523838278,0.08774839954164085,False,True,False,0.1928018481403461,-0.05367595953667509,0.10586440032383537,0.15954035986051046,True,False,False,0.15954035986051046,-0.0941020007730881,0.1561520523713334,0.2502540531444215,True,False,False,0.2502540531444215
normal_ewma,normal,ewma,overlap_supplement,21,5,2021-04-26,2021-05-25,-0.04945954645293438,0.138,252,500,0.014353650947738161,0.0008111614304058399,,-0.027237081731003226,0.06902355259481985,0.09626063432582307,False,True,False,0.18515049321354768,-0.05812199628740482,0.1155769569749211,0.17369895326232593,True,False,False,0.17369895326232593,-0.08877562801122531,0.16608799059607648,0.2548636186073018,True,False,False,0.2548636186073018
student_t_ewma,student_t,ewma,overlap_supplement,21,5,2021-04-26,2021-05-25,-0.04945954645293438,0.13,252,500,0.014353650947738161,0.0008111614304058399,30.0,-0.022555723230224423,0.06268758469985358,0.085243307930078,False,True,False,0.19285860082091782,-0.06393175830531217,0.10173477221219702,0.16566653051750918,True,False,False,0.16566653051750918,-0.10171896605858445,0.1609877255007652,0.26270669155934967,True,False,False,0.26270669155934967
bootstrap_rolling,bootstrap,rolling,overlap_supplement,21,5,2021-05-03,2021-06-02,-0.04999025079461539,0.172,252,500,0.016722653461678935,0.0007695681289639649,,-0.03437805991540935,0.06266297176945368,0.09704103168486303,False,True,False,0.15948979520168718,-0.07098423388231243,0.11292209839726318,0.1839063322795756,True,False,False,0.1839063322795756,-0.11480746117162052,0.17595311072369407,0.29076057189531457,True,False,False,0.29076057189531457
normal_rolling,normal,rolling,overlap_supplement,21,5,2021-05-03,2021-06-02,-0.04999025079461539,0.196,252,500,0.016722653461678935,0.0007695681289639649,,-0.03774227890595194,0.06674809578197305,0.10449037468792499,False,True,False,0.15348226224257877,-0.08588505200334426,0.1086823721661469,0.19456742416949116,True,False,False,0.19456742416949116,-0.13719715224509632,0.16458568654645553,0.3017828387915519,True,False,False,0.3017828387915519
student_t_rolling,student_t,rolling,overlap_supplement,21,5,2021-05-03,2021-06-02,-0.04999025079461539,0.212,252,500,0.016722653461678935,0.0007695681289639649,30.0,-0.037831720259265345,0.06731031941070487,0.10514203966997021,False,True,False,0.15377616181137038,-0.07936008393353763,0.11624882332608527,0.1956089072596229,True,False,False,0.1956089072596229,-0.11732742983543616,0.18686435274603277,0.30419178258146895,True,False,False,0.30419178258146895
bootstrap_ewma,bootstrap,ewma,overlap_supplement,21,5,2021-05-03,2021-06-02,-0.04999025079461539,0.134,252,500,0.014253756387975984,0.0007695681289639649,,-0.027059335730467288,0.05568603296577934,0.08274536869624663,False,True,False,0.17446902895283903,-0.05858676421080224,0.0980977912879745,0.15668455549877675,True,False,False,0.15668455549877675,-0.09657283342788717,0.1508896878476493,0.24746252127553647,True,False,False,0.24746252127553647
normal_ewma,normal,ewma,overlap_supplement,21,5,2021-05-03,2021-06-02,-0.04999025079461539,0.146,252,500,0.014253756387975984,0.0007695681289639649,,-0.029949290699616687,0.059144199417814625,0.08909349011743131,False,True,False,0.1692573304974261,-0.07147248014887828,0.0945311407545165,0.16600362090339477,True,False,False,0.16600362090339477,-0.11608677500654736,0.14140090941287684,0.2574876844194242,True,False,False,0.2574876844194242
student_t_ewma,student_t,ewma,overlap_supplement,21,5,2021-05-03,2021-06-02,-0.04999025079461539,0.164,252,500,0.014253756387975984,0.0007695681289639649,30.0,-0.030026169627037774,0.05961993247287378,0.08964610209991156,False,True,False,0.169502426770222,-0.06582612549254345,0.10089497854242149,0.16672110403496493,True,False,False,0.16672110403496493,-0.09876537320357004,0.15998631522868065,0.2587516884322507,True,False,False,0.2587516884322507
bootstrap_rolling,bootstrap,rolling,overlap_supplement,21,5,2021-05-10,2021-06-09,-0.08968215578878092,0.052,252,500,0.016614669726685655,0.000827358490132662,,-0.02829421668200177,0.060139710074627206,0.08843392675662898,False,True,False,0.33398568318374555,-0.06557310281992552,0.11447845571488145,0.18005155853480698,False,True,False,0.42114208822336097,-0.11530418972887459,0.1717067856539466,0.28701097538282117,True,False,False,0.28701097538282117
normal_rolling,normal,rolling,overlap_supplement,21,5,2021-05-10,2021-06-09,-0.08968215578878092,0.062,252,500,0.016614669726685655,0.000827358490132662,,-0.03465730983700563,0.07258062655077457,0.1072379363877802,False,True,False,0.3273373201948814,-0.07519393916601005,0.12425200771141326,0.1994459468774233,False,True,False,0.34432811310513195,-0.1204837330581464,0.17839701193169263,0.298880744989839,True,False,False,0.298880744989839
student_t_rolling,student_t,rolling,overlap_supplement,21,5,2021-05-10,2021-06-09,-0.08968215578878092,0.094,252,500,0.016614669726685655,0.000827358490132662,30.0,-0.03510250130737835,0.06403289522533995,0.0991353965327183,False,True,False,0.31745401445832855,-0.08533914121795373,0.1183148905448184,0.20365403176277214,False,True,False,0.24708417747104397,-0.12145651622102098,0.17518245260956308,0.29663896883058405,True,False,False,0.29663896883058405
bootstrap_ewma,bootstrap,ewma,overlap_supplement,21,5,2021-05-10,2021-06-09,-0.08968215578878092,0.03,252,500,0.013565239192761088,0.000827358490132662,,-0.020041799377013725,0.05218696469948986,0.07222876407650358,False,True,False,0.35079018972357234,-0.05084681625408863,0.0960165694965863,0.14686338575067492,False,True,False,0.5352167810975978,-0.09229602389930829,0.14175392578411186,0.23404994968342013,True,False,False,0.23404994968342013
normal_ewma,normal,ewma,overlap_supplement,21,5,2021-05-10,2021-06-09,-0.08968215578878092,0.036,252,500,0.013565239192761088,0.000827358490132662,,-0.025284297353439178,0.062257490151752026,0.0875417875051912,False,True,False,0.34513322124655815,-0.05883321792620937,0.10385785151152037,0.16269106943772974,False,True,False,0.47118044806344517,-0.09663726022025947,0.14707481859335864,0.24371207881361812,True,False,False,0.24371207881361812
student_t_ewma,student_t,ewma,overlap_supplement,21,5,2021-05-10,2021-06-09,-0.08968215578878092,0.038,252,500,0.013565239192761088,0.000827358490132662,30.0,-0.02565132539068629,0.05534068104592216,0.08099200643660845,False,True,False,0.3371153280289869,-0.06727149938138514,0.0990960454748646,0.16636754485624974,False,True,False,0.3904741089302075,-0.0974531092468181,0.14451950065483976,0.24197260990165786,True,False,False,0.24197260990165786
bootstrap_rolling,bootstrap,rolling,overlap_supplement,21,5,2021-05-17,2021-06-16,-0.0779303395917037,0.1,252,500,0.016278065416322863,0.00045778651788667426,,-0.03442019828667031,0.054004167877921616,0.08842436616459193,False,True,False,0.2624649313847255,-0.07682807538552078,0.10008585684817307,0.17691393223369384,False,True,False,0.18793657429552307,-0.1134143750986242,0.16729056943009427,0.28070494452871847,True,False,False,0.28070494452871847
normal_rolling,normal,rolling,overlap_supplement,21,5,2021-05-17,2021-06-16,-0.0779303395917037,0.094,252,500,0.016278065416322863,0.00045778651788667426,,-0.0380799529276471,0.056253729651990825,0.09433368257963792,False,True,False,0.25373522923586433,-0.07595424953567659,0.10049418605112355,0.17644843558680012,False,True,False,0.19620933614707126,-0.11073284706721814,0.17101454416705023,0.2817473912342684,True,False,False,0.2817473912342684
student_t_rolling,student_t,rolling,overlap_supplement,21,5,2021-05-17,2021-06-16,-0.0779303395917037,0.128,252,500,0.016278065416322863,0.00045778651788667426,30.0,-0.04430826468319071,0.05867798389551537,0.10298624857870609,False,True,False,0.23747454821275804,-0.08595720274098045,0.10269782991882857,0.18865503265980904,True,False,False,0.18865503265980904,-0.13219112365934108,0.17501991673794384,0.3072110403972849,True,False,False,0.3072110403972849
bootstrap_ewma,bootstrap,ewma,overlap_supplement,21,5,2021-05-17,2021-06-16,-0.0779303395917037,0.062,252,500,0.013049171755173321,0.00045778651788667426,,-0.025832281288030168,0.04505589952458139,0.07088818081261156,False,True,False,0.2792804140273057,-0.0602826726021959,0.08152714601749494,0.14180981861969083,False,True,False,0.3182864885147689,-0.09025664016949372,0.1341790330177094,0.22443567318720312,True,False,False,0.22443567318720312
normal_ewma,normal,ewma,overlap_supplement,21,5,2021-05-17,2021-06-16,-0.0779303395917037,0.042,252,500,0.013049171755173321,0.00045778651788667426,,-0.028793302276399008,0.04684355350020247,0.07563685577660148,False,True,False,0.2721850050378203,-0.05956966843826016,0.08184895998615319,0.14141862842441333,False,True,False,0.3250253399588488,-0.08805152502974571,0.13707872916906813,0.22513025419881383,True,False,False,0.22513025419881383
student_t_ewma,student_t,ewma,overlap_supplement,21,5,2021-05-17,2021-06-16,-0.0779303395917037,0.07,252,500,0.013049171755173321,0.00045778651788667426,30.0,-0.03383767992022091,0.048769186288510735,0.08260686620873164,False,True,False,0.2589775048946628,-0.06773942322939083,0.08358520501859601,0.15132462824798684,False,True,False,0.25323379187111555,-0.10573478047368921,0.14019550234714737,0.24593028282083657,True,False,False,0.24593028282083657
bootstrap_rolling,bootstrap,rolling,overlap_supplement,21,5,2021-05-24,2021-06-23,-0.07520969217356643,0.106,252,500,0.016318314840074448,0.00025692538775001024,,-0.03945168401172791,0.06611658067041398,0.1055682646821419,False,True,False,0.24860029732949598,-0.07786345498037787,0.11587471877322734,0.19373817375360522,True,False,False,0.19373817375360522,-0.1106690727094977,0.1511710091487933,0.261840081858291,True,False,False,0.261840081858291
normal_rolling,normal,rolling,overlap_supplement,21,5,2021-05-24,2021-06-23,-0.07520969217356643,0.13,252,500,0.016318314840074448,0.00025692538775001024,,-0.04494951752500015,0.05487613066416214,0.09982564818916229,False,True,False,0.22086634678342743,-0.08496506307886387,0.10019096148974635,0.18515602456861022,True,False,False,0.18515602456861022,-0.13682485165342287,0.1652671262059205,0.3020919778593434,True,False,False,0.3020919778593434
student_t_rolling,student_t,rolling,overlap_supplement,21,5,2021-05-24,2021-06-23,-0.07520969217356643,0.148,252,500,0.016318314840074448,0.00025692538775001024,30.0,-0.0413345507573501,0.05589040485635405,0.09722495561370414,False,True,False,0.2327255212785695,-0.09125237016012389,0.10671006154645836,0.19796243170658223,True,False,False,0.19796243170658223,-0.13594118264571603,0.16591461548774852,0.3018557981334645,True,False,False,0.3018557981334645
bootstrap_ewma,bootstrap,ewma,overlap_supplement,21,5,2021-05-24,2021-06-23,-0.07520969217356643,0.062,252,500,0.013266231528323744,0.00025692538775001024,,-0.031215955276908014,0.05449014983920969,0.0857061051161177,False,True,False,0.2616810527027514,-0.06283083761914604,0.09432917769100153,0.15716001531014756,False,True,False,0.2809485608543515,-0.09002694702700319,0.12238755934339725,0.21241450637040044,True,False,False,0.21241450637040044
normal_ewma,normal,ewma,overlap_supplement,21,5,2021-05-24,2021-06-23,-0.07520969217356643,0.076,252,500,0.013266231528323744,0.00025692538775001024,,-0.035726242530439295,0.045442754591011936,0.08116899712145123,False,True,False,0.23910279569395979,-0.06870255762848576,0.08180846232817975,0.1505110199566655,False,True,False,0.21558236540747222,-0.11184485210399252,0.13354740281353092,0.24539225491752342,True,False,False,0.24539225491752342
student_t_ewma,student_t,ewma,overlap_supplement,21,5,2021-05-24,2021-06-23,-0.07520969217356643,0.098,252,500,0.013266231528323744,0.00025692538775001024,30.0,-0.03276006561191461,0.046259866248562875,0.07901993186047748,False,True,False,0.2488184381070848,-0.07390814013582123,0.08701685528915525,0.16092499542497646,False,True,False,0.17394051580242853,-0.11110568880005843,0.13405951144201286,0.24516520024207128,True,False,False,0.24516520024207128
bootstrap_rolling,bootstrap,rolling,overlap_supplement,21,5,2021-06-01,2021-06-30,-0.06525690542136453,0.13,252,500,0.01634696460343178,0.00024275667795141355,,-0.03779059957751621,0.054237757032709444,0.09202835661022565,False,True,False,0.20189357998561894,-0.07433229504953184,0.10653681382660983,0.18086910887614166,True,False,False,0.18086910887614166,-0.1248973677086202,0.165371375804107,0.2902687435127272,True,False,False,0.2902687435127272
normal_rolling,normal,rolling,overlap_supplement,21,5,2021-06-01,2021-06-30,-0.06525690542136453,0.164,252,500,0.01634696460343178,0.00024275667795141355,,-0.045131568647090836,0.04887465162697374,0.09400622027406458,False,True,False,0.17450756737115936,-0.08515706256601016,0.0951791523779939,0.18033621494400406,True,False,False,0.18033621494400406,-0.13299806492292826,0.16090111873077334,0.2938991836537016,True,False,False,0.2938991836537016
student_t_rolling,student_t,rolling,overlap_supplement,21,5,2021-06-01,2021-06-30,-0.06525690542136453,0.156,252,500,0.01634696460343178,0.00024275667795141355,30.0,-0.04609604309166099,0.06195126404678453,0.10804730713844551,False,True,False,0.18469075645725969,-0.08240513040613912,0.10876059180560027,0.1911657222117394,True,False,False,0.1911657222117394,-0.1272284646840815,0.1727971983799262,0.3000256630640077,True,False,False,0.3000256630640077
bootstrap_ewma,bootstrap,ewma,overlap_supplement,21,5,2021-06-01,2021-06-30,-0.06525690542136453,0.096,252,500,0.013982793762511037,0.00024275667795141355,,-0.03170116716484547,0.04698698757140091,0.07868815473624638,False,True,False,0.2129111077623226,-0.06324349039482687,0.09125820998949727,0.15450170038432415,False,True,False,0.1746358506497008,-0.10719036470584047,0.1407016301396115,0.247891994845452,True,False,False,0.247891994845452
normal_ewma,normal,ewma,overlap_supplement,21,5,2021-06-01,2021-06-30,-0.06525690542136453,0.132,252,500,0.013982793762511037,0.00024275667795141355,,-0.038023669144859884,0.04242938862682499,0.08045305777168488,False,True,False,0.18938600287770346,-0.07262162917459662,0.08167014381064673,0.15429177298524335,True,False,False,0.15429177298524335,-0.1142644472307483,0.13695717769057808,0.2512216249213264,True,False,False,0.2512216249213264
student_t_ewma,student_t,ewma,overlap_supplement,21,5,2021-06-01,2021-06-30,-0.06525690542136453,0.132,252,500,0.013982793762511037,0.00024275667795141355,30.0,-0.03885485728657795,0.053536095856108856,0.0923909531426868,False,True,False,0.19799914568183313,-0.07023593850237225,0.09313382286943696,0.1633697613718092,True,False,False,0.1633697613718092,-0.1092251285087696,0.14691646842057138,0.25614159692934096,True,False,False,0.25614159692934096
bootstrap_rolling,bootstrap,rolling,overlap_supplement,21,5,2021-06-08,2021-07-08,-0.01559081958897901,0.418,252,500,0.01627745977254384,-0.00010882885929205634,,-0.051256549489262004,0.03754727542464431,0.08880382491390632,True,False,False,0.08880382491390632,-0.09389994278723948,0.08080449691830743,0.17470443970554692,True,False,False,0.17470443970554692,-0.12946989357012045,0.13430987417850815,0.2637797677486286,True,False,False,0.2637797677486286
normal_rolling,normal,rolling,overlap_supplement,21,5,2021-06-08,2021-07-08,-0.01559081958897901,0.46,252,500,0.01627745977254384,-0.00010882885929205634,,-0.048519979962964116,0.046113946906420844,0.09463392686938496,True,False,False,0.09463392686938496,-0.08631274929844251,0.09458482941149361,0.1808975787099361,True,False,False,0.1808975787099361,-0.14366429533953742,0.14443040914070704,0.28809470448024443,True,False,False,0.28809470448024443
student_t_rolling,student_t,rolling,overlap_supplement,21,5,2021-06-08,2021-07-08,-0.01559081958897901,0.432,252,500,0.01627745977254384,-0.00010882885929205634,30.0,-0.057271438089625926,0.05130521581621367,0.10857665390583959,True,False,False,0.10857665390583959,-0.096397090847888,0.09349370369597844,0.18989079454386643,True,False,False,0.18989079454386643,-0.1412272007098503,0.16788729717885845,0.3091144978887087,True,False,False,0.3091144978887087
bootstrap_ewma,bootstrap,ewma,overlap_supplement,21,5,2021-06-08,2021-07-08,-0.01559081958897901,0.404,252,500,0.013275383722068688,-0.00010882885929205634,,-0.042408646618019075,0.030083613610584425,0.0724922602286035,True,False,False,0.0724922602286035,-0.07765975274711019,0.06497656487062028,0.1426363176177305,True,False,False,0.1426363176177305,-0.10729801083474126,0.10778225429754887,0.21508026513229012,True,False,False,0.21508026513229012
normal_ewma,normal,ewma,overlap_supplement,21,5,2021-06-08,2021-07-08,-0.01559081958897901,0.436,252,500,0.013275383722068688,-0.00010882885929205634,,-0.04015656701838735,0.03701479893300347,0.07717136595139082,True,False,False,0.07717136595139082,-0.07136580536805004,0.076037825308299,0.14740363067634904,True,False,False,0.14740363067634904,-0.11918737179712308,0.11583634757972129,0.23502371937684435,True,False,False,0.23502371937684435
student_t_ewma,student_t,ewma,overlap_supplement,21,5,2021-06-08,2021-07-08,-0.01559081958897901,0.416,252,500,0.013275383722068688,-0.00010882885929205634,30.0,-0.047362866296475487,0.04120989018850607,0.08857275648498156,True,False,False,0.08857275648498156,-0.07973338497316336,0.07516293790872391,0.15489632288188726,True,False,False,0.15489632288188726,-0.1171436582546562,0.13445427826090803,0.2515979365155642,True,False,False,0.2515979365155642
bootstrap_rolling,bootstrap,rolling,overlap_supplement,21,5,2021-06-15,2021-07-15,-0.020794076230151726,0.442,252,500,0.016317776053725776,-0.0005095321794043167,,-0.05172059318168154,0.03662293569351405,0.08834352887519559,True,False,False,0.08834352887519559,-0.09331224773220947,0.08144432808911764,0.17475657582132711,True,False,False,0.17475657582132711,-0.12282023739674028,0.12119608071820474,0.244016318114945,True,False,False,0.244016318114945
normal_rolling,normal,rolling,overlap_supplement,21,5,2021-06-15,2021-07-15,-0.020794076230151726,0.446,252,500,0.016317776053725776,-0.0005095321794043167,,-0.0613352053274164,0.03940897398960075,0.10074417931701715,True,False,False,0.10074417931701715,-0.1018665608897341,0.0842726767542694,0.1861392376440035,True,False,False,0.1861392376440035,-0.14239529731485717,0.13825077353202514,0.2806460708468823,True,False,False,0.2806460708468823
student_t_rolling,student_t,rolling,overlap_supplement,21,5,2021-06-15,2021-07-15,-0.020794076230151726,0.468,252,500,0.016317776053725776,-0.0005095321794043167,30.0,-0.06434157354007156,0.03648807315563796,0.10082964669570951,True,False,False,0.10082964669570951,-0.10502321177888695,0.08586428903029134,0.19088750080917827,True,False,False,0.19088750080917827,-0.1394449557863412,0.1331497480517198,0.272594703838061,True,False,False,0.272594703838061
bootstrap_ewma,bootstrap,ewma,overlap_supplement,21,5,2021-06-15,2021-07-15,-0.020794076230151726,0.434,252,500,0.014804598770867981,-0.0005095321794043167,,-0.047984261316008775,0.03214648861265429,0.08013074992866306,True,False,False,0.08013074992866306,-0.08594602996556647,0.07255598589574563,0.1585020158613121,True,False,False,0.1585020158613121,-0.11297645767129738,0.10826486998359615,0.22124132765489352,True,False,False,0.22124132765489352
normal_ewma,normal,ewma,overlap_supplement,21,5,2021-06-15,2021-07-15,-0.020794076230151726,0.438,252,500,0.014804598770867981,-0.0005095321794043167,,-0.05674579925380516,0.03466294327990832,0.09140874253371348,True,False,False,0.09140874253371348,-0.09377356649976212,0.07510065746717644,0.16887422396693857,True,False,False,0.16887422396693857,-0.130954329151519,0.12354856112940853,0.25450289028092754,True,False,False,0.25450289028092754
student_t_ewma,student_t,ewma,overlap_supplement,21,5,2021-06-15,2021-07-15,-0.020794076230151726,0.464,252,500,0.014804598770867981,-0.0005095321794043167,30.0,-0.05948711969496179,0.03202465982230679,0.09151177951726858,True,False,False,0.09151177951726858,-0.09666377367080996,0.07653236459396869,0.17319613826477864,True,False,False,0.17319613826477864,-0.12824224014067895,0.1189797222721425,0.24722196241282146,True,False,False,0.24722196241282146
bootstrap_rolling,bootstrap,rolling,overlap_supplement,21,5,2021-06-22,2021-07-22,-0.002136398487504798,0.596,252,500,0.016205318879721587,-0.0007847421949151422,,-0.057966363719956476,0.022788656451693978,0.08075502017165045,True,False,False,0.08075502017165045,-0.087554809998585,0.06307728826189825,0.15063209826048324,True,False,False,0.15063209826048324,-0.132533325550566,0.10571871361358326,0.23825203916414925,True,False,False,0.23825203916414925
normal_rolling,normal,rolling,overlap_supplement,21,5,2021-06-22,2021-07-22,-0.002136398487504798,0.548,252,500,0.016205318879721587,-0.0007847421949151422,,-0.06198779751882291,0.034002046774195716,0.09598984429301863,True,False,False,0.09598984429301863,-0.09939104514815914,0.0832928348479118,0.18268387999607094,True,False,False,0.18268387999607094,-0.14258477568607253,0.13563462531540382,0.27821940100147635,True,False,False,0.27821940100147635
student_t_rolling,student_t,rolling,overlap_supplement,21,5,2021-06-22,2021-07-22,-0.002136398487504798,0.556,252,500,0.016205318879721587,-0.0007847421949151422,30.0,-0.06534770741999521,0.03474765543397412,0.10009536285396933,True,False,False,0.10009536285396933,-0.10706386697897825,0.0770099020153767,0.18407376899435496,True,False,False,0.18407376899435496,-0.14848846503554075,0.12799450993402944,0.2764829749695702,True,False,False,0.2764829749695702
bootstrap_ewma,bootstrap,ewma,overlap_supplement,21,5,2021-06-22,2021-07-22,-0.002136398487504798,0.608,252,500,0.013719158931822677,-0.0007847421949151422,,-0.05169717261968729,0.016685358013246,0.06838253063293329,True,False,False,0.06838253063293329,-0.07697447063458113,0.05048864232862702,0.12746311296320814,True,False,False,0.12746311296320814,-0.11564262407196294,0.08605243270503699,0.20169505677699992,True,False,False,0.20169505677699992
normal_ewma,normal,ewma,overlap_supplement,21,5,2021-06-22,2021-07-22,-0.002136398487504798,0.56,252,500,0.013719158931822677,-0.0007847421949151422,,-0.05512543301466308,0.02611392159214726,0.08123935460681034,True,False,False,0.08123935460681034,-0.08712117176098995,0.0673756402490371,0.15449681201002705,True,False,False,0.15449681201002705,-0.12432554238065392,0.1108772678065605,0.23520281018721442,True,False,False,0.23520281018721442
student_t_ewma,student_t,ewma,overlap_supplement,21,5,2021-06-22,2021-07-22,-0.002136398487504798,0.566,252,500,0.013719158931822677,-0.0007847421949151422,30.0,-0.05799147563797161,0.026740290973600422,0.08473176661157203,True,False,False,0.08473176661157203,-0.09370966866265805,0.062132432028301994,0.15584210069096005,True,False,False,0.15584210069096005,-0.1294325095684549,0.10454707066151318,0.23397958022996806,True,False,False,0.23397958022996806
bootstrap_rolling,bootstrap,rolling,overlap_supplement,21,5,2021-06-29,2021-07-29,-0.011273774131516978,0.588,252,500,0.01626893777601747,-0.000999687357077458,,-0.06299750360573567,0.021442287729441567,0.08443979133517723,True,False,False,0.08443979133517723,-0.09271161386598073,0.06366354284572354,0.15637515671170427,True,False,False,0.15637515671170427,-0.12335253656303885,0.11540357533205958,0.23875611189509843,True,False,False,0.23875611189509843
normal_rolling,normal,rolling,overlap_supplement,21,5,2021-06-29,2021-07-29,-0.011273774131516978,0.568,252,500,0.01626893777601747,-0.000999687357077458,,-0.07391638330663647,0.02707461042510695,0.10099099373174342,True,False,False,0.10099099373174342,-0.1122052998093943,0.08040971016222749,0.1926150099716218,True,False,False,0.1926150099716218,-0.15225278953913515,0.12340371977864895,0.27565650931778407,True,False,False,0.27565650931778407
student_t_rolling,student_t,rolling,overlap_supplement,21,5,2021-06-29,2021-07-29,-0.011273774131516978,0.524,252,500,0.01626893777601747,-0.000999687357077458,30.0,-0.07021455414290872,0.034441482840929905,0.10465603698383863,True,False,False,0.10465603698383863,-0.10537553306611082,0.08640632787340195,0.19178186093951277,True,False,False,0.19178186093951277,-0.14444254919093022,0.1292798559132626,0.2737224051041928,True,False,False,0.2737224051041928
bootstrap_ewma,bootstrap,ewma,overlap_supplement,21,5,2021-06-29,2021-07-29,-0.011273774131516978,0.594,252,500,0.014606522926073884,-0.000999687357077458,,-0.058767893012002165,0.017046224272766752,0.07581411728476892,True,False,False,0.07581411728476892,-0.08561007150762699,0.05471150458502423,0.14032157609265122,True,False,False,0.14032157609265122,-0.1133837739083254,0.10066110904495608,0.21404488295328147,True,False,False,0.21404488295328147
normal_ewma,normal,ewma,overlap_supplement,21,5,2021-06-29,2021-07-29,-0.011273774131516978,0.578,252,500,0.014606522926073884,-0.000999687357077458,,-0.06862118316289192,0.02207983342280201,0.09070101658569393,True,False,False,0.09070101658569393,-0.10326833569023419,0.06960803078255871,0.17287636647279292,True,False,False,0.17287636647279292,-0.1396707082540469,0.10774604592611992,0.24741675418016681,True,False,False,0.24741675418016681
student_t_ewma,student_t,ewma,overlap_supplement,21,5,2021-06-29,2021-07-29,-0.011273774131516978,0.528,252,500,0.014606522926073884,-0.000999687357077458,30.0,-0.0652793020371839,0.02865934745088866,0.09393864948807257,True,False,False,0.09393864948807257,-0.09707715990588138,0.07493655407496883,0.1720137139808502,True,False,False,0.1720137139808502,-0.13255782447016376,0.11294699205917519,0.24550481652933895,True,False,False,0.24550481652933895
bootstrap_rolling,bootstrap,rolling,overlap_supplement,21,5,2021-07-07,2021-08-05,0.01959435592238923,0.734,252,500,0.01651598950976025,-0.0009321077990028143,,-0.06494189942507547,0.023296733609789344,0.08823863303486482,True,False,False,0.08823863303486482,-0.09909348344972521,0.06934920231377584,0.16844268576350105,True,False,False,0.16844268576350105,-0.1263429969794212,0.11601567621432467,0.24235867319374588,True,False,False,0.24235867319374588
normal_rolling,normal,rolling,overlap_supplement,21,5,2021-07-07,2021-08-05,0.01959435592238923,0.706,252,500,0.01651598950976025,-0.0009321077990028143,,-0.07129326784401155,0.02820644152818902,0.09949970937220057,True,False,False,0.09949970937220057,-0.11303235705236843,0.0851293479418228,0.19816170499419122,True,False,False,0.19816170499419122,-0.15909469192482364,0.13874053454650626,0.2978352264713299,True,False,False,0.2978352264713299
student_t_rolling,student_t,rolling,overlap_supplement,21,5,2021-07-07,2021-08-05,0.01959435592238923,0.736,252,500,0.01651598950976025,-0.0009321077990028143,30.0,-0.06854759992195494,0.02188043965723746,0.0904280395791924,True,False,False,0.0904280395791924,-0.11144292264851274,0.07395584423610134,0.1853987668846141,True,False,False,0.1853987668846141,-0.1632815413578591,0.12520583197456708,0.2884873733324262,True,False,False,0.2884873733324262
bootstrap_ewma,bootstrap,ewma,overlap_supplement,21,5,2021-07-07,2021-08-05,0.01959435592238923,0.732,252,500,0.016612496538027224,-0.0009321077990028143,,-0.06520178798802392,0.023551509326542486,0.08875329731456641,True,False,False,0.08875329731456641,-0.0995396704464752,0.0698906102050076,0.1694302806514828,True,False,False,0.1694302806514828,-0.12693238767978482,0.11685943606744095,0.24379182374722577,True,False,False,0.24379182374722577
normal_ewma,normal,ewma,overlap_supplement,21,5,2021-07-07,2021-08-05,0.01959435592238923,0.702,252,500,0.016612496538027224,-0.0009321077990028143,,-0.07158836628850648,0.028491204584289775,0.10007957087279626,True,False,False,0.10007957087279626,-0.11355241205124085,0.08577168068407616,0.199324092735317,True,False,False,0.199324092735317,-0.1598495808135522,0.1397357209477123,0.2995853017612645,True,False,False,0.2995853017612645
student_t_ewma,student_t,ewma,overlap_supplement,21,5,2021-07-07,2021-08-05,0.01959435592238923,0.736,252,500,0.016612496538027224,-0.0009321077990028143,30.0,-0.06882750736340199,0.022126590730207008,0.09095409809360899,True,False,False,0.09095409809360899,-0.11195461910629438,0.0745265742031712,0.18648119330946558,True,False,False,0.18648119330946558,-0.16405705709338822,0.12611050506871374,0.29016756216210193,True,False,False,0.29016756216210193
bootstrap_rolling,bootstrap,rolling,overlap_supplement,21,5,2021-07-14,2021-08-12,0.0033893536749696196,0.61,252,500,0.016541464131187122,-0.0010175515417119628,,-0.05490539540577327,0.028605055736121376,0.08351045114189465,True,False,False,0.08351045114189465,-0.09170062104072899,0.07469193752058198,0.16639255856131097,True,False,False,0.16639255856131097,-0.12377362551998013,0.13962071004210108,0.2633943355620812,True,False,False,0.2633943355620812
normal_rolling,normal,rolling,overlap_supplement,21,5,2021-07-14,2021-08-12,0.0033893536749696196,0.666,252,500,0.016541464131187122,-0.0010175515417119628,,-0.07334029324872399,0.02448859314532048,0.09782888639404447,True,False,False,0.09782888639404447,-0.11252898361604151,0.07721711882708866,0.18974610244313017,True,False,False,0.18974610244313017,-0.15531701026923228,0.11346667844589643,0.2687836887151287,True,False,False,0.2687836887151287
student_t_rolling,student_t,rolling,overlap_supplement,21,5,2021-07-14,2021-08-12,0.0033893536749696196,0.64,252,500,0.016541464131187122,-0.0010175515417119628,30.0,-0.06949342529168742,0.03451639448096794,0.10400981977265536,True,False,False,0.10400981977265536,-0.1070884565533851,0.07966195822942064,0.18675041478280574,True,False,False,0.18675041478280574,-0.15258112591344672,0.12688799102069168,0.2794691169341384,True,False,False,0.2794691169341384
bootstrap_ewma,bootstrap,ewma,overlap_supplement,21,5,2021-07-14,2021-08-12,0.0033893536749696196,0.612,252,500,0.016084268830757482,-0.0010175515417119628,,-0.05398803197594057,0.027196685221384242,0.08118471719732481,True,False,False,0.08118471719732481,-0.08982052486766959,0.0719211035980978,0.1617416284657674,True,False,False,0.1617416284657674,-0.12108704953160852,0.13484082889178908,0.2559278784233976,True,False,False,0.2559278784233976
normal_ewma,normal,ewma,overlap_supplement,21,5,2021-07-14,2021-08-12,0.0033893536749696196,0.668,252,500,0.016084268830757482,-0.0010175515417119628,,-0.07193567230469297,0.02319925684776264,0.09513492915245561,True,False,False,0.09513492915245561,-0.11012160615806983,0.07437008062404654,0.18449168678211636,True,False,False,0.18449168678211636,-0.15186823147718587,0.1095083921395194,0.2613766236167053,True,False,False,0.2613766236167053
student_t_ewma,student_t,ewma,overlap_supplement,21,5,2021-07-14,2021-08-12,0.0033893536749696196,0.642,252,500,0.016084268830757482,-0.0010175515417119628,30.0,-0.06818967251043101,0.03293631385865048,0.10112598636908149,True,False,False,0.10112598636908149,-0.10481754859079782,0.07674098896982112,0.18155853756061896,True,False,False,0.18155853756061896,-0.14919711984637793,0.12250997869457962,0.27170709854095754,True,False,False,0.27170709854095754
bootstrap_rolling,bootstrap,rolling,overlap_supplement,21,5,2021-07-21,2021-08-19,0.070301209797063,0.91,252,500,0.016513042321594635,-0.0009909856124536499,,-0.06634585429534681,0.01967594394469363,0.08602179824004044,False,False,True,0.2885228616495179,-0.09940198835480897,0.0639767008270644,0.16337868918187337,False,False,True,0.22662377888185942,-0.13685603957983264,0.11990608746721149,0.25676212704704415,True,False,False,0.25676212704704415
normal_rolling,normal,rolling,overlap_supplement,21,5,2021-07-21,2021-08-19,0.070301209797063,0.874,252,500,0.016513042321594635,-0.0009909856124536499,,-0.06497841787453493,0.035628949671299204,0.10060736754583413,False,False,True,0.23929640804888933,-0.10207814291766594,0.08562438625709867,0.1877025291747646,True,False,False,0.1877025291747646,-0.1469626342081361,0.14154182252006903,0.2885044567282051,True,False,False,0.2885044567282051
student_t_rolling,student_t,rolling,overlap_supplement,21,5,2021-07-21,2021-08-19,0.070301209797063,0.884,252,500,0.016513042321594635,-0.0009909856124536499,30.0,-0.06618066365096517,0.031553498339214725,0.0977341619901799,False,False,True,0.25272500782157303,-0.1096264613790458,0.07977753870468708,0.18940400008373287,True,False,False,0.18940400008373287,-0.1521492141430593,0.13780222194258876,0.28995143608564805,True,False,False,0.28995143608564805
bootstrap_ewma,bootstrap,ewma,overlap_supplement,21,5,2021-07-21,2021-08-19,0.070301209797063,0.92,252,500,0.015525464700444086,-0.0009909856124536499,,-0.06367082197381776,0.017221571178948014,0.08089239315276578,False,False,True,0.2932109476252257,-0.0948724672292645,0.05871943995753167,0.15359190718679616,False,False,True,0.26940960558210947,-0.13030833488516488,0.11096329189304445,0.24127162677820935,True,False,False,0.24127162677820935
normal_ewma,normal,ewma,overlap_supplement,21,5,2021-07-21,2021-08-19,0.070301209797063,0.882,252,500,0.015525464700444086,-0.0009909856124536499,,-0.06238153828905918,0.03217742880410113,0.0945589670931603,False,False,True,0.2470540910650078,-0.09740145142287163,0.07895967957376508,0.1763611309966367,True,False,False,0.1763611309966367,-0.1398862070745095,0.13113105800037542,0.2710172650748849,True,False,False,0.2710172650748849
student_t_ewma,student_t,ewma,overlap_supplement,21,5,2021-07-21,2021-08-19,0.070301209797063,0.894,252,500,0.015525464700444086,-0.0009909856124536499,30.0,-0.06351506706916624,0.028358033817548978,0.09187310088671521,False,False,True,0.2596458048047713,-0.1045371068401059,0.07349537272903917,0.17803247956914509,True,False,False,0.17803247956914509,-0.144803710309609,0.12764672501245786,0.27245043532206686,True,False,False,0.27245043532206686
bootstrap_rolling,bootstrap,rolling,overlap_supplement,21,5,2021-07-28,2021-08-26,0.06160045096809186,0.898,252,500,0.01639982476375425,-0.0008654879229926595,,-0.06456661206727657,0.02387261865678436,0.08843923072406093,False,False,True,0.23935055996929092,-0.09801507654828118,0.06284639368626764,0.16086147023454883,True,False,False,0.16086147023454883,-0.12412762518446761,0.10470199174352306,0.22882961692799067,True,False,False,0.22882961692799067
normal_rolling,normal,rolling,overlap_supplement,21,5,2021-07-28,2021-08-26,0.06160045096809186,0.832,252,500,0.01639982476375425,-0.0008654879229926595,,-0.06987489794950713,0.034207994251535256,0.10408289220104239,False,False,True,0.2136527190672688,-0.10730634675505192,0.08412425116895637,0.1914305979240083,True,False,False,0.1914305979240083,-0.14612679645192297,0.14528140222881347,0.2914081986807364,True,False,False,0.2914081986807364
student_t_rolling,student_t,rolling,overlap_supplement,21,5,2021-07-28,2021-08-26,0.06160045096809186,0.862,252,500,0.01639982476375425,-0.0008654879229926595,30.0,-0.07393202289744677,0.025383887251384574,0.09931591014883134,False,False,True,0.24418216501566048,-0.11135292783687226,0.07934705626670349,0.19069998410357575,True,False,False,0.19069998410357575,-0.15416286196689155,0.14258256269555852,0.2967454246624501,True,False,False,0.2967454246624501
bootstrap_ewma,bootstrap,ewma,overlap_supplement,21,5,2021-07-28,2021-08-26,0.06160045096809186,0.912,252,500,0.015371611930867925,-0.0008654879229926595,,-0.06171372756468696,0.021194928280919068,0.08290865584560603,False,False,True,0.2445307465942972,-0.09319638983549403,0.057586755603985795,0.15078314543947982,False,False,True,0.19092009908054045,-0.11782509680058392,0.09657647653455603,0.21440157333513996,True,False,False,0.21440157333513996
normal_ewma,normal,ewma,overlap_supplement,21,5,2021-07-28,2021-08-26,0.06160045096809186,0.846,252,500,0.015371611930867925,-0.0008654879229926595,,-0.06670525100735397,0.03085394178754275,0.09755919279489672,False,False,True,0.22054522951709316,-0.1019544919234979,0.07741950054101263,0.17937399246451052,True,False,False,0.17937399246451052,-0.13860990350450236,0.1342890102164183,0.2728989137209207,True,False,False,0.2728989137209207
student_t_ewma,student_t,ewma,overlap_supplement,21,5,2021-07-28,2021-08-26,0.06160045096809186,0.876,252,500,0.015371611930867925,-0.0008654879229926595,30.0,-0.07052148663939964,0.02260768800121854,0.09312917464061818,False,False,True,0.24910022650811145,-0.10577065103429002,0.0729688986897292,0.17873954972401923,True,False,False,0.17873954972401923,-0.14621066483135017,0.13178336426982598,0.27799402910117615,True,False,False,0.27799402910117615
bootstrap_rolling,bootstrap,rolling,overlap_supplement,21,5,2021-08-04,2021-09-02,0.001153541656462309,0.608,252,500,0.016552753908411568,-0.0006953179570524932,,-0.05984069102364295,0.023413794879400873,0.08325448590304382,True,False,False,0.08325448590304382,-0.0966097252574409,0.059987670786984866,0.15659739604442577,True,False,False,0.15659739604442577,-0.12859678300645966,0.1094231732854282,0.23801995629188785,True,False,False,0.23801995629188785
normal_rolling,normal,rolling,overlap_supplement,21,5,2021-08-04,2021-09-02,0.001153541656462309,0.576,252,500,0.016552753908411568,-0.0006953179570524932,,-0.06177903101740784,0.03984057852583078,0.10161960954323862,True,False,False,0.10161960954323862,-0.10309847753386754,0.08655353004874117,0.1896520075826087,True,False,False,0.1896520075826087,-0.1438639319039399,0.14491801209513858,0.28878194399907847,True,False,False,0.28878194399907847
student_t_rolling,student_t,rolling,overlap_supplement,21,5,2021-08-04,2021-09-02,0.001153541656462309,0.572,252,500,0.016552753908411568,-0.0006953179570524932,30.0,-0.06101981949180671,0.03949015280676843,0.10050997229857514,True,False,False,0.10050997229857514,-0.10285015179586547,0.08472604533311272,0.1875761971289782,True,False,False,0.1875761971289782,-0.14412915356619402,0.13186097572164657,0.2759901292878406,True,False,False,0.2759901292878406
bootstrap_ewma,bootstrap,ewma,overlap_supplement,21,5,2021-08-04,2021-09-02,0.001153541656462309,0.608,252,500,0.017432991525097984,-0.0006953179570524932,,-0.062192745732547405,0.02547007963918707,0.08766282537173448,True,False,False,0.08766282537173448,-0.10077952148549904,0.06410253482045257,0.1648820563059516,True,False,False,0.1648820563059516,-0.13428015491104406,0.11643290890940546,0.2507130638204495,True,False,False,0.2507130638204495
normal_ewma,normal,ewma,overlap_supplement,21,5,2021-08-04,2021-09-02,0.001153541656462309,0.572,252,500,0.017432991525097984,-0.0006953179570524932,,-0.06422893696060208,0.04281252295053811,0.1070414599111402,True,False,False,0.1070414599111402,-0.1075804857537749,0.09220830696224926,0.19978879271602415,True,False,False,0.19978879271602415,-0.15024681804034415,0.1540831535026228,0.3043299715429669,True,False,False,0.3043299715429669
student_t_ewma,student_t,ewma,overlap_supplement,21,5,2021-08-04,2021-09-02,0.001153541656462309,0.572,252,500,0.017432991525097984,-0.0006953179570524932,30.0,-0.06343142861519571,0.04244241021075745,0.10587383882595316,True,False,False,0.10587383882595316,-0.10732025945050894,0.09027368980779456,0.19759394925830348,True,False,False,0.19759394925830348,-0.15052405381859477,0.14022592661682406,0.29074998043541883,True,False,False,0.29074998043541883
bootstrap_rolling,bootstrap,rolling,overlap_supplement,21,5,2021-08-11,2021-09-10,-0.013384859767304191,0.55,252,500,0.01606826008770345,-0.0009191968939409039,,-0.06205088153853269,0.02363224588106605,0.08568312741959874,True,False,False,0.08568312741959874,-0.09172930755441981,0.06594098750663649,0.1576702950610563,True,False,False,0.1576702950610563,-0.12999935441533547,0.12551890907837548,0.255518263493711,True,False,False,0.255518263493711
normal_rolling,normal,rolling,overlap_supplement,21,5,2021-08-11,2021-09-10,-0.013384859767304191,0.528,252,500,0.01606826008770345,-0.0009191968939409039,,-0.06709761794154714,0.025511397202146402,0.09260901514369355,True,False,False,0.09260901514369355,-0.10644290364860681,0.07316538179040769,0.1796082854390145,True,False,False,0.1796082854390145,-0.14966553244589367,0.15466293446948617,0.30432846691537985,True,False,False,0.30432846691537985
student_t_rolling,student_t,rolling,overlap_supplement,21,5,2021-08-11,2021-09-10,-0.013384859767304191,0.548,252,500,0.01606826008770345,-0.0009191968939409039,30.0,-0.07048138358133513,0.029312873111223436,0.09979425669255856,True,False,False,0.09979425669255856,-0.1077840607141376,0.0741031770913471,0.1818872378054847,True,False,False,0.1818872378054847,-0.14966378339456923,0.1416986256489521,0.29136240904352134,True,False,False,0.29136240904352134
bootstrap_ewma,bootstrap,ewma,overlap_supplement,21,5,2021-08-11,2021-09-10,-0.013384859767304191,0.548,252,500,0.01712612895588191,-0.0009191968939409039,,-0.06481055766221513,0.02651125217573952,0.09132180983795465,True,False,False,0.09132180983795465,-0.09631664083136568,0.07179301009058833,0.168109650921954,True,False,False,0.168109650921954,-0.13684317561712644,0.1357573978148437,0.27260057343197014,True,False,False,0.27260057343197014
normal_ewma,normal,ewma,overlap_supplement,21,5,2021-08-11,2021-09-10,-0.013384859767304191,0.522,252,500,0.01712612895588191,-0.0009191968939409039,,-0.07017277235706937,0.028519872980258876,0.09869264533732824,True,False,False,0.09869264533732824,-0.11191135225461106,0.07953702360242626,0.19144837585703733,True,False,False,0.19144837585703733,-0.1576234207673262,0.1671298680859822,0.3247532888533084,True,False,False,0.3247532888533084
student_t_ewma,student_t,ewma,overlap_supplement,21,5,2021-08-11,2021-09-10,-0.013384859767304191,0.546,252,500,0.01712612895588191,-0.0009191968939409039,30.0,-0.07376699108979476,0.032584005982870756,0.10635099707266552,True,False,False,0.10635099707266552,-0.11333198736642197,0.08054252255191328,0.19387450991833527,True,False,False,0.19387450991833527,-0.1576217733915055,0.1531674026762707,0.3107891760677762,True,False,False,0.3107891760677762
bootstrap_rolling,bootstrap,rolling,overlap_supplement,21,5,2021-08-18,2021-09-17,-0.009237023101706487,0.57,252,500,0.016089857614799426,-0.000749989198946839,,-0.06427402453243858,0.02000800247170964,0.08428202700414822,True,False,False,0.08428202700414822,-0.09534682598118233,0.06613233774213496,0.16147916372331728,True,False,False,0.16147916372331728,-0.1322133993200025,0.11911774545345766,0.2513311447734602,True,False,False,0.2513311447734602
normal_rolling,normal,rolling,overlap_supplement,21,5,2021-08-18,2021-09-17,-0.009237023101706487,0.566,252,500,0.016089857614799426,-0.000749989198946839,,-0.06153203805679791,0.025466357901146708,0.08699839595794462,True,False,False,0.08699839595794462,-0.09927143864960544,0.07875681638458892,0.17802825503419437,True,False,False,0.17802825503419437,-0.15423224459018736,0.1209104735085815,0.2751427180987689,True,False,False,0.2751427180987689
student_t_rolling,student_t,rolling,overlap_supplement,21,5,2021-08-18,2021-09-17,-0.009237023101706487,0.544,252,500,0.016089857614799426,-0.000749989198946839,30.0,-0.06479866767250553,0.03120493876338787,0.0960036064358934,True,False,False,0.0960036064358934,-0.10818279536711371,0.08188058469837885,0.19006338006549256,True,False,False,0.19006338006549256,-0.15056485494290067,0.12586438600609776,0.27642924094899846,True,False,False,0.27642924094899846
bootstrap_ewma,bootstrap,ewma,overlap_supplement,21,5,2021-08-18,2021-09-17,-0.009237023101706487,0.568,252,500,0.016820283300529665,-0.000749989198946839,,-0.06642449612433995,0.021655950358232534,0.08808044648257249,True,False,False,0.08808044648257249,-0.0988085557202231,0.07000094937102656,0.16880950509124965,True,False,False,0.16880950509124965,-0.13716528457513621,0.12565446184196316,0.2628197464170994,True,False,False,0.2628197464170994
normal_ewma,normal,ewma,overlap_supplement,21,5,2021-08-18,2021-09-17,-0.009237023101706487,0.566,252,500,0.016820283300529665,-0.000749989198946839,,-0.06356443004859433,0.027372006326089382,0.09093643637468371,True,False,False,0.09093643637468371,-0.10289523064958397,0.08324997361568164,0.1861452042652656,True,False,False,0.1861452042652656,-0.16003897835653805,0.12753967632838883,0.2875786546849269,True,False,False,0.2875786546849269
student_t_ewma,student_t,ewma,overlap_supplement,21,5,2021-08-18,2021-09-17,-0.009237023101706487,0.542,252,500,0.016820283300529665,-0.000749989198946839,30.0,-0.06697168964907385,0.03338301414271522,0.10035470379178907,True,False,False,0.10035470379178907,-0.11217156329734995,0.08652936841084069,0.19870093170819064,True,False,False,0.19870093170819064,-0.15623114516540457,0.13274954342409895,0.28898068858950354,True,False,False,0.28898068858950354
bootstrap_rolling,bootstrap,rolling,overlap_supplement,21,5,2021-08-25,2021-09-24,0.004717898300840018,0.586,252,500,0.016052053300782364,-0.0007483478967464891,,-0.054879637430709755,0.030875616768128167,0.08575525419883792,True,False,False,0.08575525419883792,-0.09300675532647576,0.07466196365007292,0.16766871897654867,True,False,False,0.16766871897654867,-0.12415389625566636,0.12034214641945386,0.2444960426751202,True,False,False,0.2444960426751202
normal_rolling,normal,rolling,overlap_supplement,21,5,2021-08-25,2021-09-24,0.004717898300840018,0.602,252,500,0.016052053300782364,-0.0007483478967464891,,-0.06194264416551473,0.03135305716354919,0.09329570132906392,True,False,False,0.09329570132906392,-0.11295611725154613,0.08201860989422138,0.19497472714576752,True,False,False,0.19497472714576752,-0.15346414538976585,0.1368674308607499,0.29033157625051575,True,False,False,0.29033157625051575
student_t_rolling,student_t,rolling,overlap_supplement,21,5,2021-08-25,2021-09-24,0.004717898300840018,0.604,252,500,0.016052053300782364,-0.0007483478967464891,30.0,-0.07012107709684054,0.03812600280615208,0.10824707990299262,True,False,False,0.10824707990299262,-0.1085292494202356,0.07934882875701327,0.1878780781772489,True,False,False,0.1878780781772489,-0.14418540420289042,0.12817398572970246,0.2723593899325929,True,False,False,0.2723593899325929
bootstrap_ewma,bootstrap,ewma,overlap_supplement,21,5,2021-08-25,2021-09-24,0.004717898300840018,0.582,252,500,0.016742621592506335,-0.0007483478967464891,,-0.056534156062727964,0.032923188659710945,0.08945734472243891,True,False,False,0.08945734472243891,-0.09619700881293977,0.07872521373187837,0.17492222254481815,True,False,False,0.17492222254481815,-0.12854559343065836,0.12659388754998901,0.25513948098064737,True,False,False,0.25513948098064737
normal_ewma,normal,ewma,overlap_supplement,21,5,2021-08-25,2021-09-24,0.004717898300840018,0.598,252,500,0.016742621592506335,-0.0007483478967464891,,-0.0638869365834889,0.03342216234909873,0.09730909893258763,True,False,False,0.09730909893258763,-0.11692153650526046,0.08642849032500191,0.20335002683026238,True,False,False,0.20335002683026238,-0.1589413779451114,0.14393188665502699,0.3028732646001384,True,False,False,0.3028732646001384
student_t_ewma,student_t,ewma,overlap_supplement,21,5,2021-08-25,2021-09-24,0.004717898300840018,0.6,252,500,0.016742621592506335,-0.0007483478967464891,30.0,-0.07239793086576254,0.04050165364366776,0.1128995845094303,True,False,False,0.1128995845094303,-0.11232437032016573,0.0836326537271979,0.19595702404736365,True,False,False,0.19595702404736365,-0.14932386422488017,0.13480948412225122,0.2841333483471314,True,False,False,0.2841333483471314
bootstrap_rolling,bootstrap,rolling,overlap_supplement,21,5,2021-09-01,2021-10-01,0.02503343270794156,0.73,252,500,0.015861638486574747,-0.000877687743227347,,-0.061814537753866056,0.027566597682103566,0.08938113543596962,True,False,False,0.08938113543596962,-0.09149895011273172,0.07100495494691766,0.1625039050596494,True,False,False,0.1625039050596494,-0.1235693101671344,0.12393414647518174,0.24750345664231616,True,False,False,0.24750345664231616
normal_rolling,normal,rolling,overlap_supplement,21,5,2021-09-01,2021-10-01,0.02503343270794156,0.744,252,500,0.015861638486574747,-0.000877687743227347,,-0.0683923605295094,0.025773341434988828,0.09416570196449822,True,False,False,0.09416570196449822,-0.10874665898548852,0.06445284017099409,0.1731994991564826,True,False,False,0.1731994991564826,-0.14616608281948687,0.11735167472205818,0.26351775754154505,True,False,False,0.26351775754154505
student_t_rolling,student_t,rolling,overlap_supplement,21,5,2021-09-01,2021-10-01,0.02503343270794156,0.714,252,500,0.015861638486574747,-0.000877687743227347,30.0,-0.06560588588521679,0.03168844716845942,0.09729433305367621,True,False,False,0.09729433305367621,-0.11207382732672101,0.07914771506117602,0.19122154238789701,True,False,False,0.19122154238789701,-0.1612357727666706,0.1344679484126582,0.29570372117932875,True,False,False,0.29570372117932875
bootstrap_ewma,bootstrap,ewma,overlap_supplement,21,5,2021-09-01,2021-10-01,0.02503343270794156,0.716,252,500,0.016882699054025216,-0.000877687743227347,,-0.06455097508238031,0.03058900878057791,0.09513998386295822,True,False,False,0.09513998386295822,-0.09602170347778431,0.0770218906282811,0.1730435941060654,True,False,False,0.1730435941060654,-0.1299467422900198,0.13376435919607918,0.263711101486099,True,False,False,0.263711101486099
normal_ewma,normal,ewma,overlap_supplement,21,5,2021-09-01,2021-10-01,0.02503343270794156,0.734,252,500,0.016882699054025216,-0.000877687743227347,,-0.07153023426294797,0.02867481084500889,0.10020504510795686,True,False,False,0.10020504510795686,-0.11427708016204989,0.07001020474151148,0.1842872849035614,True,False,False,0.1842872849035614,-0.15380368972725156,0.1266974067675922,0.2805010964948438,True,False,False,0.2805010964948438
student_t_ewma,student_t,ewma,overlap_supplement,21,5,2021-09-01,2021-10-01,0.02503343270794156,0.692,252,500,0.016882699054025216,-0.000877687743227347,30.0,-0.06857409050415245,0.034989665210179766,0.10356375571433221,True,False,False,0.10356375571433221,-0.117796030136944,0.08573966481169845,0.20353569494864243,True,False,False,0.20353569494864243,-0.16969110190740927,0.1450770228855706,0.3147681247929799,True,False,False,0.3147681247929799
bootstrap_rolling,bootstrap,rolling,overlap_supplement,21,5,2021-09-09,2021-10-08,0.12948128859809782,0.974,252,500,0.015775035578730764,-0.0010580263407376927,,-0.06422071201458807,0.02448412950606277,0.08870484152065083,False,False,True,0.508693477888791,-0.09843575675159313,0.06900830175320304,0.16744405850479616,False,False,True,0.7721739269537441,-0.13641779591987407,0.12804769012886927,0.2644654860487433,False,False,True,0.3218094248178854
normal_rolling,normal,rolling,overlap_supplement,21,5,2021-09-09,2021-10-08,0.12948128859809782,0.958,252,500,0.015775035578730764,-0.0010580263407376927,,-0.06954097599754658,0.020833352571243524,0.0903743285687901,False,False,True,0.5249660726762073,-0.11017228878221966,0.07369720456226132,0.183869493344481,False,False,True,0.7417103337028461,-0.156318440721769,0.1497345627335634,0.3060530034553324,True,False,False,0.3060530034553324
student_t_rolling,student_t,rolling,overlap_supplement,21,5,2021-09-09,2021-10-08,0.12948128859809782,0.972,252,500,0.015775035578730764,-0.0010580263407376927,30.0,-0.06282418007516385,0.02761984821025576,0.09044402828541961,False,False,True,0.4978897898367879,-0.09764896862422974,0.07312067318968085,0.17076964181391058,False,False,True,0.7343757958980803,-0.1461686117202332,0.13531812186598757,0.2814867335862208,True,False,False,0.2814867335862208
bootstrap_ewma,bootstrap,ewma,overlap_supplement,21,5,2021-09-09,2021-10-08,0.12948128859809782,0.974,252,500,0.016141128893468696,-0.0010580263407376927,,-0.06517916910675026,0.0255880839466745,0.09076725305342476,False,False,True,0.506340071659118,-0.10013737166762456,0.07121730755890723,0.1713546792265318,False,False,True,0.7539944896184377,-0.1389081180830097,0.13178984210839842,0.2706979601914081,True,False,False,0.2706979601914081
normal_ewma,normal,ewma,overlap_supplement,21,5,2021-09-09,2021-10-08,0.12948128859809782,0.956,252,500,0.016141128893468696,-0.0010580263407376927,,-0.07061696617604385,0.021848712346504984,0.09246567852254883,False,False,True,0.5229959835289202,-0.11212179105509437,0.07602518330334612,0.1881469743584405,False,False,True,0.7227080273059576,-0.15920650590584065,0.15405850340526148,0.3132650093111021,True,False,False,0.3132650093111021
student_t_ewma,student_t,ewma,overlap_supplement,21,5,2021-09-09,2021-10-08,0.12948128859809782,0.968,252,500,0.016141128893468696,-0.0010580263407376927,30.0,-0.06375166648408995,0.028800145242450725,0.09255181172654067,False,False,True,0.4952763851491291,-0.09933383498531319,0.07543400617416718,0.17476784115948035,False,False,True,0.7152406653987868,-0.14885513685166912,0.13925418741120546,0.2881093242628746,True,False,False,0.2881093242628746
bootstrap_rolling,bootstrap,rolling,overlap_supplement,21,5,2021-09-16,2021-10-15,0.06533487021730666,0.908,252,500,0.015834849582631698,-0.0008208863392978311,,-0.05958528305405131,0.019388205075428877,0.07897348812948018,False,False,True,0.2627601486969913,-0.0921404513646428,0.057856941829714854,0.14999739319435765,False,False,True,0.22477667707027574,-0.12603946320309958,0.11507910964885915,0.24111857285195873,True,False,False,0.24111857285195873
normal_rolling,normal,rolling,overlap_supplement,21,5,2021-09-16,2021-10-15,0.06533487021730666,0.85,252,500,0.015834849582631698,-0.0008208863392978311,,-0.06335111271004823,0.03598656315380955,0.09933767586385778,False,False,True,0.21673090411784623,-0.10467591641554223,0.08292739963815317,0.1876033160536954,True,False,False,0.1876033160536954,-0.1476083231984028,0.13203572162163008,0.2796440448200329,True,False,False,0.2796440448200329
student_t_rolling,student_t,rolling,overlap_supplement,21,5,2021-09-16,2021-10-15,0.06533487021730666,0.862,252,500,0.015834849582631698,-0.0008208863392978311,3.03734671255922,-0.06373595786601402,0.02537541173916036,0.08911136960517438,False,False,True,0.2489492035177596,-0.09742370928997912,0.0760141296202366,0.17343783891021572,True,False,False,0.17343783891021572,-0.1504366685111519,0.13639169359143802,0.2868283621025899,True,False,False,0.2868283621025899
bootstrap_ewma,bootstrap,ewma,overlap_supplement,21,5,2021-09-16,2021-10-15,0.06533487021730666,0.908,252,500,0.015888736861550543,-0.0008208863392978311,,-0.059726712230531415,0.01951463001629533,0.07924134224682675,False,False,True,0.2625223030508721,-0.09238580943066042,0.05812151551506932,0.15050732494572974,False,False,True,0.22264087196810317,-0.12638878968964665,0.11555796759122129,0.24194675728086795,True,False,False,0.24194675728086795
normal_ewma,normal,ewma,overlap_supplement,21,5,2021-09-16,2021-10-15,0.06533487021730666,0.848,252,500,0.015888736861550543,-0.0008208863392978311,,-0.06350476303312266,0.036171998058184274,0.09967676109130694,False,False,True,0.2163282497277965,-0.10496023710949999,0.0832845873288289,0.1882448244383289,True,False,False,0.1882448244383289,-0.1480214813293576,0.13258003018774284,0.28060151151710044,True,False,False,0.28060151151710044
student_t_ewma,student_t,ewma,overlap_supplement,21,5,2021-09-16,2021-10-15,0.06533487021730666,0.862,252,500,0.015888736861550543,-0.0008208863392978311,3.03734671255922,-0.06389085446994108,0.025523016585552505,0.08941387105549359,False,False,True,0.24866128558251022,-0.097685561413838,0.0763455783333673,0.1740311397472053,True,False,False,0.1740311397472053,-0.15085807246800004,0.1369529733751695,0.2878110458431695,True,False,False,0.2878110458431695
bootstrap_rolling,bootstrap,rolling,overlap_supplement,21,5,2021-09-23,2021-10-22,0.08942818425911425,0.928,252,500,0.015916751708974174,-0.0007184290161588233,,-0.057534837883673556,0.028780097296992213,0.08631493518066577,False,False,True,0.32890728302915395,-0.09223747543133594,0.07628932103389369,0.1685267964652296,False,False,True,0.29991542871743526,-0.13425941173099418,0.12057497656499702,0.2548343882959912,True,False,False,0.2548343882959912
normal_rolling,normal,rolling,overlap_supplement,21,5,2021-09-23,2021-10-22,0.08942818425911425,0.924,252,500,0.015916751708974174,-0.0007184290161588233,,-0.0493295434389745,0.041161169238633666,0.09049071267760816,False,False,True,0.2835587727595305,-0.09534336981587008,0.08058498925339462,0.17592835906926468,False,False,True,0.264360309126461,-0.1495772547612144,0.11953721502222948,0.2691144697834439,True,False,False,0.2691144697834439
student_t_rolling,student_t,rolling,overlap_supplement,21,5,2021-09-23,2021-10-22,0.08942818425911425,0.926,252,500,0.015916751708974174,-0.0007184290161588233,30.0,-0.06322131957915417,0.03218499844698092,0.09540631802613508,False,False,True,0.3243790612746684,-0.10217914084887209,0.07342792802443615,0.17560706887330824,False,False,True,0.33560963122008924,-0.14164232716678435,0.12911015408085486,0.2707524812476392,True,False,False,0.2707524812476392
bootstrap_ewma,bootstrap,ewma,overlap_supplement,21,5,2021-09-23,2021-10-22,0.08942818425911425,0.93,252,500,0.015689282886993984,-0.0007184290161588233,,-0.056939737515619926,0.028141312968269716,0.08508105048388964,False,False,True,0.3302285356472678,-0.0911771529514776,0.07492729136192462,0.1661044443134022,False,False,True,0.31111337328529853,-0.132660872221356,0.1185121685768337,0.2511730407981897,True,False,False,0.2511730407981897
normal_ewma,normal,ewma,overlap_supplement,21,5,2021-09-23,2021-10-22,0.08942818425911425,0.926,252,500,0.015689282886993984,-0.0007184290161588233,,-0.048847103437395956,0.04033682435294439,0.08918392779034034,False,False,True,0.2855493674150198,-0.09424231302980343,0.07915609157224844,0.17339840460205186,False,False,True,0.27611933147071,-0.147789604384876,0.11749110281829746,0.2652807072031735,True,False,False,0.2652807072031735
student_t_ewma,student_t,ewma,overlap_supplement,21,5,2021-09-23,2021-10-22,0.08942818425911425,0.926,252,500,0.015689282886993984,-0.0007184290161588233,30.0,-0.06254873410886233,0.031495393855050735,0.09404412796391307,False,False,True,0.3257752895801671,-0.10098895782700697,0.07211030753639573,0.1730992653634027,False,False,True,0.3462780325905879,-0.1399521551706115,0.1269094256637402,0.2668615808343517,True,False,False,0.2668615808343517
bootstrap_rolling,bootstrap,rolling,overlap_supplement,21,5,2021-09-30,2021-10-29,0.1053769330568155,0.976,252,500,0.01576062365710775,-0.0008952636689014083,,-0.06104258317744021,0.022029463527241888,0.0830720467046821,False,False,True,0.41646192482297656,-0.0968352180942859,0.059926271260581136,0.15676148935486703,False,False,True,0.6112681073172108,-0.132391737040386,0.10140582122983408,0.23379755827022008,False,False,True,0.39264203134947706
normal_rolling,normal,rolling,overlap_supplement,21,5,2021-09-30,2021-10-29,0.1053769330568155,0.956,252,500,0.01576062365710775,-0.0008952636689014083,,-0.06918472174706417,0.028716680672199513,0.09790140241926368,False,False,True,0.40454241195772767,-0.11226117151914743,0.07381748741146131,0.18607865893060874,False,False,True,0.5016731153841507,-0.15062539311512496,0.13285173288497604,0.283477126000101,True,False,False,0.283477126000101
student_t_rolling,student_t,rolling,overlap_supplement,21,5,2021-09-30,2021-10-29,0.1053769330568155,0.96,252,500,0.01576062365710775,-0.0008952636689014083,30.0,-0.06895390572621832,0.017997486786628436,0.08695139251284675,False,False,True,0.43646917759359505,-0.11244111113025425,0.06863535733877071,0.18107646846902498,False,False,True,0.5484922256494729,-0.16489994044854184,0.12772937407601312,0.292629314524555,True,False,False,0.292629314524555
bootstrap_ewma,bootstrap,ewma,overlap_supplement,21,5,2021-09-30,2021-10-29,0.1053769330568155,0.986,252,500,0.014896634403505806,-0.0008952636689014083,,-0.05876550487538046,0.01975780249940562,0.07852330737478608,False,False,True,0.4209998296044256,-0.09271396956943063,0.05546165157984412,0.14817562114927474,False,False,True,0.6473284359189887,-0.12651160468736122,0.09446082307108379,0.220972427758445,False,False,True,0.6576168271877131
normal_ewma,normal,ewma,overlap_supplement,21,5,2021-09-30,2021-10-29,0.1053769330568155,0.964,252,500,0.014896634403505806,-0.0008952636689014083,,-0.06648179893047051,0.026063252516690505,0.09254505144716102,False,False,True,0.409799773607661,-0.10736770783124777,0.0685313692666167,0.17589907709786445,False,False,True,0.5443547149998527,-0.14387257437063283,0.12397250271657366,0.2678450770872065,True,False,False,0.2678450770872065
student_t_ewma,student_t,ewma,overlap_supplement,21,5,2021-09-30,2021-10-29,0.1053769330568155,0.964,252,500,0.014896634403505806,-0.0008952636689014083,30.0,-0.06626300314092681,0.01595489528434929,0.0822178984252761,False,False,True,0.43990604951514095,-0.10753872593054478,0.06365679362599666,0.17119551955654144,False,False,True,0.5883969138647299,-0.1574781565271517,0.11916831784657161,0.2766464743737233,True,False,False,0.2766464743737233
bootstrap_rolling,bootstrap,rolling,overlap_supplement,21,5,2021-10-07,2021-11-05,0.08431057296291877,0.93,252,500,0.01575491635057229,-0.0006944590731438797,,-0.06015554954529631,0.02194577329963948,0.08210132284493579,False,False,True,0.33156052149805293,-0.0962303967287809,0.06789539759089293,0.16412579431967383,False,False,True,0.3282775480399323,-0.13549964108883675,0.11993684970146333,0.25543649079030006,True,False,False,0.25543649079030006
normal_rolling,normal,rolling,overlap_supplement,21,5,2021-10-07,2021-11-05,0.08431057296291877,0.914,252,500,0.01575491635057229,-0.0006944590731438797,,-0.060196452477954104,0.03170544916777163,0.09190190164572573,False,False,True,0.30232239682631434,-0.09125894716407892,0.07666544885263563,0.16792439601671455,False,False,True,0.24437563711954602,-0.14050066187239957,0.1189270171858219,0.25942767905822145,True,False,False,0.25942767905822145
student_t_rolling,student_t,rolling,overlap_supplement,21,5,2021-10-07,2021-11-05,0.08431057296291877,0.894,252,500,0.01575491635057229,-0.0006944590731438797,30.0,-0.06216746266098272,0.03237006117096064,0.09453752383194336,False,False,True,0.3022995709997759,-0.09966061550867712,0.08860010868657345,0.18826072419525058,True,False,False,0.18826072419525058,-0.1423169031103501,0.13108731114847466,0.2734042142588248,True,False,False,0.2734042142588248
bootstrap_ewma,bootstrap,ewma,overlap_supplement,21,5,2021-10-07,2021-11-05,0.08431057296291877,0.948,252,500,0.014737850107963447,-0.0006944590731438797,,-0.05727180251582217,0.019554307477305743,0.07682610999312792,False,False,True,0.33585117193558,-0.09116389184152145,0.06237578060467853,0.15353967244619998,False,False,True,0.37288759602860244,-0.1281566925117514,0.11073114354774052,0.23888783605949193,True,False,False,0.23888783605949193
normal_ewma,normal,ewma,overlap_supplement,21,5,2021-10-07,2021-11-05,0.08431057296291877,0.926,252,500,0.014737850107963447,-0.0006944590731438797,,-0.05731018537258853,0.028659779954262,0.08596996532685053,False,False,True,0.3085731373614776,-0.0864881477098433,0.07053511616396782,0.1570232638738111,False,False,True,0.2947778318633206,-0.13287548102326827,0.109794249853939,0.24266973087720728,True,False,False,0.24266973087720728
student_t_ewma,student_t,ewma,overlap_supplement,21,5,2021-10-07,2021-11-05,0.08431057296291877,0.92,252,500,0.014737850107963447,-0.0006944590731438797,30.0,-0.05915974107418992,0.029279639987292383,0.0884393810614823,False,False,True,0.30856311296398786,-0.09439104861973494,0.08163180571705918,0.1760228543367941,False,False,True,0.20281052679539005,-0.13458961945458248,0.12107274074887572,0.2556623602034582,True,False,False,0.2556623602034582
bootstrap_rolling,bootstrap,rolling,overlap_supplement,21,5,2021-10-14,2021-11-12,0.10008108023890139,0.948,252,500,0.015764340665973618,-0.0007060850915826029,,-0.056948003785115525,0.03053706026204034,0.08748506404715586,False,False,True,0.36566114395460003,-0.09057477788252595,0.07087135364106506,0.161446131523591,False,False,True,0.4535433975019543,-0.11871612458954235,0.1218622053700875,0.24057832995962986,True,False,False,0.24057832995962986
normal_rolling,normal,rolling,overlap_supplement,21,5,2021-10-14,2021-11-12,0.10008108023890139,0.94,252,500,0.015764340665973618,-0.0007060850915826029,,-0.057481397622210634,0.03701612124378084,0.09449751886599148,False,False,True,0.34675735484647363,-0.09389277501438432,0.08304194852325161,0.17693472353763595,False,False,True,0.34732604069413375,-0.14835312361133446,0.1514043729822593,0.29975749659359374,True,False,False,0.29975749659359374
student_t_rolling,student_t,rolling,overlap_supplement,21,5,2021-10-14,2021-11-12,0.10008108023890139,0.934,252,500,0.015764340665973618,-0.0007060850915826029,30.0,-0.057165063874748484,0.038003699642374655,0.09516876351712314,False,False,True,0.34347828590323004,-0.10117875806838778,0.07930650769166712,0.1804852657600549,False,False,True,0.38823099123239757,-0.14777609150598295,0.12430195782611922,0.27207804933210217,True,False,False,0.27207804933210217
bootstrap_ewma,bootstrap,ewma,overlap_supplement,21,5,2021-10-14,2021-11-12,0.10008108023890139,0.962,252,500,0.014462583784044055,-0.0007060850915826029,,-0.053530494138736534,0.026722581401482537,0.08025307554021907,False,False,True,0.3736870708898945,-0.08453847941526246,0.06353051006594485,0.1480689894812073,False,False,True,0.5135746912107728,-0.11056097393338901,0.10990017598146205,0.22046114991485105,True,False,False,0.22046114991485105
normal_ewma,normal,ewma,overlap_supplement,21,5,2021-10-14,2021-11-12,0.10008108023890139,0.95,252,500,0.014462583784044055,-0.0007060850915826029,,-0.05402163110142619,0.0326430714298197,0.08666470253124589,False,False,True,0.35641673776757266,-0.0876031564005524,0.07461438234979527,0.16221753875034767,False,False,True,0.4168845176414089,-0.13804183002733778,0.1366847083891757,0.2747265384165135,True,False,False,0.2747265384165135
student_t_ewma,student_t,ewma,overlap_supplement,21,5,2021-10-14,2021-11-12,0.10008108023890139,0.946,252,500,0.014462583784044055,-0.0007060850915826029,30.0,-0.0537303539298771,0.03354525802113034,0.08727561195100744,False,False,True,0.3534189008220916,-0.09433613644266016,0.07121358251674391,0.16554971895940407,False,False,True,0.4542246961809789,-0.1375050696699443,0.11211447401110734,0.24961954368105166,True,False,False,0.24961954368105166
bootstrap_rolling,bootstrap,rolling,overlap_supplement,21,5,2021-10-21,2021-11-19,0.08471467362106622,0.924,252,500,0.015617437862446445,-0.0005451225183685623,,-0.05536116420762424,0.027682146187263668,0.08304331039488791,False,False,True,0.3111734201300981,-0.09040917649398024,0.07387590553417463,0.16428508202815487,False,False,True,0.27267276289707076,-0.11779639633149884,0.13107129480012156,0.24886769113162038,True,False,False,0.24886769113162038
normal_rolling,normal,rolling,overlap_supplement,21,5,2021-10-21,2021-11-19,0.08471467362106622,0.912,252,500,0.015617437862446445,-0.0005451225183685623,,-0.05885117359337294,0.03827360191635676,0.0971247755097297,False,False,True,0.28288906232856753,-0.09768785240709486,0.08266637018844039,0.18035422259553524,False,False,True,0.2008372569217935,-0.138438245282451,0.12967355508625394,0.26811180036870497,True,False,False,0.26811180036870497
student_t_rolling,student_t,rolling,overlap_supplement,21,5,2021-10-21,2021-11-19,0.08471467362106622,0.894,252,500,0.015617437862446445,-0.0005451225183685623,30.0,-0.05143655000423014,0.04151188663411731,0.09294843663834745,False,False,True,0.26575958458614307,-0.09029503940306115,0.08759556121231797,0.17789060061537912,True,False,False,0.17789060061537912,-0.1385231101496735,0.12812040532040092,0.2666435154700744,True,False,False,0.2666435154700744
bootstrap_ewma,bootstrap,ewma,overlap_supplement,21,5,2021-10-21,2021-11-19,0.08471467362106622,0.94,252,500,0.014028775340794454,-0.0005451225183685623,,-0.050978360495246094,0.023638841005694522,0.07461720150094062,False,False,True,0.3189205319624274,-0.08266774038855641,0.06487736934881191,0.14754510973736834,False,False,True,0.3459181524599114,-0.10751683565413536,0.11568863870501721,0.22320547435915256,True,False,False,0.22320547435915256
normal_ewma,normal,ewma,overlap_supplement,21,5,2021-10-21,2021-11-19,0.08471467362106622,0.932,252,500,0.014028775340794454,-0.0005451225183685623,,-0.05412848490597921,0.03311052097979167,0.08723900588577088,False,False,True,0.2936556164508691,-0.08926434356170958,0.07270423104853338,0.16196857461024294,False,False,True,0.28207300033557137,-0.1262976329864733,0.11445014714935092,0.24074778013582424,True,False,False,0.24074778013582424
student_t_ewma,student_t,ewma,overlap_supplement,21,5,2021-10-21,2021-11-19,0.08471467362106622,0.932,252,500,0.014028775340794454,-0.0005451225183685623,30.0,-0.04743736445509103,0.036004468912149146,0.08344183336724018,False,False,True,0.2782826522029085,-0.08256434282582674,0.07709025422741818,0.15965459705324492,False,False,True,0.23589879098972533,-0.12637480565785889,0.11307373258465397,0.23944853824251286,True,False,False,0.23944853824251286
bootstrap_rolling,bootstrap,rolling,overlap_supplement,21,5,2021-10-28,2021-11-29,0.030470547370466505,0.764,252,500,0.015880426994520726,-0.0002963395532259212,,-0.05073790404382861,0.0281019920029007,0.07883989604672931,False,False,True,0.08831411751699253,-0.08904217641040911,0.07557338705403348,0.1646155634644426,True,False,False,0.1646155634644426,-0.1230605608328708,0.12603384562150466,0.24909440645437547,True,False,False,0.24909440645437547
normal_rolling,normal,rolling,overlap_supplement,21,5,2021-10-28,2021-11-29,0.030470547370466505,0.668,252,500,0.015880426994520726,-0.0002963395532259212,,-0.05162755516925582,0.04613231762505582,0.09775987279431164,True,False,False,0.09775987279431164,-0.09326471816708953,0.08638520968150169,0.17964992784859124,True,False,False,0.17964992784859124,-0.12616016171781075,0.16068394187037263,0.28684410358818335,True,False,False,0.28684410358818335
student_t_rolling,student_t,rolling,overlap_supplement,21,5,2021-10-28,2021-11-29,0.030470547370466505,0.672,252,500,0.015880426994520726,-0.0002963395532259212,30.0,-0.052099838599645315,0.041454233627153114,0.09355407222679843,True,False,False,0.09355407222679843,-0.08849878340095944,0.08942832188951491,0.17792710529047434,True,False,False,0.17792710529047434,-0.13333481977350276,0.14782549153524727,0.28116031130875,True,False,False,0.28116031130875
bootstrap_ewma,bootstrap,ewma,overlap_supplement,21,5,2021-10-28,2021-11-29,0.030470547370466505,0.766,252,500,0.015645225696443277,-0.0002963395532259212,,-0.05009310611952397,0.027585356163613295,0.07767846228313727,False,False,True,0.08921922711055011,-0.08786713707845897,0.07431442180614209,0.16218155888460106,True,False,False,0.16218155888460106,-0.12143431340142768,0.12395225346887634,0.24538656687030402,True,False,False,0.24538656687030402
normal_ewma,normal,ewma,overlap_supplement,21,5,2021-10-28,2021-11-29,0.030470547370466505,0.674,252,500,0.015645225696443277,-0.0002963395532259212,,-0.050970181772809264,0.04533742003212199,0.09630760180493125,True,False,False,0.09630760180493125,-0.09203264885785238,0.08495285423270443,0.17698550309055683,True,False,False,0.17698550309055683,-0.12449377431468746,0.15801839550276625,0.2825121698174537,True,False,False,0.2825121698174537
student_t_ewma,student_t,ewma,overlap_supplement,21,5,2021-10-28,2021-11-29,0.030470547370466505,0.676,252,500,0.015645225696443277,-0.0002963395532259212,30.0,-0.05143579459788958,0.04073197077506491,0.09216776537295449,True,False,False,0.09216776537295449,-0.087331103961849,0.08794688258096886,0.17527798654281784,True,False,False,0.17527798654281784,-0.13157606102830954,0.1453785040208907,0.27695456504920024,True,False,False,0.27695456504920024
bootstrap_rolling,bootstrap,rolling,overlap_supplement,21,5,2021-11-04,2021-12-06,-0.004621103391332482,0.486,252,500,0.015737538857674503,-0.00015837028379341386,,-0.04597415219925527,0.04387470566583518,0.08984885786509045,True,False,False,0.08984885786509045,-0.08512855790210551,0.08017918299043462,0.16530774089254013,True,False,False,0.16530774089254013,-0.12019077530255227,0.13469405372082469,0.25488482902337695,True,False,False,0.25488482902337695
normal_rolling,normal,rolling,overlap_supplement,21,5,2021-11-04,2021-12-06,-0.004621103391332482,0.488,252,500,0.015737538857674503,-0.00015837028379341386,,-0.05031965341828948,0.05017322520327577,0.10049287862156525,True,False,False,0.10049287862156525,-0.08655786297214903,0.09365469709729594,0.18021256006944497,True,False,False,0.18021256006944497,-0.13965759682523135,0.1559473074503965,0.29560490427562786,True,False,False,0.29560490427562786
student_t_rolling,student_t,rolling,overlap_supplement,21,5,2021-11-04,2021-12-06,-0.004621103391332482,0.506,252,500,0.015737538857674503,-0.00015837028379341386,30.0,-0.04986916038478209,0.041599407392301224,0.09146856777708331,True,False,False,0.09146856777708331,-0.09014585537550733,0.09456588869066021,0.18471174406616753,True,False,False,0.18471174406616753,-0.12308019616702019,0.14802633113916042,0.2711065273061806,True,False,False,0.2711065273061806
bootstrap_ewma,bootstrap,ewma,overlap_supplement,21,5,2021-11-04,2021-12-06,-0.004621103391332482,0.486,252,500,0.0149397426812686,-0.00015837028379341386,,-0.04385645997225934,0.04142930959710289,0.08528576956936224,True,False,False,0.08528576956936224,-0.08114780593866368,0.075782689767171,0.15693049570583467,True,False,False,0.15693049570583467,-0.11461040535403959,0.12725840038202466,0.24186880573606423,True,False,False,0.24186880573606423
normal_ewma,normal,ewma,overlap_supplement,21,5,2021-11-04,2021-12-06,-0.004621103391332482,0.488,252,500,0.0149397426812686,-0.00015837028379341386,,-0.047991305003159984,0.04739361574348738,0.09538492074664737,True,False,False,0.09538492074664737,-0.08251061151563818,0.0885190002795419,0.1710296117951801,True,False,False,0.1710296117951801,-0.13321803077105376,0.14729271085264797,0.2805107416237017,True,False,False,0.2805107416237017
student_t_ewma,student_t,ewma,overlap_supplement,21,5,2021-11-04,2021-12-06,-0.004621103391332482,0.506,252,500,0.0149397426812686,-0.00015837028379341386,30.0,-0.04756260595132897,0.039274294229756423,0.08683690018108539,True,False,False,0.08683690018108539,-0.08593214766254446,0.08937992097333247,0.17531206863587695,True,False,False,0.17531206863587695,-0.1173709950078778,0.13982830938309496,0.25719930439097277,True,False,False,0.25719930439097277
bootstrap_rolling,bootstrap,rolling,overlap_supplement,21,5,2021-11-11,2021-12-13,0.012803795800482964,0.662,252,500,0.015706538800076372,-0.00042362635397332697,,-0.05684763357388037,0.03367364299033271,0.09052127656421308,True,False,False,0.09052127656421308,-0.08544481482132929,0.07767118787944183,0.16311600270077112,True,False,False,0.16311600270077112,-0.13025679906148158,0.1419755581565496,0.2722323572180312,True,False,False,0.2722323572180312
normal_rolling,normal,rolling,overlap_supplement,21,5,2021-11-11,2021-12-13,0.012803795800482964,0.604,252,500,0.015706538800076372,-0.00042362635397332697,,-0.05375448648595227,0.038918243131998986,0.09267272961795125,True,False,False,0.09267272961795125,-0.09377673485443273,0.07477651784869409,0.16855325270312682,True,False,False,0.16855325270312682,-0.1429596018703452,0.12198283259866832,0.26494243446901355,True,False,False,0.26494243446901355
student_t_rolling,student_t,rolling,overlap_supplement,21,5,2021-11-11,2021-12-13,0.012803795800482964,0.594,252,500,0.015706538800076372,-0.00042362635397332697,30.0,-0.05084860805131186,0.0452604456040277,0.09610905365533956,True,False,False,0.09610905365533956,-0.09370043294815815,0.08612861868057804,0.1798290516287362,True,False,False,0.1798290516287362,-0.13761801355721676,0.12907620690404678,0.26669422046126356,True,False,False,0.26669422046126356
bootstrap_ewma,bootstrap,ewma,overlap_supplement,21,5,2021-11-11,2021-12-13,0.012803795800482964,0.662,252,500,0.015434147769706722,-0.00042362635397332697,,-0.056035482992552815,0.032920730448150304,0.08895621344070312,True,False,False,0.08895621344070312,-0.08416838691876591,0.07610803407238101,0.16027642099114692,True,False,False,0.16027642099114692,-0.12828373374545304,0.13917352442554165,0.2674572581709947,True,False,False,0.2674572581709947
normal_ewma,normal,ewma,overlap_supplement,21,5,2021-11-11,2021-12-13,0.012803795800482964,0.608,252,500,0.015434147769706722,-0.00042362635397332697,,-0.052993449211923754,0.03807039556882558,0.09106384478074933,True,False,False,0.09106384478074933,-0.092367891074349,0.07326762544482533,0.16563551651917435,True,False,False,0.16563551651917435,-0.1407961455705839,0.11957266917648925,0.26036881474707313,True,False,False,0.26036881474707313
student_t_ewma,student_t,ewma,overlap_supplement,21,5,2021-11-11,2021-12-13,0.012803795800482964,0.598,252,500,0.015434147769706722,-0.00042362635397332697,30.0,-0.05013574432248652,0.044297193647723165,0.09443293797020968,True,False,False,0.09443293797020968,-0.09229279224258392,0.08440617482916866,0.1766989670717526,True,False,False,0.1766989670717526,-0.13553422897066564,0.12652756928178802,0.2620617982524537,True,False,False,0.2620617982524537
bootstrap_rolling,bootstrap,rolling,overlap_supplement,21,5,2021-11-18,2021-12-20,-0.04627217924849003,0.266,252,500,0.0157711219036001,-0.0002946905521182218,,-0.04959285714471853,0.04257137888698942,0.09216423603170795,True,False,False,0.09216423603170795,-0.08447822682012661,0.07536320191598621,0.15984142873611282,True,False,False,0.15984142873611282,-0.12879092326436997,0.12025477996342422,0.24904570322779418,True,False,False,0.24904570322779418
normal_rolling,normal,rolling,overlap_supplement,21,5,2021-11-18,2021-12-20,-0.04627217924849003,0.254,252,500,0.0157711219036001,-0.0002946905521182218,,-0.04679568306278445,0.04502907676537382,0.09182475982815827,True,False,False,0.09182475982815827,-0.08881212682385833,0.09470244761245862,0.18351457443631697,True,False,False,0.18351457443631697,-0.13560220789008562,0.1360013736411202,0.2716035815312058,True,False,False,0.2716035815312058
student_t_rolling,student_t,rolling,overlap_supplement,21,5,2021-11-18,2021-12-20,-0.04627217924849003,0.264,252,500,0.0157711219036001,-0.0002946905521182218,30.0,-0.048787304999357434,0.04681484744612363,0.09560215244548106,True,False,False,0.09560215244548106,-0.09877613613174469,0.09052816422164359,0.18930430035338827,True,False,False,0.18930430035338827,-0.13485400937668182,0.14751152258880829,0.2823655319654901,True,False,False,0.2823655319654901
bootstrap_ewma,bootstrap,ewma,overlap_supplement,21,5,2021-11-18,2021-12-20,-0.04627217924849003,0.262,252,500,0.015283624845672044,-0.0002946905521182218,,-0.04827945928005872,0.04102955144537257,0.08930901072543129,True,False,False,0.08930901072543129,-0.08215266784721412,0.07274549509107943,0.15489816293829356,True,False,False,0.15489816293829356,-0.12523746353276574,0.11611593570190613,0.24135339923467186,True,False,False,0.24135339923467186
normal_ewma,normal,ewma,overlap_supplement,21,5,2021-11-18,2021-12-20,-0.04627217924849003,0.246,252,500,0.015283624845672044,-0.0002946905521182218,,-0.04556512515754016,0.04340767143127472,0.08897279658881488,False,True,False,0.09180101295261436,-0.08636358055115198,0.09143616743616308,0.17779974798731507,True,False,False,0.17779974798731507,-0.1318659379866094,0.13131612773334814,0.2631820657199575,True,False,False,0.2631820657199575
student_t_ewma,student_t,ewma,overlap_supplement,21,5,2021-11-18,2021-12-20,-0.04627217924849003,0.258,252,500,0.015283624845672044,-0.0002946905521182218,30.0,-0.047497739731829636,0.045135511348964485,0.09263325108079412,True,False,False,0.09263325108079412,-0.09604718509395146,0.08740274599750562,0.18344993109145707,True,False,False,0.18344993109145707,-0.13113806555663174,0.14242274205604707,0.2735608076126788,True,False,False,0.2735608076126788
bootstrap_rolling,bootstrap,rolling,overlap_supplement,21,5,2021-11-26,2021-12-28,0.015837094204699476,0.642,252,500,0.015569668673582797,-0.0005136385792047493,,-0.05354190886365309,0.036110013683123,0.08965192254677609,True,False,False,0.08965192254677609,-0.08916618534917861,0.0786731751091071,0.1678393604582857,True,False,False,0.1678393604582857,-0.1273574173840725,0.12200911482536671,0.24936653220943922,True,False,False,0.24936653220943922
normal_rolling,normal,rolling,overlap_supplement,21,5,2021-11-26,2021-12-28,0.015837094204699476,0.664,252,500,0.015569668673582797,-0.0005136385792047493,,-0.05669000093898574,0.03406116510146523,0.09075116604045097,True,False,False,0.09075116604045097,-0.09320737975605359,0.07925311047827541,0.172460490234329,True,False,False,0.172460490234329,-0.13822400935751078,0.14323151301634324,0.281455522373854,True,False,False,0.281455522373854
student_t_rolling,student_t,rolling,overlap_supplement,21,5,2021-11-26,2021-12-28,0.015837094204699476,0.62,252,500,0.015569668673582797,-0.0005136385792047493,30.0,-0.05412578963437564,0.0440715881256733,0.09819737776004894,True,False,False,0.09819737776004894,-0.09745806559054442,0.08633117538201883,0.18378924097256324,True,False,False,0.18378924097256324,-0.14590730312954298,0.1330293044436886,0.2789366075732316,True,False,False,0.2789366075732316
bootstrap_ewma,bootstrap,ewma,overlap_supplement,21,5,2021-11-26,2021-12-28,0.015837094204699476,0.648,252,500,0.014951158529922867,-0.0005136385792047493,,-0.05187701590743504,0.0342077168480332,0.08608473275546824,True,False,False,0.08608473275546824,-0.08617224150741494,0.0749721794480494,0.16114442095546433,True,False,False,0.16114442095546433,-0.12299797195746721,0.11641115196702403,0.23940912392449126,True,False,False,0.23940912392449126
normal_ewma,normal,ewma,overlap_supplement,21,5,2021-11-26,2021-12-28,0.015837094204699476,0.664,252,500,0.014951158529922867,-0.0005136385792047493,,-0.05490556432215293,0.03224379784223996,0.0871493621643929,True,False,False,0.0871493621643929,-0.09006599848763239,0.0755271595235549,0.1655931580111873,True,False,False,0.1655931580111873,-0.13348762894261837,0.13668120920481636,0.27016883814743475,True,False,False,0.27016883814743475
student_t_ewma,student_t,ewma,overlap_supplement,21,5,2021-11-26,2021-12-28,0.015837094204699476,0.626,252,500,0.014951158529922867,-0.0005136385792047493,30.0,-0.05243870948313903,0.041837820098257816,0.09427652958139685,True,False,False,0.09427652958139685,-0.0941623701862788,0.0822997018368471,0.1764620720231259,True,False,False,0.1764620720231259,-0.14090755191264995,0.12693872371405482,0.26784627562670477,True,False,False,0.26784627562670477
bootstrap_rolling,bootstrap,rolling,overlap_supplement,21,5,2021-12-03,2022-01-04,-0.02981148085254648,0.376,252,500,0.015553924657988681,-0.0005835382227217056,,-0.04917877649094707,0.03436593815376465,0.08354471464471172,True,False,False,0.08354471464471172,-0.08360496045526424,0.08074986080782413,0.16435482126308837,True,False,False,0.16435482126308837,-0.11946160134205494,0.1447043866747594,0.26416598801681435,True,False,False,0.26416598801681435
normal_rolling,normal,rolling,overlap_supplement,21,5,2021-12-03,2022-01-04,-0.02981148085254648,0.376,252,500,0.015553924657988681,-0.0005835382227217056,,-0.057072206750800214,0.04509049218983652,0.10216269894063673,True,False,False,0.10216269894063673,-0.09310823629685304,0.0826428894471272,0.17575112574398022,True,False,False,0.17575112574398022,-0.1331128210989139,0.15045960387068094,0.28357242496959484,True,False,False,0.28357242496959484
student_t_rolling,student_t,rolling,overlap_supplement,21,5,2021-12-03,2022-01-04,-0.02981148085254648,0.4,252,500,0.015553924657988681,-0.0005835382227217056,30.0,-0.058241139685560245,0.036041297879870315,0.09428243756543056,True,False,False,0.09428243756543056,-0.09925462880412785,0.07786790526719738,0.17712253407132522,True,False,False,0.17712253407132522,-0.1421704128000394,0.12721850550456826,0.26938891830460765,True,False,False,0.26938891830460765
bootstrap_ewma,bootstrap,ewma,overlap_supplement,21,5,2021-12-03,2022-01-04,-0.02981148085254648,0.37,252,500,0.014674589808647179,-0.0005835382227217056,,-0.047124494689060714,0.031676965698323956,0.07880146038738467,True,False,False,0.07880146038738467,-0.07970833215591265,0.07527035507544864,0.1549786872313613,True,False,False,0.1549786872313613,-0.11371978393260535,0.13520394688493223,0.24892373081753758,True,False,False,0.24892373081753758
normal_ewma,normal,ewma,overlap_supplement,21,5,2021-12-03,2022-01-04,-0.02981148085254648,0.366,252,500,0.014674589808647179,-0.0005835382227217056,,-0.05458951999184347,0.041765961065258206,0.09635548105710168,True,False,False,0.09635548105710168,-0.08871514183717409,0.07704721649790928,0.16576235833508338,True,False,False,0.16576235833508338,-0.1266889549638382,0.14058887321451402,0.2672778281783522,True,False,False,0.2672778281783522
student_t_ewma,student_t,ewma,overlap_supplement,21,5,2021-12-03,2022-01-04,-0.02981148085254648,0.394,252,500,0.014674589808647179,-0.0005835382227217056,30.0,-0.05569530975789308,0.033253428619213155,0.08894873837710623,True,False,False,0.08894873837710623,-0.09454323336430377,0.07256490989196326,0.16710814325626705,True,False,False,0.16710814325626705,-0.13530034921984613,0.11883738831562926,0.2541377375354754,True,False,False,0.2541377375354754
bootstrap_rolling,bootstrap,rolling,overlap_supplement,21,5,2021-12-10,2022-01-11,0.00339304703101706,0.564,252,500,0.01523102010413954,-0.0005022891231734049,,-0.049342837987102345,0.035287135610251374,0.08462997359735372,True,False,False,0.08462997359735372,-0.08282074109315533,0.0814056634174217,0.16422640451057702,True,False,False,0.16422640451057702,-0.12444486675558525,0.1185392149187662,0.24298408167435145,True,False,False,0.24298408167435145
normal_rolling,normal,rolling,overlap_supplement,21,5,2021-12-10,2022-01-11,0.00339304703101706,0.606,252,500,0.01523102010413954,-0.0005022891231734049,,-0.05522114512873502,0.037309409267839266,0.09253055439657429,True,False,False,0.09253055439657429,-0.09325073333619763,0.07527207520057608,0.1685228085367737,True,False,False,0.1685228085367737,-0.13425853288161,0.12293164598458843,0.25719017886619844,True,False,False,0.25719017886619844
student_t_rolling,student_t,rolling,overlap_supplement,21,5,2021-12-10,2022-01-11,0.00339304703101706,0.574,252,500,0.01523102010413954,-0.0005022891231734049,30.0,-0.05415204322473022,0.045905749583078026,0.10005779280780824,True,False,False,0.10005779280780824,-0.0981553802356303,0.09122033411273756,0.18937571434836786,True,False,False,0.18937571434836786,-0.13899441322833264,0.1241178213420471,0.26311223457037974,True,False,False,0.26311223457037974
bootstrap_ewma,bootstrap,ewma,overlap_supplement,21,5,2021-12-10,2022-01-11,0.00339304703101706,0.574,252,500,0.013839051791866955,-0.0005022891231734049,,-0.04585655879219572,0.031016813194636284,0.076873371986832,True,False,False,0.076873371986832,-0.07643623009519032,0.07266410893324801,0.14910033902843833,True,False,False,0.14910033902843833,-0.1145998863772717,0.10607938533176957,0.22067927170904128,True,False,False,0.22067927170904128
normal_ewma,normal,ewma,overlap_supplement,21,5,2021-12-10,2022-01-11,0.00339304703101706,0.618,252,500,0.013839051791866955,-0.0005022891231734049,,-0.05121875389460978,0.032846528146667886,0.08406528204127767,True,False,False,0.08406528204127767,-0.08598396416341218,0.06713467209740724,0.15311863626081942,True,False,False,0.15311863626081942,-0.12362157763115186,0.11002520668719946,0.23364678431835134,True,False,False,0.23364678431835134
student_t_ewma,student_t,ewma,overlap_supplement,21,5,2021-12-10,2022-01-11,0.00339304703101706,0.574,252,500,0.013839051791866955,-0.0005022891231734049,30.0,-0.05024328946159326,0.040620705493299214,0.09086399495489247,True,False,False,0.09086399495489247,-0.0904772021741438,0.08150607062067985,0.17198327279482367,True,False,False,0.17198327279482367,-0.12797874920801716,0.1110905513016406,0.23906930050965775,True,False,False,0.23906930050965775
bootstrap_rolling,bootstrap,rolling,overlap_supplement,21,5,2021-12-17,2022-01-19,0.039569254486776506,0.804,252,500,0.015251588811575397,-0.0005626544130790569,,-0.05306806794372862,0.029884388676975127,0.08295245662070375,False,False,True,0.12169191985990926,-0.08715725848630726,0.06541235684605295,0.15256961533236021,True,False,False,0.15256961533236021,-0.1272000634531702,0.11357563344336694,0.24077569689653713,True,False,False,0.24077569689653713
normal_rolling,normal,rolling,overlap_supplement,21,5,2021-12-17,2022-01-19,0.039569254486776506,0.786,252,500,0.015251588811575397,-0.0005626544130790569,,-0.050843791980202696,0.03397502080493814,0.08481881278514083,False,False,True,0.1071957475124943,-0.09000395128964227,0.07956594490928663,0.1695698961989289,True,False,False,0.1695698961989289,-0.12759313872557504,0.12716193554648705,0.2547550742720621,True,False,False,0.2547550742720621
student_t_rolling,student_t,rolling,overlap_supplement,21,5,2021-12-17,2022-01-19,0.039569254486776506,0.758,252,500,0.015251588811575397,-0.0005626544130790569,30.0,-0.056594617553317406,0.0379684261124712,0.0945630436657886,False,False,True,0.10096635716300983,-0.10422341213331338,0.08343116444539438,0.18765457657870777,True,False,False,0.18765457657870777,-0.13196875567956987,0.13107507621831727,0.26304383189788716,True,False,False,0.26304383189788716
bootstrap_ewma,bootstrap,ewma,overlap_supplement,21,5,2021-12-17,2022-01-19,0.039569254486776506,0.83,252,500,0.013825788583676732,-0.0005626544130790569,,-0.04927943232979676,0.025919342887084362,0.07519877521688112,False,False,True,0.1297984216156497,-0.08035833065100007,0.0579508744287696,0.13830920507976968,True,False,False,0.13830920507976968,-0.11700447540504633,0.10121541574174206,0.2182198911467884,True,False,False,0.2182198911467884
normal_ewma,normal,ewma,overlap_supplement,21,5,2021-12-17,2022-01-19,0.039569254486776506,0.806,252,500,0.013825788583676732,-0.0005626544130790569,,-0.04725524789948621,0.029612600490684537,0.07686784839017075,False,False,True,0.11669446437453862,-0.08295850220326119,0.07068358064238368,0.15364208284564487,True,False,False,0.15364208284564487,-0.11736503552480514,0.1133882500882135,0.23075328561301864,True,False,False,0.23075328561301864
student_t_ewma,student_t,ewma,overlap_supplement,21,5,2021-12-17,2022-01-19,0.039569254486776506,0.78,252,500,0.013825788583676732,-0.0005626544130790569,30.0,-0.05248965093009392,0.03321675159287413,0.08570640252296804,False,False,True,0.11111641409857756,-0.09595798776362223,0.07415799446490394,0.17011598222852617,True,False,False,0.17011598222852617,-0.1213788026307075,0.11689157671335253,0.23827037934406003,True,False,False,0.23827037934406003
bootstrap_rolling,bootstrap,rolling,overlap_supplement,21,5,2021-12-27,2022-01-26,-0.017071564031633013,0.426,252,500,0.015588156297952448,-0.00033635720918550796,,-0.052921467217556584,0.03479662832659114,0.08771809554414772,True,False,False,0.08771809554414772,-0.08725470730376281,0.08073278951261935,0.16798749681638214,True,False,False,0.16798749681638214,-0.12698472937015035,0.13309614429079855,0.2600808736609489,True,False,False,0.2600808736609489
normal_rolling,normal,rolling,overlap_supplement,21,5,2021-12-27,2022-01-26,-0.017071564031633013,0.414,252,500,0.015588156297952448,-0.00033635720918550796,,-0.052905705060586755,0.04511180566325268,0.09801751072383943,True,False,False,0.09801751072383943,-0.08950016516474144,0.09618803151100298,0.18568819667574443,True,False,False,0.18568819667574443,-0.1380585740195514,0.16489022593619687,0.3029487999557483,True,False,False,0.3029487999557483
student_t_rolling,student_t,rolling,overlap_supplement,21,5,2021-12-27,2022-01-26,-0.017071564031633013,0.434,252,500,0.015588156297952448,-0.00033635720918550796,30.0,-0.0473666761329658,0.04223187594539263,0.08959855207835843,True,False,False,0.08959855207835843,-0.09123177353685973,0.08638142352840938,0.17761319706526912,True,False,False,0.17761319706526912,-0.14397320839571934,0.13164148189093655,0.27561469028665586,True,False,False,0.27561469028665586
bootstrap_ewma,bootstrap,ewma,overlap_supplement,21,5,2021-12-27,2022-01-26,-0.017071564031633013,0.426,252,500,0.01602125492198014,-0.00033635720918550796,,-0.05416553267559818,0.0359838008738359,0.09014933354943408,True,False,False,0.09014933354943408,-0.0893883696213939,0.08327914780100783,0.17266751742240172,True,False,False,0.17266751742240172,-0.1301017887145305,0.1372599361148821,0.26736172482941256,True,False,False,0.26736172482941256
normal_ewma,normal,ewma,overlap_supplement,21,5,2021-12-27,2022-01-26,-0.017071564031633013,0.416,252,500,0.01602125492198014,-0.00033635720918550796,,-0.054149354319406595,0.04659920180303051,0.1007485561224371,True,False,False,0.1007485561224371,-0.09169074054199276,0.09920437049373289,0.19089511103572565,True,False,False,0.19089511103572565,-0.14144067413763703,0.17007010426623376,0.31151077840387076,True,False,False,0.31151077840387076
student_t_ewma,student_t,ewma,overlap_supplement,21,5,2021-12-27,2022-01-26,-0.017071564031633013,0.436,252,500,0.01602125492198014,-0.00033635720918550796,30.0,-0.04846344155440149,0.04363515745116486,0.09209859900556636,True,False,False,0.09209859900556636,-0.09346613154282392,0.08909883120893447,0.18256496275175838,True,False,False,0.18256496275175838,-0.14749519020136787,0.13575945685440619,0.2832546470557741,True,False,False,0.2832546470557741
bootstrap_rolling,bootstrap,rolling,overlap_supplement,21,5,2022-01-03,2022-02-02,0.012817678548392442,0.68,252,500,0.015451610639930285,-0.0006404836906392799,,-0.05449422505665738,0.02655212636847487,0.08104635142513225,True,False,False,0.08104635142513225,-0.08442183093955435,0.07608991346758193,0.16051174440713628,True,False,False,0.16051174440713628,-0.1204758741907187,0.1085273917619597,0.2290032659526784,True,False,False,0.2290032659526784
normal_rolling,normal,rolling,overlap_supplement,21,5,2022-01-03,2022-02-02,0.012817678548392442,0.622,252,500,0.015451610639930285,-0.0006404836906392799,,-0.06147745881513367,0.03544544419792661,0.09692290301306028,True,False,False,0.09692290301306028,-0.09494790191380749,0.08413410695151202,0.1790820088653195,True,False,False,0.1790820088653195,-0.13677967349730571,0.14098957451487318,0.2777692480121789,True,False,False,0.2777692480121789
student_t_rolling,student_t,rolling,overlap_supplement,21,5,2022-01-03,2022-02-02,0.012817678548392442,0.614,252,500,0.015451610639930285,-0.0006404836906392799,30.0,-0.05337594910513621,0.036133203416019,0.08950915252115521,True,False,False,0.08950915252115521,-0.09367171999436195,0.08616359526880571,0.17983531526316765,True,False,False,0.17983531526316765,-0.13466075697326538,0.12991495061562558,0.26457570758889093,True,False,False,0.26457570758889093
bootstrap_ewma,bootstrap,ewma,overlap_supplement,21,5,2022-01-03,2022-02-02,0.012817678548392442,0.678,252,500,0.016011771963564687,-0.0006404836906392799,,-0.05595279159222313,0.028028989792220238,0.08398178138444337,True,False,False,0.08398178138444337,-0.08689956136367193,0.0794807891930356,0.16638035055670752,True,False,False,0.16638035055670752,-0.12413261271474456,0.113218382458936,0.23735099517368058,True,False,False,0.23735099517368058
normal_ewma,normal,ewma,overlap_supplement,21,5,2022-01-03,2022-02-02,0.012817678548392442,0.618,252,500,0.016011771963564687,-0.0006404836906392799,,-0.06317705329606349,0.03725941730574017,0.10043647060180366,True,False,False,0.10043647060180366,-0.09777543641158945,0.08784400430747145,0.1856194407190609,True,False,False,0.1856194407190609,-0.14095152495454663,0.14701757883475847,0.28796910378930507,True,False,False,0.28796910378930507
student_t_ewma,student_t,ewma,overlap_supplement,21,5,2022-01-03,2022-02-02,0.012817678548392442,0.604,252,500,0.016011771963564687,-0.0006404836906392799,30.0,-0.05479573800427742,0.037973366679652676,0.0927691046839301,True,False,False,0.0927691046839301,-0.09645708707544491,0.08995433369789993,0.18641142077334483,True,False,False,0.18641142077334483,-0.13876631874343992,0.13548297023176858,0.2742492889752085,True,False,False,0.2742492889752085
bootstrap_rolling,bootstrap,rolling,overlap_supplement,21,5,2022-01-10,2022-02-09,-0.00807833815268022,0.528,252,500,0.01529651228172378,-0.0004267471233381795,,-0.05692565359633961,0.033897279041669726,0.09082293263800933,True,False,False,0.09082293263800933,-0.08820634779385382,0.07998515667904874,0.16819150447290254,True,False,False,0.16819150447290254,-0.11873379582040708,0.13632820526901343,0.2550620010894205,True,False,False,0.2550620010894205
normal_rolling,normal,rolling,overlap_supplement,21,5,2022-01-10,2022-02-09,-0.00807833815268022,0.514,252,500,0.01529651228172378,-0.0004267471233381795,,-0.06216088569847611,0.04040575357331161,0.10256663927178772,True,False,False,0.10256663927178772,-0.0977736156151495,0.08155394037065306,0.17932755598580255,True,False,False,0.17932755598580255,-0.14004489333562323,0.15414985530311956,0.2941947486387428,True,False,False,0.2941947486387428
student_t_rolling,student_t,rolling,overlap_supplement,21,5,2022-01-10,2022-02-09,-0.00807833815268022,0.506,252,500,0.01529651228172378,-0.0004267471233381795,30.0,-0.05327437663839826,0.03628749018888355,0.08956186682728182,True,False,False,0.08956186682728182,-0.09413173938912242,0.08838048290681046,0.1825122222959329,True,False,False,0.1825122222959329,-0.12843486985713862,0.12264824780273832,0.25108311765987695,True,False,False,0.25108311765987695
bootstrap_ewma,bootstrap,ewma,overlap_supplement,21,5,2022-01-10,2022-02-09,-0.00807833815268022,0.528,252,500,0.015231717741190243,-0.0004267471233381795,,-0.056727298459388786,0.033712055895482484,0.09043935435487127,True,False,False,0.09043935435487127,-0.08788425742414334,0.07959221928346108,0.1674764767076044,True,False,False,0.1674764767076044,-0.1182953118623846,0.13567009923756249,0.2539654110999471,True,False,False,0.2539654110999471
normal_ewma,normal,ewma,overlap_supplement,21,5,2022-01-10,2022-02-09,-0.00807833815268022,0.514,252,500,0.015231717741190243,-0.0004267471233381795,,-0.06194151250112842,0.04019171387682935,0.10213322637795777,True,False,False,0.10213322637795777,-0.097414575216216,0.08115378414227012,0.17856835935848614,True,False,False,0.17856835935848614,-0.13952779191720044,0.15340539523398605,0.2929331871511865,True,False,False,0.2929331871511865
student_t_ewma,student_t,ewma,overlap_supplement,21,5,2022-01-10,2022-02-09,-0.00807833815268022,0.506,252,500,0.015231717741190243,-0.0004267471233381795,30.0,-0.053090753025529375,0.03609170430526143,0.0891824573307908,True,False,False,0.0891824573307908,-0.09378671342699094,0.08794880486163922,0.18173551828863016,True,False,False,0.18173551828863016,-0.12796032516911138,0.12205562957767978,0.25001595474679117,True,False,False,0.25001595474679117
bootstrap_rolling,bootstrap,rolling,overlap_supplement,21,5,2022-01-18,2022-02-16,-0.029517339763118433,0.384,252,500,0.015186807993197068,-0.0005835303263442234,,-0.05560128784403351,0.039337069851415774,0.09493835769544928,True,False,False,0.09493835769544928,-0.0903594537486391,0.07712633238439652,0.1674857861330356,True,False,False,0.1674857861330356,-0.11567111560569995,0.12012747366930344,0.2357985892750034,True,False,False,0.2357985892750034
normal_rolling,normal,rolling,overlap_supplement,21,5,2022-01-18,2022-02-16,-0.029517339763118433,0.396,252,500,0.015186807993197068,-0.0005835303263442234,,-0.060359929590122124,0.03172594988214639,0.09208587947226851,True,False,False,0.09208587947226851,-0.10225288614696848,0.07889227173808529,0.18114515788505375,True,False,False,0.18114515788505375,-0.147666856125589,0.12657440838778036,0.2742412645133694,True,False,False,0.2742412645133694
student_t_rolling,student_t,rolling,overlap_supplement,21,5,2022-01-18,2022-02-16,-0.029517339763118433,0.4,252,500,0.015186807993197068,-0.0005835303263442234,24.482237535842046,-0.06325721785431027,0.03992620062772778,0.10318341848203805,True,False,False,0.10318341848203805,-0.09614488568545054,0.082826055172277,0.17897094085772752,True,False,False,0.17897094085772752,-0.13603228008063017,0.14465436571973772,0.2806866458003679,True,False,False,0.2806866458003679
bootstrap_ewma,bootstrap,ewma,overlap_supplement,21,5,2022-01-18,2022-02-16,-0.029517339763118433,0.384,252,500,0.015198198832246506,-0.0005835303263442234,,-0.05563312930872319,0.03937670090832357,0.09500983021704676,True,False,False,0.09500983021704676,-0.09041570663514573,0.07719625882206452,0.16761196545721024,True,False,False,0.16761196545721024,-0.11574451830247405,0.12023308276913815,0.2359776010716122,True,False,False,0.2359776010716122
normal_ewma,normal,ewma,overlap_supplement,21,5,2022-01-18,2022-02-16,-0.029517339763118433,0.396,252,500,0.015198198832246506,-0.0005835303263442234,,-0.060395170689980515,0.03175960282698492,0.09215477351696544,True,False,False,0.09215477351696544,-0.10231726500413249,0.07896363875598222,0.18128090376011471,True,False,False,0.18128090376011471,-0.14776116143311252,0.12668547566723282,0.27444663710034534,True,False,False,0.27444663710034534
student_t_ewma,student_t,ewma,overlap_supplement,21,5,2022-01-18,2022-02-16,-0.029517339763118433,0.4,252,500,0.015198198832246506,-0.0005835303263442234,24.482237535842046,-0.06329451996085764,0.039966296278946045,0.10326081623980368,True,False,False,0.10326081623980368,-0.09620510603373689,0.08290063824298205,0.17910574427671894,True,False,False,0.17910574427671894,-0.136119087719009,0.1447808856238016,0.2808999733428106,True,False,False,0.2808999733428106
bootstrap_rolling,bootstrap,rolling,overlap_supplement,21,5,2022-01-25,2022-02-24,-0.06423085436758602,0.206,252,500,0.015286998396384413,-0.0006533011032393973,,-0.05631733867640501,0.03732537916132461,0.09364271783772962,False,True,False,0.12529678060245367,-0.08816344453077313,0.08404191841834421,0.17220536294911734,True,False,False,0.17220536294911734,-0.1165243663852082,0.12636852155131093,0.24289288793651914,True,False,False,0.24289288793651914
normal_rolling,normal,rolling,overlap_supplement,21,5,2022-01-25,2022-02-24,-0.06423085436758602,0.232,252,500,0.015286998396384413,-0.0006533011032393973,,-0.0591760920602597,0.04101595223760701,0.10019204429786671,False,True,False,0.120411093527172,-0.09581616563020322,0.08523554755391952,0.18105171318412272,True,False,False,0.18105171318412272,-0.13042552664279217,0.15226109908209884,0.282686625724891,True,False,False,0.282686625724891
student_t_rolling,student_t,rolling,overlap_supplement,21,5,2022-01-25,2022-02-24,-0.06423085436758602,0.234,252,500,0.015286998396384413,-0.0006533011032393973,30.0,-0.06040278798348109,0.037094597470257784,0.09749738545373887,False,True,False,0.1128096509901586,-0.09802397688777488,0.08125566092465877,0.17927963781243367,True,False,False,0.17927963781243367,-0.13796175010999845,0.13823386884938393,0.2761956189593824,True,False,False,0.2761956189593824
bootstrap_ewma,bootstrap,ewma,overlap_supplement,21,5,2022-01-25,2022-02-24,-0.06423085436758602,0.208,252,500,0.015411478535166345,-0.0006533011032393973,,-0.0566572766634757,0.037750889923219844,0.09440816658669554,False,True,False,0.12470247740313684,-0.08874667632857493,0.08487566876861631,0.17362234509719124,True,False,False,0.17362234509719124,-0.11731659291703575,0.1275864546260467,0.24490304754308245,True,False,False,0.24490304754308245
normal_ewma,normal,ewma,overlap_supplement,21,5,2022-01-25,2022-02-24,-0.06423085436758602,0.232,252,500,0.015411478535166345,-0.0006533011032393973,,-0.05953823470794056,0.04147309538949068,0.10101133009743124,False,True,False,0.11978180873601307,-0.0964565138553155,0.08607994832296632,0.18253646217828184,True,False,False,0.18253646217828184,-0.13131747921365855,0.1537205264492582,0.28503800566291676,True,False,False,0.28503800566291676
student_t_ewma,student_t,ewma,overlap_supplement,21,5,2022-01-25,2022-02-24,-0.06423085436758602,0.236,252,500,0.015411478535166345,-0.0006533011032393973,30.0,-0.060774434910978725,0.03751813417929556,0.09829256909027428,False,True,False,0.11211824691670347,-0.09868070456878009,0.08206459211449624,0.18074529668327632,True,False,False,0.18074529668327632,-0.1389069995859164,0.13956186580708912,0.2784688653930055,True,False,False,0.2784688653930055
bootstrap_rolling,bootstrap,rolling,overlap_supplement,21,5,2022-02-01,2022-03-03,-0.11004704932184006,0.064,252,500,0.015357286693277131,-0.0004794028772212886,,-0.05619277605207537,0.031172203463429804,0.08736497951550518,False,True,False,0.3027820725945639,-0.09504725709326509,0.06566939009112968,0.16071664718439477,False,True,False,0.31071456947014453,-0.12664653223818592,0.11548497459292245,0.24213150683110837,True,False,False,0.24213150683110837
normal_rolling,normal,rolling,overlap_supplement,21,5,2022-02-01,2022-03-03,-0.11004704932184006,0.06,252,500,0.015357286693277131,-0.0004794028772212886,,-0.05853657586654498,0.04671398520007297,0.10525056106661795,False,True,False,0.3112924548877983,-0.09792234354834486,0.08603079270255172,0.1839531362508966,False,True,False,0.30520019398584863,-0.12720842829061965,0.12737597674143405,0.2545844050320537,True,False,False,0.2545844050320537
student_t_rolling,student_t,rolling,overlap_supplement,21,5,2022-02-01,2022-03-03,-0.11004704932184006,0.074,252,500,0.015357286693277131,-0.0004794028772212886,30.0,-0.055397942360236624,0.039082803202486804,0.09448074556272343,False,True,False,0.3130771734091372,-0.0964433711049739,0.07991410376330138,0.1763574748682753,False,True,False,0.3123942570369369,-0.14250797513210206,0.14026283556164434,0.28277081069374643,True,False,False,0.28277081069374643
bootstrap_ewma,bootstrap,ewma,overlap_supplement,21,5,2022-02-01,2022-03-03,-0.11004704932184006,0.06,252,500,0.014844528915675562,-0.0004794028772212886,,-0.05468635896068319,0.02976969072428276,0.08445604968496595,False,True,False,0.30589881112959344,-0.09232971759515284,0.06305132439560687,0.1553810419907597,False,True,False,0.332554359257632,-0.12298374341757103,0.11104844534807588,0.2340321887656469,True,False,False,0.2340321887656469
normal_ewma,normal,ewma,overlap_supplement,21,5,2022-02-01,2022-03-03,-0.11004704932184006,0.052,252,500,0.014844528915675562,-0.0004794028772212886,,-0.05695561405831165,0.04476836226696612,0.10172397632527777,False,True,False,0.3140897173793914,-0.09511730332836706,0.08267831448692368,0.17779561781529074,False,True,False,0.32709307775002083,-0.1235291577665878,0.12249468039046618,0.24602383815705398,True,False,False,0.24602383815705398
student_t_ewma,student_t,ewma,overlap_supplement,21,5,2022-02-01,2022-03-03,-0.11004704932184006,0.066,252,500,0.014844528915675562,-0.0004794028772212886,30.0,-0.05391684866458904,0.03740478977134454,0.09132163843593358,False,True,False,0.31584244106493764,-0.09368330617611566,0.0767835498963275,0.17046685607244316,False,True,False,0.33410428752968724,-0.1383846004170496,0.13489497223283745,0.27327957264988706,True,False,False,0.27327957264988706
bootstrap_rolling,bootstrap,rolling,overlap_supplement,21,5,2022-02-08,2022-03-10,-0.039001831259277586,0.368,252,500,0.015409645306923994,-0.0005685048549889571,,-0.05723418228698382,0.028438297058996753,0.08567247934598057,True,False,False,0.08567247934598057,-0.09356343536668453,0.07271433133076653,0.16627776669745106,True,False,False,0.16627776669745106,-0.12290650247540134,0.12423698006628485,0.2471434825416862,True,False,False,0.2471434825416862
normal_rolling,normal,rolling,overlap_supplement,21,5,2022-02-08,2022-03-10,-0.039001831259277586,0.364,252,500,0.015409645306923994,-0.0005685048549889571,,-0.06189347049836741,0.0367145669522454,0.0986080374506128,True,False,False,0.0986080374506128,-0.0978273314565392,0.07790190330300757,0.17572923475954677,True,False,False,0.17572923475954677,-0.1435577079786167,0.1200769822379652,0.2636346902165819,True,False,False,0.2636346902165819
student_t_rolling,student_t,rolling,overlap_supplement,21,5,2022-02-08,2022-03-10,-0.039001831259277586,0.324,252,500,0.015409645306923994,-0.0005685048549889571,30.0,-0.051732987575495104,0.03221046064325794,0.08394344821875305,True,False,False,0.08394344821875305,-0.08901663897276088,0.07478612978376045,0.16380276875652133,True,False,False,0.16380276875652133,-0.13063605142964346,0.12247960129320327,0.25311565272284675,True,False,False,0.25311565272284675
bootstrap_ewma,bootstrap,ewma,overlap_supplement,21,5,2022-02-08,2022-03-10,-0.039001831259277586,0.366,252,500,0.015337832126181577,-0.0005685048549889571,,-0.05702766885101096,0.028246698376628965,0.08527436722763992,True,False,False,0.08527436722763992,-0.09319882831946912,0.0723038262517865,0.16550265457125563,True,False,False,0.16550265457125563,-0.12241912493634913,0.12356109021788082,0.24598021515422996,True,False,False,0.24598021515422996
normal_ewma,normal,ewma,overlap_supplement,21,5,2022-02-08,2022-03-10,-0.039001831259277586,0.362,252,500,0.015337832126181577,-0.0005685048549889571,,-0.06166631245929266,0.03648270986958618,0.09814902232887884,True,False,False,0.09814902232887884,-0.09744460721886591,0.07746518871740292,0.17490979593626882,True,False,False,0.17490979593626882,-0.14298664969190442,0.11942293594139779,0.2624095856333022,True,False,False,0.2624095856333022
student_t_ewma,student_t,ewma,overlap_supplement,21,5,2022-02-08,2022-03-10,-0.039001831259277586,0.324,252,500,0.015337832126181577,-0.0005685048549889571,30.0,-0.05155098576159198,0.032000551126503185,0.08355153688809516,True,False,False,0.08355153688809516,-0.08867145368918714,0.07436517110597266,0.1630366247951598,True,False,False,0.1630366247951598,-0.13011708619906603,0.12181294291797946,0.2519300291170455,True,False,False,0.2519300291170455
bootstrap_rolling,bootstrap,rolling,overlap_supplement,21,5,2022-02-15,2022-03-17,0.042264347326582685,0.814,252,500,0.015114699283770116,-0.0006369872546440862,,-0.05043589486687175,0.028002148105707336,0.07843804297257909,False,False,True,0.13548683985608048,-0.08729786851153544,0.0745048080679822,0.16180267657951763,True,False,False,0.16180267657951763,-0.11652588366370081,0.14894841851459442,0.26547430217829526,True,False,False,0.26547430217829526
normal_rolling,normal,rolling,overlap_supplement,21,5,2022-02-15,2022-03-17,0.042264347326582685,0.756,252,500,0.015114699283770116,-0.0006369872546440862,,-0.053420141254023806,0.04078161907877603,0.09420176033279984,False,False,True,0.10013267332402645,-0.09814931932573606,0.08199562299392714,0.18014494231966321,True,False,False,0.18014494231966321,-0.13934830586677083,0.14295499898118422,0.28230330484795507,True,False,False,0.28230330484795507
student_t_rolling,student_t,rolling,overlap_supplement,21,5,2022-02-15,2022-03-17,0.042264347326582685,0.818,252,500,0.015114699283770116,-0.0006369872546440862,30.0,-0.06465790009199462,0.02880763636289191,0.09346553645488653,False,False,True,0.14729238030964964,-0.09780364108788006,0.07912412539188163,0.1769277664797617,True,False,False,0.1769277664797617,-0.14078340108352855,0.12806797171460682,0.26885137279813537,True,False,False,0.26885137279813537
bootstrap_ewma,bootstrap,ewma,overlap_supplement,21,5,2022-02-15,2022-03-17,0.042264347326582685,0.812,252,500,0.015184190735292757,-0.0006369872546440862,,-0.050603416762671605,0.028195918325014835,0.07879933508768644,False,False,True,0.13507305109395784,-0.0876249858060783,0.07492597257583897,0.16255095838191727,True,False,False,0.16255095838191727,-0.11697467317411288,0.14975285636630456,0.26672752954041745,True,False,False,0.26672752954041745
normal_ewma,normal,ewma,overlap_supplement,21,5,2022-02-15,2022-03-17,0.042264347326582685,0.756,252,500,0.015184190735292757,-0.0006369872546440862,,-0.05360083306427044,0.041036929636713515,0.09463776270098395,False,False,True,0.09954743346046063,-0.09852212224302559,0.08245429749171879,0.18097641973474438,True,False,False,0.18097641973474438,-0.13988892976528217,0.14372769136432448,0.2836166211296066,True,False,False,0.2836166211296066
student_t_ewma,student_t,ewma,overlap_supplement,21,5,2022-02-15,2022-03-17,0.042264347326582685,0.816,252,500,0.015184190735292757,-0.0006369872546440862,30.0,-0.06488779444560294,0.0290052638735957,0.09389305831919864,False,False,True,0.14692939213114659,-0.09817499796404686,0.07956839235373112,0.17774339031777797,True,False,False,0.17774339031777797,-0.14132978645086344,0.1287625590232311,0.27009234547409455,True,False,False,0.27009234547409455
bootstrap_rolling,bootstrap,rolling,overlap_supplement,21,5,2022-02-23,2022-03-24,0.09839900057745776,0.93,252,500,0.015174958454675785,-0.0006658161216277212,,-0.04558255949224288,0.03334459940555612,0.078927158897799,False,False,True,0.3391447635854056,-0.0788121831359649,0.08433997555817886,0.16315215869414376,False,False,True,0.3037424088869328,-0.11939864830200946,0.13283610872935336,0.25223475703136283,True,False,False,0.25223475703136283
normal_rolling,normal,rolling,overlap_supplement,21,5,2022-02-23,2022-03-24,0.09839900057745776,0.944,252,500,0.015174958454675785,-0.0006658161216277212,,-0.05886300146265236,0.027484853522158126,0.08634785498481048,False,False,True,0.370004443206009,-0.08806880205793069,0.07044467922529112,0.1585134812832218,False,False,True,0.4380566948048883,-0.1474513862290186,0.12321830301957316,0.27066968924859175,True,False,False,0.27066968924859175
student_t_rolling,student_t,rolling,overlap_supplement,21,5,2022-02-23,2022-03-24,0.09839900057745776,0.95,252,500,0.015174958454675785,-0.0006658161216277212,30.0,-0.05993184331906429,0.026419964464621692,0.08635180778368598,False,False,True,0.3742679522350303,-0.09654629983517227,0.0711863065005454,0.16773260633571768,False,False,True,0.4398595471048413,-0.15173645350092083,0.12059622384851595,0.2723326773494368,True,False,False,0.2723326773494368
bootstrap_ewma,bootstrap,ewma,overlap_supplement,21,5,2022-02-23,2022-03-24,0.09839900057745776,0.93,252,500,0.014917803444902377,-0.0006658161216277212,,-0.045053990903137664,0.03252570447223674,0.0775796953753744,False,False,True,0.3410728797962585,-0.0777483543624005,0.08259658304850857,0.16034493741090908,False,False,True,0.318369112700401,-0.117708258616943,0.13017644405597742,0.24788470267292043,True,False,False,0.24788470267292043
normal_ewma,normal,ewma,overlap_supplement,21,5,2022-02-23,2022-03-24,0.09839900057745776,0.948,252,500,0.014917803444902377,-0.0006658161216277212,,-0.058118159529159136,0.02676954739495291,0.08488770692411204,False,False,True,0.3714055196541315,-0.08685939701002564,0.06895723166652667,0.15581662867655233,False,False,True,0.45023431778586326,-0.14534609105049742,0.12074316615888792,0.26608925720938537,True,False,False,0.26608925720938537
student_t_ewma,student_t,ewma,overlap_supplement,21,5,2022-02-23,2022-03-24,0.09839900057745776,0.954,252,500,0.014917803444902377,-0.0006658161216277212,30.0,-0.05916973047251023,0.025723415487996615,0.08489314596050684,False,False,True,0.37559548631835143,-0.09520494814101718,0.0696852722769698,0.16489022041798698,False,False,True,0.4520275034228667,-0.1495691260676429,0.11817115907695204,0.2677402851445949,True,False,False,0.2677402851445949
bootstrap_rolling,bootstrap,rolling,overlap_supplement,21,5,2022-03-02,2022-03-31,0.17392637830801916,0.992,252,500,0.014956979834370651,-0.0005476580211886005,,-0.055470391283430925,0.02897405852954632,0.08444444981297725,False,False,True,0.6642537289268686,-0.07935597176757847,0.07271321830028796,0.15206919006786643,False,False,True,1.1642007901451785,-0.1172378654164798,0.12912959119180512,0.2463674566082849,False,False,True,2.038238941256845
normal_rolling,normal,rolling,overlap_supplement,21,5,2022-03-02,2022-03-31,0.17392637830801916,0.996,252,500,0.014956979834370651,-0.0005476580211886005,,-0.05976413644741843,0.03481813641120862,0.09458227285862705,False,False,True,0.6510152404458692,-0.09664401670649757,0.08082082110001498,0.17746483780651257,False,False,True,1.1085204098865544,-0.13190323124857045,0.1297295657142603,0.26163279696283076,False,False,True,2.029505300713183
student_t_rolling,student_t,rolling,overlap_supplement,21,5,2022-03-02,2022-03-31,0.17392637830801916,1.0,252,500,0.014956979834370651,-0.0005476580211886005,25.81981759835731,-0.053736952097357155,0.037205549166523744,0.0909425012638809,False,False,True,0.6378258178298626,-0.09079306121475472,0.0748779412847918,0.16567100249954653,False,False,True,1.1561553727318203,-0.13116919091780066,0.12377628992438183,0.2549454808421825,False,False,True,2.2609490161876735
bootstrap_ewma,bootstrap,ewma,overlap_supplement,21,5,2022-03-02,2022-03-31,0.17392637830801916,0.996,252,500,0.014116951702151192,-0.0005476580211886005,,-0.05305005482224298,0.02666140787893556,0.07971146270117854,False,False,True,0.668771344417513,-0.07566811473422928,0.06780280982881598,0.14347092456304528,False,False,True,1.2047066093550771,-0.1116078005297015,0.12073002957746708,0.23233783010716857,False,False,True,2.36019177932925
normal_ewma,normal,ewma,overlap_supplement,21,5,2022-03-02,2022-03-31,0.17392637830801916,0.998,252,500,0.014116951702151192,-0.0005476580211886005,,-0.05711355429086998,0.03216399159944655,0.08927754589031653,False,False,True,0.656327092724607,-0.09205926998166829,0.07541843112205089,0.16747770110371918,False,False,True,1.152557172963402,-0.12554432817182973,0.12129175781304685,0.24683608598487658,False,False,True,2.352220905783767
student_t_ewma,student_t,ewma,overlap_supplement,21,5,2022-03-02,2022-03-31,0.17392637830801916,1.0,252,500,0.014116951702151192,-0.0005476580211886005,25.81981759835731,-0.05140986271796333,0.03441139561397477,0.0858212583319381,False,False,True,0.6438811891081156,-0.08650990322520649,0.0698364941087582,0.1563463973339647,False,False,True,1.1972452393265745,-0.12484642372272257,0.1157142415810557,0.2405606653037783,False,False,True,2.5690461343823143
bootstrap_rolling,bootstrap,rolling,overlap_supplement,21,5,2022-03-09,2022-04-07,0.059456948111493935,0.852,252,500,0.014959774837227262,-0.0005560980279792091,,-0.060410186535187455,0.0343778037954372,0.09478799033062466,False,False,True,0.1951045675948516,-0.09539469193965908,0.07329018347566768,0.16868487541532676,True,False,False,0.16868487541532676,-0.11933525755245723,0.11670584807892556,0.2360411056313828,True,False,False,0.2360411056313828
normal_rolling,normal,rolling,overlap_supplement,21,5,2022-03-09,2022-04-07,0.059456948111493935,0.864,252,500,0.014959774837227262,-0.0005560980279792091,,-0.05256469197134811,0.035994208429305785,0.0885589004006539,False,False,True,0.1824098591294065,-0.08961043710251514,0.07291878923568766,0.1625292263382028,True,False,False,0.1625292263382028,-0.1289692033119464,0.12778434905041575,0.25675355236236214,True,False,False,0.25675355236236214
student_t_rolling,student_t,rolling,overlap_supplement,21,5,2022-03-09,2022-04-07,0.059456948111493935,0.848,252,500,0.014959774837227262,-0.0005560980279792091,19.15735310820744,-0.04871175698669919,0.038589479226081747,0.08730123621278094,False,False,True,0.1707711117544297,-0.09233878377260331,0.07787120090948968,0.17020998468209297,True,False,False,0.17020998468209297,-0.13322101578794737,0.12369792831634793,0.2569189441042953,True,False,False,0.2569189441042953
bootstrap_ewma,bootstrap,ewma,overlap_supplement,21,5,2022-03-09,2022-04-07,0.059456948111493935,0.844,252,500,0.01530129233056164,-0.0005560980279792091,,-0.06149564835339055,0.0354522768578876,0.09694792521127815,False,False,True,0.1929666102257035,-0.09722210319368844,0.07531123494859139,0.17253333814227984,True,False,False,0.17253333814227984,-0.12165229355500579,0.11982193503662585,0.24147422859163165,True,False,False,0.24147422859163165
normal_ewma,normal,ewma,overlap_supplement,21,5,2022-03-09,2022-04-07,0.059456948111493935,0.86,252,500,0.01530129233056164,-0.0005560980279792091,,-0.053479559464721244,0.037107329066118966,0.09058688853084021,False,False,True,0.17998536471234008,-0.09131732080122341,0.07493064820815612,0.16624796900937955,True,False,False,0.16624796900937955,-0.13147897629258132,0.13118625634576217,0.2626652326383435,True,False,False,0.2626652326383435
student_t_ewma,student_t,ewma,overlap_supplement,21,5,2022-03-09,2022-04-07,0.059456948111493935,0.84,252,500,0.01530129233056164,-0.0005560980279792091,19.15735310820744,-0.04954228862284621,0.039764775354928894,0.0893070639777751,False,False,True,0.16807575500403527,-0.09410262303318893,0.08000588430753289,0.1741085073407218,True,False,False,0.1741085073407218,-0.13581510490293305,0.12699412926218775,0.2628092341651208,True,False,False,0.2628092341651208
bootstrap_rolling,bootstrap,rolling,overlap_supplement,21,5,2022-03-16,2022-04-14,-0.03066859017885748,0.428,252,500,0.015051418093076191,-0.0003065280388495704,,-0.06193557580980846,0.03452699240018697,0.09646256820999544,True,False,False,0.09646256820999544,-0.09096119102537213,0.07822825191860522,0.16918944294397736,True,False,False,0.16918944294397736,-0.1250425316085698,0.13453947350016632,0.2595820051087361,True,False,False,0.2595820051087361
normal_rolling,normal,rolling,overlap_supplement,21,5,2022-03-16,2022-04-14,-0.03066859017885748,0.366,252,500,0.015051418093076191,-0.0003065280388495704,,-0.052096778256175175,0.043563580413509995,0.09566035866968517,True,False,False,0.09566035866968517,-0.08593750729016242,0.08759799752652277,0.17353550481668517,True,False,False,0.17353550481668517,-0.13426157303607578,0.12805181343159902,0.26231338646767477,True,False,False,0.26231338646767477
student_t_rolling,student_t,rolling,overlap_supplement,21,5,2022-03-16,2022-04-14,-0.03066859017885748,0.402,252,500,0.015051418093076191,-0.0003065280388495704,22.83887111049564,-0.05504086899813779,0.03047485331185168,0.08551572230998947,True,False,False,0.08551572230998947,-0.09642427212972435,0.07713356137715753,0.17355783350688186,True,False,False,0.17355783350688186,-0.137739839594637,0.12165195107136595,0.25939179066600293,True,False,False,0.25939179066600293
bootstrap_ewma,bootstrap,ewma,overlap_supplement,21,5,2022-03-16,2022-04-14,-0.03066859017885748,0.434,252,500,0.015583800904269002,-0.0003065280388495704,,-0.06384148306595733,0.036005692206922846,0.09984717527288017,True,False,False,0.09984717527288017,-0.09381612273785654,0.0813507812038437,0.17516690394170026,True,False,False,0.17516690394170026,-0.12896852143999613,0.1398757559280255,0.26884427736802163,True,False,False,0.26884427736802163
normal_ewma,normal,ewma,overlap_supplement,21,5,2022-03-16,2022-04-14,-0.03066859017885748,0.37,252,500,0.015583800904269002,-0.0003065280388495704,,-0.053673497535672327,0.04537673124572,0.09905022878139233,True,False,False,0.09905022878139233,-0.08863058077832559,0.09108152936584729,0.17971211014417288,True,False,False,0.17971211014417288,-0.13846900626971032,0.1331277069054555,0.2715967131751658,True,False,False,0.2715967131751658
student_t_ewma,student_t,ewma,overlap_supplement,21,5,2022-03-16,2022-04-14,-0.03066859017885748,0.408,252,500,0.015583800904269002,-0.0003065280388495704,22.83887111049564,-0.056716485948600404,0.03180451995517769,0.0885210059037781,True,False,False,0.0885210059037781,-0.09945406698098833,0.08021410851257867,0.179668175493567,True,False,False,0.179668175493567,-0.14205252474404428,0.12647233169657554,0.26852485644061985,True,False,False,0.26852485644061985
bootstrap_rolling,bootstrap,rolling,overlap_supplement,21,5,2022-03-23,2022-04-22,-0.04061369385652147,0.286,252,500,0.01486674786819255,-0.00013884827229346505,,-0.04721704829219639,0.038055071948907115,0.0852721202411035,True,False,False,0.0852721202411035,-0.08080510904840887,0.09044489408194503,0.1712500031303539,True,False,False,0.1712500031303539,-0.10856535535941343,0.1502444995756994,0.2588098549351128,True,False,False,0.2588098549351128
normal_rolling,normal,rolling,overlap_supplement,21,5,2022-03-23,2022-04-22,-0.04061369385652147,0.274,252,500,0.01486674786819255,-0.00013884827229346505,,-0.04581720904821002,0.04907246748306138,0.0948896765312714,True,False,False,0.0948896765312714,-0.08720749802605658,0.09130237072303121,0.1785098687490878,True,False,False,0.1785098687490878,-0.1227756004777795,0.14538683167548774,0.26816243215326724,True,False,False,0.26816243215326724
student_t_rolling,student_t,rolling,overlap_supplement,21,5,2022-03-23,2022-04-22,-0.04061369385652147,0.272,252,500,0.01486674786819255,-0.00013884827229346505,27.575489718149562,-0.047556006779140875,0.04096389402920614,0.08851990080834701,True,False,False,0.08851990080834701,-0.08916454131925867,0.0821180708459365,0.1712826121651952,True,False,False,0.1712826121651952,-0.12216822317753802,0.12447348732870465,0.24664171050624267,True,False,False,0.24664171050624267
bootstrap_ewma,bootstrap,ewma,overlap_supplement,21,5,2022-03-23,2022-04-22,-0.04061369385652147,0.286,252,500,0.014964040367308085,-0.00013884827229346505,,-0.04750041503475044,0.03832863975570627,0.08582905479045672,True,False,False,0.08582905479045672,-0.08129428641042014,0.09108378257267208,0.17237806898309221,True,False,False,0.17237806898309221,-0.10921854494491999,0.1513206167166132,0.2605391616615332,True,False,False,0.2605391616615332
normal_ewma,normal,ewma,overlap_supplement,21,5,2022-03-23,2022-04-22,-0.04061369385652147,0.274,252,500,0.014964040367308085,-0.00013884827229346505,,-0.04609182714826812,0.04942144542300719,0.09551327257127532,True,False,False,0.09551327257127532,-0.08773499804028544,0.09194737866919266,0.1796823767094781,True,False,False,0.1796823767094781,-0.1235105441355105,0.14642665201574231,0.26993719615125283,True,False,False,0.26993719615125283
student_t_ewma,student_t,ewma,overlap_supplement,21,5,2022-03-23,2022-04-22,-0.04061369385652147,0.272,252,500,0.014964040367308085,-0.00013884827229346505,27.575489718149562,-0.047841488627925505,0.04125729671072925,0.08909878533865476,True,False,False,0.08909878533865476,-0.08970369625651009,0.08269776560331338,0.17240146185982347,True,False,False,0.17240146185982347,-0.12289970975429662,0.12535860079977856,0.24825831055407518,True,False,False,0.24825831055407518
bootstrap_rolling,bootstrap,rolling,overlap_supplement,21,5,2022-03-30,2022-04-29,-0.10637989327578845,0.054,252,500,0.015054562759671824,0.00011558750476674582,,-0.045963300288654585,0.04609436941359529,0.09205766970224988,False,True,False,0.33372404165078534,-0.0814041151816076,0.09164950121798648,0.1730536163995941,False,True,False,0.4228113973414026,-0.11810677125911999,0.14753733965644852,0.2656441109155685,True,False,False,0.2656441109155685
normal_rolling,normal,rolling,overlap_supplement,21,5,2022-03-30,2022-04-29,-0.10637989327578845,0.058,252,500,0.015054562759671824,0.00011558750476674582,,-0.04807831561539522,0.042799873199028504,0.09087818881442372,False,True,False,0.32408449945599666,-0.09086785399879396,0.09738640413410542,0.18825425813289937,False,True,False,0.34337465090284425,-0.13154307409693025,0.14591047202464508,0.27745354612157536,True,False,False,0.27745354612157536
student_t_rolling,student_t,rolling,overlap_supplement,21,5,2022-03-30,2022-04-29,-0.10637989327578845,0.052,252,500,0.015054562759671824,0.00011558750476674582,30.0,-0.04142655678504706,0.05478084994498539,0.09620740673003245,False,True,False,0.35602075269299804,-0.08329167409916552,0.09302066988327137,0.1763123439824369,False,True,False,0.40719453574866626,-0.12737097377669046,0.14554330855792216,0.2729142823346126,True,False,False,0.2729142823346126
bootstrap_ewma,bootstrap,ewma,overlap_supplement,21,5,2022-03-30,2022-04-29,-0.10637989327578845,0.058,252,500,0.015550502473065941,0.00011558750476674582,,-0.0475171344178327,0.047564701952466426,0.09508183637029913,False,True,False,0.3305328718021221,-0.08404321331446521,0.09472002305307332,0.17876323636753855,False,True,False,0.402130035980771,-0.12182083095192325,0.15265938965534098,0.27448022060726424,True,False,False,0.27448022060726424
normal_ewma,normal,ewma,overlap_supplement,21,5,2022-03-30,2022-04-29,-0.10637989327578845,0.066,252,500,0.015550502473065941,0.00011558750476674582,,-0.04969818986244032,0.04415707074370551,0.09385526060614582,False,True,False,0.32058207425953833,-0.09378897003269439,0.10066309715488515,0.19445206718757954,False,True,False,0.3203612996185202,-0.13563781990513665,0.15097145204148088,0.28660927194661756,True,False,False,0.28660927194661756
student_t_ewma,student_t,ewma,overlap_supplement,21,5,2022-03-30,2022-04-29,-0.10637989327578845,0.056,252,500,0.015550502473065941,0.00011558750476674582,30.0,-0.04283820829206164,0.056551177242595674,0.09938938553465732,False,True,False,0.35355612546956455,-0.08598728633199056,0.09614037909378748,0.18212766542577802,False,True,False,0.386053734863757,-0.1313482684302368,0.15059053353832147,0.28193880196855825,True,False,False,0.28193880196855825
bootstrap_rolling,bootstrap,rolling,overlap_supplement,21,5,2022-04-06,2022-05-06,-0.04287210034883737,0.264,252,500,0.015433027705934143,-5.5035805406881966e-05,,-0.04656555379616906,0.039970693996277395,0.08653624779244645,True,False,False,0.08653624779244645,-0.0808753132303291,0.08188330463591431,0.1627586178662434,True,False,False,0.1627586178662434,-0.12131252769639783,0.15545092515324854,0.2767634528496464,True,False,False,0.2767634528496464
normal_rolling,normal,rolling,overlap_supplement,21,5,2022-04-06,2022-05-06,-0.04287210034883737,0.288,252,500,0.015433027705934143,-5.5035805406881966e-05,,-0.05052100275033897,0.04649616340936774,0.09701716615970671,True,False,False,0.09701716615970671,-0.07862883120572589,0.08744572057125918,0.16607455177698507,True,False,False,0.16607455177698507,-0.11848377291326645,0.13239112363055797,0.25087489654382444,True,False,False,0.25087489654382444
student_t_rolling,student_t,rolling,overlap_supplement,21,5,2022-04-06,2022-05-06,-0.04287210034883737,0.252,252,500,0.015433027705934143,-5.5035805406881966e-05,30.0,-0.04327934584942428,0.049718660904853995,0.09299800675427827,True,False,False,0.09299800675427827,-0.08627942308109775,0.09283752197029994,0.1791169450513977,True,False,False,0.1791169450513977,-0.12169552593201773,0.13313808465044533,0.25483361058246307,True,False,False,0.25483361058246307
bootstrap_ewma,bootstrap,ewma,overlap_supplement,21,5,2022-04-06,2022-05-06,-0.04287210034883737,0.286,252,500,0.017707620824559137,-5.5035805406881966e-05,,-0.05308149982551483,0.04617355044089011,0.09925505026640494,True,False,False,0.09925505026640494,-0.0920741870923998,0.09469231602971613,0.18676650312211593,True,False,False,0.18676650312211593,-0.1377553557068203,0.180522043424633,0.31827739913145325,True,False,False,0.31827739913145325
normal_ewma,normal,ewma,overlap_supplement,21,5,2022-04-06,2022-05-06,-0.04287210034883737,0.32,252,500,0.017707620824559137,-5.5035805406881966e-05,,-0.057587523702665955,0.05370889683750851,0.11129642054017447,True,False,False,0.11129642054017447,-0.0895275570152024,0.10115256951760103,0.19068012653280342,True,False,False,0.19068012653280342,-0.13456917818279088,0.15352951690564923,0.2880986950884401,True,False,False,0.2880986950884401
student_t_ewma,student_t,ewma,overlap_supplement,21,5,2022-04-06,2022-05-06,-0.04287210034883737,0.282,252,500,0.017707620824559137,-5.5035805406881966e-05,30.0,-0.04933577318477658,0.057432681857436274,0.10676845504221286,True,False,False,0.10676845504221286,-0.09819657750020612,0.10741930082577864,0.20561587832598477,True,False,False,0.20561587832598477,-0.13818662997176828,0.15440265457512697,0.29258928454689526,True,False,False,0.29258928454689526
bootstrap_rolling,bootstrap,rolling,overlap_supplement,21,5,2022-04-13,2022-05-13,-0.04527954760723185,0.242,252,500,0.01544727514872531,-6.143494223649252e-05,,-0.04327077241095417,0.04748398893760153,0.0907547613485557,False,True,False,0.09878986213366642,-0.0814929845758746,0.10985361884179713,0.19134660341767173,True,False,False,0.19134660341767173,-0.11849607243062056,0.16906392416371924,0.2875599965943398,True,False,False,0.2875599965943398
normal_rolling,normal,rolling,overlap_supplement,21,5,2022-04-13,2022-05-13,-0.04527954760723185,0.254,252,500,0.01544727514872531,-6.143494223649252e-05,,-0.04585678001460955,0.04983953855663392,0.09569631857124347,True,False,False,0.09569631857124347,-0.07857167613805263,0.09741724967400467,0.1759889258120573,True,False,False,0.1759889258120573,-0.1197317027579828,0.14100126127888746,0.26073296403687024,True,False,False,0.26073296403687024
student_t_rolling,student_t,rolling,overlap_supplement,21,5,2022-04-13,2022-05-13,-0.04527954760723185,0.266,252,500,0.01544727514872531,-6.143494223649252e-05,30.0,-0.04896972433971694,0.05091934566808193,0.09988907000779887,True,False,False,0.09988907000779887,-0.08791716711165497,0.0993522539136119,0.18726942102526686,True,False,False,0.18726942102526686,-0.13586506230872192,0.1433701406663058,0.2792352029750277,True,False,False,0.2792352029750277
bootstrap_ewma,bootstrap,ewma,overlap_supplement,21,5,2022-04-13,2022-05-13,-0.04527954760723185,0.26,252,500,0.01725358229039443,-6.143494223649252e-05,,-0.048063122262267305,0.05334059178561523,0.10140371404788254,True,False,False,0.10140371404788254,-0.09044052294344128,0.12363253824669244,0.21407306119013372,True,False,False,0.21407306119013372,-0.13127034937701998,0.1907932275413063,0.32206357691832627,True,False,False,0.32206357691832627
normal_ewma,normal,ewma,overlap_supplement,21,5,2022-04-13,2022-05-13,-0.04527954760723185,0.28,252,500,0.01725358229039443,-6.143494223649252e-05,,-0.05093659877485604,0.05598664919042168,0.10692324796527772,True,False,False,0.10692324796527772,-0.08720882011712132,0.10957872821063389,0.1967875483277552,True,False,False,0.1967875483277552,-0.13263036746159068,0.15891162988810012,0.2915419973496908,True,False,False,0.2915419973496908
student_t_ewma,student_t,ewma,overlap_supplement,21,5,2022-04-13,2022-05-13,-0.04527954760723185,0.292,252,500,0.01725358229039443,-6.143494223649252e-05,30.0,-0.05439437907160863,0.05719986081459155,0.11159423988620018,True,False,False,0.11159423988620018,-0.09754312041399,0.11176420621588867,0.20930732662987866,True,False,False,0.20930732662987866,-0.15036707452050938,0.16159940819385044,0.3119664827143598,True,False,False,0.3119664827143598
bootstrap_rolling,bootstrap,rolling,nonoverlap,5,5,2020-01-02,2020-01-09,0.01478674237563804,0.656,252,500,0.01619130949021687,-0.0006263127007088722,,-0.028506369922153357,0.02431365516234818,0.05282002508450154,True,False,False,0.05282002508450154,-0.05363403718566595,0.05125360777869492,0.10488764496436087,True,False,False,0.10488764496436087,-0.08105188472974059,0.0726678764555338,0.1537197611852744,True,False,False,0.1537197611852744
normal_rolling,normal,rolling,nonoverlap,5,5,2020-01-02,2020-01-09,0.01478674237563804,0.688,252,500,0.01619130949021687,-0.0006263127007088722,,-0.02466450272559989,0.026023077508333603,0.050687580233933494,True,False,False,0.050687580233933494,-0.04625354982812518,0.04822342657427017,0.09447697640239536,True,False,False,0.09447697640239536,-0.06585202420142411,0.07488474942523586,0.14073677362665998,True,False,False,0.14073677362665998
student_t_rolling,student_t,rolling,nonoverlap,5,5,2020-01-02,2020-01-09,0.01478674237563804,0.686,252,500,0.01619130949021687,-0.0006263127007088722,30.0,-0.028984487986289748,0.02125833534368954,0.050242823329979286,True,False,False,0.050242823329979286,-0.04583916858669218,0.04259358398355018,0.08843275257024236,True,False,False,0.08843275257024236,-0.07021670437415019,0.07520133075663828,0.14541803513078846,True,False,False,0.14541803513078846
bootstrap_ewma,bootstrap,ewma,nonoverlap,5,5,2020-01-02,2020-01-09,0.01478674237563804,0.668,252,500,0.01577256035866715,-0.0006263127007088722,,-0.027858202809596028,0.0235945510327642,0.05145275384236023,True,False,False,0.05145275384236023,-0.05236059452031294,0.04981050328081604,0.10217109780112898,True,False,False,0.10217109780112898,-0.07911543645947464,0.07063681222846466,0.1497522486879393,True,False,False,0.1497522486879393
normal_ewma,normal,ewma,nonoverlap,5,5,2020-01-02,2020-01-09,0.01478674237563804,0.688,252,500,0.01577256035866715,-0.0006263127007088722,,-0.024113384089675338,0.025258558315573998,0.049371942405249336,True,False,False,0.049371942405249336,-0.04516203545764441,0.04686263248199474,0.09202466793963915,True,False,False,0.09202466793963915,-0.06428063597075341,0.07279224198280693,0.13707287795356032,True,False,False,0.13707287795356032
student_t_ewma,student_t,ewma,nonoverlap,5,5,2020-01-02,2020-01-09,0.01478674237563804,0.69,252,500,0.01577256035866715,-0.0006263127007088722,30.0,-0.028324262784505783,0.020620224012205424,0.048944486796711206,True,False,False,0.048944486796711206,-0.044757911349145106,0.04138513060768997,0.08614304195683507,True,False,False,0.08614304195683507,-0.06853981737815185,0.07310003043377092,0.14163984781192276,True,False,False,0.14163984781192276
bootstrap_rolling,bootstrap,rolling,nonoverlap,5,5,2020-01-09,2020-01-16,-0.0691824126267877,0.104,252,500,0.016254835412702676,-0.000854667287115643,,-0.029725794384638293,0.01716410485197395,0.04688989923661224,False,True,False,0.20471637220520988,-0.07421077720468466,0.04034657863311984,0.1145573558378045,True,False,False,0.1145573558378045,-0.10099467133668338,0.06618126796627676,0.16717593930296015,True,False,False,0.16717593930296015
normal_rolling,normal,rolling,nonoverlap,5,5,2020-01-09,2020-01-16,-0.0691824126267877,0.028,252,500,0.016254835412702676,-0.000854667287115643,,-0.028653608115582985,0.0175664710304258,0.046220079146008786,False,True,False,0.20833529719082766,-0.051801697535606143,0.042016234520779266,0.09381793205638542,False,True,False,0.2676250829682011,-0.06992097582079275,0.06919021620303237,0.1391111920238251,True,False,False,0.1391111920238251
student_t_rolling,student_t,rolling,nonoverlap,5,5,2020-01-09,2020-01-16,-0.0691824126267877,0.028,252,500,0.016254835412702676,-0.000854667287115643,30.0,-0.026948039910514143,0.020701364091049612,0.047649404001563755,False,True,False,0.216586894866658,-0.05010591875806873,0.04069081237291851,0.09079673113098724,False,True,False,0.281561669818177,-0.07011430409878402,0.07011216467948467,0.1402264687782687,True,False,False,0.1402264687782687
bootstrap_ewma,bootstrap,ewma,nonoverlap,5,5,2020-01-09,2020-01-16,-0.0691824126267877,0.104,252,500,0.016719592626889625,-0.000854667287115643,,-0.030444136070345906,0.01778351627767183,0.048227652348017735,False,True,False,0.20318075857378493,-0.07613672964847042,0.04165106035265477,0.11778779000112519,True,False,False,0.11778779000112519,-0.10361763678151836,0.06826710438188191,0.17188474116340027,True,False,False,0.17188474116340027
normal_ewma,normal,ewma,nonoverlap,5,5,2020-01-09,2020-01-16,-0.0691824126267877,0.032,252,500,0.016719592626889625,-0.000854667287115643,,-0.029342092996334557,0.018197642325733288,0.047539735322067844,False,True,False,0.20690101384388043,-0.05312698543827998,0.04337064816024804,0.09649763359852803,False,True,False,0.25705190548360524,-0.07173316017319262,0.07136826399896513,0.14310142417215777,True,False,False,0.14310142417215777
student_t_ewma,student_t,ewma,nonoverlap,5,5,2020-01-09,2020-01-16,-0.0691824126267877,0.028,252,500,0.016719592626889625,-0.000854667287115643,30.0,-0.02758895878053952,0.021424309032014643,0.04901326781255416,False,True,False,0.2153870831975469,-0.051385114560706865,0.04200558228885027,0.09339069684955714,False,True,False,0.27136367751036555,-0.07193163144018005,0.07231851629137781,0.14425014773155787,True,False,False,0.14425014773155787
bootstrap_rolling,bootstrap,rolling,nonoverlap,5,5,2020-01-16,2020-01-24,-0.0007713555566187802,0.526,252,500,0.016195915823986183,-0.001330783009780268,,-0.026574495808958515,0.02085793141478387,0.047432427223742385,True,False,False,0.047432427223742385,-0.04787646681683844,0.051161067377583525,0.09903753419442196,True,False,False,0.09903753419442196,-0.07795689785554039,0.06999510150471,0.14795199936025039,True,False,False,0.14795199936025039
normal_rolling,normal,rolling,nonoverlap,5,5,2020-01-16,2020-01-24,-0.0007713555566187802,0.576,252,500,0.016195915823986183,-0.001330783009780268,,-0.03029980287785025,0.01881416840774436,0.04911397128559461,True,False,False,0.04911397128559461,-0.051288808231180275,0.04401965094226099,0.09530845917344127,True,False,False,0.09530845917344127,-0.07177157852704279,0.06389871943212695,0.13567029795916974,True,False,False,0.13567029795916974
student_t_rolling,student_t,rolling,nonoverlap,5,5,2020-01-16,2020-01-24,-0.0007713555566187802,0.524,252,500,0.016195915823986183,-0.001330783009780268,30.0,-0.030006204081606286,0.022746325210317164,0.05275252929192345,True,False,False,0.05275252929192345,-0.04841244108283724,0.045679745845929355,0.09409218692876659,True,False,False,0.09409218692876659,-0.07006277253882967,0.07368686150863575,0.14374963404746544,True,False,False,0.14374963404746544
bootstrap_ewma,bootstrap,ewma,nonoverlap,5,5,2020-01-16,2020-01-24,-0.0007713555566187802,0.526,252,500,0.016249684387406153,-0.001330783009780268,,-0.026640031815335086,0.02095044969900317,0.047590481514338256,True,False,False,0.047590481514338256,-0.048010502013908773,0.05135842767053411,0.09936892968444289,True,False,False,0.09936892968444289,-0.07818494854056544,0.07025909533019137,0.14844404387075683,True,False,False,0.14844404387075683
normal_ewma,normal,ewma,nonoverlap,5,5,2020-01-16,2020-01-24,-0.0007713555566187802,0.576,252,500,0.016249684387406153,-0.001330783009780268,,-0.030377431118990383,0.01889972265427725,0.049277153773267635,True,False,False,0.049277153773267635,-0.05143366964985656,0.04419203828240948,0.09562570793226605,True,False,False,0.09562570793226605,-0.07198056065075505,0.06414102801690319,0.13612158866765822,True,False,False,0.13612158866765822
student_t_ewma,student_t,ewma,nonoverlap,5,5,2020-01-16,2020-01-24,-0.0007713555566187802,0.524,252,500,0.016249684387406153,-0.001330783009780268,30.0,-0.030082881033668907,0.022845290290469722,0.05292817132413863,True,False,False,0.05292817132413863,-0.04854817929416981,0.04585792405221112,0.09440610334638093,True,False,False,0.09440610334638093,-0.07026646193848882,0.07396404677173515,0.14423050871022397,True,False,False,0.14423050871022397
bootstrap_rolling,bootstrap,rolling,nonoverlap,5,5,2020-01-24,2020-01-31,0.05078182495080008,0.91,252,500,0.016173150853753288,-0.0015552218221848437,,-0.030052894273689207,0.019575925105675296,0.0496288193793645,False,False,True,0.17445241875986364,-0.057971419135094404,0.04874098633247237,0.10671240546756677,False,False,True,0.1271207916508439,-0.08247513478678925,0.07021207638513505,0.1526872111719243,True,False,False,0.1526872111719243
normal_rolling,normal,rolling,nonoverlap,5,5,2020-01-24,2020-01-31,0.05078182495080008,0.932,252,500,0.016173150853753288,-0.0015552218221848437,,-0.030844331913238515,0.015101260330212085,0.0459455922434506,False,False,True,0.18866785072580258,-0.05372186810613998,0.0401556616782004,0.09387752978434039,False,False,True,0.2001391625103372,-0.0710615119492329,0.07393987454014819,0.1450013864893811,True,False,False,0.1450013864893811
student_t_rolling,student_t,rolling,nonoverlap,5,5,2020-01-24,2020-01-31,0.05078182495080008,0.932,252,500,0.016173150853753288,-0.0015552218221848437,30.0,-0.02917418707214109,0.019826722764694438,0.04900090983683553,False,False,True,0.1728213185812581,-0.046440484899709616,0.04251024731507504,0.08895073221478467,False,False,True,0.17166650857203505,-0.06961250875390922,0.06896384086937479,0.13857634962328402,True,False,False,0.13857634962328402
bootstrap_ewma,bootstrap,ewma,nonoverlap,5,5,2020-01-24,2020-01-31,0.05078182495080008,0.91,252,500,0.016118500283068323,-0.0015552218221848437,,-0.029978367923571808,0.019482346690860464,0.04946071461443227,False,False,True,0.17465862765419074,-0.05780605781583947,0.04854479731279193,0.1063508551286314,False,False,True,0.1287211315087129,-0.08223234283290515,0.06993859649321843,0.15217093932612358,True,False,False,0.15217093932612358
normal_ewma,normal,ewma,nonoverlap,5,5,2020-01-24,2020-01-31,0.05078182495080008,0.932,252,500,0.016118500283068323,-0.0015552218221848437,,-0.030767192897285023,0.015023178317390029,0.04579037121467505,False,False,True,0.18882495774831526,-0.0535701552138644,0.03998996524430541,0.0935601204581698,False,False,True,0.20147871752311652,-0.07085451582188929,0.07365282554457726,0.14450734136646654,True,False,False,0.14450734136646654
student_t_ewma,student_t,ewma,nonoverlap,5,5,2020-01-24,2020-01-31,0.05078182495080008,0.932,252,500,0.016118500283068323,-0.0015552218221848437,30.0,-0.02910256400552194,0.019732273821376545,0.048834837826898486,False,False,True,0.17303304234459263,-0.04631230725298183,0.04233621174526516,0.088648518998247,False,False,True,0.1731046510535962,-0.06941009525212888,0.0686948943026818,0.13810498955481068,True,False,False,0.13810498955481068
bootstrap_rolling,bootstrap,rolling,nonoverlap,5,5,2020-01-31,2020-02-07,0.032703955553099906,0.86,252,500,0.01596605284130468,-0.0011537221358986713,,-0.035727778906863406,0.01756714546948618,0.053294924376349584,False,False,True,0.1138421647108045,-0.0595382892118016,0.04259192598502658,0.10213021519682818,True,False,False,0.10213021519682818,-0.0944778049615781,0.06637479376194344,0.16085259872352153,True,False,False,0.16085259872352153
normal_rolling,normal,rolling,nonoverlap,5,5,2020-01-31,2020-02-07,0.032703955553099906,0.864,252,500,0.01596605284130468,-0.0011537221358986713,,-0.03043065039581533,0.017002024162636686,0.047432674558452015,False,False,True,0.1102404001203049,-0.04659109365164859,0.039569277682791185,0.08616037133443977,True,False,False,0.08616037133443977,-0.07287278553768145,0.06347826887759188,0.13635105441527334,True,False,False,0.13635105441527334
student_t_rolling,student_t,rolling,nonoverlap,5,5,2020-01-31,2020-02-07,0.032703955553099906,0.84,252,500,0.01596605284130468,-0.0011537221358986713,30.0,-0.027872991034734618,0.021047676881998822,0.04892066791673344,False,False,True,0.09554578260113777,-0.04863627423617759,0.0472638165676709,0.09590009080384848,True,False,False,0.09590009080384848,-0.07174102203655343,0.07050575872310948,0.1422467807596629,True,False,False,0.1422467807596629
bootstrap_ewma,bootstrap,ewma,nonoverlap,5,5,2020-01-31,2020-02-07,0.032703955553099906,0.87,252,500,0.015781343367257367,-0.0011537221358986713,,-0.035386213059451666,0.017294263471298532,0.0526804765307502,False,False,True,0.11431924485795569,-0.05893299000056762,0.042019406939386245,0.10095239693995386,True,False,False,0.10095239693995386,-0.09349804323706945,0.0655111569161837,0.15900920015325315,True,False,False,0.15900920015325315
normal_ewma,normal,ewma,nonoverlap,5,5,2020-01-31,2020-02-07,0.032703955553099906,0.864,252,500,0.015781343367257367,-0.0011537221358986713,,-0.03014867794740092,0.016735830620590197,0.04688450856799112,False,False,True,0.11075700829802995,-0.046128357503018434,0.0390333263472611,0.08516168385027953,True,False,False,0.08516168385027953,-0.07212279101289246,0.06265041303882787,0.13477320405172033,True,False,False,0.13477320405172033
student_t_ewma,student_t,ewma,nonoverlap,5,5,2020-01-31,2020-02-07,0.032703955553099906,0.842,252,500,0.015781343367257367,-0.0011537221358986713,30.0,-0.02761991116480647,0.020733541011669965,0.048353452176476436,False,False,True,0.0962351103421962,-0.048150883869116236,0.04663460239444453,0.09478548626356076,True,False,False,0.09478548626356076,-0.07100322404500632,0.06959093261215937,0.14059415665716568,True,False,False,0.14059415665716568
bootstrap_rolling,bootstrap,rolling,nonoverlap,5,5,2020-02-07,2020-02-14,0.010721538576022205,0.68,252,500,0.01598348994772855,-0.0010610277323219654,,-0.026989443181300143,0.016349480913117276,0.04333892409441742,True,False,False,0.04333892409441742,-0.05960995122405539,0.04217118825728461,0.10178113948133999,True,False,False,0.10178113948133999,-0.08247513478678925,0.06596737103422412,0.14844250582101337,True,False,False,0.14844250582101337
normal_rolling,normal,rolling,nonoverlap,5,5,2020-02-07,2020-02-14,0.010721538576022205,0.684,252,500,0.01598348994772855,-0.0010610277323219654,,-0.02560878815098297,0.020550160435796605,0.046158948586779575,True,False,False,0.046158948586779575,-0.04740605337622899,0.04298057554116257,0.09038662891739156,True,False,False,0.09038662891739156,-0.07248838712306635,0.06919453850850568,0.14168292563157203,True,False,False,0.14168292563157203
student_t_rolling,student_t,rolling,nonoverlap,5,5,2020-02-07,2020-02-14,0.010721538576022205,0.686,252,500,0.01598348994772855,-0.0010610277323219654,30.0,-0.02853978179258232,0.01751644938735769,0.04605623117994001,True,False,False,0.04605623117994001,-0.048107681081111485,0.03886013829113837,0.08696781937224986,True,False,False,0.08696781937224986,-0.07033365293454834,0.059117750131615146,0.12945140306616348,True,False,False,0.12945140306616348
bootstrap_ewma,bootstrap,ewma,nonoverlap,5,5,2020-02-07,2020-02-14,0.010721538576022205,0.68,252,500,0.015784959504944355,-0.0010610277323219654,,-0.026722853272677982,0.016077817383634674,0.042800670656312656,True,False,False,0.042800670656312656,-0.058953796344932294,0.041567989286403595,0.10052178563133589,True,False,False,0.10052178563133589,-0.0815541684272233,0.06505169324705395,0.14660586167427725,True,False,False,0.14660586167427725
normal_ewma,normal,ewma,nonoverlap,5,5,2020-02-07,2020-02-14,0.010721538576022205,0.684,252,500,0.015784959504944355,-0.0010610277323219654,,-0.02535898582770943,0.0202251051768369,0.04558409100454633,True,False,False,0.04558409100454633,-0.04689404081644825,0.04236685598533965,0.08926089680178789,True,False,False,0.08926089680178789,-0.071682231136842,0.06823597523158041,0.1399182063684224,True,False,False,0.1399182063684224
student_t_ewma,student_t,ewma,nonoverlap,5,5,2020-02-07,2020-02-14,0.010721538576022205,0.688,252,500,0.015784959504944355,-0.0010610277323219654,30.0,-0.028254369833590393,0.01722997471657084,0.04548434455016123,True,False,False,0.04548434455016123,-0.04758732923071526,0.038299893777141124,0.08588722300785638,True,False,False,0.08588722300785638,-0.06955244206505483,0.05829269175677229,0.1278451338218271,True,False,False,0.1278451338218271
bootstrap_rolling,bootstrap,rolling,nonoverlap,5,5,2020-02-14,2020-02-24,0.0702380526609816,0.982,252,500,0.015807929368711053,-0.0009658177331231944,,-0.026972908990462147,0.01937514854806327,0.04634805753852542,False,False,True,0.24979967399019873,-0.05451469916386564,0.0409766634794988,0.09549136264336444,False,False,True,0.3881052544581925,-0.0794788188772132,0.06354014851866818,0.14301896739588138,False,False,True,0.4109351330884178
normal_rolling,normal,rolling,nonoverlap,5,5,2020-02-14,2020-02-24,0.0702380526609816,0.972,252,500,0.015807929368711053,-0.0009658177331231944,,-0.027374612566599593,0.019828706089080717,0.04720331865568031,False,False,True,0.24884070494328384,-0.05448611739742492,0.039612505976495224,0.09409862337392014,False,False,True,0.4003540902187839,-0.07529913099633322,0.07202243533830141,0.1473215663346346,True,False,False,0.1473215663346346
student_t_rolling,student_t,rolling,nonoverlap,5,5,2020-02-14,2020-02-24,0.0702380526609816,0.982,252,500,0.015807929368711053,-0.0009658177331231944,30.0,-0.026356684175644712,0.01887823812676509,0.0452349223024098,False,False,True,0.2506741804392758,-0.045914249605308766,0.044269400076082405,0.09018364968139117,False,False,True,0.34987017553038313,-0.07105870073116202,0.06589236490647611,0.13695106563763815,False,False,True,0.31077857581785745
bootstrap_ewma,bootstrap,ewma,nonoverlap,5,5,2020-02-14,2020-02-24,0.0702380526609816,0.988,252,500,0.015268029373864404,-0.0009658177331231944,,-0.02622441572165224,0.018539260714758588,0.044763676436410826,False,False,True,0.25155884422130287,-0.05285900843090818,0.0393784056002473,0.09223741403115548,False,False,True,0.4008338846384985,-0.0770237240471523,0.061129808932633756,0.13815353297978605,False,False,True,0.5024832821136994
normal_ewma,normal,ewma,nonoverlap,5,5,2020-02-14,2020-02-24,0.0702380526609816,0.976,252,500,0.015268029373864404,-0.0009658177331231944,,-0.02661270085566836,0.018976965215275088,0.045589666070943446,False,False,True,0.2506340158537695,-0.052831354552805423,0.03806283252742214,0.09089418708022756,False,False,True,0.41264638841582224,-0.07297633710219247,0.06930270512731324,0.14227904222950571,False,False,True,0.1796929435762402
student_t_ewma,student_t,ewma,nonoverlap,5,5,2020-02-14,2020-02-24,0.0702380526609816,0.984,252,500,0.015268029373864404,-0.0009658177331231944,30.0,-0.025628785846668833,0.018059710153243425,0.04368849599991226,False,False,True,0.25240186603086495,-0.0445390386719805,0.042553628549319975,0.08709266722130048,False,False,True,0.36393690833791675,-0.06887076502973938,0.06339645313841617,0.13226721816815556,False,False,True,0.40593119907077235
bootstrap_rolling,bootstrap,rolling,nonoverlap,5,5,2020-02-24,2020-03-02,0.02537528060862071,0.794,252,500,0.016145174303709726,-0.0007241625269833617,,-0.025115828497825343,0.01930822302885926,0.044424051526684605,False,False,True,0.0686922818457304,-0.06025490933433941,0.05005996282370062,0.11031487215804003,True,False,False,0.11031487215804003,-0.09884082334616184,0.0682754553268958,0.16711627867305764,True,False,False,0.16711627867305764
normal_rolling,normal,rolling,nonoverlap,5,5,2020-02-24,2020-03-02,0.02537528060862071,0.782,252,500,0.016145174303709726,-0.0007241625269833617,,-0.02849824113981428,0.02050883912592316,0.04900708026573744,False,False,True,0.06847284619652763,-0.05368424415735064,0.04409830920447817,0.09778255336182881,True,False,False,0.09778255336182881,-0.0762901320361558,0.06394375823751894,0.14023389027367472,True,False,False,0.14023389027367472
student_t_rolling,student_t,rolling,nonoverlap,5,5,2020-02-24,2020-03-02,0.02537528060862071,0.816,252,500,0.016145174303709726,-0.0007241625269833617,27.321929001206797,-0.02975197406114863,0.01815499397255299,0.04790696803370162,False,False,True,0.0767881145779725,-0.05022883693137258,0.04113637235544583,0.0913652092868184,True,False,False,0.0913652092868184,-0.0787593179934072,0.06737021012307723,0.14612952811648444,True,False,False,0.14612952811648444
bootstrap_ewma,bootstrap,ewma,nonoverlap,5,5,2020-02-24,2020-03-02,0.02537528060862071,0.782,252,500,0.017375612287156394,-0.0007241625269833617,,-0.026735325661665144,0.021076640782369926,0.04781196644403507,False,False,True,0.0650065257490382,-0.0644371237289687,0.054267179386986664,0.11870430311595537,True,False,False,0.11870430311595537,-0.10571337753355947,0.07396250330955365,0.17967588084311312,True,False,False,0.17967588084311312
normal_ewma,normal,ewma,nonoverlap,5,5,2020-02-24,2020-03-02,0.02537528060862071,0.766,252,500,0.017375612287156394,-0.0007241625269833617,,-0.030368983802120858,0.0223710569689215,0.05274004077104236,False,False,True,0.0647569353298392,-0.05739530110266077,0.047826872337749314,0.10522217344041009,True,False,False,0.10522217344041009,-0.08160614472225235,0.06927647705915416,0.1508826217814065,True,False,False,0.1508826217814065
student_t_ewma,student_t,ewma,nonoverlap,5,5,2020-02-24,2020-03-02,0.02537528060862071,0.792,252,500,0.017375612287156394,-0.0007241625269833617,27.321929001206797,-0.03171560314586516,0.01983342376532482,0.05154902691118998,False,False,True,0.07371645428437354,-0.053690605874680886,0.04462816639016523,0.09831877226484612,True,False,False,0.09831877226484612,-0.08424812930004826,0.07298299213219335,0.1572311214322416,True,False,False,0.1572311214322416
bootstrap_rolling,bootstrap,rolling,nonoverlap,5,5,2020-03-02,2020-03-09,0.012726032095234707,0.684,252,500,0.016529653421064994,-0.0006835862368092654,,-0.019630124925142822,0.020310468556535843,0.039940593481678666,True,False,False,0.039940593481678666,-0.05140193957378936,0.04968776382845491,0.10108970340224427,True,False,False,0.10108970340224427,-0.08877653662855327,0.0702380526609816,0.15901458928953488,True,False,False,0.15901458928953488
normal_rolling,normal,rolling,nonoverlap,5,5,2020-03-02,2020-03-09,0.012726032095234707,0.696,252,500,0.016529653421064994,-0.0006835862368092654,,-0.030846414259796978,0.02074136674910887,0.05158778100890585,True,False,False,0.05158778100890585,-0.05044107939427663,0.04861924587411866,0.09906032526839528,True,False,False,0.09906032526839528,-0.07697197997473172,0.07203521355616034,0.14900719353089206,True,False,False,0.14900719353089206
student_t_rolling,student_t,rolling,nonoverlap,5,5,2020-03-02,2020-03-09,0.012726032095234707,0.668,252,500,0.016529653421064994,-0.0006835862368092654,30.0,-0.029909727627741384,0.01987873729257983,0.04978846492032121,True,False,False,0.04978846492032121,-0.04619946140483455,0.047203637066049825,0.09340309847088438,True,False,False,0.09340309847088438,-0.0731312411759282,0.07109872264525124,0.14422996382117945,True,False,False,0.14422996382117945
bootstrap_ewma,bootstrap,ewma,nonoverlap,5,5,2020-03-02,2020-03-09,0.012726032095234707,0.65,252,500,0.019099440881652767,-0.0006835862368092654,,-0.022127651012263883,0.02404888669141969,0.04617653770368357,True,False,False,0.04617653770368357,-0.058652256898870436,0.05819334572009079,0.11684560261896124,True,False,False,0.11684560261896124,-0.10137101081343938,0.08216712548202576,0.18353813629546514,True,False,False,0.18353813629546514
normal_ewma,normal,ewma,nonoverlap,5,5,2020-03-02,2020-03-09,0.012726032095234707,0.672,252,500,0.019099440881652767,-0.0006835862368092654,,-0.03504313430852063,0.024548628231056246,0.059591762539576876,True,False,False,0.059591762539576876,-0.05755040856950869,0.05694880349208334,0.11449921206159203,True,False,False,0.11449921206159203,-0.08790980548218982,0.08426710228124856,0.17217690776343839,True,False,False,0.17217690776343839
student_t_ewma,student_t,ewma,nonoverlap,5,5,2020-03-02,2020-03-09,0.012726032095234707,0.646,252,500,0.019099440881652767,-0.0006835862368092654,30.0,-0.033965431226854664,0.023548224882684432,0.057513656109539096,True,False,False,0.057513656109539096,-0.05268436822174307,0.05530029703149265,0.10798466525323572,True,False,False,0.10798466525323572,-0.08352289167979456,0.0831727541587595,0.16669564583855406,True,False,False,0.16669564583855406
bootstrap_rolling,bootstrap,rolling,nonoverlap,5,5,2020-03-09,2020-03-16,-0.02973592783191714,0.174,252,500,0.016443233877799227,-0.00036506659328260234,,-0.023351851042810567,0.020894018141679016,0.044245869184489584,False,True,False,0.06978217634091588,-0.0447145099442513,0.050660385333584884,0.09537489527783619,True,False,False,0.09537489527783619,-0.0944778049615781,0.07428371796962029,0.1687615229311984,True,False,False,0.1687615229311984
normal_rolling,normal,rolling,nonoverlap,5,5,2020-03-09,2020-03-16,-0.02973592783191714,0.184,252,500,0.016443233877799227,-0.00036506659328260234,,-0.02266928407046437,0.023308602590088046,0.045977886660552414,False,True,False,0.07424446170636351,-0.0423103758179542,0.045927921858665004,0.0882382976766192,True,False,False,0.0882382976766192,-0.06834331306657786,0.06865991589797166,0.13700322896454953,True,False,False,0.13700322896454953
student_t_rolling,student_t,rolling,nonoverlap,5,5,2020-03-09,2020-03-16,-0.02973592783191714,0.24,252,500,0.016443233877799227,-0.00036506659328260234,29.51830180134499,-0.028328010769870182,0.023613585056869058,0.05194159582673924,False,True,False,0.05757326407492708,-0.04682334013711646,0.044540744568465976,0.09136408470558244,True,False,False,0.09136408470558244,-0.06371641205188532,0.07266568659765762,0.13638209864954293,True,False,False,0.13638209864954293
bootstrap_ewma,bootstrap,ewma,nonoverlap,5,5,2020-03-09,2020-03-16,-0.02973592783191714,0.2,252,500,0.018188842298907878,-0.00036506659328260234,,-0.025609837206876596,0.02333587440092666,0.048945711607803255,False,True,False,0.06545007410796544,-0.04915816318020183,0.05639162842473125,0.10554979160493308,True,False,False,0.10554979160493308,-0.10379434877428206,0.0826971775918166,0.18649152636609867,True,False,False,0.18649152636609867
normal_ewma,normal,ewma,nonoverlap,5,5,2020-03-09,2020-03-16,-0.02973592783191714,0.214,252,500,0.018188842298907878,-0.00036506659328260234,,-0.024856526742886992,0.026013514748901012,0.050870041491788004,False,True,False,0.0703876458479086,-0.046510819988356183,0.05112947420244897,0.09764029419080515,True,False,False,0.09764029419080515,-0.07513938884221585,0.07642877431865022,0.15156816316086608,True,False,False,0.15156816316086608
student_t_ewma,student_t,ewma,nonoverlap,5,5,2020-03-09,2020-03-16,-0.02973592783191714,0.266,252,500,0.018188842298907878,-0.00036506659328260234,29.51830180134499,-0.031100050558707182,0.02635177196240468,0.05745182252111186,True,False,False,0.05745182252111186,-0.051479742946642607,0.0495875105784507,0.1010672535250933,True,False,False,0.1010672535250933,-0.07005729842805015,0.08089282521730927,0.15095012364535942,True,False,False,0.15095012364535942
bootstrap_rolling,bootstrap,rolling,nonoverlap,5,5,2020-03-16,2020-03-23,0.004020445771989234,0.554,252,500,0.01645246599752184,-0.0003060306949974839,,-0.02503947528860076,0.02258046262266089,0.04761993791126165,True,False,False,0.04761993791126165,-0.04746401120010646,0.05571499562078985,0.10317900682089631,True,False,False,0.10317900682089631,-0.07695077535724391,0.07022571392995448,0.1471764892871984,True,False,False,0.1471764892871984
normal_rolling,normal,rolling,nonoverlap,5,5,2020-03-16,2020-03-23,0.004020445771989234,0.574,252,500,0.01645246599752184,-0.0003060306949974839,,-0.02917403569969043,0.021383392794879552,0.050557428494569984,True,False,False,0.050557428494569984,-0.04877409281538745,0.04844923599814288,0.09722332881353032,True,False,False,0.09722332881353032,-0.06961481217924208,0.07908634206860186,0.14870115424784394,True,False,False,0.14870115424784394
student_t_rolling,student_t,rolling,nonoverlap,5,5,2020-03-16,2020-03-23,0.004020445771989234,0.546,252,500,0.01645246599752184,-0.0003060306949974839,30.0,-0.02317534049406672,0.025903332886857755,0.049078673380924476,True,False,False,0.049078673380924476,-0.046771557841649505,0.04992960332126388,0.09670116116291338,True,False,False,0.09670116116291338,-0.06549398843468583,0.07627274633763341,0.14176673477231924,True,False,False,0.14176673477231924
bootstrap_ewma,bootstrap,ewma,nonoverlap,5,5,2020-03-16,2020-03-23,0.004020445771989234,0.554,252,500,0.017496881111158755,-0.0003060306949974839,,-0.02651311369066564,0.024130453086094628,0.05064356677676027,True,False,False,0.05064356677676027,-0.05030762032097291,0.059457738874019395,0.1097653591949923,True,False,False,0.1097653591949923,-0.08154152369825221,0.07495104558417462,0.15649256928242683,True,False,False,0.15649256928242683
normal_ewma,normal,ewma,nonoverlap,5,5,2020-03-16,2020-03-23,0.004020445771989234,0.57,252,500,0.017496881111158755,-0.0003060306949974839,,-0.03090290143245608,0.022855510655038047,0.05375841208749413,True,False,False,0.05375841208749413,-0.05169664697750511,0.05170504694969933,0.10340169392720444,True,False,False,0.10340169392720444,-0.07377678032949629,0.08441824735004598,0.15819502767954227,True,False,False,0.15819502767954227
student_t_ewma,student_t,ewma,nonoverlap,5,5,2020-03-16,2020-03-23,0.004020445771989234,0.544,252,500,0.017496881111158755,-0.0003060306949974839,30.0,-0.024533516958574697,0.02766998297224149,0.05220349993081619,True,False,False,0.05220349993081619,-0.049573390896734536,0.05328435032971845,0.10285774122645298,True,False,False,0.10285774122645298,-0.06941335223297716,0.0814115246408684,0.15082487687384555,True,False,False,0.15082487687384555
bootstrap_rolling,bootstrap,rolling,nonoverlap,5,5,2020-03-23,2020-03-30,0.0687880116892925,0.964,252,500,0.016384195296906236,-0.0002522032785579171,,-0.025149859928321167,0.021440698213812448,0.046590558142133615,False,False,True,0.2359798120440538,-0.0448037400814768,0.04964640838453871,0.09445014846601552,False,False,True,0.28586618151355336,-0.07412536149530136,0.07059126788571968,0.14471662938102103,True,False,False,0.14471662938102103
normal_rolling,normal,rolling,nonoverlap,5,5,2020-03-23,2020-03-30,0.0687880116892925,0.968,252,500,0.016384195296906236,-0.0002522032785579171,,-0.026654562560589706,0.025391860905770725,0.05204642346636043,False,False,True,0.2256310266004475,-0.04541361276569136,0.04924634064483546,0.09465995341052683,False,False,True,0.29007666385509717,-0.06643831959289682,0.0760300257875123,0.14246834538040914,True,False,False,0.14246834538040914
student_t_rolling,student_t,rolling,nonoverlap,5,5,2020-03-23,2020-03-30,0.0687880116892925,0.98,252,500,0.016384195296906236,-0.0002522032785579171,26.062974378475012,-0.02626897828043967,0.02090661433430996,0.04717559261474963,False,False,True,0.23870118203467977,-0.04843773144608778,0.044719821697112375,0.09315755314320015,False,False,True,0.3338394530650014,-0.06731489216313893,0.06585755683115593,0.13317244899429487,False,False,True,0.2503906433197572
bootstrap_ewma,bootstrap,ewma,nonoverlap,5,5,2020-03-23,2020-03-30,0.0687880116892925,0.964,252,500,0.016357252219447522,-0.0002522032785579171,,-0.02511104735668801,0.021402947186186516,0.046513994542874526,False,False,True,0.23605425255529844,-0.04473371633052397,0.04956060008513474,0.09429431641565872,False,False,True,0.2865684324572363,-0.07401001218163594,0.07046896649544654,0.14447897867708248,True,False,False,0.14447897867708248
normal_ewma,normal,ewma,nonoverlap,5,5,2020-03-23,2020-03-30,0.0687880116892925,0.968,252,500,0.016357252219447522,-0.0002522032785579171,,-0.026613337300819273,0.025347453734780978,0.05196079103560025,False,False,True,0.22572302285364632,-0.045342631056508736,0.049161222677266816,0.09450385373377555,False,False,True,0.29077174385403237,-0.06633470747476326,0.07589813763957734,0.1422328451143406,True,False,False,0.1422328451143406
student_t_ewma,student_t,ewma,nonoverlap,5,5,2020-03-23,2020-03-30,0.0687880116892925,0.98,252,500,0.016357252219447522,-0.0002522032785579171,26.062974378475012,-0.026228370903970233,0.020869761060999414,0.04709813196496965,False,False,True,0.23877113447814197,-0.048362009034781675,0.04464249794566562,0.0930045069804473,False,False,True,0.3344596444167161,-0.06720993642104639,0.06574356206871743,0.13295349848976382,False,False,True,0.2547314833127664
bootstrap_rolling,bootstrap,rolling,nonoverlap,5,5,2020-03-30,2020-04-06,0.011289043829695089,0.638,252,500,0.016602278331424362,-8.523426182958348e-05,,-0.026903337112894166,0.021562080612760215,0.04846541772565438,True,False,False,0.04846541772565438,-0.05140193957378936,0.05139713781854094,0.1027990773923303,True,False,False,0.1027990773923303,-0.07824247480850022,0.07059126788571968,0.1488337426942199,True,False,False,0.1488337426942199
normal_rolling,normal,rolling,nonoverlap,5,5,2020-03-30,2020-04-06,0.011289043829695089,0.636,252,500,0.016602278331424362,-8.523426182958348e-05,,-0.022825562794249604,0.023463986992428243,0.04628954978667785,True,False,False,0.04628954978667785,-0.048972741519502115,0.04863141115977243,0.09760415267927455,True,False,False,0.09760415267927455,-0.07123612645835625,0.07729674670149483,0.1485328731598511,True,False,False,0.1485328731598511
student_t_rolling,student_t,rolling,nonoverlap,5,5,2020-03-30,2020-04-06,0.011289043829695089,0.614,252,500,0.016602278331424362,-8.523426182958348e-05,30.0,-0.023806797325158446,0.02571941135734107,0.04952620868249952,True,False,False,0.04952620868249952,-0.044155868508547094,0.05048275613020858,0.09463862463875566,True,False,False,0.09463862463875566,-0.06501110343357078,0.07697959441527881,0.1419906978488496,True,False,False,0.1419906978488496
bootstrap_ewma,bootstrap,ewma,nonoverlap,5,5,2020-03-30,2020-04-06,0.011289043829695089,0.634,252,500,0.017035155609879473,-8.523426182958348e-05,,-0.02758422497425983,0.02214181091526296,0.04972603588952279,True,False,False,0.04972603588952279,-0.05269568672856173,0.05278369376213843,0.10547938049070016,True,False,False,0.10547938049070016,-0.0801882445607014,0.0725089179638807,0.1526971625245821,True,False,False,0.1526971625245821
normal_ewma,normal,ewma,nonoverlap,5,5,2020-03-30,2020-04-06,0.011289043829695089,0.63,252,500,0.017035155609879473,-8.523426182958348e-05,,-0.02340282875607519,0.0240944606555919,0.04749728941166709,True,False,False,0.04749728941166709,-0.05020646767843511,0.04994221036150859,0.1001486780399437,True,False,False,0.1001486780399437,-0.07301368323164771,0.07940211753048153,0.15241580076212924,True,False,False,0.15241580076212924
student_t_ewma,student_t,ewma,nonoverlap,5,5,2020-03-30,2020-04-06,0.011289043829695089,0.61,252,500,0.017035155609879473,-8.523426182958348e-05,30.0,-0.024409038089084567,0.026410183612106564,0.05081922170119113,True,False,False,0.05081922170119113,-0.04527008879891947,0.051844245024368144,0.09711433382328762,True,False,False,0.09711433382328762,-0.06663802197678977,0.07907606733981846,0.14571408931660823,True,False,False,0.14571408931660823
bootstrap_rolling,bootstrap,rolling,nonoverlap,5,5,2020-04-06,2020-04-14,0.01967104833868638,0.714,252,500,0.016420741757204815,-0.0002941902871110444,,-0.025115828497825343,0.021926227809603516,0.04704205630742886,True,False,False,0.04704205630742886,-0.057971419135094404,0.05011865574560889,0.1080900748807033,True,False,False,0.1080900748807033,-0.0944778049615781,0.06999510150471,0.1644729064662881,True,False,False,0.1644729064662881
normal_rolling,normal,rolling,nonoverlap,5,5,2020-04-06,2020-04-14,0.01967104833868638,0.716,252,500,0.016420741757204815,-0.0002941902871110444,,-0.02451063096729178,0.022741596259873598,0.04725222722716538,True,False,False,0.04725222722716538,-0.04423906038882224,0.045739169717473764,0.089978230106296,True,False,False,0.089978230106296,-0.06931741898641197,0.06377379477217342,0.1330912137585854,True,False,False,0.1330912137585854
student_t_rolling,student_t,rolling,nonoverlap,5,5,2020-04-06,2020-04-14,0.01967104833868638,0.744,252,500,0.016420741757204815,-0.0002941902871110444,30.0,-0.02830954458342294,0.02020206689663051,0.04851161148005345,True,False,False,0.04851161148005345,-0.05270743736905997,0.0435750081966747,0.09628244556573468,True,False,False,0.09628244556573468,-0.07465386106857576,0.07038192826308146,0.14503578933165723,True,False,False,0.14503578933165723
bootstrap_ewma,bootstrap,ewma,nonoverlap,5,5,2020-04-06,2020-04-14,0.01967104833868638,0.714,252,500,0.01657228721467537,-0.0002941902871110444,,-0.025331426422018688,0.022144681545624545,0.04747610796764323,True,False,False,0.04747610796764323,-0.05847769105124556,0.050606967333013675,0.10908465838425924,True,False,False,0.10908465838425924,-0.09529451937681599,0.07067792075925139,0.16597244013606738,True,False,False,0.16597244013606738
normal_ewma,normal,ewma,nonoverlap,5,5,2020-04-06,2020-04-14,0.01967104833868638,0.714,252,500,0.01657228721467537,-0.0002941902871110444,,-0.024720776906359238,0.022967753923933076,0.047688530830292314,True,False,False,0.047688530830292314,-0.04462511857367756,0.04618509325847062,0.09081021183214819,True,False,False,0.09081021183214819,-0.06992160801922029,0.06439536084110543,0.13431696886032574,True,False,False,0.13431696886032574
student_t_ewma,student_t,ewma,nonoverlap,5,5,2020-04-06,2020-04-14,0.01967104833868638,0.744,252,500,0.01657228721467537,-0.0002941902871110444,30.0,-0.028553855385299948,0.020404250204086982,0.04895810558938693,True,False,False,0.04895810558938693,-0.053167846924994426,0.044000048405886914,0.09716789533088134,True,False,False,0.09716789533088134,-0.07530366203632806,0.07106856729204919,0.14637222932837723,True,False,False,0.14637222932837723
bootstrap_rolling,bootstrap,rolling,nonoverlap,5,5,2020-04-14,2020-04-21,0.021066841145563675,0.738,252,500,0.016406495549849333,-0.00023526467161622133,,-0.021884927417169936,0.021440698213812448,0.043325625630982384,True,False,False,0.043325625630982384,-0.0448037400814768,0.047271678183688826,0.09207541826516563,True,False,False,0.09207541826516563,-0.08676602313886593,0.07010901331693314,0.1568750364557991,True,False,False,0.1568750364557991
normal_rolling,normal,rolling,nonoverlap,5,5,2020-04-14,2020-04-21,0.021066841145563675,0.746,252,500,0.016406495549849333,-0.00023526467161622133,,-0.02687302919965981,0.021256801821250337,0.04812983102091015,True,False,False,0.04812983102091015,-0.04807983471579181,0.043322986543863316,0.09140282125965513,True,False,False,0.09140282125965513,-0.07613711869766758,0.07582177180900532,0.15195889050667288,True,False,False,0.15195889050667288
student_t_rolling,student_t,rolling,nonoverlap,5,5,2020-04-14,2020-04-21,0.021066841145563675,0.748,252,500,0.016406495549849333,-0.00023526467161622133,30.0,-0.021832266724762156,0.02117997704651564,0.0430122437712778,True,False,False,0.0430122437712778,-0.0451942496706943,0.044131137301079724,0.08932538697177403,True,False,False,0.08932538697177403,-0.07494247387995022,0.07375229139698908,0.1486947652769393,True,False,False,0.1486947652769393
bootstrap_ewma,bootstrap,ewma,nonoverlap,5,5,2020-04-14,2020-04-21,0.021066841145563675,0.752,252,500,0.01586565515590011,-0.00023526467161622133,,-0.021209138536606414,0.020687050990706224,0.04189618952731264,False,False,True,0.04341535014674244,-0.04339638153685698,0.0456377668779715,0.08903414841482848,True,False,False,0.08903414841482848,-0.08406619576641033,0.06767994685421086,0.1517461426206212,True,False,False,0.1517461426206212
normal_ewma,normal,ewma,nonoverlap,5,5,2020-04-14,2020-04-21,0.021066841145563675,0.758,252,500,0.01586565515590011,-0.00023526467161622133,,-0.026036546619400913,0.020509347332769157,0.04654589395217007,False,False,True,0.04877586920334814,-0.04656932677228273,0.04182496399002414,0.08839429076230687,True,False,False,0.08839429076230687,-0.07375818280466642,0.07319135903558309,0.1469495418402495,True,False,False,0.1469495418402495
student_t_ewma,student_t,ewma,nonoverlap,5,5,2020-04-14,2020-04-21,0.021066841145563675,0.756,252,500,0.01586565515590011,-0.00023526467161622133,30.0,-0.021158179090266266,0.020435109386367556,0.04159328847663382,False,False,True,0.0441202155134183,-0.04377457597279707,0.042605342034930944,0.08637991800772801,True,False,False,0.08637991800772801,-0.07259987949402039,0.07119492832545064,0.14379480781947102,True,False,False,0.14379480781947102
bootstrap_rolling,bootstrap,rolling,nonoverlap,5,5,2020-04-21,2020-04-28,0.003515465739782009,0.524,252,500,0.016454545933607106,-3.186714505693363e-05,,-0.02566479994308002,0.02036364708002819,0.04602844702310821,True,False,False,0.04602844702310821,-0.04739893696533237,0.044742264781953756,0.09214120174728613,True,False,False,0.09214120174728613,-0.07824247480850022,0.07454671278060387,0.1527891875891041,True,False,False,0.1527891875891041
normal_rolling,normal,rolling,nonoverlap,5,5,2020-04-21,2020-04-28,0.003515465739782009,0.564,252,500,0.016454545933607106,-3.186714505693363e-05,,-0.02676442370502269,0.02465331599583437,0.05141773970085706,True,False,False,0.05141773970085706,-0.043240220883178554,0.0460356090246933,0.08927582990787186,True,False,False,0.08927582990787186,-0.06389597233561854,0.06908270021720261,0.13297867255282114,True,False,False,0.13297867255282114
student_t_rolling,student_t,rolling,nonoverlap,5,5,2020-04-21,2020-04-28,0.003515465739782009,0.52,252,500,0.016454545933607106,-3.186714505693363e-05,30.0,-0.024151706385970667,0.026812621412677096,0.05096432779864776,True,False,False,0.05096432779864776,-0.046862566569682254,0.04863270793968284,0.0954952745093651,True,False,False,0.0954952745093651,-0.06964111802850562,0.07918725895027966,0.14882837697878526,True,False,False,0.14882837697878526
bootstrap_ewma,bootstrap,ewma,nonoverlap,5,5,2020-04-21,2020-04-28,0.003515465739782009,0.524,252,500,0.015247386611547084,-3.186714505693363e-05,,-0.023815972524160928,0.018843797354939962,0.04265976987910089,True,False,False,0.04265976987910089,-0.04401046389972818,0.04138067269772994,0.08539113659745812,True,False,False,0.08539113659745812,-0.07272734989301399,0.06888118663581588,0.14160853652882988,True,False,False,0.14160853652882988
normal_ewma,normal,ewma,nonoverlap,5,5,2020-04-21,2020-04-28,0.003515465739782009,0.57,252,500,0.015247386611547084,-3.186714505693363e-05,,-0.024836882281514067,0.022812228264720735,0.0476491105462348,True,False,False,0.0476491105462348,-0.04014375582302156,0.042575222552766176,0.08271897837578773,True,False,False,0.08271897837578773,-0.059361405373411676,0.06384378296860893,0.1232051883420206,True,False,False,0.1232051883420206
student_t_ewma,student_t,ewma,nonoverlap,5,5,2020-04-21,2020-04-28,0.003515465739782009,0.526,252,500,0.015247386611547084,-3.186714505693363e-05,30.0,-0.0224112860345812,0.024809373941942714,0.047220659976523915,True,False,False,0.047220659976523915,-0.04351168579862182,0.044973607534140016,0.08848529333276184,True,False,False,0.08848529333276184,-0.06471210751514918,0.07315793233109534,0.13787003984624452,True,False,False,0.13787003984624452
bootstrap_rolling,bootstrap,rolling,nonoverlap,5,5,2020-04-28,2020-05-05,-0.007584946591180253,0.342,252,500,0.016325920862876785,1.9268726929734637e-05,,-0.01769722245760741,0.021926227809603516,0.039623450267210925,True,False,False,0.039623450267210925,-0.040076987906971104,0.050132149036410605,0.0902091369433817,True,False,False,0.0902091369433817,-0.0781741797188079,0.0702380526609816,0.1484122323797895,True,False,False,0.1484122323797895
normal_rolling,normal,rolling,nonoverlap,5,5,2020-04-28,2020-05-05,-0.007584946591180253,0.426,252,500,0.016325920862876785,1.9268726929734637e-05,,-0.02595147116996324,0.024919427355435286,0.05087089852539853,True,False,False,0.05087089852539853,-0.049869590091106766,0.045989054842047086,0.09585864493315385,True,False,False,0.09585864493315385,-0.07315159269941539,0.07255369391308299,0.14570528661249837,True,False,False,0.14570528661249837
student_t_rolling,student_t,rolling,nonoverlap,5,5,2020-04-28,2020-05-05,-0.007584946591180253,0.406,252,500,0.016325920862876785,1.9268726929734637e-05,30.0,-0.02361402313643665,0.02373812694632832,0.04735215008276497,True,False,False,0.04735215008276497,-0.04422426144044937,0.045418231846361325,0.0896424932868107,True,False,False,0.0896424932868107,-0.06960513264909791,0.07751556504673643,0.14712069769583436,True,False,False,0.14712069769583436
bootstrap_ewma,bootstrap,ewma,nonoverlap,5,5,2020-04-28,2020-05-05,-0.007584946591180253,0.334,252,500,0.01439136231132622,1.9268726929734637e-05,,-0.015605397973792012,0.019314785397094525,0.03492018337088654,True,False,False,0.03492018337088654,-0.03540218170576004,0.044074730772626795,0.07947691247838684,True,False,False,0.07947691247838684,-0.06922909553768718,0.061676084112154195,0.13090517964984139,True,False,False,0.13090517964984139
normal_ewma,normal,ewma,nonoverlap,5,5,2020-04-28,2020-05-05,-0.007584946591180253,0.416,252,500,0.01439136231132622,1.9268726929734637e-05,,-0.022900686628901573,0.02194610364974492,0.04484679027864649,True,False,False,0.04484679027864649,-0.04408169243331278,0.04044279388041147,0.08452448631372425,True,False,False,0.08452448631372425,-0.06476014428251273,0.06370073425851591,0.12846087854102864,True,False,False,0.12846087854102864
student_t_ewma,student_t,ewma,nonoverlap,5,5,2020-04-28,2020-05-05,-0.007584946591180253,0.396,252,500,0.01439136231132622,1.9268726929734637e-05,30.0,-0.02083405699523508,0.020907732641332832,0.04174178963656791,True,False,False,0.04174178963656791,-0.03907675943456223,0.03994226406519358,0.07901902349975581,True,False,False,0.07901902349975581,-0.06160635838762449,0.0680372949020933,0.12964365328971778,True,False,False,0.12964365328971778
bootstrap_rolling,bootstrap,rolling,nonoverlap,5,5,2020-05-05,2020-05-12,0.005593653572727675,0.51,252,500,0.01622271696330976,-0.00010850834546684307,,-0.021986006458775575,0.025375280608620487,0.04736128706739606,True,False,False,0.04736128706739606,-0.04554343444487152,0.050132149036410605,0.09567558348128213,True,False,False,0.09567558348128213,-0.09884082334616184,0.0702380526609816,0.16907887600714344,True,False,False,0.16907887600714344
normal_rolling,normal,rolling,nonoverlap,5,5,2020-05-05,2020-05-12,0.005593653572727675,0.568,252,500,0.01622271696330976,-0.00010850834546684307,,-0.0274875444200888,0.02202525835580621,0.04951280277589501,True,False,False,0.04951280277589501,-0.04886150841492353,0.044612732318675394,0.09347424073359892,True,False,False,0.09347424073359892,-0.06694939866605132,0.06487604058884902,0.13182543925490034,True,False,False,0.13182543925490034
student_t_rolling,student_t,rolling,nonoverlap,5,5,2020-05-05,2020-05-12,0.005593653572727675,0.544,252,500,0.01622271696330976,-0.00010850834546684307,25.8843268505952,-0.021151224920937572,0.02604200255546224,0.04719322747639981,True,False,False,0.04719322747639981,-0.043165727888295945,0.04886885853772403,0.09203458642601997,True,False,False,0.09203458642601997,-0.07258117660539465,0.07842313454922208,0.1510043111546167,True,False,False,0.1510043111546167
bootstrap_ewma,bootstrap,ewma,nonoverlap,5,5,2020-05-05,2020-05-12,0.005593653572727675,0.514,252,500,0.013588429872575872,-0.00010850834546684307,,-0.018535488639026654,0.02112144680448158,0.039656935443508234,True,False,False,0.039656935443508234,-0.03837630817096627,0.04173209167953745,0.08010839985050372,True,False,False,0.08010839985050372,-0.08356282635735612,0.05841265766269821,0.14197548402005433,True,False,False,0.14197548402005433
normal_ewma,normal,ewma,nonoverlap,5,5,2020-05-05,2020-05-12,0.005593653572727675,0.58,252,500,0.013588429872575872,-0.00010850834546684307,,-0.02316204763731955,0.01832630872263591,0.04148835635995546,True,False,False,0.04148835635995546,-0.0411772477184624,0.03714395094647704,0.07832119866493945,True,False,False,0.07832119866493945,-0.05647413810639826,0.053969156599959975,0.11044329470635823,True,False,False,0.11044329470635823
student_t_ewma,student_t,ewma,nonoverlap,5,5,2020-05-05,2020-05-12,0.005593653572727675,0.552,252,500,0.013588429872575872,-0.00010850834546684307,25.8843268505952,-0.017833842782044917,0.02167755853332254,0.039511401315367456,True,False,False,0.039511401315367456,-0.0363701503376461,0.04068230166504619,0.07705245200269228,True,False,False,0.07705245200269228,-0.06124678437576255,0.06518865347994157,0.12643543785570413,True,False,False,0.12643543785570413
bootstrap_rolling,bootstrap,rolling,nonoverlap,5,5,2020-05-12,2020-05-19,0.07276407658922412,0.98,252,500,0.016253889928685372,-4.88040127550549e-05,,-0.020915228989459633,0.021926227809603516,0.04284145679906315,False,False,True,0.24619285191754559,-0.04746401120010646,0.044742264781953756,0.09220627598206022,False,False,True,0.37242439405476396,-0.07824247480850022,0.07042349065396908,0.1486659654624693,False,False,True,0.24228940287267106
normal_rolling,normal,rolling,nonoverlap,5,5,2020-05-12,2020-05-19,0.07276407658922412,0.99,252,500,0.016253889928685372,-4.88040127550549e-05,,-0.025589852064900304,0.02349233006022472,0.04908218212512502,False,False,True,0.24616916824112264,-0.048006477072392244,0.041063760689480235,0.08907023776187248,False,False,True,0.4060733967593114,-0.07014330269709444,0.05986232154223976,0.1300056242393342,False,False,True,0.6460758261187083
student_t_rolling,student_t,rolling,nonoverlap,5,5,2020-05-12,2020-05-19,0.07276407658922412,0.972,252,500,0.016253889928685372,-4.88040127550549e-05,25.981792216607936,-0.024225139771105908,0.025833864361094305,0.05005900413220021,False,False,True,0.2377798530447195,-0.041187349352295344,0.04689525226114515,0.0880826016134405,False,False,True,0.34677084489423027,-0.0604630101995979,0.07541818846291228,0.13588119866251017,True,False,False,0.13588119866251017
bootstrap_ewma,bootstrap,ewma,nonoverlap,5,5,2020-05-12,2020-05-19,0.07276407658922412,0.984,252,500,0.013762410081926139,-4.88040127550549e-05,,-0.01777459430573014,0.01849622694437003,0.03627082125010017,False,False,True,0.25334221982951655,-0.04037331266726174,0.03771739608845248,0.07809070875571422,False,False,True,0.4285575137634307,-0.06669373165451786,0.05927554645987695,0.12596927811439482,False,False,True,0.6655104832882814
normal_ewma,normal,ewma,nonoverlap,5,5,2020-05-12,2020-05-19,0.07276407658922412,0.994,252,500,0.013762410081926139,-4.88040127550549e-05,,-0.021746820237301095,0.019817663057659307,0.0415644832949604,False,False,True,0.2533501374212197,-0.04083606600895239,0.034622858815181595,0.075458924824134,False,False,True,0.4568711025645593,-0.05975478235040007,0.05041965643683831,0.11017443878723837,False,False,True,1.0039512448826702
student_t_ewma,student_t,ewma,nonoverlap,5,5,2020-05-12,2020-05-19,0.07276407658922412,0.988,252,500,0.013762410081926139,-4.88040127550549e-05,25.981792216607936,-0.020586864227752383,0.021792810679587882,0.042379674907340265,False,False,True,0.24626473854588524,-0.035021905865236784,0.039527819063777586,0.07454972492901438,False,False,True,0.4069123001834798,-0.051473349614928984,0.06345905027200081,0.1149323998869298,False,False,True,0.48713345257586194
bootstrap_rolling,bootstrap,rolling,nonoverlap,5,5,2020-05-19,2020-05-27,0.0049711758172634735,0.536,252,500,0.01650310484187078,0.000247152783464386,,-0.019949828334196423,0.022619948622694397,0.04256977695689082,True,False,False,0.04256977695689082,-0.04472155181887738,0.04968776382845491,0.09440931564733229,True,False,False,0.09440931564733229,-0.07889155544457452,0.07059126788571968,0.1494828233302942,True,False,False,0.1494828233302942
normal_rolling,normal,rolling,nonoverlap,5,5,2020-05-19,2020-05-27,0.0049711758172634735,0.546,252,500,0.01650310484187078,0.000247152783464386,,-0.0253548249352811,0.02617936773142915,0.05153419266671025,True,False,False,0.05153419266671025,-0.0449908586804116,0.04976333681188185,0.09475419549229344,True,False,False,0.09475419549229344,-0.0717537829279714,0.08039728258163853,0.15215106550960994,True,False,False,0.15215106550960994
student_t_rolling,student_t,rolling,nonoverlap,5,5,2020-05-19,2020-05-27,0.0049711758172634735,0.524,252,500,0.01650310484187078,0.000247152783464386,19.097753115695628,-0.022265524361534422,0.024085547121384554,0.046351071482918976,True,False,False,0.046351071482918976,-0.04807378282568604,0.04904518875058282,0.09711897157626886,True,False,False,0.09711897157626886,-0.07811594316309106,0.07487294445114288,0.15298888761423396,True,False,False,0.15298888761423396
bootstrap_ewma,bootstrap,ewma,nonoverlap,5,5,2020-05-19,2020-05-27,0.0049711758172634735,0.536,252,500,0.015844882128363404,0.000247152783464386,,-0.019113468632322717,0.021758395363282557,0.04087186399560527,True,False,False,0.04087186399560527,-0.042929573314307024,0.04771113912057126,0.09064071243487828,True,False,False,0.09064071243487828,-0.07582200617809201,0.06773521821323536,0.14355722439132737,True,False,False,0.14355722439132737
normal_ewma,normal,ewma,nonoverlap,5,5,2020-05-19,2020-05-27,0.0049711758172634735,0.546,252,500,0.015844882128363404,0.000247152783464386,,-0.02430788319911395,0.02517273198669434,0.04948061518580829,True,False,False,0.04948061518580829,-0.04318862585004841,0.047783560115852095,0.09097218596590051,True,False,False,0.09097218596590051,-0.06894717988454836,0.0771232955196045,0.14607047540415286,True,False,False,0.14607047540415286
student_t_ewma,student_t,ewma,nonoverlap,5,5,2020-05-19,2020-05-27,0.0049711758172634735,0.526,252,500,0.015844882128363404,0.000247152783464386,19.097753115695628,-0.021338799950669368,0.023164313198214548,0.044503113148883916,True,False,False,0.044503113148883916,-0.046154365648805665,0.04709534739910724,0.09324971304791291,True,False,False,0.09324971304791291,-0.07507489677380401,0.07183482758827249,0.1469097243620765,True,False,False,0.1469097243620765
bootstrap_rolling,bootstrap,rolling,nonoverlap,5,5,2020-05-27,2020-06-03,0.04510989674464727,0.872,252,500,0.016291104208509013,0.0006606541759954112,,-0.023029802207249594,0.021926227809603516,0.04495603001685311,False,False,True,0.13769070575702813,-0.04554343444487152,0.05005996282370062,0.09560339726857214,True,False,False,0.09560339726857214,-0.07552310754269753,0.07276407658922457,0.1482871841319221,True,False,False,0.1482871841319221
normal_rolling,normal,rolling,nonoverlap,5,5,2020-05-27,2020-06-03,0.04510989674464727,0.876,252,500,0.016291104208509013,0.0006606541759954112,,-0.022447224336314908,0.02700707649842632,0.04945430083474123,False,False,True,0.12186558181962504,-0.0448387166420317,0.05028132546273635,0.09512004210476804,True,False,False,0.09512004210476804,-0.07056158682514542,0.07599762038257124,0.14655920720771665,True,False,False,0.14655920720771665
student_t_rolling,student_t,rolling,nonoverlap,5,5,2020-05-27,2020-06-03,0.04510989674464727,0.892,252,500,0.016291104208509013,0.0006606541759954112,17.610814278136466,-0.022679965433208993,0.024132675131176395,0.04681264056438539,False,False,True,0.1307215270182689,-0.0462302953353561,0.045940396081392845,0.09217069141674894,True,False,False,0.09217069141674894,-0.0747232863992655,0.06987726788273714,0.14460055428200264,True,False,False,0.14460055428200264
bootstrap_ewma,bootstrap,ewma,nonoverlap,5,5,2020-05-27,2020-06-03,0.04510989674464727,0.88,252,500,0.015582268689488971,0.0006606541759954112,,-0.021898318022311014,0.021109026875422154,0.04300734489773317,False,False,True,0.13901082437463363,-0.04346820466198664,0.04798117591123385,0.0914493805732205,True,False,False,0.0914493805732205,-0.07222564733348935,0.06964431005977434,0.1418699573932637,True,False,False,0.1418699573932637
normal_ewma,normal,ewma,nonoverlap,5,5,2020-05-27,2020-06-03,0.04510989674464727,0.882,252,500,0.015582268689488971,0.0006606541759954112,,-0.02134045044635602,0.02596439423174185,0.04730484467809787,False,False,True,0.12388685472971955,-0.04279269512248475,0.04819248625701821,0.09098518137950296,True,False,False,0.09098518137950296,-0.06746363340522438,0.07272795984210394,0.14019159324732833,True,False,False,0.14019159324732833
student_t_ewma,student_t,ewma,nonoverlap,5,5,2020-05-27,2020-06-03,0.04510989674464727,0.912,252,500,0.015582268689488971,0.0006606541759954112,17.610814278136466,-0.021563318263755432,0.023217683744764517,0.04478100200851995,False,False,True,0.13234985400805097,-0.04412661863658931,0.0440483183589,0.08817493699548931,False,False,True,0.09879072085296199,-0.07145793112843617,0.06689097110543547,0.13834890223387164,True,False,False,0.13834890223387164
bootstrap_rolling,bootstrap,rolling,nonoverlap,5,5,2020-06-03,2020-06-10,0.06448782739868819,0.944,252,500,0.01634219430819568,0.0006368532120837397,,-0.01919772666687286,0.025566037594147883,0.044763764261020744,False,False,True,0.20045092347918197,-0.04367570042543959,0.053937272648152845,0.09761297307359243,False,False,True,0.20311852057894592,-0.07552310754269753,0.07276407658922457,0.1482871841319221,True,False,False,0.1482871841319221
normal_rolling,normal,rolling,nonoverlap,5,5,2020-06-03,2020-06-10,0.06448782739868819,0.948,252,500,0.01634219430819568,0.0006368532120837397,,-0.01787131502566805,0.029393353791440202,0.04726466881710825,False,False,True,0.1876425632461002,-0.04012222398964296,0.04985821867405938,0.08998044266370234,False,False,True,0.23627652990999046,-0.06181388279282985,0.07307941339914964,0.13489329619197948,True,False,False,0.13489329619197948
student_t_rolling,student_t,rolling,nonoverlap,5,5,2020-06-03,2020-06-10,0.06448782739868819,0.94,252,500,0.01634219430819568,0.0006368532120837397,16.660828044155288,-0.02095264816926906,0.027428038787648656,0.04838068695691772,False,False,True,0.19661984140107586,-0.04075473079103915,0.052461939460194555,0.0932166702512337,False,False,True,0.2134755496361701,-0.06221409127529409,0.07430944516913651,0.1365235364444306,True,False,False,0.1365235364444306
bootstrap_ewma,bootstrap,ewma,nonoverlap,5,5,2020-06-03,2020-06-10,0.06448782739868819,0.95,252,500,0.015530194999778793,0.0006368532120837397,,-0.018097263514204986,0.024442507182767415,0.0425397706969724,False,False,True,0.2027210515606555,-0.04139966120339202,0.051356182594279653,0.09275584379767168,False,False,True,0.2240722918417571,-0.07176208101974868,0.06919584634097498,0.14095792736072366,True,False,False,0.14095792736072366
normal_ewma,normal,ewma,nonoverlap,5,5,2020-06-03,2020-06-10,0.06448782739868819,0.962,252,500,0.015530194999778793,0.0006368532120837397,,-0.016835384497470296,0.028075333480968467,0.04491071797843876,False,False,True,0.19056069364931766,-0.03801501960843112,0.04748892641466914,0.08550394602310027,False,False,True,0.2554929558632908,-0.058685851323076195,0.06949446920787182,0.12818032053094802,True,False,False,0.12818032053094802
student_t_ewma,student_t,ewma,nonoverlap,5,5,2020-06-03,2020-06-10,0.06448782739868819,0.964,252,500,0.015530194999778793,0.0006368532120837397,16.660828044155288,-0.019766932019154554,0.026209972104627055,0.04597690412378161,False,False,True,0.19908832530002615,-0.03861742989995504,0.04995753960916192,0.08857496950911696,False,False,True,0.23387784740437972,-0.059067432185940114,0.07065944464787331,0.12972687683381343,True,False,False,0.12972687683381343
bootstrap_rolling,bootstrap,rolling,nonoverlap,5,5,2020-06-10,2020-06-17,0.06919057535466089,0.958,252,500,0.016364641151531602,0.0010466399993998713,,-0.01962855231811722,0.02509583546061983,0.04472438777873705,False,False,True,0.22110334735490128,-0.04739893696533237,0.05185861122259894,0.09925754818793131,False,False,True,0.2725771895085508,-0.075264902789755,0.07059126788571968,0.14585617067547468,True,False,False,0.14585617067547468
normal_rolling,normal,rolling,nonoverlap,5,5,2020-06-10,2020-06-17,0.06919057535466089,0.956,252,500,0.016364641151531602,0.0010466399993998713,,-0.018354468911606997,0.03052328113000241,0.04887775004160941,False,False,True,0.20354692694024332,-0.040500934165174245,0.053139744582136085,0.09364067874731033,False,False,True,0.2541489864725584,-0.07188686775287705,0.07798440283807642,0.14987127059095345,True,False,False,0.14987127059095345
student_t_rolling,student_t,rolling,nonoverlap,5,5,2020-06-10,2020-06-17,0.06919057535466089,0.924,252,500,0.016364641151531602,0.0010466399993998713,16.583493573458274,-0.017658185973626006,0.03524789009502982,0.05290607606865583,False,False,True,0.1886768171071801,-0.036454037253885255,0.06297416663286973,0.09942820388675498,False,False,True,0.1615922911046666,-0.06368769890062842,0.09011601129336234,0.15380371019399075,True,False,False,0.15380371019399075
bootstrap_ewma,bootstrap,ewma,nonoverlap,5,5,2020-06-10,2020-06-17,0.06919057535466089,0.978,252,500,0.015704709240878946,0.0010466399993998713,,-0.018637421554221156,0.024287861279776224,0.04292528283399738,False,False,True,0.22253613913353604,-0.04533025013916159,0.0499377507646761,0.09526800090383769,False,False,True,0.28779624680368554,-0.07214651946869463,0.0678757477663976,0.14002226723509223,False,False,True,0.19261537076562377
normal_ewma,normal,ewma,nonoverlap,5,5,2020-06-10,2020-06-17,0.06919057535466089,0.964,252,500,0.015704709240878946,0.0010466399993998713,,-0.017413513682115966,0.029491776529144087,0.04690529021126005,False,False,True,0.20570048551332726,-0.038697011684863315,0.051164944915158925,0.08986195660002225,False,False,True,0.2701182609950419,-0.06889407911233207,0.07495176273099435,0.14384584184332644,True,False,False,0.14384584184332644
student_t_ewma,student_t,ewma,nonoverlap,5,5,2020-06-10,2020-06-17,0.06919057535466089,0.934,252,500,0.015704709240878946,0.0010466399993998713,16.583493573458274,-0.016744678567257476,0.034020900685596045,0.05076557925285352,False,False,True,0.1914442779291129,-0.034806341395721606,0.060583310177239724,0.09538965157296134,False,False,True,0.181462303347173,-0.06100152489025196,0.08655875967965326,0.14756028456990522,True,False,False,0.14756028456990522
bootstrap_rolling,bootstrap,rolling,nonoverlap,5,5,2020-06-17,2020-06-24,0.022405696462156177,0.668,252,500,0.016211258168976662,0.0014136167713725881,,-0.014550273265082042,0.02876455672162348,0.04331482998670552,True,False,False,0.04331482998670552,-0.04119752093547857,0.060790497096193885,0.10198801803167246,True,False,False,0.10198801803167246,-0.07552310754269753,0.07276407658922457,0.1482871841319221,True,False,False,0.1482871841319221
normal_rolling,normal,rolling,nonoverlap,5,5,2020-06-17,2020-06-24,0.022405696462156177,0.686,252,500,0.016211258168976662,0.0014136167713725881,,-0.01581489478809736,0.028759462120472423,0.044574356908569784,True,False,False,0.044574356908569784,-0.03783852195114074,0.05460153299636575,0.09244005494750648,True,False,False,0.09244005494750648,-0.0619066428955702,0.08227381811475999,0.1441804610103302,True,False,False,0.1441804610103302
student_t_rolling,student_t,rolling,nonoverlap,5,5,2020-06-17,2020-06-24,0.022405696462156177,0.644,252,500,0.016211258168976662,0.0014136167713725881,17.815075556599492,-0.012586053290373683,0.033156270329876614,0.0457423236202503,True,False,False,0.0457423236202503,-0.03328678972864816,0.061895463764229906,0.09518225349287807,True,False,False,0.09518225349287807,-0.059452313035243766,0.08204151953880597,0.14149383257404974,True,False,False,0.14149383257404974
bootstrap_ewma,bootstrap,ewma,nonoverlap,5,5,2020-06-17,2020-06-24,0.022405696462156177,0.696,252,500,0.015025781073225466,0.0014136167713725881,,-0.012983493986674005,0.027164110594361857,0.04014760458103586,True,False,False,0.04014760458103586,-0.037746035767490804,0.056768552696363495,0.0945145884638543,True,False,False,0.0945145884638543,-0.06971837304790518,0.06781992077786936,0.13753829382577454,True,False,False,0.13753829382577454
normal_ewma,normal,ewma,nonoverlap,5,5,2020-06-17,2020-06-24,0.022405696462156177,0.7,252,500,0.015025781073225466,0.0014136167713725881,,-0.014157514174824304,0.027159395869698177,0.04131691004452248,True,False,False,0.04131691004452248,-0.03462186346437789,0.051052690914404904,0.0856745543787828,True,False,False,0.0856745543787828,-0.05702519611792648,0.07659076908306801,0.1336159652009945,True,False,False,0.1336159652009945
student_t_ewma,student_t,ewma,nonoverlap,5,5,2020-06-17,2020-06-24,0.022405696462156177,0.652,252,500,0.015025781073225466,0.0014136167713725881,17.815075556599492,-0.011160102679533518,0.03122770628493221,0.04238780896446573,True,False,False,0.04238780896446573,-0.030389609702525067,0.05778879442420114,0.0881784041267262,True,False,False,0.0881784041267262,-0.05473875638020078,0.07637660133762787,0.13111535771782865,True,False,False,0.13111535771782865
bootstrap_rolling,bootstrap,rolling,nonoverlap,5,5,2020-06-24,2020-07-01,0.03565734412269239,0.726,252,500,0.016171977296438652,0.0013376332725254134,,-0.016977101934478322,0.04342604270543182,0.060403144639910145,True,False,False,0.060403144639910145,-0.042156243696241484,0.06581449305135534,0.10797073674759683,True,False,False,0.10797073674759683,-0.07457379396956365,0.08170600417292642,0.15627979814249007,True,False,False,0.15627979814249007
normal_rolling,normal,rolling,nonoverlap,5,5,2020-06-24,2020-07-01,0.03565734412269239,0.812,252,500,0.016171977296438652,0.0013376332725254134,,-0.017480383003714323,0.0287365545171413,0.04621693752085562,False,False,True,0.07390009594305999,-0.038302491876737156,0.05352266049897265,0.0918251523757098,True,False,False,0.0918251523757098,-0.06418778533922866,0.08339187234320294,0.1475796576824316,True,False,False,0.1475796576824316
student_t_rolling,student_t,rolling,nonoverlap,5,5,2020-06-24,2020-07-01,0.03565734412269239,0.772,252,500,0.016171977296438652,0.0013376332725254134,16.112530026808628,-0.014211602950401692,0.03384843237590551,0.048060035326307204,False,False,True,0.05529568231345472,-0.035716414376545574,0.05074373476711899,0.08646014914366457,True,False,False,0.08646014914366457,-0.05981026606330664,0.07804680579007629,0.13785707185338292,True,False,False,0.13785707185338292
bootstrap_ewma,bootstrap,ewma,nonoverlap,5,5,2020-06-24,2020-07-01,0.03565734412269239,0.734,252,500,0.01467910100008712,0.0013376332725254134,,-0.014813991164199986,0.039981376668607904,0.05479536783280789,True,False,False,0.05479536783280789,-0.037746413004109435,0.06021609975773101,0.09796251276184045,True,False,False,0.09796251276184045,-0.06735364258579139,0.07455445597981984,0.14190809856561123,True,False,False,0.14190809856561123
normal_ewma,normal,ewma,nonoverlap,5,5,2020-06-24,2020-07-01,0.03565734412269239,0.83,252,500,0.01467910100008712,0.0013376332725254134,,-0.015271823344525176,0.02668324975785219,0.041955073102377366,False,False,True,0.07785145056173817,-0.03423294912101419,0.04911162815454137,0.08334457727555555,True,False,False,0.08334457727555555,-0.05785773541145124,0.07607495756808695,0.1339326929795382,True,False,False,0.1339326929795382
student_t_ewma,student_t,ewma,nonoverlap,5,5,2020-06-24,2020-07-01,0.03565734412269239,0.806,252,500,0.01467910100008712,0.0013376332725254134,16.112530026808628,-0.012298579333597431,0.03131291634053429,0.04361149567413172,False,False,True,0.06098920680276412,-0.031875957812269075,0.046599486676825314,0.07847544448909438,True,False,False,0.07847544448909438,-0.05385830508277164,0.07125506882997205,0.1251133739127437,True,False,False,0.1251133739127437
bootstrap_rolling,bootstrap,rolling,nonoverlap,5,5,2020-07-01,2020-07-09,0.05452750595360767,0.854,252,500,0.01620670275535209,0.0015776053110658046,,-0.009694343892921342,0.037374024005853324,0.047068367898774666,False,False,True,0.11568229568979205,-0.034379288433321505,0.06391032902898135,0.09828961746230286,True,False,False,0.09828961746230286,-0.060457520413328934,0.08922974703131382,0.14968726744464275,True,False,False,0.14968726744464275
normal_rolling,normal,rolling,nonoverlap,5,5,2020-07-01,2020-07-09,0.05452750595360767,0.89,252,500,0.01620670275535209,0.0015776053110658046,,-0.015545715051694636,0.03696655327350684,0.05251226832520148,False,False,True,0.12275607904560479,-0.03835310078279522,0.05566178559018236,0.09401488637297759,True,False,False,0.09401488637297759,-0.06188759320001128,0.08607616906234133,0.1479637622623526,True,False,False,0.1479637622623526
student_t_rolling,student_t,rolling,nonoverlap,5,5,2020-07-01,2020-07-09,0.05452750595360767,0.878,252,500,0.01620670275535209,0.0015776053110658046,17.897266799779867,-0.016973857214974547,0.03515095816223107,0.05212481537720562,False,False,True,0.129631006542712,-0.03768054988078745,0.05754309998263414,0.09522364986342159,True,False,False,0.09522364986342159,-0.0571163795526326,0.08566094981737159,0.1427773293700042,True,False,False,0.1427773293700042
bootstrap_ewma,bootstrap,ewma,nonoverlap,5,5,2020-07-01,2020-07-09,0.05452750595360767,0.872,252,500,0.01439658729955858,0.0015776053110658046,,-0.007742466160729933,0.0340419920343662,0.04178445819509613,False,False,True,0.12372651387206202,-0.02974446050839243,0.05750550752710849,0.08724996803550092,True,False,False,0.08724996803550092,-0.05305668367211554,0.07983156587292889,0.1328882495450444,True,False,False,0.1328882495450444
normal_ewma,normal,ewma,nonoverlap,5,5,2020-07-01,2020-07-09,0.05452750595360767,0.92,252,500,0.01439658729955858,0.0015776053110658046,,-0.012952269098047198,0.03368118592009578,0.04663345501814298,False,False,True,0.13001873515219053,-0.03329219709171935,0.05021918801039265,0.083511385102112,False,False,True,0.1265945645342622,-0.05433714626624704,0.07705448761257931,0.13139163387882635,True,False,False,0.13139163387882635
student_t_ewma,student_t,ewma,nonoverlap,5,5,2020-07-01,2020-07-09,0.05452750595360767,0.912,252,500,0.01439658729955858,0.0015776053110658046,17.897266799779867,-0.014224348494588951,0.032073325618509396,0.04629767411309835,False,False,True,0.13611439545349144,-0.03269164118799774,0.05188159461689729,0.08457323580489504,False,False,True,0.11103234917199879,-0.050065925005333536,0.07668873606705968,0.12675466107239322,True,False,False,0.12675466107239322
bootstrap_rolling,bootstrap,rolling,nonoverlap,5,5,2020-07-09,2020-07-16,-0.03867870611404478,0.102,252,500,0.01615413341375378,0.0020374939458824392,,-0.007816014118482234,0.04407145063178486,0.05188746475026709,False,True,False,0.17533823273251728,-0.0407252621471329,0.06448782739868841,0.10521308954582131,True,False,False,0.10521308954582131,-0.07809869567230587,0.0847247102054499,0.1628234058777558,True,False,False,0.1628234058777558
normal_rolling,normal,rolling,nonoverlap,5,5,2020-07-09,2020-07-16,-0.03867870611404478,0.064,252,500,0.01615413341375378,0.0020374939458824392,,-0.012744824332879573,0.03600173741254753,0.0487465617454271,False,True,False,0.15248208887008793,-0.03199516641050243,0.05303028318637142,0.08502544959687386,False,True,False,0.15186084663229737,-0.056799522615668466,0.07500589341004983,0.1318054160257183,True,False,False,0.1318054160257183
student_t_rolling,student_t,rolling,nonoverlap,5,5,2020-07-09,2020-07-16,-0.03867870611404478,0.086,252,500,0.01615413341375378,0.0020374939458824392,18.437238799551405,-0.012382244949518645,0.03884589335284172,0.051228138302360365,False,True,False,0.1564139829604649,-0.035393345915762146,0.0627167932658506,0.09811013918161274,False,True,False,0.1309637411644391,-0.05764342980717857,0.09163500521894934,0.14927843502612792,True,False,False,0.14927843502612792
bootstrap_ewma,bootstrap,ewma,nonoverlap,5,5,2020-07-09,2020-07-16,-0.03867870611404478,0.072,252,500,0.014058159200686012,0.0020374939458824392,,-0.005491685144494912,0.039618638335257805,0.04511032347975272,False,True,False,0.1778584073579522,-0.034260646450631316,0.0572879665583661,0.09154861300899741,False,True,False,0.13572920964313206,-0.06708811657144542,0.0747585818883643,0.14184669845980974,True,False,False,0.14184669845980974
normal_ewma,normal,ewma,nonoverlap,5,5,2020-07-09,2020-07-16,-0.03867870611404478,0.05,252,500,0.014058159200686012,0.0020374939458824392,,-0.009792417426960492,0.03262239213644541,0.0424148095634059,False,True,False,0.15795996431174306,-0.026616568443845225,0.04737751800331691,0.07399408644716213,False,True,False,0.19461546314915773,-0.048358984533984614,0.06637359416597419,0.1147325786999588,True,False,False,0.1147325786999588
student_t_ewma,student_t,ewma,nonoverlap,5,5,2020-07-09,2020-07-16,-0.03867870611404478,0.06,252,500,0.014058159200686012,0.0020374939458824392,18.437238799551405,-0.009475945759036708,0.035089010703516776,0.044564956462553484,False,True,False,0.16137599788258578,-0.02959095121507505,0.055756980549916006,0.08534793176499106,False,True,False,0.1762254807546884,-0.04910000054965201,0.08071459361859891,0.12981459416825092,True,False,False,0.12981459416825092
bootstrap_rolling,bootstrap,rolling,nonoverlap,5,5,2020-07-16,2020-07-23,-0.0239433546543929,0.164,252,500,0.01615032167733057,0.001936420332742311,,-0.007557297386163175,0.04021530717530686,0.04777260456147003,False,True,False,0.11331683363438894,-0.04119752093547857,0.06354014851866818,0.10473766945414675,True,False,False,0.10473766945414675,-0.07552310754269753,0.07762450614076877,0.1531476136834663,True,False,False,0.1531476136834663
normal_rolling,normal,rolling,nonoverlap,5,5,2020-07-16,2020-07-23,-0.0239433546543929,0.176,252,500,0.01615032167733057,0.001936420332742311,,-0.01518943082149804,0.0325183377370612,0.04770776855855924,False,True,False,0.08272346389013868,-0.03262985571480074,0.05847003754733146,0.09109989326213219,True,False,False,0.09109989326213219,-0.053837163723881566,0.08645584128389525,0.1402930050077768,True,False,False,0.1402930050077768
student_t_rolling,student_t,rolling,nonoverlap,5,5,2020-07-16,2020-07-23,-0.0239433546543929,0.164,252,500,0.01615032167733057,0.001936420332742311,17.166093023559462,-0.013351221057829349,0.035600578535862515,0.048951799593691864,False,True,False,0.09132033397994607,-0.038200842296967026,0.058687154238553335,0.09688799653552035,True,False,False,0.09688799653552035,-0.05638226488501944,0.08312186302554271,0.13950412791056216,True,False,False,0.13950412791056216
bootstrap_ewma,bootstrap,ewma,nonoverlap,5,5,2020-07-16,2020-07-23,-0.0239433546543929,0.142,252,500,0.01440136379762291,0.001936420332742311,,-0.005699688397631353,0.03686992998603,0.042569618383661356,False,True,False,0.11554428341070755,-0.035808939394032735,0.057577011643892284,0.09338595103792502,True,False,False,0.09338595103792502,-0.06664981784301494,0.07005681066795155,0.1367066285109665,True,False,False,0.1367066285109665
normal_ewma,normal,ewma,nonoverlap,5,5,2020-07-16,2020-07-23,-0.0239433546543929,0.144,252,500,0.01440136379762291,0.001936420332742311,,-0.012520906256640152,0.030025806693223522,0.042546712949863674,False,True,False,0.08823650654087467,-0.02812985582777826,0.05308013144667604,0.0812099872744543,True,False,False,0.0812099872744543,-0.047151298358175525,0.07787300555965629,0.1250243039178318,True,False,False,0.1250243039178318
student_t_ewma,student_t,ewma,nonoverlap,5,5,2020-07-16,2020-07-23,-0.0239433546543929,0.142,252,500,0.01440136379762291,0.001936420332742311,17.166093023559462,-0.010877484211086225,0.03276718830538139,0.043644672516467614,False,True,False,0.09590815428969432,-0.03312221581583009,0.05327275797310072,0.08639497378893081,True,False,False,0.08639497378893081,-0.049437218505335966,0.07492301841145883,0.12436023691679479,True,False,False,0.12436023691679479
bootstrap_rolling,bootstrap,rolling,nonoverlap,5,5,2020-07-23,2020-07-30,-0.01771036412681959,0.23,252,500,0.01620771299955333,0.0019111069784776451,,-0.012912865871250512,0.04042107420843294,0.05333394007968345,False,True,False,0.07252393310195976,-0.03888336171735361,0.060002795273012575,0.09888615699036618,True,False,False,0.09888615699036618,-0.07809869567230587,0.07276407658922457,0.15086277226153044,True,False,False,0.15086277226153044
normal_rolling,normal,rolling,nonoverlap,5,5,2020-07-23,2020-07-30,-0.01771036412681959,0.23,252,500,0.01620771299955333,0.0019111069784776451,,-0.01417871953714725,0.0359246218151002,0.05010334135224745,False,True,False,0.0642299197109368,-0.03758114047779872,0.06249951504260499,0.10008065552040371,True,False,False,0.10008065552040371,-0.059837424492727546,0.08912323129424989,0.14896065578697743,True,False,False,0.14896065578697743
student_t_rolling,student_t,rolling,nonoverlap,5,5,2020-07-23,2020-07-30,-0.01771036412681959,0.216,252,500,0.01620771299955333,0.0019111069784776451,18.870965562391635,-0.01332243942159081,0.038300713716434065,0.051623153138024874,False,True,False,0.06917485195893999,-0.03767765115859868,0.06029784880671279,0.09797549996531146,True,False,False,0.09797549996531146,-0.05947998485685993,0.08851203164792458,0.1479920165047845,True,False,False,0.1479920165047845
bootstrap_ewma,bootstrap,ewma,nonoverlap,5,5,2020-07-23,2020-07-30,-0.01771036412681959,0.208,252,500,0.014756031087047912,0.0019111069784776451,,-0.01091696692738442,0.0376226888980713,0.04853965582545572,False,True,False,0.0757132446231964,-0.03463736576130783,0.055387690633427716,0.09002505639473554,True,False,False,0.09002505639473554,-0.07056451697221922,0.06694918646484505,0.13751370343706426,True,False,False,0.13751370343706426
normal_ewma,normal,ewma,nonoverlap,5,5,2020-07-23,2020-07-30,-0.01771036412681959,0.212,252,500,0.014756031087047912,0.0019111069784776451,,-0.01207183810517079,0.03353919240102787,0.04561103050619866,False,True,False,0.06816513459279386,-0.03344659951192992,0.057650653072087214,0.09109725258401713,True,False,False,0.09109725258401713,-0.053817775428902176,0.08175229749750158,0.13557007292640377,True,False,False,0.13557007292640377
student_t_ewma,student_t,ewma,nonoverlap,5,5,2020-07-23,2020-07-30,-0.01771036412681959,0.202,252,500,0.014756031087047912,0.0019111069784776451,18.870965562391635,-0.01129061901880371,0.0356972560582724,0.04698787507707611,False,True,False,0.07266685550913962,-0.03353484473917517,0.0556551466434869,0.08918999138266206,True,False,False,0.08918999138266206,-0.053490265070954404,0.08119959398715243,0.13468985905810682,True,False,False,0.13468985905810682
bootstrap_rolling,bootstrap,rolling,nonoverlap,5,5,2020-07-30,2020-08-06,0.04796783538472038,0.834,252,500,0.016339523686541232,0.0017113946965505802,,-0.018995370971471442,0.032703955553099684,0.051699326524571126,False,False,True,0.11275484585105391,-0.04119752093547857,0.05710535411608886,0.09830287505156743,True,False,False,0.09830287505156743,-0.075264902789755,0.07133513722714646,0.14660004001690147,True,False,False,0.14660004001690147
normal_rolling,normal,rolling,nonoverlap,5,5,2020-07-30,2020-08-06,0.04796783538472038,0.852,252,500,0.016339523686541232,0.0017113946965505802,,-0.018090792729154703,0.03492629258608154,0.053017085315236245,False,False,True,0.1051832565097916,-0.03823679474923275,0.055291815920285856,0.0935286106695186,True,False,False,0.0935286106695186,-0.06119609347493318,0.07848988325208996,0.13968597672702315,True,False,False,0.13968597672702315
student_t_rolling,student_t,rolling,nonoverlap,5,5,2020-07-30,2020-08-06,0.04796783538472038,0.858,252,500,0.016339523686541232,0.0017113946965505802,20.108895853224226,-0.01410158392709876,0.034455839775105634,0.048557423702204394,False,False,True,0.10260540614066338,-0.03789634991132701,0.05510510117667964,0.09300145108800664,True,False,False,0.09300145108800664,-0.06668164659743848,0.07964014293056779,0.14632178952800629,True,False,False,0.14632178952800629
bootstrap_ewma,bootstrap,ewma,nonoverlap,5,5,2020-07-30,2020-08-06,0.04796783538472038,0.834,252,500,0.015765183701773888,0.0017113946965505802,,-0.018038525614822498,0.031846777450540875,0.04988530306536337,False,False,True,0.1143695348020814,-0.039489752841221026,0.055361225929933866,0.09485097877115489,True,False,False,0.09485097877115489,-0.07243902123814538,0.06906494673463648,0.14150396797278186,True,False,False,0.14150396797278186
normal_ewma,normal,ewma,nonoverlap,5,5,2020-07-30,2020-08-06,0.04796783538472038,0.862,252,500,0.015765183701773888,0.0017113946965505802,,-0.01716490667170467,0.03398913762916089,0.051154044300865564,False,False,True,0.10706883532310352,-0.03662817226697955,0.05361426841206137,0.09024244067904091,True,False,False,0.09024244067904091,-0.058826879380638845,0.07595276549013864,0.13477964487077748,True,False,False,0.13477964487077748
student_t_ewma,student_t,ewma,nonoverlap,5,5,2020-07-30,2020-08-06,0.04796783538472038,0.868,252,500,0.015765183701773888,0.0017113946965505802,20.108895853224226,-0.013312565108970081,0.03353562886914113,0.04684819397811121,False,False,True,0.10457702004042821,-0.03629914012433259,0.05343440268387809,0.08973354280821069,True,False,False,0.08973354280821069,-0.0641335123386462,0.07705996203556681,0.141193474374213,True,False,False,0.141193474374213
bootstrap_rolling,bootstrap,rolling,nonoverlap,5,5,2020-08-06,2020-08-13,-0.015768035719427198,0.248,252,500,0.016747912048916347,0.0018501511211017365,,-0.013461167492098691,0.03565734412269239,0.04911851161479108,False,True,False,0.05834598452410511,-0.04119752093547857,0.06267676231499597,0.10387428325047454,True,False,False,0.10387428325047454,-0.07687529131074189,0.08397967673555473,0.16085496804629662,True,False,False,0.16085496804629662
normal_rolling,normal,rolling,nonoverlap,5,5,2020-08-06,2020-08-13,-0.015768035719427198,0.25,252,500,0.016747912048916347,0.0018501511211017365,,-0.01578486759233591,0.035468638748296366,0.05125350634063228,True,False,False,0.05125350634063228,-0.03628339020724061,0.05657729108126113,0.09286068128850175,True,False,False,0.09286068128850175,-0.05823835527966202,0.08221964358886952,0.14045799886853155,True,False,False,0.14045799886853155
student_t_rolling,student_t,rolling,nonoverlap,5,5,2020-08-06,2020-08-13,-0.015768035719427198,0.234,252,500,0.016747912048916347,0.0018501511211017365,14.895861608894364,-0.014371357823580677,0.03888313293122009,0.053254490754800765,False,True,False,0.05884120233818685,-0.03508258727724172,0.056522723119244556,0.09160531039648628,True,False,False,0.09160531039648628,-0.0630626825540722,0.08408949470534804,0.14715217725942026,True,False,False,0.14715217725942026
bootstrap_ewma,bootstrap,ewma,nonoverlap,5,5,2020-08-06,2020-08-13,-0.015768035719427198,0.252,252,500,0.01883182689165908,0.0018501511211017365,,-0.01625636885984158,0.03898554293802303,0.05524191179786461,True,False,False,0.05524191179786461,-0.04730071507584421,0.06951367518897045,0.11681439026481466,True,False,False,0.11681439026481466,-0.08706902293598669,0.09365127765233794,0.1807203005883246,True,False,False,0.1807203005883246
normal_ewma,normal,ewma,nonoverlap,5,5,2020-08-06,2020-08-13,-0.015768035719427198,0.282,252,500,0.01883182689165908,0.0018501511211017365,,-0.018861436872893683,0.03877267780428334,0.05763411467717702,True,False,False,0.05763411467717702,-0.04180854636367219,0.06261360108336105,0.10442214744703324,True,False,False,0.10442214744703324,-0.06631863434911921,0.09165480627427602,0.15797344062339524,True,False,False,0.15797344062339524
student_t_ewma,student_t,ewma,nonoverlap,5,5,2020-08-06,2020-08-13,-0.015768035719427198,0.26,252,500,0.01883182689165908,0.0018501511211017365,14.895861608894364,-0.017276870992088578,0.04262507344747224,0.05990194443956082,True,False,False,0.05990194443956082,-0.04046597055201663,0.06255189296357384,0.10301786351559047,True,False,False,0.10301786351559047,-0.07169511894935231,0.09377586650735202,0.16547098545670433,True,False,False,0.16547098545670433
bootstrap_rolling,bootstrap,rolling,nonoverlap,5,5,2020-08-13,2020-08-20,0.03280401410523881,0.766,252,500,0.016751375094009053,0.0016577051265486758,,-0.017617140244232554,0.030808676567330773,0.04842581681156333,False,False,True,0.056407166963195476,-0.0448037400814768,0.05926087354159763,0.10406461362307443,True,False,False,0.10406461362307443,-0.07222589325701956,0.07762450614076877,0.14985039939778833,True,False,False,0.14985039939778833
normal_rolling,normal,rolling,nonoverlap,5,5,2020-08-13,2020-08-20,0.03280401410523881,0.738,252,500,0.016751375094009053,0.0016577051265486758,,-0.02361358352175172,0.03390765326062195,0.05752123678237367,True,False,False,0.05752123678237367,-0.045120872243295786,0.05879892461659755,0.10391979685989333,True,False,False,0.10391979685989333,-0.07142363773679986,0.08559737527432375,0.1570210130111236,True,False,False,0.1570210130111236
student_t_rolling,student_t,rolling,nonoverlap,5,5,2020-08-13,2020-08-20,0.03280401410523881,0.692,252,500,0.016751375094009053,0.0016577051265486758,13.965298147132245,-0.012426401383887425,0.038989076399600364,0.05141547778348779,True,False,False,0.05141547778348779,-0.037133836225572536,0.06501370207381586,0.1021475382993884,True,False,False,0.1021475382993884,-0.06368819191572479,0.09330079369588767,0.15698898561161245,True,False,False,0.15698898561161245
bootstrap_ewma,bootstrap,ewma,nonoverlap,5,5,2020-08-13,2020-08-20,0.03280401410523881,0.748,252,500,0.019196364517629197,0.0016577051265486758,,-0.02134707158945559,0.03413230646726095,0.055479378056716544,True,False,False,0.055479378056716544,-0.052320284354076235,0.06690782246028429,0.11922810681436052,True,False,False,0.11922810681436052,-0.08343102166139715,0.08813036999304602,0.17156139165444317,True,False,False,0.17156139165444317
normal_ewma,normal,ewma,nonoverlap,5,5,2020-08-13,2020-08-20,0.03280401410523881,0.71,252,500,0.019196364517629197,0.0016577051265486758,,-0.028189592381959505,0.03769583551042771,0.06588542789238722,True,False,False,0.06588542789238722,-0.05268084080195055,0.06637464419175665,0.11905548499370719,True,False,False,0.11905548499370719,-0.08252343155037505,0.09736098471646971,0.17988441626684476,True,False,False,0.17988441626684476
student_t_ewma,student_t,ewma,nonoverlap,5,5,2020-08-13,2020-08-20,0.03280401410523881,0.668,252,500,0.019196364517629197,0.0016577051265486758,13.965298147132245,-0.015419007978560051,0.04354235757120839,0.05896136554976844,True,False,False,0.05896136554976844,-0.04359497165410824,0.07355054214924656,0.1171455138033548,True,False,False,0.1171455138033548,-0.07375958058798067,0.10628904971280831,0.180048630300789,True,False,False,0.180048630300789
bootstrap_rolling,bootstrap,rolling,nonoverlap,5,5,2020-08-20,2020-08-27,-0.01134063670197838,0.286,252,500,0.016713461133233444,0.0015897344322692312,,-0.017617140244232554,0.030467096416251893,0.04808423666048445,True,False,False,0.04808423666048445,-0.04554343444487152,0.056555589293070696,0.10209902373794222,True,False,False,0.10209902373794222,-0.075264902789755,0.07454671278060387,0.14981161557035888,True,False,False,0.14981161557035888
normal_rolling,normal,rolling,nonoverlap,5,5,2020-08-20,2020-08-27,-0.01134063670197838,0.304,252,500,0.016713461133233444,0.0015897344322692312,,-0.017795213152292072,0.0362919322988946,0.054087145451186674,True,False,False,0.054087145451186674,-0.03603903991910442,0.05831485654590648,0.0943538964650109,True,False,False,0.0943538964650109,-0.062068148081706756,0.08838490042342297,0.15045304850512972,True,False,False,0.15045304850512972
student_t_rolling,student_t,rolling,nonoverlap,5,5,2020-08-20,2020-08-27,-0.01134063670197838,0.274,252,500,0.016713461133233444,0.0015897344322692312,13.559039432259123,-0.015986632443731275,0.032273765706081925,0.0482603981498132,True,False,False,0.0482603981498132,-0.038264968246370455,0.05153385801537784,0.08979882626174829,True,False,False,0.08979882626174829,-0.05821357882632516,0.0769562673824982,0.13516984620882336,True,False,False,0.13516984620882336
bootstrap_ewma,bootstrap,ewma,nonoverlap,5,5,2020-08-20,2020-08-27,-0.01134063670197838,0.304,252,500,0.018067544405426583,0.0015897344322692312,,-0.019662295272140362,0.032310736329602685,0.05197303160174305,True,False,False,0.05197303160174305,-0.04975326299833671,0.060592064496250764,0.11034532749458748,True,False,False,0.11034532749458748,-0.08170023319848055,0.08012848342377166,0.1618287166222522,True,False,False,0.1618287166222522
normal_ewma,normal,ewma,nonoverlap,5,5,2020-08-20,2020-08-27,-0.01134063670197838,0.312,252,500,0.018067544405426583,0.0015897344322692312,,-0.019854392860596703,0.03862019388733262,0.058474586747929325,True,False,False,0.058474586747929325,-0.03952004959227878,0.06250125797332323,0.10202130756560202,True,False,False,0.10202130756560202,-0.06752542304443046,0.09517338384291504,0.1626988068873455,True,False,False,0.1626988068873455
student_t_ewma,student_t,ewma,nonoverlap,5,5,2020-08-20,2020-08-27,-0.01134063670197838,0.29,252,500,0.018067544405426583,0.0015897344322692312,13.559039432259123,-0.01790323788548484,0.034267410636745765,0.052170648522230606,True,False,False,0.052170648522230606,-0.041917403367141684,0.05514379873473518,0.09706120210187687,True,False,False,0.09706120210187687,-0.06338209603999687,0.08274702763219283,0.1461291236721897,True,False,False,0.1461291236721897
bootstrap_rolling,bootstrap,rolling,nonoverlap,5,5,2020-08-27,2020-09-03,0.03635322331897117,0.768,252,500,0.016541840063844716,0.001462416321763746,,-0.01436218686040669,0.03363730865566139,0.04799949551606808,False,False,True,0.05886315416930721,-0.035543960111662304,0.060947171672194024,0.09649113178385632,True,False,False,0.09649113178385632,-0.06918241262678759,0.07616255429469038,0.14534496692147797,True,False,False,0.14534496692147797
normal_rolling,normal,rolling,nonoverlap,5,5,2020-08-27,2020-09-03,0.03635322331897117,0.766,252,500,0.016541840063844716,0.001462416321763746,,-0.0172386536882099,0.03469660619204379,0.05193525988025369,False,False,True,0.058561728387963224,-0.04051747701766417,0.05822718532422567,0.09874466234188983,True,False,False,0.09874466234188983,-0.05994544375766713,0.08621024816692384,0.14615569192459096,True,False,False,0.14615569192459096
student_t_rolling,student_t,rolling,nonoverlap,5,5,2020-08-27,2020-09-03,0.03635322331897117,0.766,252,500,0.016541840063844716,0.001462416321763746,14.28925421179271,-0.020722053349790492,0.03434426213151437,0.05506631548130486,False,False,True,0.06310216023113208,-0.03805105751800874,0.058899493738154174,0.09695055125616292,True,False,False,0.09695055125616292,-0.06286149544734307,0.08289924331285813,0.14576073876020118,True,False,False,0.14576073876020118
bootstrap_ewma,bootstrap,ewma,nonoverlap,5,5,2020-08-27,2020-09-03,0.03635322331897117,0.746,252,500,0.018316827853030824,0.001462416321763746,,-0.016662821147621854,0.03649968185811714,0.05316250300573899,True,False,False,0.05316250300573899,-0.0400355077690864,0.06686637907557115,0.10690188684465754,True,False,False,0.10690188684465754,-0.07703993934898856,0.0838215140468766,0.16086145339586516,True,False,False,0.16086145339586516
normal_ewma,normal,ewma,nonoverlap,5,5,2020-08-27,2020-09-03,0.03635322331897117,0.74,252,500,0.018316827853030824,0.001462416321763746,,-0.019840008705361928,0.03767595798968193,0.05751596669504386,True,False,False,0.05751596669504386,-0.04551558251892759,0.06383813181374146,0.10935371433266905,True,False,False,0.10935371433266905,-0.06689268725394405,0.09503200614654514,0.1619246934004892,True,False,False,0.1619246934004892
student_t_ewma,student_t,ewma,nonoverlap,5,5,2020-08-27,2020-09-03,0.03635322331897117,0.742,252,500,0.018316827853030824,0.001462416321763746,14.28925421179271,-0.023686245033377074,0.03728469018602226,0.060970935219399336,True,False,False,0.060970935219399336,-0.04279836044970158,0.06458655293743538,0.10738491338713696,True,False,False,0.10738491338713696,-0.07009731999024794,0.09133654930685067,0.16143386929709863,True,False,False,0.16143386929709863
bootstrap_rolling,bootstrap,rolling,nonoverlap,5,5,2020-09-03,2020-09-11,-0.020695718355072112,0.194,252,500,0.01681066453605326,0.0016154823388064164,,-0.013799346788128969,0.030467096416251893,0.04426644320438086,False,True,False,0.07185192947215344,-0.035543960111662304,0.05399629597869832,0.08954025609036062,True,False,False,0.08954025609036062,-0.07552310754269753,0.07343544373993492,0.14895855128263247,True,False,False,0.14895855128263247
normal_rolling,normal,rolling,nonoverlap,5,5,2020-09-03,2020-09-11,-0.020695718355072112,0.232,252,500,0.01681066453605326,0.0016154823388064164,,-0.017214539729274836,0.03376407118762709,0.05097861091690192,False,True,False,0.06490332542009103,-0.04285626865058907,0.059480455368052486,0.10233672401864155,True,False,False,0.10233672401864155,-0.065842251877988,0.08546231021741725,0.15130456209540527,True,False,False,0.15130456209540527
student_t_rolling,student_t,rolling,nonoverlap,5,5,2020-09-03,2020-09-11,-0.020695718355072112,0.212,252,500,0.01681066453605326,0.0016154823388064164,15.549062130672148,-0.015821370741357588,0.0329402559637057,0.04876162670506329,False,True,False,0.06825901715992139,-0.03791595363965632,0.0566846688642829,0.09460062250393922,True,False,False,0.09460062250393922,-0.058632128846398256,0.08028341817281492,0.1389155470192132,True,False,False,0.1389155470192132
bootstrap_ewma,bootstrap,ewma,nonoverlap,5,5,2020-09-03,2020-09-11,-0.020695718355072112,0.228,252,500,0.01918813844764181,0.0016154823388064164,,-0.016859152531859795,0.03366873332761244,0.05052788585947224,False,True,False,0.06587414915232151,-0.04156322771030491,0.06065224932594037,0.10221547703624528,True,False,False,0.10221547703624528,-0.0867772167916031,0.08300972356201189,0.169786940353615,True,False,False,0.169786940353615
normal_ewma,normal,ewma,nonoverlap,5,5,2020-09-03,2020-09-11,-0.020695718355072112,0.25,252,500,0.01918813844764181,0.0016154823388064164,,-0.020744395015034084,0.03744453348334903,0.05818892849838311,True,False,False,0.05818892849838311,-0.04985321243565401,0.06695385644144998,0.11680706887710399,True,False,False,0.11680706887710399,-0.0758533443816695,0.09687093979922759,0.17272428418089708,True,False,False,0.17272428418089708
student_t_ewma,student_t,ewma,nonoverlap,5,5,2020-09-03,2020-09-11,-0.020695718355072112,0.24,252,500,0.01918813844764181,0.0016154823388064164,15.549062130672148,-0.01915974910812454,0.03650091445933468,0.05566066356745922,False,True,False,0.061804540555249504,-0.04425338743423257,0.0637407631375782,0.10799415057181078,True,False,False,0.10799415057181078,-0.06770756339027711,0.09089957114723897,0.15860713453751607,True,False,False,0.15860713453751607
bootstrap_rolling,bootstrap,rolling,nonoverlap,5,5,2020-09-11,2020-09-18,-0.04918222794597371,0.048,252,500,0.016708069613325077,0.0018551816651416215,,-0.013799346788128969,0.03280401410523881,0.04660336089336778,False,True,False,0.18813488552474675,-0.0304646706810191,0.053937272648152845,0.08440194332917195,False,True,False,0.27157751597871804,-0.06640950184449501,0.07665729437242677,0.14306679621692178,True,False,False,0.14306679621692178
normal_rolling,normal,rolling,nonoverlap,5,5,2020-09-11,2020-09-18,-0.04918222794597371,0.042,252,500,0.016708069613325077,0.0018551816651416215,,-0.015157769232466978,0.03465873064191827,0.049816499874385245,False,True,False,0.18591433472841218,-0.03156571141246111,0.062118343903169386,0.0936840553156305,False,True,False,0.26984922065075656,-0.05994325727520638,0.09083572813568577,0.15077898541089216,True,False,False,0.15077898541089216
student_t_rolling,student_t,rolling,nonoverlap,5,5,2020-09-11,2020-09-18,-0.04918222794597371,0.068,252,500,0.016708069613325077,0.0018551816651416215,14.521456204814545,-0.014829580204868242,0.03518695382642412,0.05001653403129236,False,True,False,0.18742712499571423,-0.04055488889099149,0.058637800837580585,0.09919268972857208,False,True,False,0.18546608027839429,-0.06404222312687127,0.08669817831872907,0.15074040144560036,True,False,False,0.15074040144560036
bootstrap_ewma,bootstrap,ewma,nonoverlap,5,5,2020-09-11,2020-09-18,-0.04918222794597371,0.062,252,500,0.018606582474921442,0.0018551816651416215,,-0.016392446356860157,0.035506912641024346,0.051899358997884504,False,True,False,0.18305848535433872,-0.03488484350107557,0.05913036993790066,0.09401521343897623,False,True,False,0.23698905788795768,-0.07464666946829734,0.08458788669419219,0.15923455616248955,True,False,False,0.15923455616248955
normal_ewma,normal,ewma,nonoverlap,5,5,2020-09-11,2020-09-18,-0.04918222794597371,0.06,252,500,0.018606582474921442,0.0018551816651416215,,-0.017901206204944925,0.03757799612019497,0.05547920232513989,False,True,False,0.18060328928925504,-0.036105323123678604,0.06828996594986789,0.10439528907354649,False,True,False,0.2351643372964976,-0.06750615799145047,0.10050538868627143,0.1680115466777219,True,False,False,0.1680115466777219
student_t_ewma,student_t,ewma,nonoverlap,5,5,2020-09-11,2020-09-18,-0.04918222794597371,0.084,252,500,0.018606582474921442,0.0018551816651416215,14.521456204814545,-0.01753673709994588,0.03816791627751487,0.05570465337746075,False,True,False,0.18228661676157207,-0.046063734443321784,0.06439213928535685,0.11045587372867863,False,True,False,0.1416408087551979,-0.07203321681213641,0.09585781232635782,0.16789102913849424,True,False,False,0.16789102913849424
bootstrap_rolling,bootstrap,rolling,nonoverlap,5,5,2020-09-18,2020-09-25,0.03705929229885441,0.752,252,500,0.016589160482909298,0.0016182925395285392,,-0.01134063670197849,0.03635322331897117,0.04769386002094966,False,False,True,0.0505181359404826,-0.035543960111662304,0.05941445242265543,0.09495841253431773,True,False,False,0.09495841253431773,-0.06640950184449501,0.07276407658922457,0.13917357843371958,True,False,False,0.13917357843371958
normal_rolling,normal,rolling,nonoverlap,5,5,2020-09-18,2020-09-25,0.03705929229885441,0.786,252,500,0.016589160482909298,0.0016182925395285392,,-0.016913501983940843,0.03253508384855136,0.0494485858324922,False,False,True,0.06754541963370439,-0.03645877543116554,0.06483731899459738,0.10129609442576293,True,False,False,0.10129609442576293,-0.059019417485296495,0.09289578201926399,0.15191519950456048,True,False,False,0.15191519950456048
student_t_rolling,student_t,rolling,nonoverlap,5,5,2020-09-18,2020-09-25,0.03705929229885441,0.79,252,500,0.016589160482909298,0.0016182925395285392,14.425580662652294,-0.015722771081682907,0.03276374434200474,0.04848651542368765,False,False,True,0.06566870725108631,-0.03789789705484726,0.052886345744280625,0.09078424279912789,True,False,False,0.09078424279912789,-0.05765526194828236,0.08665704808043438,0.14431231002871675,True,False,False,0.14431231002871675
bootstrap_ewma,bootstrap,ewma,nonoverlap,5,5,2020-09-18,2020-09-25,0.03705929229885441,0.722,252,500,0.01802299462266826,0.0016182925395285392,,-0.013005278380885277,0.038829906795759817,0.05183518517664509,True,False,False,0.05183518517664509,-0.039228245703582604,0.06396823784327518,0.10319648354685779,True,False,False,0.10319648354685779,-0.07258683951435907,0.07854193046921609,0.15112876998357516,True,False,False,0.15112876998357516
normal_ewma,normal,ewma,nonoverlap,5,5,2020-09-18,2020-09-25,0.03705929229885441,0.772,252,500,0.01802299462266826,0.0016182925395285392,,-0.019048147710819308,0.03467250908089797,0.05372065679171728,False,False,True,0.06326778966354302,-0.040218332868485765,0.06988643560741631,0.11010476847590207,True,False,False,0.11010476847590207,-0.06460835084091902,0.10054919268911398,0.165157543530033,True,False,False,0.165157543530033
student_t_ewma,student_t,ewma,nonoverlap,5,5,2020-09-18,2020-09-25,0.03705929229885441,0.77,252,500,0.01802299462266826,0.0016182925395285392,14.425580662652294,-0.017757240613307218,0.03492144824103832,0.05267868885434554,False,False,True,0.06123006508560988,-0.04177563860605688,0.05684729959410011,0.098622938200157,True,False,False,0.098622938200157,-0.06313506079321762,0.09372545495914779,0.15686051575236543,True,False,False,0.15686051575236543
bootstrap_rolling,bootstrap,rolling,nonoverlap,5,5,2020-09-25,2020-10-02,0.03862974285106824,0.782,252,500,0.016124063392433243,0.0022051956125114466,,-0.01656459996550408,0.032703955553099684,0.04926855551860376,False,False,True,0.07297170471047798,-0.035318685877945885,0.05682618622076769,0.09214487209871358,True,False,False,0.09214487209871358,-0.054068238428169324,0.07592322952585649,0.12999146795402583,True,False,False,0.12999146795402583
normal_rolling,normal,rolling,nonoverlap,5,5,2020-09-25,2020-10-02,0.03862974285106824,0.782,252,500,0.016124063392433243,0.0022051956125114466,,-0.018414664675410614,0.03415033737605644,0.05256500205146705,False,False,True,0.07048262395151425,-0.03766605602638965,0.059199634484792645,0.0968656905111823,True,False,False,0.0968656905111823,-0.05638819621027743,0.08132178252228307,0.1377099787325605,True,False,False,0.1377099787325605
student_t_rolling,student_t,rolling,nonoverlap,5,5,2020-09-25,2020-10-02,0.03862974285106824,0.774,252,500,0.016124063392433243,0.0022051956125114466,14.307522280371092,-0.012958849874974726,0.036682656870480335,0.04964150674545506,False,False,True,0.057429850667806676,-0.03701579661692219,0.062023911270176486,0.09903970788709868,True,False,False,0.09903970788709868,-0.058218358563464405,0.08892841771548718,0.1471467762789516,True,False,False,0.1471467762789516
bootstrap_ewma,bootstrap,ewma,nonoverlap,5,5,2020-09-25,2020-10-02,0.03862974285106824,0.782,252,500,0.016990944038787356,0.0022051956125114466,,-0.018029628042151913,0.03387915649745743,0.05190878453960934,False,False,True,0.07091112995405258,-0.03775237399610864,0.059343081475053204,0.09709545547116184,True,False,False,0.09709545547116184,-0.05744975880193848,0.0795245777956952,0.1369743365976337,True,False,False,0.1369743365976337
normal_ewma,normal,ewma,nonoverlap,5,5,2020-09-25,2020-10-02,0.03862974285106824,0.774,252,500,0.016990944038787356,0.0022051956125114466,,-0.019976154408873514,0.035405092368249125,0.05538124677712264,False,False,True,0.0682798487083991,-0.0402195457228972,0.06185022388287385,0.10206976960577105,True,False,False,0.10206976960577105,-0.05988553783487336,0.08523310061045021,0.14511863844532358,True,False,False,0.14511863844532358
student_t_ewma,student_t,ewma,nonoverlap,5,5,2020-09-25,2020-10-02,0.03862974285106824,0.758,252,500,0.016990944038787356,0.0022051956125114466,14.307522280371092,-0.014235306712621104,0.03807697068739907,0.052312277400020174,False,False,True,0.05452336605469685,-0.03953613243173728,0.06483400388978444,0.10437013632152173,True,False,False,0.10437013632152173,-0.06180684993325642,0.09327939091844768,0.1550862408517041,True,False,False,0.1550862408517041
bootstrap_rolling,bootstrap,rolling,nonoverlap,5,5,2020-10-02,2020-10-09,-0.009392279299149542,0.27,252,500,0.016337431918606114,0.002399135943736741,,-0.011666880457132933,0.03632458362954516,0.04799146408667809,True,False,False,0.04799146408667809,-0.029735927831917253,0.0627631009353632,0.09249902876728046,True,False,False,0.09249902876728046,-0.049806686829369506,0.08397967673555473,0.13378636356492424,True,False,False,0.13378636356492424
normal_rolling,normal,rolling,nonoverlap,5,5,2020-10-02,2020-10-09,-0.009392279299149542,0.266,252,500,0.016337431918606114,0.002399135943736741,,-0.012900650748517928,0.0328396789776807,0.045740329726198625,True,False,False,0.045740329726198625,-0.03438730409644573,0.05920067233376732,0.09358797643021305,True,False,False,0.09358797643021305,-0.056494228756645164,0.08107105639328048,0.13756528514992564,True,False,False,0.13756528514992564
student_t_rolling,student_t,rolling,nonoverlap,5,5,2020-10-02,2020-10-09,-0.009392279299149542,0.28,252,500,0.016337431918606114,0.002399135943736741,17.878466910531742,-0.014101675108045192,0.03862684633827468,0.05272852144631987,True,False,False,0.05272852144631987,-0.03627683448634957,0.062001888907601686,0.09827872339395126,True,False,False,0.09827872339395126,-0.05850394911734743,0.09910258623011105,0.15760653534745847,True,False,False,0.15760653534745847
bootstrap_ewma,bootstrap,ewma,nonoverlap,5,5,2020-10-02,2020-10-09,-0.009392279299149542,0.284,252,500,0.017551407712350506,0.002399135943736741,,-0.013408148200682257,0.03815004441639913,0.05155819261708139,True,False,False,0.05155819261708139,-0.03277240449348384,0.06662990608029565,0.09940231057377949,True,False,False,0.09940231057377949,-0.05425044371978294,0.0895228020676857,0.14377324578746864,True,False,False,0.14377324578746864
normal_ewma,normal,ewma,nonoverlap,5,5,2020-10-02,2020-10-09,-0.009392279299149542,0.272,252,500,0.017551407712350506,0.002399135943736741,,-0.014731198859134431,0.034400063383791424,0.049131262242925855,True,False,False,0.049131262242925855,-0.03775287606659723,0.0627893185355616,0.10054219460215884,True,False,False,0.10054219460215884,-0.061399404606355824,0.08638264052163491,0.14778204512799073,True,False,False,0.14778204512799073
student_t_ewma,student_t,ewma,nonoverlap,5,5,2020-10-02,2020-10-09,-0.009392279299149542,0.3,252,500,0.017551407712350506,0.002399135943736741,17.878466910531742,-0.016019015707098433,0.040627941358305386,0.05664695706540382,True,False,False,0.05664695706540382,-0.03977559318873064,0.06580917574742708,0.10558476893615772,True,False,False,0.10558476893615772,-0.06354708384158361,0.10586095323932233,0.16940803708090596,True,False,False,0.16940803708090596
bootstrap_rolling,bootstrap,rolling,nonoverlap,5,5,2020-10-09,2020-10-16,-0.03656061961052959,0.088,252,500,0.016184820495795935,0.0025286340625467643,,-0.009112339896309218,0.035587297019611164,0.04469963691592038,False,True,False,0.15449275577280186,-0.03523777609456891,0.058297264370551494,0.0935350404651204,False,True,False,0.10676347562472721,-0.06640950184449501,0.07454671278060387,0.14095621462509889,True,False,False,0.14095621462509889
normal_rolling,normal,rolling,nonoverlap,5,5,2020-10-09,2020-10-16,-0.03656061961052959,0.076,252,500,0.016184820495795935,0.0025286340625467643,,-0.00920150596692651,0.03610380383779965,0.04530530980472616,False,True,False,0.15474176437913847,-0.029750433531410724,0.06195124497155646,0.09170167850296719,False,True,False,0.15980353929415583,-0.051964161533838704,0.08880763334183334,0.14077179487567204,True,False,False,0.14077179487567204
student_t_rolling,student_t,rolling,nonoverlap,5,5,2020-10-09,2020-10-16,-0.03656061961052959,0.108,252,500,0.016184820495795935,0.0025286340625467643,16.649719825482926,-0.011828682240607152,0.03968334084584657,0.05151202308645372,False,True,False,0.15043977256614346,-0.03754672843965606,0.06198167370649691,0.09952840214615297,True,False,False,0.09952840214615297,-0.05821660820747512,0.08876966893015244,0.14698627713762757,True,False,False,0.14698627713762757
bootstrap_ewma,bootstrap,ewma,nonoverlap,5,5,2020-10-09,2020-10-16,-0.03656061961052959,0.098,252,500,0.0166214276681549,0.0025286340625467643,,-0.009694821285160193,0.036211178817523226,0.04590600010268342,False,True,False,0.153369193404161,-0.036499635739845604,0.059554682567742434,0.09605431830758804,False,True,False,0.09666415701442788,-0.06845630815137504,0.07626575229675625,0.1447220604481313,True,False,False,0.1447220604481313
normal_ewma,normal,ewma,nonoverlap,5,5,2020-10-09,2020-10-16,-0.03656061961052959,0.08,252,500,0.0166214276681549,0.0025286340625467643,,-0.009786337821825142,0.03674194315781626,0.0465282809796414,False,True,False,0.15362540813445918,-0.030871204565813472,0.0633118675541261,0.09418307211993956,False,True,False,0.15107722256710074,-0.05365071156781808,0.09093744333546802,0.1445881549032861,True,False,False,0.1445881549032861
student_t_ewma,student_t,ewma,nonoverlap,5,5,2020-10-09,2020-10-16,-0.03656061961052959,0.112,252,500,0.0166214276681549,0.0025286340625467643,16.649719825482926,-0.012482697326594405,0.040420477419054746,0.05290317474564915,False,True,False,0.14921486388138988,-0.03886769718429974,0.0633431575255618,0.10221085470986155,True,False,False,0.10221085470986155,-0.060059855739043426,0.09089836662351726,0.15095822236256068,True,False,False,0.15095822236256068
bootstrap_rolling,bootstrap,rolling,nonoverlap,5,5,2020-10-16,2020-10-23,0.009134478880628238,0.454,252,500,0.01627383764546513,0.002447116673278511,,-0.00939227929914943,0.035965313810105926,0.045357593109255356,True,False,False,0.045357593109255356,-0.02998426517634767,0.05926155857004001,0.08924582374638768,True,False,False,0.08924582374638768,-0.06301641483146317,0.07990473086309677,0.14292114569455994,True,False,False,0.14292114569455994
normal_rolling,normal,rolling,nonoverlap,5,5,2020-10-16,2020-10-23,0.009134478880628238,0.444,252,500,0.01627383764546513,0.002447116673278511,,-0.013015372438640871,0.039539333267469334,0.052554705706110205,True,False,False,0.052554705706110205,-0.03547832884978574,0.06315574890029069,0.09863407775007643,True,False,False,0.09863407775007643,-0.055492268361396584,0.09520800362147805,0.15070027198287464,True,False,False,0.15070027198287464
student_t_rolling,student_t,rolling,nonoverlap,5,5,2020-10-16,2020-10-23,0.009134478880628238,0.472,252,500,0.01627383764546513,0.002447116673278511,17.157101945210435,-0.011220265360695342,0.038924493724128484,0.050144759084823826,True,False,False,0.050144759084823826,-0.02894882019567152,0.06206840085881736,0.09101722105448888,True,False,False,0.09101722105448888,-0.04863223565455397,0.08585295683085406,0.13448519248540802,True,False,False,0.13448519248540802
bootstrap_ewma,bootstrap,ewma,nonoverlap,5,5,2020-10-16,2020-10-23,0.009134478880628238,0.454,252,500,0.01700096043173312,0.002447116673278511,,-0.010351046566606681,0.03703501622349403,0.047386062790100714,True,False,False,0.047386062790100714,-0.03183222445604861,0.061409430255393804,0.09324165471144241,True,False,False,0.09324165471144241,-0.06624771858918388,0.08302813002931278,0.14927584861849666,True,False,False,0.14927584861849666
normal_ewma,normal,ewma,nonoverlap,5,5,2020-10-16,2020-10-23,0.009134478880628238,0.444,252,500,0.01700096043173312,0.002447116673278511,,-0.014132048553418652,0.040772868293127706,0.05490491684654636,True,False,False,0.05490491684654636,-0.03756010450734646,0.06548619848859874,0.1030463029959452,True,False,False,0.1030463029959452,-0.05841340447431742,0.09906635945082166,0.15747976392513907,True,False,False,0.15747976392513907
student_t_ewma,student_t,ewma,nonoverlap,5,5,2020-10-16,2020-10-23,0.009134478880628238,0.472,252,500,0.01700096043173312,0.002447116673278511,17.157101945210435,-0.012258780936646979,0.04012980375333075,0.05238858468997773,True,False,False,0.05238858468997773,-0.030752550293458258,0.0643478061849516,0.09510035647840986,True,False,False,0.09510035647840986,-0.051267847729114385,0.08926076385889643,0.14052861158801083,True,False,False,0.14052861158801083
bootstrap_rolling,bootstrap,rolling,nonoverlap,5,5,2020-10-23,2020-10-30,0.014985593388712637,0.558,252,500,0.01631124588035861,0.002370665836120578,,-0.012040367268515373,0.036315037066403155,0.04835540433491853,True,False,False,0.04835540433491853,-0.03195322356447694,0.06235724285619493,0.09431046642067187,True,False,False,0.09431046642067187,-0.049806686829369506,0.07665729437242677,0.12646398120179628,True,False,False,0.12646398120179628
normal_rolling,normal,rolling,nonoverlap,5,5,2020-10-23,2020-10-30,0.014985593388712637,0.532,252,500,0.01631124588035861,0.002370665836120578,,-0.010337341903072589,0.034881258904600976,0.045218600807673565,True,False,False,0.045218600807673565,-0.030928254294123457,0.06057730568107573,0.09150555997519919,True,False,False,0.09150555997519919,-0.06190777589815507,0.08204857960044251,0.1439563554985976,True,False,False,0.1439563554985976
student_t_rolling,student_t,rolling,nonoverlap,5,5,2020-10-23,2020-10-30,0.014985593388712637,0.498,252,500,0.01631124588035861,0.002370665836120578,18.446907953892325,-0.008973986177120558,0.03937147011986286,0.04834545629698342,True,False,False,0.04834545629698342,-0.029895016260618485,0.06269585683218089,0.09259087309279937,True,False,False,0.09259087309279937,-0.054362942842274956,0.0852356721080169,0.13959861495029185,True,False,False,0.13959861495029185
bootstrap_ewma,bootstrap,ewma,nonoverlap,5,5,2020-10-23,2020-10-30,0.014985593388712637,0.558,252,500,0.01668266893938708,0.002370665836120578,,-0.012579391066408624,0.03687724116949753,0.049456632235906156,True,False,False,0.049456632235906156,-0.03292987364808375,0.06353446636511872,0.09646434001320248,True,False,False,0.09646434001320248,-0.05116760189755509,0.07817862898062966,0.12934623087818475,True,False,False,0.12934623087818475
normal_ewma,normal,ewma,nonoverlap,5,5,2020-10-23,2020-10-30,0.014985593388712637,0.532,252,500,0.01668266893938708,0.002370665836120578,,-0.010838507234283895,0.035410042110963214,0.04624854934524711,True,False,False,0.04624854934524711,-0.031882602385296534,0.061712016262501904,0.09359461864779844,True,False,False,0.09359461864779844,-0.06352471864880914,0.08370075852921617,0.1472254771780253,True,False,False,0.1472254771780253
student_t_ewma,student_t,ewma,nonoverlap,5,5,2020-10-23,2020-10-30,0.014985593388712637,0.496,252,500,0.01668266893938708,0.002370665836120578,18.446907953892325,-0.009444790855620278,0.04000507316831431,0.04944986402393459,True,False,False,0.04944986402393459,-0.03082687131778434,0.06388117599581665,0.094708047313601,True,False,False,0.094708047313601,-0.05582066926297015,0.08696549528470186,0.142786164547672,True,False,False,0.142786164547672
bootstrap_rolling,bootstrap,rolling,nonoverlap,5,5,2020-10-30,2020-11-06,-0.023734803541560545,0.168,252,500,0.01624259535572133,0.0022710268108948545,,-0.01019767671917482,0.032847607103262844,0.04304528382243766,False,True,False,0.09719379111198057,-0.03002093955862073,0.061864742673685136,0.09188568223230587,True,False,False,0.09188568223230587,-0.054068238428169324,0.07762450614076877,0.1316927445689381,True,False,False,0.1316927445689381
normal_rolling,normal,rolling,nonoverlap,5,5,2020-10-30,2020-11-06,-0.023734803541560545,0.186,252,500,0.01624259535572133,0.0022710268108948545,,-0.015294405352268448,0.03702494785942384,0.05231935321169229,False,True,False,0.08608094596886068,-0.03541186315178759,0.06259180134696318,0.09800366449875078,True,False,False,0.09800366449875078,-0.0536290526710648,0.08342152689760851,0.1370505795686733,True,False,False,0.1370505795686733
student_t_rolling,student_t,rolling,nonoverlap,5,5,2020-10-30,2020-11-06,-0.023734803541560545,0.16,252,500,0.01624259535572133,0.0022710268108948545,19.484812291173185,-0.011934634088132057,0.03522594120416145,0.047160575292293505,False,True,False,0.09436125310600746,-0.03303946451768542,0.05817734388796828,0.0912168084056537,True,False,False,0.0912168084056537,-0.06238335028250437,0.08527738318131742,0.1476607334638218,True,False,False,0.1476607334638218
bootstrap_ewma,bootstrap,ewma,nonoverlap,5,5,2020-10-30,2020-11-06,-0.023734803541560545,0.162,252,500,0.01594981026073469,0.0022710268108948545,,-0.009812123835209657,0.0324573662618412,0.04226949009705086,False,True,False,0.09796020892245441,-0.02928917885956761,0.06093353562084847,0.09022271448041608,True,False,False,0.09022271448041608,-0.05292614673574403,0.07639358797804219,0.12931973471378622,True,False,False,0.12931973471378622
normal_ewma,normal,ewma,nonoverlap,5,5,2020-10-30,2020-11-06,-0.023734803541560545,0.182,252,500,0.01594981026073469,0.0022710268108948545,,-0.014819162482401116,0.03655770816600307,0.05137687064840418,False,True,False,0.0870394348850419,-0.03458718649956136,0.06164685800094014,0.0962340445005015,True,False,False,0.0962340445005015,-0.05249436341865389,0.08207933302849615,0.13457369644715006,True,False,False,0.13457369644715006
student_t_ewma,student_t,ewma,nonoverlap,5,5,2020-10-30,2020-11-06,-0.023734803541560545,0.154,252,500,0.01594981026073469,0.0022710268108948545,19.484812291173185,-0.011518462478596642,0.03479189786346615,0.04631036034206279,False,True,False,0.0951757245939184,-0.03225561223372115,0.05731566688396866,0.0895712791176898,True,False,False,0.0895712791176898,-0.06110198477359196,0.08389945111770704,0.145001435891299,True,False,False,0.145001435891299
bootstrap_rolling,bootstrap,rolling,nonoverlap,5,5,2020-11-06,2020-11-13,0.0419411352604937,0.782,252,500,0.016352147753213666,0.002122474676583059,,-0.017640446214879285,0.035965313810105926,0.05360576002498521,False,False,True,0.07750904582653631,-0.0304646706810191,0.06191399269193613,0.09237866337295522,True,False,False,0.09237866337295522,-0.049806686829369506,0.07856686819360004,0.12837355502296954,True,False,False,0.12837355502296954
normal_rolling,normal,rolling,nonoverlap,5,5,2020-11-06,2020-11-13,0.0419411352604937,0.802,252,500,0.016352147753213666,0.002122474676583059,,-0.015355015915443637,0.03363923744290159,0.04899425335834523,False,False,True,0.08220184462871366,-0.032501696928601866,0.05974763914899617,0.09224933607759803,True,False,False,0.09224933607759803,-0.0525359672460602,0.08483450682082043,0.13737047406688063,True,False,False,0.13737047406688063
student_t_rolling,student_t,rolling,nonoverlap,5,5,2020-11-06,2020-11-13,0.0419411352604937,0.816,252,500,0.016352147753213666,0.002122474676583059,22.19362179955726,-0.016689419467717237,0.03279477698176975,0.049484196449486983,False,False,True,0.0860696295643828,-0.03603037091835413,0.05650681408886148,0.09253718500721561,True,False,False,0.09253718500721561,-0.052972535809803135,0.08527844134429396,0.1382509771540971,True,False,False,0.1382509771540971
bootstrap_ewma,bootstrap,ewma,nonoverlap,5,5,2020-11-06,2020-11-13,0.0419411352604937,0.782,252,500,0.01702481071939106,0.002122474676583059,,-0.0187878459163712,0.037019360589498396,0.055807206505869594,False,False,True,0.07549430518985081,-0.03212041772949026,0.06407677626335845,0.0961971939928487,True,False,False,0.0961971939928487,-0.05221539561903621,0.08145557268777837,0.13367096830681457,True,False,False,0.13367096830681457
normal_ewma,normal,ewma,nonoverlap,5,5,2020-11-06,2020-11-13,0.0419411352604937,0.796,252,500,0.01702481071939106,0.002122474676583059,,-0.016411067593994688,0.034595246610380825,0.051006314204375514,False,False,True,0.08038986880482701,-0.03423752563182103,0.0618168096506182,0.09605433528243923,True,False,False,0.09605433528243923,-0.055049570780572626,0.08799929619485092,0.14304886697542354,True,False,False,0.14304886697542354
student_t_ewma,student_t,ewma,nonoverlap,5,5,2020-11-06,2020-11-13,0.0419411352604937,0.812,252,500,0.01702481071939106,0.002122474676583059,22.19362179955726,-0.01779883448179781,0.03371524999058312,0.05151408447238093,False,False,True,0.08441762555202326,-0.03790448862882905,0.05843629374296838,0.09634078237179744,True,False,False,0.09634078237179744,-0.05550288907945434,0.08846287881261569,0.14396576789207002,True,False,False,0.14396576789207002
bootstrap_rolling,bootstrap,rolling,nonoverlap,5,5,2020-11-13,2020-11-20,-0.00013800485398562934,0.38,252,500,0.01640273338244364,0.0023037892647020464,,-0.01448030203359546,0.03652974056394198,0.05101004259753744,True,False,False,0.05101004259753744,-0.03002093955862073,0.05822153671617203,0.08824247627479276,True,False,False,0.08824247627479276,-0.04833516473016906,0.07856686819360004,0.1269020329237691,True,False,False,0.1269020329237691
normal_rolling,normal,rolling,nonoverlap,5,5,2020-11-13,2020-11-20,-0.00013800485398562934,0.366,252,500,0.01640273338244364,0.0023037892647020464,,-0.013119948716005608,0.03573406325826073,0.04885401197426634,True,False,False,0.04885401197426634,-0.031778824795062846,0.05812567116364352,0.08990449595870637,True,False,False,0.08990449595870637,-0.050398471904813884,0.09409078399858117,0.14448925590339506,True,False,False,0.14448925590339506
student_t_rolling,student_t,rolling,nonoverlap,5,5,2020-11-13,2020-11-20,-0.00013800485398562934,0.344,252,500,0.01640273338244364,0.0023037892647020464,26.60237130629994,-0.008911997369152463,0.039338739665842226,0.04825073703499469,True,False,False,0.04825073703499469,-0.03042973051220732,0.06179757162066599,0.0922273021328733,True,False,False,0.0922273021328733,-0.05714752766332106,0.08510162642748834,0.1422491540908094,True,False,False,0.1422491540908094
bootstrap_ewma,bootstrap,ewma,nonoverlap,5,5,2020-11-13,2020-11-20,-0.00013800485398562934,0.38,252,500,0.016593381172340754,0.0023037892647020464,,-0.014779280839140957,0.0368232527654313,0.05160253360457226,True,False,False,0.05160253360457226,-0.030494328953567296,0.05877603570416756,0.08927036465773486,True,False,False,0.08927036465773486,-0.04901032749320448,0.07937091058831114,0.1283812380815156,True,False,False,0.1283812380815156
normal_ewma,normal,ewma,nonoverlap,5,5,2020-11-13,2020-11-20,-0.00013800485398562934,0.366,252,500,0.016593381172340754,0.0023037892647020464,,-0.013403522718872601,0.03601810249337162,0.04942162521224422,True,False,False,0.04942162521224422,-0.032271759319353555,0.05867900517193315,0.0909507644912867,True,False,False,0.0909507644912867,-0.05109611362431828,0.09508827555116758,0.14618438917548587,True,False,False,0.14618438917548587
student_t_ewma,student_t,ewma,nonoverlap,5,5,2020-11-13,2020-11-20,-0.00013800485398562934,0.346,252,500,0.016593381172340754,0.0023037892647020464,26.60237130629994,-0.009147780537211547,0.03966574952272256,0.04881353005993411,True,False,False,0.04881353005993411,-0.030907668416070955,0.06239560121077615,0.0933032696268471,True,False,False,0.0933032696268471,-0.05791831331492264,0.08598678243419185,0.14390509574911448,True,False,False,0.14390509574911448
bootstrap_rolling,bootstrap,rolling,nonoverlap,5,5,2020-11-20,2020-11-30,0.05458124519094021,0.872,252,500,0.016453555276911547,0.002301642286674944,,-0.017617140244232554,0.035965313810105926,0.05358245405433848,False,False,True,0.1280461795776756,-0.02998426517634767,0.06357074992114721,0.09355501509749488,True,False,False,0.09355501509749488,-0.04833516473016906,0.07430738801176999,0.12264255274193905,True,False,False,0.12264255274193905
normal_rolling,normal,rolling,nonoverlap,5,5,2020-11-20,2020-11-30,0.05458124519094021,0.854,252,500,0.016453555276911547,0.002301642286674944,,-0.013484665797373258,0.039719677347636484,0.05320434314500974,False,False,True,0.11265061451822464,-0.03242074735334444,0.05965039450690256,0.092071141860247,True,False,False,0.092071141860247,-0.05608643723543547,0.08397925913629992,0.14006569637173538,True,False,False,0.14006569637173538
student_t_rolling,student_t,rolling,nonoverlap,5,5,2020-11-20,2020-11-30,0.05458124519094021,0.862,252,500,0.016453555276911547,0.002301642286674944,30.0,-0.011588472791536408,0.03834675301623319,0.0499352258077696,False,False,True,0.11487319450659766,-0.037109783140225096,0.06193670294043223,0.09904648608065733,True,False,False,0.09904648608065733,-0.06217043662185788,0.08614000417722847,0.14831044079908634,True,False,False,0.14831044079908634
bootstrap_ewma,bootstrap,ewma,nonoverlap,5,5,2020-11-20,2020-11-30,0.05458124519094021,0.872,252,500,0.016276049964289354,0.002301642286674944,,-0.01730675050427699,0.03569906839843218,0.05300581890270917,False,False,True,0.1285345260727413,-0.02954515548350345,0.06299578222848988,0.09254093771199333,True,False,False,0.09254093771199333,-0.04770816785971404,0.07361027266099453,0.12131844052070856,True,False,False,0.12131844052070856
normal_ewma,normal,ewma,nonoverlap,5,5,2020-11-20,2020-11-30,0.05458124519094021,0.858,252,500,0.016276049964289354,0.002301642286674944,,-0.013217659349022609,0.039411901886158174,0.05262956123518078,False,False,True,0.11330693445430892,-0.03195647600048246,0.059119739962465605,0.09107621596294807,True,False,False,0.09107621596294807,-0.0553812034105196,0.0831711298375573,0.1385523332480769,True,False,False,0.1385523332480769
student_t_ewma,student_t,ewma,nonoverlap,5,5,2020-11-20,2020-11-30,0.05458124519094021,0.864,252,500,0.016276049964289354,0.002301642286674944,30.0,-0.01134143474184146,0.038054181081752014,0.049395615823593475,False,False,True,0.11550387226034625,-0.03659727239643373,0.06138022397059308,0.09797749636702682,True,False,False,0.09797749636702682,-0.06140427462990297,0.08530694802666225,0.14671122265656522,True,False,False,0.14671122265656522
bootstrap_rolling,bootstrap,rolling,nonoverlap,5,5,2020-11-30,2020-12-07,0.01841231388570619,0.622,252,500,0.01663169964239232,0.0023202550271813355,,-0.011280277400208677,0.032703955553099684,0.04398423295330836,True,False,False,0.04398423295330836,-0.029764429004587603,0.05581310286033525,0.08557753186492285,True,False,False,0.08557753186492285,-0.051747383449126355,0.08397967673555473,0.1357270601846811,True,False,False,0.1357270601846811
normal_rolling,normal,rolling,nonoverlap,5,5,2020-11-30,2020-12-07,0.01841231388570619,0.542,252,500,0.01663169964239232,0.0023202550271813355,,-0.013014687666150965,0.03878295304239521,0.05179764070854617,True,False,False,0.05179764070854617,-0.033607477771342535,0.05951035717134165,0.09311783494268419,True,False,False,0.09311783494268419,-0.055015921693691114,0.08545897658991897,0.1404748982836101,True,False,False,0.1404748982836101
student_t_rolling,student_t,rolling,nonoverlap,5,5,2020-11-30,2020-12-07,0.01841231388570619,0.57,252,500,0.01663169964239232,0.0023202550271813355,30.0,-0.010450013519799461,0.036848049973103425,0.047298063492902886,True,False,False,0.047298063492902886,-0.03396319771018034,0.06005562028707084,0.09401881799725118,True,False,False,0.09401881799725118,-0.055787020334398404,0.08103526634589507,0.13682228668029348,True,False,False,0.13682228668029348
bootstrap_ewma,bootstrap,ewma,nonoverlap,5,5,2020-11-30,2020-12-07,0.01841231388570619,0.622,252,500,0.017283155199611065,0.0023202550271813355,,-0.012168509980621717,0.03353673379755362,0.045705243778175336,True,False,False,0.045705243778175336,-0.031352351702711445,0.05758087860524408,0.08893323030795552,True,False,False,0.08893323030795552,-0.0541486586657715,0.08691491986075328,0.1410635785265248,True,False,False,0.1410635785265248
normal_ewma,normal,ewma,nonoverlap,5,5,2020-11-30,2020-12-07,0.01841231388570619,0.538,252,500,0.017283155199611065,0.0023202550271813355,,-0.013969174722187505,0.03985966461842694,0.05382883934061444,True,False,False,0.05382883934061444,-0.035339085213590526,0.06142964984856091,0.09676873506215145,True,False,False,0.09676873506215145,-0.05753651102490337,0.08845636727623946,0.14599287830114283,True,False,False,0.14599287830114283
student_t_ewma,student_t,ewma,nonoverlap,5,5,2020-11-30,2020-12-07,0.01841231388570619,0.568,252,500,0.017283155199611065,0.0023202550271813355,30.0,-0.011306485733600075,0.037846961451421746,0.04915344718502182,True,False,False,0.04915344718502182,-0.03570807353653138,0.061997302535559316,0.0977053760720907,True,False,False,0.0977053760720907,-0.05833567265351819,0.08384706170342814,0.14218273435694634,True,False,False,0.14218273435694634
bootstrap_rolling,bootstrap,rolling,nonoverlap,5,5,2020-12-07,2020-12-14,-0.04935426034900292,0.024,252,500,0.0168084365428925,0.002235884757628772,,-0.01913932899011414,0.032703955553099684,0.051843284543213825,False,True,False,0.17270300997876895,-0.03428390091540512,0.056555589293070696,0.09083949020847581,False,True,False,0.24154308454445386,-0.04918222794597371,0.07592322952585649,0.12510545747183022,False,True,False,0.1319867535929986
normal_rolling,normal,rolling,nonoverlap,5,5,2020-12-07,2020-12-14,-0.04935426034900292,0.042,252,500,0.0168084365428925,0.002235884757628772,,-0.015833252987817542,0.03751797304628063,0.05335122603409817,False,True,False,0.18743525547883969,-0.036885648371336024,0.06069353349485597,0.097579181866192,False,True,False,0.22226530164286099,-0.052723063862103486,0.08931756022586339,0.14204062408796686,True,False,False,0.14204062408796686
student_t_rolling,student_t,rolling,nonoverlap,5,5,2020-12-07,2020-12-14,-0.04935426034900292,0.062,252,500,0.0168084365428925,0.002235884757628772,30.0,-0.013072114297525556,0.03897179269599693,0.05204390699352249,False,True,False,0.19717249119943195,-0.03955451964225931,0.05997818477026672,0.09953270441252604,False,True,False,0.19753011147996213,-0.0602734512840927,0.08147781294257846,0.14175126422667117,True,False,False,0.14175126422667117
bootstrap_ewma,bootstrap,ewma,nonoverlap,5,5,2020-12-07,2020-12-14,-0.04935426034900292,0.03,252,500,0.017794915405588477,0.002235884757628772,,-0.020893771943372386,0.033977595905096525,0.05487136784846891,False,True,False,0.16871332147099105,-0.03689120835724313,0.059277225701970915,0.09616843405921405,False,True,False,0.22079895397681196,-0.05261417073851837,0.0798454490288469,0.13245961976736526,True,False,False,0.13245961976736526
normal_ewma,normal,ewma,nonoverlap,5,5,2020-12-07,2020-12-14,-0.04935426034900292,0.052,252,500,0.017794915405588477,0.002235884757628772,,-0.017399581659159724,0.03908112838812555,0.056480710047285276,False,True,False,0.18429942480665806,-0.03963799663666013,0.06366981354557054,0.10330781018223067,False,True,False,0.2004704473056586,-0.05634887727360773,0.09408267432707577,0.1504315516006835,True,False,False,0.1504315516006835
student_t_ewma,student_t,ewma,nonoverlap,5,5,2020-12-07,2020-12-14,-0.04935426034900292,0.07,252,500,0.017794915405588477,0.002235884757628772,30.0,-0.014480804980953443,0.040622654240200284,0.05510345922115373,False,True,False,0.19459728069335164,-0.04245519878020263,0.06291037853161648,0.10536557731181911,False,True,False,0.17435619299982202,-0.06430992836902835,0.08574826522768994,0.1500581935967183,True,False,False,0.1500581935967183
bootstrap_rolling,bootstrap,rolling,nonoverlap,5,5,2020-12-14,2020-12-21,-0.009594036252997484,0.268,252,500,0.016808043303139116,0.0021021230853526334,,-0.011260157632952073,0.03705929229885441,0.04831944993180648,True,False,False,0.04831944993180648,-0.0304646706810191,0.05800650490877131,0.08847117558979041,True,False,False,0.08847117558979041,-0.0495100688597565,0.07276407658922457,0.12227414544898108,True,False,False,0.12227414544898108
normal_rolling,normal,rolling,nonoverlap,5,5,2020-12-14,2020-12-21,-0.009594036252997484,0.278,252,500,0.016808043303139116,0.0021021230853526334,,-0.014038073128254863,0.035559300416821094,0.04959737354507596,True,False,False,0.04959737354507596,-0.039471069167369546,0.056002960400485254,0.0954740295678548,True,False,False,0.0954740295678548,-0.061175225192826026,0.08068560648679456,0.14186083167962057,True,False,False,0.14186083167962057
student_t_rolling,student_t,rolling,nonoverlap,5,5,2020-12-14,2020-12-21,-0.009594036252997484,0.284,252,500,0.016808043303139116,0.0021021230853526334,30.0,-0.015229517353586186,0.037215300389806305,0.05244481774339249,True,False,False,0.05244481774339249,-0.03535895792648827,0.06214302579492387,0.09750198372141214,True,False,False,0.09750198372141214,-0.058926054603042184,0.09133715585916045,0.15026321046220265,True,False,False,0.15026321046220265
bootstrap_ewma,bootstrap,ewma,nonoverlap,5,5,2020-12-14,2020-12-21,-0.009594036252997484,0.27,252,500,0.017697448125942875,0.0021021230853526334,,-0.01240187786674174,0.03848038435669232,0.05088226222343406,True,False,False,0.05088226222343406,-0.03258881306529193,0.06057797928682201,0.09316679235211395,True,False,False,0.09316679235211395,-0.05258760498642199,0.07615994336293408,0.12874754834935606,True,False,False,0.12874754834935606
normal_ewma,normal,ewma,nonoverlap,5,5,2020-12-14,2020-12-21,-0.009594036252997484,0.29,252,500,0.017697448125942875,0.0021021230853526334,,-0.015323193116803718,0.03689891691431196,0.05222211003111568,True,False,False,0.05222211003111568,-0.04204868042791121,0.05846339842797626,0.10051207885588748,True,False,False,0.10051207885588748,-0.06482626395438118,0.08452873043557767,0.14935499438995886,True,False,False,0.14935499438995886
student_t_ewma,student_t,ewma,nonoverlap,5,5,2020-12-14,2020-12-21,-0.009594036252997484,0.288,252,500,0.017697448125942875,0.0021021230853526334,30.0,-0.016576007937807558,0.03864487361415947,0.05522088155196703,True,False,False,0.05522088155196703,-0.037730104558137495,0.06494442354629332,0.10267452810443081,True,False,False,0.10267452810443081,-0.062467132040367725,0.09578666750528116,0.1582537995456489,True,False,False,0.1582537995456489
bootstrap_rolling,bootstrap,rolling,nonoverlap,5,5,2020-12-21,2020-12-29,-0.007629588742735227,0.318,252,500,0.016607326662847893,0.002373151038261476,,-0.019630124925142822,0.03877217433816671,0.05840229926330953,True,False,False,0.05840229926330953,-0.03523777609456891,0.06191399269193613,0.09715176878650503,True,False,False,0.09715176878650503,-0.059266160764428144,0.07856686819360004,0.13783302895802818,True,False,False,0.13783302895802818
normal_rolling,normal,rolling,nonoverlap,5,5,2020-12-21,2020-12-29,-0.007629588742735227,0.26,252,500,0.016607326662847893,0.002373151038261476,,-0.008524667539392516,0.04073190707823465,0.04925657461762717,True,False,False,0.04925657461762717,-0.027686438108044078,0.0629533556895709,0.09063979379761498,True,False,False,0.09063979379761498,-0.05694538287288262,0.08974993739467914,0.14669532026756177,True,False,False,0.14669532026756177
student_t_rolling,student_t,rolling,nonoverlap,5,5,2020-12-21,2020-12-29,-0.007629588742735227,0.286,252,500,0.016607326662847893,0.002373151038261476,30.0,-0.01298849661989554,0.0401616120932497,0.05315010871314524,True,False,False,0.05315010871314524,-0.03668869594814753,0.06264942921076126,0.0993381251589088,True,False,False,0.0993381251589088,-0.05918471263292141,0.09366053577211987,0.15284524840504127,True,False,False,0.15284524840504127
bootstrap_ewma,bootstrap,ewma,nonoverlap,5,5,2020-12-21,2020-12-29,-0.007629588742735227,0.318,252,500,0.016553072940603746,0.002373151038261476,,-0.019528621732206042,0.038683357265188734,0.058211978997394775,True,False,False,0.058211978997394775,-0.0350873023980125,0.061746769405123816,0.09683407180313632,True,False,False,0.09683407180313632,-0.05904190798984388,0.0783422057017884,0.13738411369163228,True,False,False,0.13738411369163228
normal_ewma,normal,ewma,nonoverlap,5,5,2020-12-21,2020-12-29,-0.007629588742735227,0.258,252,500,0.016553072940603746,0.002373151038261476,,-0.008458502274989566,0.04063651490445952,0.049095017179449085,True,False,False,0.049095017179449085,-0.027559555596132268,0.06278257195653186,0.09034212755266413,True,False,False,0.09034212755266413,-0.0567281696556524,0.08948623145599258,0.14621440111164496,True,False,False,0.14621440111164496
student_t_ewma,student_t,ewma,nonoverlap,5,5,2020-12-21,2020-12-29,-0.007629588742735227,0.286,252,500,0.016553072940603746,0.002373151038261476,30.0,-0.012908078399967271,0.04006813444318991,0.05297621284315718,True,False,False,0.05297621284315718,-0.03653371142831833,0.06247968671311052,0.09901339814142884,True,False,False,0.09901339814142884,-0.05896070663566391,0.09338308831343232,0.15234379494909622,True,False,False,0.15234379494909622
bootstrap_rolling,bootstrap,rolling,nonoverlap,5,5,2020-12-29,2021-01-06,0.05758843491719201,0.898,252,500,0.01653023675031641,0.0023769687673268363,,-0.013160827702662692,0.03280401410523881,0.0459648418079015,False,False,True,0.1451025250557143,-0.03589319435006988,0.05801407767420926,0.09390727202427915,True,False,False,0.09390727202427915,-0.043883045539968246,0.08196779132615561,0.12585083686612386,True,False,False,0.12585083686612386
normal_rolling,normal,rolling,nonoverlap,5,5,2020-12-29,2021-01-06,0.05758843491719201,0.898,252,500,0.01653023675031641,0.0023769687673268363,,-0.015313620569145897,0.03582215560702601,0.051135776176171904,False,False,True,0.13820089341683592,-0.03386110166834084,0.0581847663099905,0.09204586797833134,True,False,False,0.09204586797833134,-0.06397885120690157,0.08872983354995825,0.15270868475685984,True,False,False,0.15270868475685984
student_t_rolling,student_t,rolling,nonoverlap,5,5,2020-12-29,2021-01-06,0.05758843491719201,0.898,252,500,0.01653023675031641,0.0023769687673268363,28.918296839000966,-0.011939295081647622,0.03498505556671638,0.046924350648364005,False,False,True,0.13733786805026652,-0.03536889309230441,0.058482545313453003,0.09385143840575741,True,False,False,0.09385143840575741,-0.06451285454308603,0.08612276131091093,0.15063561585399696,True,False,False,0.15063561585399696
bootstrap_ewma,bootstrap,ewma,nonoverlap,5,5,2020-12-29,2021-01-06,0.05758843491719201,0.898,252,500,0.016414884273488042,0.0023769687673268363,,-0.012987735547982382,0.032657051264434855,0.04564478681241724,False,False,True,0.14537032142344586,-0.03556725787669446,0.05768551537175447,0.09325277324844893,True,False,False,0.09325277324844893,-0.04350426614168179,0.08146282239529867,0.12496708853698046,True,False,False,0.12496708853698046
normal_ewma,normal,ewma,nonoverlap,5,5,2020-12-29,2021-01-06,0.05758843491719201,0.898,252,500,0.016414884273488042,0.0023769687673268363,,-0.015125896918604831,0.035653674345567044,0.050779571264171874,False,False,True,0.13851861355067174,-0.03354867866441747,0.057854960192486815,0.09140363885690428,True,False,False,0.09140363885690428,-0.06346921802745677,0.0881743971190836,0.15164361514654037,True,False,False,0.15164361514654037
student_t_ewma,student_t,ewma,nonoverlap,5,5,2020-12-29,2021-01-06,0.05758843491719201,0.898,252,500,0.016414884273488042,0.0023769687673268363,28.918296839000966,-0.011774519617175266,0.03482254869351542,0.04659706831069069,False,False,True,0.13766061320539705,-0.03504644031018915,0.05815056856491471,0.09319700887510386,True,False,False,0.09319700887510386,-0.0639997931210875,0.08558681587167401,0.1495866089927615,True,False,False,0.1495866089927615
bootstrap_rolling,bootstrap,rolling,nonoverlap,5,5,2021-01-06,2021-01-13,0.002272568303501421,0.37,252,500,0.016738291758105536,0.002707377939405668,,-0.010034719449112384,0.03919946879946212,0.049234188248574506,True,False,False,0.049234188248574506,-0.029764429004587603,0.05839369379050037,0.08815812279508797,True,False,False,0.08815812279508797,-0.0435594947150576,0.07811924621850516,0.12167874093356276,True,False,False,0.12167874093356276
normal_rolling,normal,rolling,nonoverlap,5,5,2021-01-06,2021-01-13,0.002272568303501421,0.366,252,500,0.016738291758105536,0.002707377939405668,,-0.009855616732650757,0.03686468676457111,0.046720303497221866,True,False,False,0.046720303497221866,-0.03197550914396529,0.06170592232025282,0.09368143146421812,True,False,False,0.09368143146421812,-0.05627959940567974,0.08536843550975902,0.14164803491543876,True,False,False,0.14164803491543876
student_t_rolling,student_t,rolling,nonoverlap,5,5,2021-01-06,2021-01-13,0.002272568303501421,0.368,252,500,0.016738291758105536,0.002707377939405668,30.0,-0.01324056652924066,0.038517944368365586,0.05175851089760625,True,False,False,0.05175851089760625,-0.03405501154555333,0.062020035173350294,0.09607504671890363,True,False,False,0.09607504671890363,-0.054606996302921366,0.08933894870891097,0.14394594501183233,True,False,False,0.14394594501183233
bootstrap_ewma,bootstrap,ewma,nonoverlap,5,5,2021-01-06,2021-01-13,0.002272568303501421,0.372,252,500,0.017629648154955976,0.002707377939405668,,-0.011279260417208503,0.04057911273152315,0.05185837314873165,True,False,False,0.05185837314873165,-0.03202241930304537,0.060832218245916135,0.0928546375489615,True,False,False,0.0928546375489615,-0.04651278038977569,0.08166635077203534,0.128179131161811,True,False,False,0.128179131161811
normal_ewma,normal,ewma,nonoverlap,5,5,2021-01-06,2021-01-13,0.002272568303501421,0.38,252,500,0.017629648154955976,0.002707377939405668,,-0.011090856179144931,0.03811688197637331,0.04920773815551824,True,False,False,0.04920773815551824,-0.03434568409778115,0.06432915900015657,0.09867484309793773,True,False,False,0.09867484309793773,-0.05986407711011317,0.08932814625293711,0.14919222336305027,True,False,False,0.14919222336305027
student_t_ewma,student_t,ewma,nonoverlap,5,5,2021-01-06,2021-01-13,0.002272568303501421,0.37,252,500,0.017629648154955976,0.002707377939405668,30.0,-0.014651291019814994,0.03986035710781549,0.054511648127630485,True,False,False,0.054511648127630485,-0.03653043699464534,0.06466081846711061,0.10119125546175595,True,False,False,0.10119125546175595,-0.05810906089049562,0.09352568345989648,0.1516347443503921,True,False,False,0.1516347443503921
bootstrap_rolling,bootstrap,rolling,nonoverlap,5,5,2021-01-13,2021-01-21,-0.016631594932973837,0.2,252,500,0.016649154227414528,0.0027070555373918696,,-0.010121459299237467,0.037374024005853324,0.04749548330509079,False,True,False,0.07353602584003627,-0.02871818438635514,0.05822153671617203,0.08693972110252716,True,False,False,0.08693972110252716,-0.039918328123956855,0.08140859267812613,0.12132692080208299,True,False,False,0.12132692080208299
normal_rolling,normal,rolling,nonoverlap,5,5,2021-01-13,2021-01-21,-0.016631594932973837,0.204,252,500,0.016649154227414528,0.0027070555373918696,,-0.012024468866028815,0.040303716348085994,0.05232818521411481,False,True,False,0.0707566894818949,-0.031298648336034476,0.06337246859817233,0.09467111693420681,True,False,False,0.09467111693420681,-0.053875690992141505,0.08740884769524734,0.14128453868738886,True,False,False,0.14128453868738886
student_t_rolling,student_t,rolling,nonoverlap,5,5,2021-01-13,2021-01-21,-0.016631594932973837,0.188,252,500,0.016649154227414528,0.0027070555373918696,30.0,-0.008425477965007089,0.037927197475428,0.04635267544043509,False,True,False,0.07917714331230208,-0.029600842504271224,0.05989885821811518,0.0894997007223864,True,False,False,0.0894997007223864,-0.05866350529086604,0.09426262894720187,0.15292613423806792,True,False,False,0.15292613423806792
bootstrap_ewma,bootstrap,ewma,nonoverlap,5,5,2021-01-13,2021-01-21,-0.016631594932973837,0.206,252,500,0.017459961278745825,0.0027070555373918696,,-0.011263698618192652,0.03854458188787491,0.04980828050606756,False,True,False,0.0712798657651923,-0.030734607607201373,0.06044267254448843,0.0911772801516898,True,False,False,0.0911772801516898,-0.042452487245832726,0.08482305145858239,0.1272755387044151,True,False,False,0.1272755387044151
normal_ewma,normal,ewma,nonoverlap,5,5,2021-01-13,2021-01-21,-0.016631594932973837,0.218,252,500,0.017459961278745825,0.0027070555373918696,,-0.013256987634813172,0.04162062832596397,0.05487761596077714,False,True,False,0.0683760451534198,-0.03343494627224249,0.06585643128659287,0.09929137755883535,True,False,False,0.09929137755883535,-0.057045758812942965,0.0911360721431077,0.14818183095605067,True,False,False,0.14818183095605067
student_t_ewma,student_t,ewma,nonoverlap,5,5,2021-01-13,2021-01-21,-0.016631594932973837,0.198,252,500,0.017459961278745825,0.0027070555373918696,30.0,-0.00948710192639396,0.03912535690616953,0.04861245883256349,False,True,False,0.077190430858883,-0.03165830817522696,0.06220544086373305,0.09386374903896001,True,False,False,0.09386374903896001,-0.06204929805726101,0.09834958884561443,0.16039888690287543,True,False,False,0.16039888690287543
bootstrap_rolling,bootstrap,rolling,nonoverlap,5,5,2021-01-21,2021-01-28,-0.0070766208649206686,0.268,252,500,0.016613402407012205,0.0027406440985517696,,-0.007849495732148382,0.04049701535884753,0.048346511090995914,True,False,False,0.048346511090995914,-0.028695107785720375,0.05941445242265543,0.0881095602083758,True,False,False,0.0881095602083758,-0.04372127082729227,0.08035235283819164,0.12407362366548391,True,False,False,0.12407362366548391
normal_rolling,normal,rolling,nonoverlap,5,5,2021-01-21,2021-01-28,-0.0070766208649206686,0.312,252,500,0.016613402407012205,0.0027406440985517696,,-0.013532885421297491,0.038017617218188526,0.05155050263948602,True,False,False,0.05155050263948602,-0.03430684063514379,0.05977611567456777,0.09408295630971156,True,False,False,0.09408295630971156,-0.058735126253452584,0.09544253208986307,0.15417765834331565,True,False,False,0.15417765834331565
student_t_rolling,student_t,rolling,nonoverlap,5,5,2021-01-21,2021-01-28,-0.0070766208649206686,0.276,252,500,0.016613402407012205,0.0027406440985517696,30.0,-0.010524785972709061,0.03849969657513824,0.0490244825478473,True,False,False,0.0490244825478473,-0.031137606466246363,0.0638252037760912,0.09496281024233756,True,False,False,0.09496281024233756,-0.05368821272061558,0.08815569675211593,0.1418439094727315,True,False,False,0.1418439094727315
bootstrap_ewma,bootstrap,ewma,nonoverlap,5,5,2021-01-21,2021-01-28,-0.0070766208649206686,0.272,252,500,0.017103220535921723,0.0027406440985517696,,-0.00848065611853177,0.04129478940455383,0.049775445523085604,True,False,False,0.049775445523085604,-0.02992052776637144,0.06079010003529714,0.09071062780166858,True,False,False,0.09071062780166858,-0.045366654458129485,0.08237959446047413,0.12774624891860362,True,False,False,0.12774624891860362
normal_ewma,normal,ewma,nonoverlap,5,5,2021-01-21,2021-01-28,-0.0070766208649206686,0.316,252,500,0.017103220535921723,0.0027406440985517696,,-0.014327393601320071,0.03874041968159264,0.05306781328291271,True,False,False,0.05306781328291271,-0.03568993184207534,0.06116290929566694,0.09685284113774228,True,False,False,0.09685284113774228,-0.060792965406472194,0.09794698274971207,0.15873994815618425,True,False,False,0.15873994815618425
student_t_ewma,student_t,ewma,nonoverlap,5,5,2021-01-21,2021-01-28,-0.0070766208649206686,0.282,252,500,0.017103220535921723,0.0027406440985517696,30.0,-0.01123296219603176,0.03923706211693978,0.05047002431297154,True,False,False,0.05047002431297154,-0.03243177342980242,0.06533706683029698,0.09776884026009941,True,False,False,0.09776884026009941,-0.055608214379760726,0.09042889559581971,0.14603710997558045,True,False,False,0.14603710997558045
bootstrap_rolling,bootstrap,rolling,nonoverlap,5,5,2021-01-28,2021-02-04,0.03317591209375137,0.712,252,500,0.01658642374142453,0.002592051257358929,,-0.010352505341220869,0.03652974056394198,0.04688224590516285,True,False,False,0.04688224590516285,-0.028695107785720375,0.06267676231499597,0.09137187010071635,True,False,False,0.09137187010071635,-0.04289629662430507,0.08397967673555473,0.1268759733598598,True,False,False,0.1268759733598598
normal_rolling,normal,rolling,nonoverlap,5,5,2021-01-28,2021-02-04,0.03317591209375137,0.716,252,500,0.01658642374142453,0.002592051257358929,,-0.011588756666324945,0.03756965362168935,0.04915841028801429,True,False,False,0.04915841028801429,-0.037600509927711336,0.061670215543827976,0.09927072547153931,True,False,False,0.09927072547153931,-0.06118981055007116,0.09916644889947783,0.16035625944954898,True,False,False,0.16035625944954898
student_t_rolling,student_t,rolling,nonoverlap,5,5,2021-01-28,2021-02-04,0.03317591209375137,0.7,252,500,0.01658642374142453,0.002592051257358929,30.0,-0.010332407960971401,0.037696887524884204,0.048029295485855605,True,False,False,0.048029295485855605,-0.031044015840146367,0.06547840892931216,0.09652242476945852,True,False,False,0.09652242476945852,-0.06072611996628262,0.09151839273445746,0.15224451270074008,True,False,False,0.15224451270074008
bootstrap_ewma,bootstrap,ewma,nonoverlap,5,5,2021-01-28,2021-02-04,0.03317591209375137,0.712,252,500,0.016334717002944563,0.002592051257358929,,-0.010001514402549178,0.036169305066924395,0.04617081946947357,True,False,False,0.04617081946947357,-0.028074722249846085,0.06190569455197181,0.0899804168018179,True,False,False,0.0899804168018179,-0.04207090040080896,0.08286693724452987,0.12493783764533883,True,False,False,0.12493783764533883
normal_ewma,normal,ewma,nonoverlap,5,5,2021-01-28,2021-02-04,0.03317591209375137,0.716,252,500,0.016334717002944563,0.002592051257358929,,-0.011219447208301148,0.037193073697074364,0.04841252090537551,True,False,False,0.04841252090537551,-0.036851194897569675,0.06091513459547328,0.09776632949304295,True,False,False,0.09776632949304295,-0.060104965460316705,0.0978063077385358,0.1579112731988525,True,False,False,0.1579112731988525
student_t_ewma,student_t,ewma,nonoverlap,5,5,2021-01-28,2021-02-04,0.03317591209375137,0.702,252,500,0.016334717002944563,0.002592051257358929,30.0,-0.009981714304336808,0.03731833009348556,0.04730004439782237,True,False,False,0.04730004439782237,-0.03038950569745913,0.06466276776497963,0.09505227346243876,True,False,False,0.09505227346243876,-0.0596477849723986,0.0902832325264979,0.1499310174988965,True,False,False,0.1499310174988965
bootstrap_rolling,bootstrap,rolling,nonoverlap,5,5,2021-02-04,2021-02-11,0.003905230025921913,0.396,252,500,0.016514770609350665,0.002519182891012936,,-0.00939227929914943,0.03565734412269239,0.04504962342184182,True,False,False,0.04504962342184182,-0.026555563106087955,0.05926155857004001,0.08581712167612796,True,False,False,0.08581712167612796,-0.0435594947150576,0.07856686819360004,0.12212636290865764,True,False,False,0.12212636290865764
normal_rolling,normal,rolling,nonoverlap,5,5,2021-02-04,2021-02-11,0.003905230025921913,0.404,252,500,0.016514770609350665,0.002519182891012936,,-0.011775834478775282,0.03925213734359151,0.05102797182236679,True,False,False,0.05102797182236679,-0.035260765383680906,0.06258870241096424,0.09784946779464515,True,False,False,0.09784946779464515,-0.059352616419960404,0.086879874082686,0.14623249050264642,True,False,False,0.14623249050264642
student_t_rolling,student_t,rolling,nonoverlap,5,5,2021-02-04,2021-02-11,0.003905230025921913,0.418,252,500,0.016514770609350665,0.002519182891012936,28.787913740735853,-0.01317967636050102,0.03697551003190597,0.050155186392406986,True,False,False,0.050155186392406986,-0.036417313659753675,0.055249233426006454,0.09166654708576014,True,False,False,0.09166654708576014,-0.05271023924041332,0.08428439668216024,0.13699463592257355,True,False,False,0.13699463592257355
bootstrap_ewma,bootstrap,ewma,nonoverlap,5,5,2021-02-04,2021-02-11,0.003905230025921913,0.396,252,500,0.01565273144048294,0.002519182891012936,,-0.008252367468363553,0.03444494027628853,0.04269730774465208,True,False,False,0.04269730774465208,-0.024545890034641218,0.056777682934171514,0.08132357296881274,True,False,False,0.08132357296881274,-0.040702929159723844,0.07502375827269958,0.11572668743242343,True,False,False,0.11572668743242343
normal_ewma,normal,ewma,nonoverlap,5,5,2021-02-04,2021-02-11,0.003905230025921913,0.4,252,500,0.01565273144048294,0.002519182891012936,,-0.010514247656753434,0.03784779550268236,0.04836204315943579,True,False,False,0.04836204315943579,-0.03281566692671224,0.05992350340282743,0.09273917032953967,True,False,False,0.09273917032953967,-0.05572289509026566,0.08287537925536156,0.13859827434562721,True,False,False,0.13859827434562721
student_t_ewma,student_t,ewma,nonoverlap,5,5,2021-02-04,2021-02-11,0.003905230025921913,0.416,252,500,0.01565273144048294,0.002519182891012936,28.787913740735853,-0.011846567637120109,0.03569279582191259,0.0475393634590327,True,False,False,0.0475393634590327,-0.0339146587002748,0.05298333244598857,0.08689799114626337,True,False,False,0.08689799114626337,-0.04940411026652158,0.08042427130581628,0.12982838157233786,True,False,False,0.12982838157233786
bootstrap_rolling,bootstrap,rolling,nonoverlap,5,5,2021-02-11,2021-02-19,-0.0508737441440551,0.006,252,500,0.01673548306115782,0.0024959416970076038,,-0.009112339896309218,0.03862974285106824,0.04774208274737746,False,True,False,0.21478769973836098,-0.027366110875318816,0.06384616254345832,0.09121227341877713,False,True,False,0.32628860610614,-0.04281136416538188,0.08847155831058662,0.1312829224759685,False,True,False,0.45377812162289705
normal_rolling,normal,rolling,nonoverlap,5,5,2021-02-11,2021-02-19,-0.0508737441440551,0.04,252,500,0.01673548306115782,0.0024959416970076038,,-0.010096008746378005,0.04124992669631011,0.05134593544268812,False,True,False,0.2144568770333965,-0.03478912464310271,0.06264905118221595,0.09743817582531866,False,True,False,0.2582843708348426,-0.05920364778378841,0.08426314934681678,0.14346679713060517,True,False,False,0.14346679713060517
student_t_rolling,student_t,rolling,nonoverlap,5,5,2021-02-11,2021-02-19,-0.0508737441440551,0.036,252,500,0.01673548306115782,0.0024959416970076038,30.0,-0.01671731981210242,0.03789554007410073,0.05461285988620315,False,True,False,0.19123855721401387,-0.03039740394717561,0.061989108798080304,0.09238651274525592,False,True,False,0.29714991471405083,-0.05910786867834337,0.09850438452295195,0.15761225320129532,True,False,False,0.15761225320129532
bootstrap_ewma,bootstrap,ewma,nonoverlap,5,5,2021-02-11,2021-02-19,-0.0508737441440551,0.006,252,500,0.017058102228248582,0.0024959416970076038,,-0.009525500574389056,0.03913888462642778,0.04866438520081684,False,True,False,0.214057359479481,-0.028120079426842248,0.06485998525273828,0.09298006467958053,False,True,False,0.32051671185170905,-0.04384844898710879,0.08998965907247787,0.13383810805958665,False,True,False,0.4148499143374389
normal_ewma,normal,ewma,nonoverlap,5,5,2021-02-11,2021-02-19,-0.0508737441440551,0.042,252,500,0.017058102228248582,0.0024959416970076038,,-0.010527703622501938,0.04181095331318718,0.05233865693568912,False,True,False,0.21372281902190177,-0.035679768069652965,0.06363864775707928,0.09931841582673225,False,True,False,0.2512581765707536,-0.060535859937952956,0.08569422595687227,0.14623008589482522,True,False,False,0.14623008589482522
student_t_ewma,student_t,ewma,nonoverlap,5,5,2021-02-11,2021-02-19,-0.0508737441440551,0.04,252,500,0.017058102228248582,0.0024959416970076038,30.0,-0.01727327910931034,0.03839016648066501,0.05566344558997535,False,True,False,0.1900653057289544,-0.03120732038599733,0.06296536059665096,0.09417268098264829,False,True,False,0.290836918563226,-0.06043835973637648,0.10023100024693837,0.16066935998331486,True,False,False,0.16066935998331486
bootstrap_rolling,bootstrap,rolling,nonoverlap,5,5,2021-02-19,2021-02-26,-0.05760656735596348,0.012,252,500,0.016901651348601016,0.002244687377798556,,-0.0171402372259509,0.028392497769831992,0.04553273499578289,False,True,False,0.2073980555158332,-0.03428390091540512,0.05588735150360881,0.09017125241901393,False,True,False,0.32339791682459756,-0.043883045539968246,0.08196779132615561,0.12585083686612386,False,True,False,0.6747917095059327
normal_rolling,normal,rolling,nonoverlap,5,5,2021-02-19,2021-02-26,-0.05760656735596348,0.016,252,500,0.016901651348601016,0.002244687377798556,,-0.00781567718291351,0.041445414503528344,0.049261091686441855,False,True,False,0.24842465237864172,-0.029417011290212406,0.06593695159917645,0.09535396288938885,False,True,False,0.3772495235468996,-0.0498138388218427,0.09018318810401554,0.13999702692585825,False,True,False,0.4517061682906892
student_t_rolling,student_t,rolling,nonoverlap,5,5,2021-02-19,2021-02-26,-0.05760656735596348,0.036,252,500,0.016901651348601016,0.002244687377798556,30.0,-0.01783020939190627,0.03486045421536077,0.05269066360726704,False,True,False,0.21179609546349587,-0.03787912063984289,0.0605202974521297,0.09839941809197258,False,True,False,0.2956738852531785,-0.06208310585022742,0.08742821824701436,0.14951132409724177,True,False,False,0.14951132409724177
bootstrap_ewma,bootstrap,ewma,nonoverlap,5,5,2021-02-19,2021-02-26,-0.05760656735596348,0.012,252,500,0.01706861897750212,0.002244687377798556,,-0.017417036344120812,0.028562917861792547,0.04597995420591336,False,True,False,0.20673807825328402,-0.03472368316505803,0.0563376241173936,0.09106130728245163,False,True,False,0.31989014919150616,-0.044412763705575675,0.08269012694297606,0.12710289064855174,False,True,False,0.6548550366640634
normal_ewma,normal,ewma,nonoverlap,5,5,2021-02-19,2021-02-26,-0.05760656735596348,0.016,252,500,0.01706861897750212,0.002244687377798556,,-0.008002573349478376,0.04174778898226478,0.04975036233174315,False,True,False,0.24816633835768356,-0.029810830711934348,0.06649130544226359,0.09630213615419794,False,True,False,0.37425950259448926,-0.0503986436265416,0.09099253238634332,0.14139117601288492,False,True,False,0.42970812518975965
student_t_ewma,student_t,ewma,nonoverlap,5,5,2021-02-19,2021-02-26,-0.05760656735596348,0.038,252,500,0.01706861897750212,0.002244687377798556,30.0,-0.018113626215115114,0.03509605578373942,0.053209681998854536,False,True,False,0.211181446562248,-0.03835269901768936,0.06101843415870374,0.0993711331763931,False,True,False,0.2919098165591343,-0.06278069247621125,0.08820831498775161,0.15098900746396288,True,False,False,0.15098900746396288
bootstrap_rolling,bootstrap,rolling,nonoverlap,5,5,2021-02-26,2021-03-05,0.016654254617194386,0.622,252,500,0.01641445259327037,0.0016071911409753512,,-0.013160827702662692,0.03524651115101013,0.04840733885367282,True,False,False,0.04840733885367282,-0.03218629129956978,0.05452750595360745,0.08671379725317722,True,False,False,0.08671379725317722,-0.04675543331471145,0.07275669754294779,0.11951213085765924,True,False,False,0.11951213085765924
normal_rolling,normal,rolling,nonoverlap,5,5,2021-02-26,2021-03-05,0.016654254617194386,0.56,252,500,0.01641445259327037,0.0016071911409753512,,-0.014569875834728324,0.035074170606600175,0.0496440464413285,True,False,False,0.0496440464413285,-0.03608983915335145,0.057402721357847054,0.0934925605111985,True,False,False,0.0934925605111985,-0.06384539439080973,0.0890952216315045,0.15294061602231424,True,False,False,0.15294061602231424
student_t_rolling,student_t,rolling,nonoverlap,5,5,2021-02-26,2021-03-05,0.016654254617194386,0.592,252,500,0.01641445259327037,0.0016071911409753512,30.0,-0.013977112071903636,0.03295444051227797,0.04693155258418161,True,False,False,0.04693155258418161,-0.03375827287879135,0.053470194127634575,0.08722846700642592,True,False,False,0.08722846700642592,-0.05923338564098728,0.0780846265291946,0.13731801217018186,True,False,False,0.13731801217018186
bootstrap_ewma,bootstrap,ewma,nonoverlap,5,5,2021-02-26,2021-03-05,0.016654254617194386,0.622,252,500,0.017091356434814367,0.0016071911409753512,,-0.01402661812583017,0.03638289044671533,0.0504095085725455,True,False,False,0.0504095085725455,-0.03381135133368983,0.056488710279848364,0.0903000616135382,True,False,False,0.0903000616135382,-0.048950947234192785,0.0755117206639643,0.12446266789815709,True,False,False,0.12446266789815709
normal_ewma,normal,ewma,nonoverlap,5,5,2021-02-26,2021-03-05,0.016654254617194386,0.554,252,500,0.017091356434814367,0.0016071911409753512,,-0.015492442618216223,0.03620324666271929,0.051695689280935514,True,False,False,0.051695689280935514,-0.037868722742259386,0.05948823094633607,0.09735695368859545,True,False,False,0.09735695368859545,-0.06669822069716312,0.09257300756354703,0.15927122826071016,True,False,False,0.15927122826071016
student_t_ewma,student_t,ewma,nonoverlap,5,5,2021-02-26,2021-03-05,0.016654254617194386,0.588,252,500,0.017091356434814367,0.0016071911409753512,30.0,-0.014875804397729092,0.033993788167536676,0.04886959256526577,True,False,False,0.04886959256526577,-0.03544536435800286,0.05538577249383451,0.09083113685183736,True,False,False,0.09083113685183736,-0.061910196259077205,0.08107421096033929,0.1429844072194165,True,False,False,0.1429844072194165
bootstrap_rolling,bootstrap,rolling,nonoverlap,5,5,2021-03-05,2021-03-12,-0.00870827095299287,0.312,252,500,0.01656405152671713,0.0016446939544963294,,-0.013473887750340446,0.03280401410523881,0.046277901855579257,True,False,False,0.046277901855579257,-0.035908562307896755,0.05798261248572678,0.09389117479362354,True,False,False,0.09389117479362354,-0.05253630285109885,0.08035235283819164,0.13288865568929048,True,False,False,0.13288865568929048
normal_rolling,normal,rolling,nonoverlap,5,5,2021-03-05,2021-03-12,-0.00870827095299287,0.324,252,500,0.01656405152671713,0.0016446939544963294,,-0.016330217146128728,0.032595870317892794,0.04892608746402152,True,False,False,0.04892608746402152,-0.03822725045242423,0.05739286528982453,0.09562011574224875,True,False,False,0.09562011574224875,-0.06351084810157127,0.08613090955651805,0.14964175765808932,True,False,False,0.14964175765808932
student_t_rolling,student_t,rolling,nonoverlap,5,5,2021-03-05,2021-03-12,-0.00870827095299287,0.308,252,500,0.01656405152671713,0.0016446939544963294,30.0,-0.01580541149683351,0.03401015853672562,0.04981557003355913,True,False,False,0.04981557003355913,-0.0365746091528833,0.05812646800039796,0.09470107715328126,True,False,False,0.09470107715328126,-0.07030051965772059,0.08106740019513653,0.15136791985285714,True,False,False,0.15136791985285714
bootstrap_ewma,bootstrap,ewma,nonoverlap,5,5,2021-03-05,2021-03-12,-0.00870827095299287,0.33,252,500,0.017940491285184493,0.0016446939544963294,,-0.015258480950344183,0.03487048629971623,0.05012896725006041,True,False,False,0.05012896725006041,-0.039490410478205805,0.06222341534432019,0.101713825822526,True,False,False,0.101713825822526,-0.05741992936147001,0.0865705086782396,0.1439904380397096,True,False,False,0.1439904380397096
normal_ewma,normal,ewma,nonoverlap,5,5,2021-03-05,2021-03-12,-0.00870827095299287,0.334,252,500,0.017940491285184493,0.0016446939544963294,,-0.01834621074551601,0.03464459705850703,0.052990807804023043,True,False,False,0.052990807804023043,-0.041992195731772715,0.061582115895171555,0.10357431162694428,True,False,False,0.10357431162694428,-0.06923947119953724,0.09286656275016678,0.16210603394970402,True,False,False,0.16210603394970402
student_t_ewma,student_t,ewma,nonoverlap,5,5,2021-03-05,2021-03-12,-0.00870827095299287,0.324,252,500,0.017940491285184493,0.0016446939544963294,30.0,-0.017778946957381248,0.03617953627036202,0.05395848322774327,True,False,False,0.05395848322774327,-0.04020910334431704,0.06237985050370612,0.10258895384802316,True,False,False,0.10258895384802316,-0.0765462597599951,0.08734934208664331,0.16389560184663843,True,False,False,0.16389560184663843
bootstrap_rolling,bootstrap,rolling,nonoverlap,5,5,2021-03-12,2021-03-19,0.0002533137170199762,0.388,252,500,0.01652702773359646,0.0017523415679199098,,-0.014940229351827483,0.035478480998456796,0.05041871035028428,True,False,False,0.05041871035028428,-0.03639840762011193,0.05581310286033525,0.09221151048044718,True,False,False,0.09221151048044718,-0.06317537564801995,0.07031647033771565,0.1334918459857356,True,False,False,0.1334918459857356
normal_rolling,normal,rolling,nonoverlap,5,5,2021-03-12,2021-03-19,0.0002533137170199762,0.4,252,500,0.01652702773359646,0.0017523415679199098,,-0.01754454629879712,0.03736673087393266,0.05491127717272978,True,False,False,0.05491127717272978,-0.04379302012010957,0.05620692372456323,0.0999999438446728,True,False,False,0.0999999438446728,-0.07307842783219741,0.08136579491417423,0.15444422274637165,True,False,False,0.15444422274637165
student_t_rolling,student_t,rolling,nonoverlap,5,5,2021-03-12,2021-03-19,0.0002533137170199762,0.414,252,500,0.01652702773359646,0.0017523415679199098,30.0,-0.015680205478430576,0.03154528724815009,0.047225492726580665,True,False,False,0.047225492726580665,-0.035530746657292445,0.05497870376735839,0.09050945042465083,True,False,False,0.09050945042465083,-0.05934608802076566,0.07518986269706554,0.1345359507178312,True,False,False,0.1345359507178312
bootstrap_ewma,bootstrap,ewma,nonoverlap,5,5,2021-03-12,2021-03-19,0.0002533137170199762,0.396,252,500,0.017072319038585117,0.0017523415679199098,,-0.015713921794950125,0.036370624835390275,0.0520845466303404,True,False,False,0.0520845466303404,-0.03785466684111227,0.05740103021332543,0.0952556970544377,True,False,False,0.0952556970544377,-0.06546028258184657,0.07240885661488272,0.13786913919672927,True,False,False,0.13786913919672927
normal_ewma,normal,ewma,nonoverlap,5,5,2021-03-12,2021-03-19,0.0002533137170199762,0.4,252,500,0.017072319038585117,0.0017523415679199098,,-0.01840193824428485,0.03832291340130306,0.05672485164558791,True,False,False,0.05672485164558791,-0.04548074459980774,0.05780845938006761,0.10328920397987534,True,False,False,0.10328920397987534,-0.0756635864130015,0.08384697771132733,0.15951056412432885,True,False,False,0.15951056412432885
student_t_ewma,student_t,ewma,nonoverlap,5,5,2021-03-12,2021-03-19,0.0002533137170199762,0.424,252,500,0.017072319038585117,0.0017523415679199098,30.0,-0.01647770465099474,0.032304413327416126,0.048782117978410866,True,False,False,0.048782117978410866,-0.03695971940315804,0.05653781599945682,0.09349753540261485,True,False,False,0.09349753540261485,-0.06151428498195834,0.07745325112141996,0.1389675361033783,True,False,False,0.1389675361033783
bootstrap_rolling,bootstrap,rolling,nonoverlap,5,5,2021-03-19,2021-03-26,-0.0062488878229240985,0.338,252,500,0.01658025171908039,0.0017518285634706484,,-0.014421398950473813,0.03565734412269239,0.050078743073166204,True,False,False,0.050078743073166204,-0.03218629129956978,0.05452750595360745,0.08671379725317722,True,False,False,0.08671379725317722,-0.043883045539968246,0.07133513722714646,0.11521818276711471,True,False,False,0.11521818276711471
normal_rolling,normal,rolling,nonoverlap,5,5,2021-03-19,2021-03-26,-0.0062488878229240985,0.344,252,500,0.01658025171908039,0.0017518285634706484,,-0.015125990301525949,0.03274240548749402,0.04786839578901997,True,False,False,0.04786839578901997,-0.04096446664251268,0.055898307325106214,0.09686277396761889,True,False,False,0.09686277396761889,-0.05742666616874622,0.08105037778264208,0.1384770439513883,True,False,False,0.1384770439513883
student_t_rolling,student_t,rolling,nonoverlap,5,5,2021-03-19,2021-03-26,-0.0062488878229240985,0.352,252,500,0.01658025171908039,0.0017518285634706484,30.0,-0.020042542531738344,0.03741620380135924,0.05745874633309758,True,False,False,0.05745874633309758,-0.042609601289548694,0.06330354730832155,0.10591314859787024,True,False,False,0.10591314859787024,-0.06743639613099726,0.09189802407826583,0.15933442020926308,True,False,False,0.15933442020926308
bootstrap_ewma,bootstrap,ewma,nonoverlap,5,5,2021-03-19,2021-03-26,-0.0062488878229240985,0.338,252,500,0.01646848384220245,0.0017518285634706484,,-0.014266682119772445,0.03547390897639424,0.049740591096166686,True,False,False,0.049740591096166686,-0.031915671246020114,0.054212402975911456,0.08612807422193157,True,False,False,0.08612807422193157,-0.04353729963156272,0.07090085336318208,0.1144381529947448,True,False,False,0.1144381529947448
normal_ewma,normal,ewma,nonoverlap,5,5,2021-03-19,2021-03-26,-0.0062488878229240985,0.344,252,500,0.01646848384220245,0.0017518285634706484,,-0.014966635365834174,0.03257910533725522,0.047545740703089395,True,False,False,0.047545740703089395,-0.0406373764770682,0.05557355052228797,0.09621092699935617,True,False,False,0.09621092699935617,-0.05699513264401096,0.0805463970687101,0.13754152971272104,True,False,False,0.13754152971272104
student_t_ewma,student_t,ewma,nonoverlap,5,5,2021-03-19,2021-03-26,-0.0062488878229240985,0.35,252,500,0.01646848384220245,0.0017518285634706484,30.0,-0.019850917466531226,0.037220588966743684,0.05707150643327491,True,False,False,0.05707150643327491,-0.042271987994423776,0.06292643636162898,0.10519842435605276,True,False,False,0.10519842435605276,-0.06694230272374785,0.09131553293078423,0.15825783565453208,True,False,False,0.15825783565453208
bootstrap_rolling,bootstrap,rolling,nonoverlap,5,5,2021-03-26,2021-04-05,-0.02654031996459505,0.144,252,500,0.0167342945631599,0.0016142019800612238,,-0.016631594932973837,0.03300000576869122,0.04963160070166506,False,True,False,0.08926650082814991,-0.030613525969364896,0.0576278526740453,0.0882413786434102,True,False,False,0.0882413786434102,-0.051732832657010126,0.08196779132615561,0.13370062398316573,True,False,False,0.13370062398316573
normal_rolling,normal,rolling,nonoverlap,5,5,2021-03-26,2021-04-05,-0.02654031996459505,0.18,252,500,0.0167342945631599,0.0016142019800612238,,-0.01820359517308298,0.03487828848709096,0.05308188366017394,False,True,False,0.08642878282622221,-0.03937921386144392,0.061838997899821745,0.10121821176126566,True,False,False,0.10121821176126566,-0.06964501728152697,0.08509822708585273,0.15474324436737968,True,False,False,0.15474324436737968
student_t_rolling,student_t,rolling,nonoverlap,5,5,2021-03-26,2021-04-05,-0.02654031996459505,0.182,252,500,0.0167342945631599,0.0016142019800612238,30.0,-0.019041753774829417,0.03126823650979793,0.05030999028462735,False,True,False,0.08030425504368988,-0.03820088061510142,0.05565007773114457,0.09385095834624599,True,False,False,0.09385095834624599,-0.06267661784086415,0.08242216962964567,0.1450987874705098,True,False,False,0.1450987874705098
bootstrap_ewma,bootstrap,ewma,nonoverlap,5,5,2021-03-26,2021-04-05,-0.02654031996459505,0.164,252,500,0.017068629956546587,0.0016142019800612238,,-0.01711954801973492,0.0335036258585375,0.05062317387827242,False,True,False,0.08830626165771294,-0.03137171213550748,0.05864170017329878,0.09001341230880627,True,False,False,0.09001341230880627,-0.05289133529008787,0.08349739666917677,0.13638873195926465,True,False,False,0.13638873195926465
normal_ewma,normal,ewma,nonoverlap,5,5,2021-03-26,2021-04-05,-0.02654031996459505,0.186,252,500,0.017068629956546587,0.0016142019800612238,,-0.01872213389915528,0.0354204037284237,0.05414253762757898,False,True,False,0.08541528188933806,-0.0403047299927403,0.06294126823681134,0.10324599822955163,True,False,False,0.10324599822955163,-0.07113564464211965,0.08669498265251831,0.15783062729463795,True,False,False,0.15783062729463795
student_t_ewma,student_t,ewma,nonoverlap,5,5,2021-03-26,2021-04-05,-0.02654031996459505,0.186,252,500,0.017068629956546587,0.0016142019800612238,30.0,-0.0195765792556494,0.03173642594360432,0.05131300519925372,False,True,False,0.07916796803503631,-0.03910399800064075,0.05662251500403868,0.09572651300467944,True,False,False,0.09572651300467944,-0.06403890123749033,0.08396151859895981,0.14800041983645013,True,False,False,0.14800041983645013
bootstrap_rolling,bootstrap,rolling,nonoverlap,5,5,2021-04-05,2021-04-12,-0.024437315986723607,0.17,252,500,0.01653776948125391,0.0013068306393420079,,-0.015983925522813858,0.02721361134553657,0.04319753686835043,False,True,False,0.07701109872398942,-0.0351988729091276,0.05175060803816178,0.08694948094728938,True,False,False,0.08694948094728938,-0.05760656735596348,0.07031647033771565,0.12792303769367913,True,False,False,0.12792303769367913
normal_rolling,normal,rolling,nonoverlap,5,5,2021-04-05,2021-04-12,-0.024437315986723607,0.206,252,500,0.01653776948125391,0.0013068306393420079,,-0.01863340028799898,0.029949483222510898,0.04858288351050988,False,True,False,0.07179854630540838,-0.039189440066439825,0.05564171471721345,0.09483115478365328,True,False,False,0.09483115478365328,-0.0642575343299137,0.07214016264197762,0.1363976969718913,True,False,False,0.1363976969718913
student_t_rolling,student_t,rolling,nonoverlap,5,5,2021-04-05,2021-04-12,-0.024437315986723607,0.18,252,500,0.01653776948125391,0.0013068306393420079,30.0,-0.01821026029340947,0.03621133815269778,0.05442159844610725,False,True,False,0.0793298212193638,-0.03579617007620559,0.060306239649224026,0.09610240972542962,True,False,False,0.09610240972542962,-0.05770405156184525,0.08351507013667447,0.14121912169851972,True,False,False,0.14121912169851972
bootstrap_ewma,bootstrap,ewma,nonoverlap,5,5,2021-04-05,2021-04-12,-0.024437315986723607,0.17,252,500,0.016059875581676573,0.0013068306393420079,,-0.015339738425675153,0.026610745419393123,0.041950483845068276,False,True,False,0.07834079408926209,-0.03401694649875808,0.050416556667446155,0.08443350316620424,True,False,False,0.08443350316620424,-0.05581115030798944,0.06841847037284313,0.12422962068083257,True,False,False,0.12422962068083257
normal_ewma,normal,ewma,nonoverlap,5,5,2021-04-05,2021-04-12,-0.024437315986723607,0.198,252,500,0.016059875581676573,0.0013068306393420079,,-0.017914433649974193,0.029265897124445828,0.04718033077442002,False,True,False,0.07327186012141768,-0.037897177581931875,0.05419022703162871,0.09208740461356058,True,False,False,0.09208740461356058,-0.06228294215047539,0.07018625462562103,0.13246919677609642,True,False,False,0.13246919677609642
student_t_ewma,student_t,ewma,nonoverlap,5,5,2021-04-05,2021-04-12,-0.024437315986723607,0.18,252,500,0.016059875581676573,0.0013068306393420079,30.0,-0.01750322321240974,0.03534223374112977,0.05284545695353951,False,True,False,0.08058182805079497,-0.03459769941007007,0.05871344360676204,0.0933111430168321,True,False,False,0.0933111430168321,-0.055906008106326115,0.081210682078037,0.13711669018436312,True,False,False,0.13711669018436312
bootstrap_rolling,bootstrap,rolling,nonoverlap,5,5,2021-04-12,2021-04-19,-0.00467742180650943,0.4,252,500,0.016551771908445572,0.0011874400576160546,,-0.01897573034510458,0.028813570436908353,0.04778930078201293,True,False,False,0.04778930078201293,-0.03526830505322183,0.05424596423940953,0.08951426929263136,True,False,False,0.08951426929263136,-0.054040522633662214,0.07106666350280663,0.12510718613646885,True,False,False,0.12510718613646885
normal_rolling,normal,rolling,nonoverlap,5,5,2021-04-12,2021-04-19,-0.00467742180650943,0.33,252,500,0.016551771908445572,0.0011874400576160546,,-0.013824547088463479,0.030875422030518185,0.044699969118981664,True,False,False,0.044699969118981664,-0.03861859610587889,0.05500714149325305,0.09362573759913194,True,False,False,0.09362573759913194,-0.06380425215257478,0.07905078648337431,0.1428550386359491,True,False,False,0.1428550386359491
student_t_rolling,student_t,rolling,nonoverlap,5,5,2021-04-12,2021-04-19,-0.00467742180650943,0.394,252,500,0.016551771908445572,0.0011874400576160546,30.0,-0.018825160035779803,0.031120203260021573,0.049945363295801376,True,False,False,0.049945363295801376,-0.0401909696465074,0.05521570130032398,0.09540667094683139,True,False,False,0.09540667094683139,-0.05972775010990415,0.08403200634010308,0.14375975645000721,True,False,False,0.14375975645000721
bootstrap_ewma,bootstrap,ewma,nonoverlap,5,5,2021-04-12,2021-04-19,-0.00467742180650943,0.392,252,500,0.01507257312484629,0.0011874400576160546,,-0.016773103434217118,0.026749769693714454,0.04352287312793157,True,False,False,0.04352287312793157,-0.03165405864042184,0.04983755888018071,0.08149161752060255,True,False,False,0.08149161752060255,-0.048827707181533064,0.06508004214218044,0.1139077493237135,True,False,False,0.1139077493237135
normal_ewma,normal,ewma,nonoverlap,5,5,2021-04-12,2021-04-19,-0.00467742180650943,0.322,252,500,0.01507257312484629,0.0011874400576160546,,-0.012072840118073969,0.028623416328930007,0.040696256447003976,True,False,False,0.040696256447003976,-0.03471684670111429,0.05052779050082414,0.08524463720193842,True,False,False,0.08524463720193842,-0.05777201596447425,0.07230771025183008,0.13007972621630434,True,False,False,0.13007972621630434
student_t_ewma,student_t,ewma,nonoverlap,5,5,2021-04-12,2021-04-19,-0.00467742180650943,0.38,252,500,0.01507257312484629,0.0011874400576160546,30.0,-0.0166356824088309,0.028845839847295496,0.045481522256126394,True,False,False,0.045481522256126394,-0.03615462269681361,0.050716900962154685,0.0868715236589683,True,False,False,0.0868715236589683,-0.05403662242525754,0.07681449305943686,0.13085111548469439,True,False,False,0.13085111548469439
bootstrap_rolling,bootstrap,rolling,nonoverlap,5,5,2021-04-19,2021-04-26,-0.06084398341398067,0.006,252,500,0.016522631874006828,0.0010301600941979923,,-0.0186435908405454,0.02721361134553657,0.04585720218608197,False,True,False,0.21465877247982307,-0.0304646706810191,0.05599063606602094,0.08645530674704005,False,True,False,0.3902484340766558,-0.054040522633662214,0.07404287116200625,0.12808339379566847,False,True,False,0.40022182500840664
normal_rolling,normal,rolling,nonoverlap,5,5,2021-04-19,2021-04-26,-0.06084398341398067,0.04,252,500,0.016522631874006828,0.0010301600941979923,,-0.01764382697620623,0.03414288109812075,0.051786708074326976,False,True,False,0.22458733382542476,-0.03911525930537978,0.05565938043052159,0.09477463973590138,False,True,False,0.31206188082191033,-0.06683851739131304,0.08070596724760032,0.14754448463891334,True,False,False,0.14754448463891334
student_t_rolling,student_t,rolling,nonoverlap,5,5,2021-04-19,2021-04-26,-0.06084398341398067,0.024,252,500,0.016522631874006828,0.0010301600941979923,30.0,-0.02043967011144618,0.030307945979701045,0.050747616091147224,False,True,False,0.2123648693012852,-0.043496981240856054,0.052643811963655515,0.09614079320451158,False,True,False,0.2696108149357578,-0.06025773430452144,0.07482612951180227,0.1350838638163237,False,True,False,0.1585338281946929
bootstrap_ewma,bootstrap,ewma,nonoverlap,5,5,2021-04-19,2021-04-26,-0.06084398341398067,0.0,252,500,0.014648556655391285,0.0010301600941979923,,-0.015971817732372884,0.02468852619622286,0.040660343928595744,False,True,False,0.2201490066550269,-0.02648783694122747,0.050098774665033464,0.07658661160626093,False,True,False,0.42014807633379303,-0.04750454628922607,0.0659988229182289,0.11350336920745496,False,True,False,0.6470808541976387
normal_ewma,normal,ewma,nonoverlap,5,5,2021-04-19,2021-04-26,-0.06084398341398067,0.022,252,500,0.014648556655391285,0.0010301600941979923,,-0.015083088106154108,0.03081440411030867,0.045897492216462776,False,True,False,0.22894107344776904,-0.03419260352533976,0.04980673409726808,0.08399933762260783,False,True,False,0.35051313650901705,-0.058938148699192505,0.07185981195350233,0.13079796065269483,False,True,False,0.2070313492442215
student_t_ewma,student_t,ewma,nonoverlap,5,5,2021-04-19,2021-04-26,-0.06084398341398067,0.012,252,500,0.014648556655391285,0.0010301600941979923,30.0,-0.01756867711214269,0.02742467601549997,0.04499335312764266,False,True,False,0.2180945783349946,-0.03809824526625703,0.047147600475842814,0.08524584574209984,False,True,False,0.3127032272193363,-0.053056744960485513,0.06668800716637016,0.11974475212685567,False,True,False,0.4312342902666618
bootstrap_rolling,bootstrap,rolling,nonoverlap,5,5,2021-04-26,2021-05-03,-0.006356317637762676,0.416,252,500,0.016618671681097378,0.0008111614304058399,,-0.020095539800970064,0.028595968776390146,0.04869150857736021,True,False,False,0.04869150857736021,-0.03746151110858483,0.05175060803816178,0.08921211914674662,True,False,False,0.08921211914674662,-0.060843983413980784,0.06739479878823262,0.1282387822022134,True,False,False,0.1282387822022134
normal_rolling,normal,rolling,nonoverlap,5,5,2021-04-26,2021-05-03,-0.006356317637762676,0.41,252,500,0.016618671681097378,0.0008111614304058399,,-0.020537159684500927,0.026738159090793634,0.04727531877529456,True,False,False,0.04727531877529456,-0.041086862219802435,0.05089465961182876,0.09198152183163119,True,False,False,0.09198152183163119,-0.06981700473444784,0.07876643158310305,0.1485834363175509,True,False,False,0.1485834363175509
student_t_rolling,student_t,rolling,nonoverlap,5,5,2021-04-26,2021-05-03,-0.006356317637762676,0.436,252,500,0.016618671681097378,0.0008111614304058399,30.0,-0.022702393117299907,0.029265467098237352,0.05196786021553726,True,False,False,0.05196786021553726,-0.044849306863772066,0.052237238356839674,0.09708654522061175,True,False,False,0.09708654522061175,-0.06599741770756161,0.08041354799026784,0.14641096569782946,True,False,False,0.14641096569782946
bootstrap_ewma,bootstrap,ewma,nonoverlap,5,5,2021-04-26,2021-05-03,-0.006356317637762676,0.398,252,500,0.014353650947738161,0.0008111614304058399,,-0.016837274365120086,0.02521746462427399,0.042054738989394075,True,False,False,0.042054738989394075,-0.031904551738440076,0.045120263367312896,0.07702481510575297,True,False,False,0.07702481510575297,-0.05225066306922399,0.05853353411847739,0.11078419718770138,True,False,False,0.11078419718770138
normal_ewma,normal,ewma,nonoverlap,5,5,2021-04-26,2021-05-03,-0.006356317637762676,0.392,252,500,0.014353650947738161,0.0008111614304058399,,-0.01721998322215651,0.023617936157855735,0.040837919380012244,True,False,False,0.040837919380012244,-0.03505466701477289,0.04438559436834396,0.07944026138311686,True,False,False,0.07944026138311686,-0.060076805743518605,0.06826664356878578,0.1283434493123044,True,False,False,0.1283434493123044
student_t_ewma,student_t,ewma,nonoverlap,5,5,2021-04-26,2021-05-03,-0.006356317637762676,0.406,252,500,0.014353650947738161,0.0008111614304058399,30.0,-0.01909672449501207,0.025793789621819385,0.044890514116831454,True,False,False,0.044890514116831454,-0.038325633627904636,0.04553789684425509,0.08386353047215972,True,False,False,0.08386353047215972,-0.05674412731626601,0.0696753327634102,0.12641946007967622,True,False,False,0.12641946007967622
bootstrap_rolling,bootstrap,rolling,nonoverlap,5,5,2021-05-03,2021-05-10,0.013530860129107092,0.608,252,500,0.016722653461678935,0.0007695681289639649,,-0.018532877672359005,0.03531620339457375,0.05384908106693276,True,False,False,0.05384908106693276,-0.03589319435006988,0.054581245190939987,0.09047443954100987,True,False,False,0.09047443954100987,-0.058307057765684345,0.07641796960359289,0.13472502736927722,True,False,False,0.13472502736927722
normal_rolling,normal,rolling,nonoverlap,5,5,2021-05-03,2021-05-10,0.013530860129107092,0.604,252,500,0.016722653461678935,0.0007695681289639649,,-0.021713508619675498,0.028722192924760415,0.05043570154443591,True,False,False,0.05043570154443591,-0.04233446620247132,0.050533309114606,0.09286777531707732,True,False,False,0.09286777531707732,-0.0675291990435685,0.07710816339733902,0.14463736244090752,True,False,False,0.14463736244090752
student_t_rolling,student_t,rolling,nonoverlap,5,5,2021-05-03,2021-05-10,0.013530860129107092,0.632,252,500,0.016722653461678935,0.0007695681289639649,30.0,-0.02033476997298897,0.026171562278699545,0.046506332251688515,True,False,False,0.046506332251688515,-0.03942486113812489,0.05157550113210838,0.09100036227023328,True,False,False,0.09100036227023328,-0.06247951624420258,0.08761562250659284,0.15009513875079541,True,False,False,0.15009513875079541
bootstrap_ewma,bootstrap,ewma,nonoverlap,5,5,2021-05-03,2021-05-10,0.013530860129107092,0.614,252,500,0.014253756387975984,0.0007695681289639649,,-0.015259229246118666,0.030610067999739865,0.04586929724585853,True,False,False,0.04586929724585853,-0.030125379351539694,0.046933922469846845,0.07705930182138654,True,False,False,0.07705930182138654,-0.04937768257270858,0.06538343002914679,0.11476111260185537,True,False,False,0.11476111260185537
normal_ewma,normal,ewma,nonoverlap,5,5,2021-05-03,2021-05-10,0.013530860129107092,0.622,252,500,0.014253756387975984,0.0007695681289639649,,-0.017979972745426898,0.02501249438711578,0.04299246713254268,True,False,False,0.04299246713254268,-0.03565125439936511,0.04350766181295885,0.07915891621232396,True,False,False,0.07915891621232396,-0.05731860519142484,0.06596596127426488,0.12328456646568972,True,False,False,0.12328456646568972
student_t_ewma,student_t,ewma,nonoverlap,5,5,2021-05-03,2021-05-10,0.013530860129107092,0.662,252,500,0.014253756387975984,0.0007695681289639649,30.0,-0.016800425967946675,0.022845876900053463,0.03964630286800014,True,False,False,0.03964630286800014,-0.03315446898751568,0.04438998250808335,0.07754445149559902,True,False,False,0.07754445149559902,-0.05296903035178107,0.07482311405453469,0.12779214440631576,True,False,False,0.12779214440631576
bootstrap_rolling,bootstrap,rolling,nonoverlap,5,5,2021-05-10,2021-05-17,-0.030758372524087307,0.136,252,500,0.016614669726685655,0.000827358490132662,,-0.022797649672454012,0.02437554573404893,0.047173195406502944,False,True,False,0.07901608681303612,-0.03639840762011193,0.045123934149523495,0.08152234176963542,True,False,False,0.08152234176963542,-0.058307057765684345,0.07031647033771565,0.1286235281034,True,False,False,0.1286235281034
normal_rolling,normal,rolling,nonoverlap,5,5,2021-05-10,2021-05-17,-0.030758372524087307,0.176,252,500,0.016614669726685655,0.000827358490132662,,-0.021319849930741958,0.02814972427074408,0.04946957420148604,False,True,False,0.08722366457486744,-0.04336578929140824,0.05242194938602949,0.09578773867743773,True,False,False,0.09578773867743773,-0.07205394253075503,0.07568182120336524,0.14773576373412028,True,False,False,0.14773576373412028
student_t_rolling,student_t,rolling,nonoverlap,5,5,2021-05-10,2021-05-17,-0.030758372524087307,0.192,252,500,0.016614669726685655,0.000827358490132662,30.0,-0.023472136953954365,0.030192564548322642,0.05366470150227701,False,True,False,0.08280964378280878,-0.042243936877855215,0.0519644064655041,0.09420834334335931,True,False,False,0.09420834334335931,-0.06995321022633157,0.08117903787285838,0.15113224809918996,True,False,False,0.15113224809918996
bootstrap_ewma,bootstrap,ewma,nonoverlap,5,5,2021-05-10,2021-05-17,-0.030758372524087307,0.084,252,500,0.013565239192761088,0.000827358490132662,,-0.01790734230287816,0.02063223078669385,0.03853957308957201,False,True,False,0.0899436939744086,-0.029081720418595247,0.03747946451364022,0.06656118493223546,False,True,False,0.08332770598715607,-0.047143059662376086,0.05785293149038091,0.104995991152757,True,False,False,0.104995991152757
normal_ewma,normal,ewma,nonoverlap,5,5,2021-05-10,2021-05-17,-0.030758372524087307,0.126,252,500,0.013565239192761088,0.000827358490132662,,-0.016694883227720947,0.023701406282291837,0.040396289510012784,False,True,False,0.09665024669547823,-0.034817327982055744,0.043390650187799085,0.07820797816985484,True,False,False,0.07820797816985484,-0.058515228128305556,0.06218061503522667,0.12069584316353223,True,False,False,0.12069584316353223
student_t_ewma,student_t,ewma,nonoverlap,5,5,2021-05-10,2021-05-17,-0.030758372524087307,0.124,252,500,0.013565239192761088,0.000827358490132662,30.0,-0.018460804382010948,0.02536178806308692,0.04382259244509787,False,True,False,0.0930128650134033,-0.033893292995730906,0.04302027372953788,0.07691356672526878,True,False,False,0.07691356672526878,-0.05677539765744158,0.06661021050062442,0.123385608158066,True,False,False,0.123385608158066
bootstrap_rolling,bootstrap,rolling,nonoverlap,5,5,2021-05-17,2021-05-24,-0.047516976528845345,0.062,252,500,0.016278065416322863,0.00045778651788667426,,-0.019346483161614858,0.03280401410523881,0.05215049726685367,False,True,False,0.16483247073577562,-0.03658066299543017,0.05175060803816178,0.08833127103359195,False,True,False,0.1976944063677437,-0.058315656665753494,0.06739479878823262,0.12571045545398613,True,False,False,0.12571045545398613
normal_rolling,normal,rolling,nonoverlap,5,5,2021-05-17,2021-05-24,-0.047516976528845345,0.064,252,500,0.016278065416322863,0.00045778651788667426,,-0.020607715072131327,0.028121902619488937,0.048729617691620264,False,True,False,0.15636666351847633,-0.039626860597193614,0.049408876171219696,0.08903573676841331,False,True,False,0.16793689608493062,-0.06492790407074868,0.0724476131095174,0.13737551718026608,True,False,False,0.13737551718026608
student_t_rolling,student_t,rolling,nonoverlap,5,5,2021-05-17,2021-05-24,-0.047516976528845345,0.062,252,500,0.016278065416322863,0.00045778651788667426,30.0,-0.019185922938024985,0.025307751110086096,0.04449367404811108,False,True,False,0.15781788841139252,-0.038894009672776356,0.0478974602712365,0.08679146994401285,False,True,False,0.17302113850470274,-0.06387858408724198,0.07571488050162578,0.13959346458886776,True,False,False,0.13959346458886776
bootstrap_ewma,bootstrap,ewma,nonoverlap,5,5,2021-05-17,2021-05-24,-0.047516976528845345,0.016,252,500,0.013049171755173321,0.00045778651788667426,,-0.015091890967981664,0.026678637872333155,0.04177052884031482,False,True,False,0.17147087108376954,-0.028991786830279833,0.041749662198228066,0.0707414490285079,False,True,False,0.255993346014163,-0.04659235605737769,0.054153225832704655,0.10074558189008234,False,True,False,0.13773040074878862
normal_ewma,normal,ewma,nonoverlap,5,5,2021-05-17,2021-05-24,-0.047516976528845345,0.034,252,500,0.013049171755173321,0.00045778651788667426,,-0.0161074294115785,0.02294584233660807,0.03905327174818657,False,True,False,0.16469146021725395,-0.03145375366499206,0.0398898722427905,0.07134362590778257,False,True,False,0.23197585454631542,-0.05196277781251907,0.05815162751929112,0.11011440533181019,True,False,False,0.11011440533181019
student_t_ewma,student_t,ewma,nonoverlap,5,5,2021-05-17,2021-05-24,-0.047516976528845345,0.038,252,500,0.013049171755173321,0.00045778651788667426,30.0,-0.014962590083180877,0.020700648180991377,0.03566323826417225,False,True,False,0.16588078404683013,-0.030861314477964485,0.03868907593045126,0.06955039040841575,False,True,False,0.23610701091722436,-0.05111006123096612,0.06073513034664858,0.1118451915776147,True,False,False,0.1118451915776147
bootstrap_rolling,bootstrap,rolling,nonoverlap,5,5,2021-05-24,2021-06-01,0.020663949536671833,0.744,252,500,0.016318314840074448,0.00025692538775001024,,-0.023986929843431648,0.02372952825082547,0.04771645809425712,True,False,False,0.04771645809425712,-0.04093960396644991,0.04629299029048428,0.08723259425693419,True,False,False,0.08723259425693419,-0.060843983413980784,0.07275669754294779,0.13360068095692856,True,False,False,0.13360068095692856
normal_rolling,normal,rolling,nonoverlap,5,5,2021-05-24,2021-06-01,0.020663949536671833,0.698,252,500,0.016318314840074448,0.00025692538775001024,,-0.022303486446050735,0.02680715192607308,0.049110638372123816,True,False,False,0.049110638372123816,-0.044596500697082986,0.04534154319561839,0.08993804389270138,True,False,False,0.08993804389270138,-0.06708447208323871,0.07190240241750503,0.13898687450074376,True,False,False,0.13898687450074376
student_t_rolling,student_t,rolling,nonoverlap,5,5,2021-05-24,2021-06-01,0.020663949536671833,0.676,252,500,0.016318314840074448,0.00025692538775001024,30.0,-0.022918082031446185,0.029978693425671332,0.05289677545711752,True,False,False,0.05289677545711752,-0.0436149786381137,0.04936729281990908,0.09298227145802278,True,False,False,0.09298227145802278,-0.06697063721972477,0.07749193604118336,0.1444625732609081,True,False,False,0.1444625732609081
bootstrap_ewma,bootstrap,ewma,nonoverlap,5,5,2021-05-24,2021-06-01,0.020663949536671833,0.77,252,500,0.013266231528323744,0.00025692538775001024,,-0.019309115703137647,0.019493803884455485,0.03880291958759313,False,False,True,0.04348350219645852,-0.0331797631825439,0.03772390373038803,0.07090366691293193,True,False,False,0.07090366691293193,-0.04952419231629146,0.05901169234464854,0.10853588466094,True,False,False,0.10853588466094
normal_ewma,normal,ewma,nonoverlap,5,5,2021-05-24,2021-06-01,0.020663949536671833,0.736,252,500,0.013266231528323744,0.00025692538775001024,,-0.017934196182985973,0.021984755343827656,0.03991895152681363,True,False,False,0.03991895152681363,-0.0361778199310125,0.036956678745792455,0.07313449867680497,True,False,False,0.07313449867680497,-0.05466184582577685,0.058326152718448786,0.11298799854422564,True,False,False,0.11298799854422564
student_t_ewma,student_t,ewma,nonoverlap,5,5,2021-05-24,2021-06-01,0.020663949536671833,0.71,252,500,0.013266231528323744,0.00025692538775001024,30.0,-0.018436103884498067,0.024550260698515347,0.042986364583013414,True,False,False,0.042986364583013414,-0.035372921893061925,0.04020205697397712,0.07557497886703904,True,False,False,0.07557497886703904,-0.054568082876007284,0.06281050068421459,0.11737858356022188,True,False,False,0.11737858356022188
bootstrap_rolling,bootstrap,rolling,nonoverlap,5,5,2021-06-01,2021-06-08,-0.04242010822655995,0.056,252,500,0.01634696460343178,0.00024275667795141355,,-0.022797649672454012,0.023006051819172424,0.045803701491626436,False,True,False,0.12429353570805018,-0.03656061961052959,0.05424596423940953,0.09080658384993912,False,True,False,0.14940147001024273,-0.058315656665753494,0.07856686819360004,0.13688252485935354,True,False,False,0.13688252485935354
normal_rolling,normal,rolling,nonoverlap,5,5,2021-06-01,2021-06-08,-0.04242010822655995,0.102,252,500,0.01634696460343178,0.00024275667795141355,,-0.02546231712682237,0.023731958758079652,0.04919427588490202,False,True,False,0.11702544028385234,-0.043107610373271654,0.04513584866027958,0.08824345903355124,True,False,False,0.08824345903355124,-0.07200462447974493,0.06539463026561158,0.13739925474535652,True,False,False,0.13739925474535652
student_t_rolling,student_t,rolling,nonoverlap,5,5,2021-06-01,2021-06-08,-0.04242010822655995,0.1,252,500,0.01634696460343178,0.00024275667795141355,30.0,-0.02272358155465576,0.025768878171161136,0.048492459725816894,False,True,False,0.12727856641343366,-0.04194724448437339,0.04416600865795926,0.08611325314233265,False,True,False,0.09084189056419824,-0.06173232626864433,0.0741498821432962,0.13588220841194054,True,False,False,0.13588220841194054
bootstrap_ewma,bootstrap,ewma,nonoverlap,5,5,2021-06-01,2021-06-08,-0.04242010822655995,0.038,252,500,0.013982793762511037,0.00024275667795141355,,-0.019360872334557966,0.019825358738197907,0.03918623107275587,False,True,False,0.1314231746407638,-0.03118686228045331,0.04640599187492289,0.0775928541553762,False,True,False,0.1899253136164426,-0.04993020378415888,0.06702064471829661,0.11695084850245549,True,False,False,0.11695084850245549
normal_ewma,normal,ewma,nonoverlap,5,5,2021-06-01,2021-06-08,-0.04242010822655995,0.072,252,500,0.013982793762511037,0.00024275667795141355,,-0.021648617008531573,0.020444327886396163,0.042092944894927736,False,True,False,0.12517890976704124,-0.036821008268695644,0.038666522401265516,0.07548753066996117,False,True,False,0.13147853024860423,-0.06175617022208224,0.05586416167036598,0.11762033189244822,True,False,False,0.11762033189244822
student_t_ewma,student_t,ewma,nonoverlap,5,5,2021-06-01,2021-06-08,-0.04242010822655995,0.062,252,500,0.013982793762511037,0.00024275667795141355,30.0,-0.019297276078274334,0.022180813934214283,0.041478090012488616,False,True,False,0.13396941860563108,-0.035822038840344815,0.037842024316283925,0.07366406315662874,False,True,False,0.1396447570187801,-0.05287953886770213,0.06328179871310119,0.11616133758080333,True,False,False,0.11616133758080333
bootstrap_rolling,bootstrap,rolling,nonoverlap,5,5,2021-06-08,2021-06-15,-0.012253639682405115,0.378,252,500,0.01627745977254384,-0.00010882885929205634,,-0.023792566623628608,0.02250171268058232,0.04629427930421093,True,False,False,0.04629427930421093,-0.037426026285061795,0.04728913644003682,0.08471516272509862,True,False,False,0.08471516272509862,-0.054040522633662214,0.06568624532139888,0.1197267679550611,True,False,False,0.1197267679550611
normal_rolling,normal,rolling,nonoverlap,5,5,2021-06-08,2021-06-15,-0.012253639682405115,0.32,252,500,0.01627745977254384,-0.00010882885929205634,,-0.02117108719506272,0.02509864787288002,0.04626973506794274,True,False,False,0.04626973506794274,-0.04434046207568496,0.04519092080812839,0.08953138288381335,True,False,False,0.08953138288381335,-0.06464001759389568,0.06924903693226024,0.1338890545261559,True,False,False,0.1338890545261559
student_t_rolling,student_t,rolling,nonoverlap,5,5,2021-06-08,2021-06-15,-0.012253639682405115,0.384,252,500,0.01627745977254384,-0.00010882885929205634,30.0,-0.02319660618284819,0.02266905874687497,0.04586566492972316,True,False,False,0.04586566492972316,-0.04159416579518236,0.04913076862462844,0.0907249344198108,True,False,False,0.0907249344198108,-0.06523030133664875,0.07611489305071306,0.14134519438736182,True,False,False,0.14134519438736182
bootstrap_ewma,bootstrap,ewma,nonoverlap,5,5,2021-06-08,2021-06-15,-0.012253639682405115,0.356,252,500,0.013275383722068688,-0.00010882885929205634,,-0.019545848535855503,0.01821175048238788,0.03775759901824338,True,False,False,0.03775759901824338,-0.03072770821324222,0.03829819708371295,0.06902590529695517,True,False,False,0.06902590529695517,-0.04439412165985235,0.05314956295561979,0.09754368461547214,True,False,False,0.09754368461547214
normal_ewma,normal,ewma,nonoverlap,5,5,2021-06-08,2021-06-15,-0.012253639682405115,0.302,252,500,0.013275383722068688,-0.00010882885929205634,,-0.017399093537814325,0.020320351432656703,0.03771944497047103,True,False,False,0.03771944497047103,-0.03640991207861249,0.03660133886018489,0.07301125093879737,True,False,False,0.07301125093879737,-0.05313595843144793,0.056020184556216164,0.1091561429876641,True,False,False,0.1091561429876641
student_t_ewma,student_t,ewma,nonoverlap,5,5,2021-06-08,2021-06-15,-0.012253639682405115,0.352,252,500,0.013275383722068688,-0.00010882885929205634,30.0,-0.019057716222521587,0.0183476443029168,0.037405360525438386,True,False,False,0.037405360525438386,-0.03415212957312076,0.0397870422388336,0.07393917181195436,True,False,False,0.07393917181195436,-0.053623326053223966,0.061547125534348754,0.11517045158757272,True,False,False,0.11517045158757272
bootstrap_rolling,bootstrap,rolling,nonoverlap,5,5,2021-06-15,2021-06-22,-0.012611462230837756,0.422,252,500,0.016317776053725776,-0.0005095321794043167,,-0.02446087370401251,0.01719690957251019,0.0416577832765227,True,False,False,0.0416577832765227,-0.04126467473182442,0.03862974285106824,0.07989441758289266,True,False,False,0.07989441758289266,-0.05881836679723025,0.05636696302070297,0.11518532981793322,True,False,False,0.11518532981793322
normal_rolling,normal,rolling,nonoverlap,5,5,2021-06-15,2021-06-22,-0.012611462230837756,0.396,252,500,0.016317776053725776,-0.0005095321794043167,,-0.0240634764232453,0.02229774696164205,0.04636122338488735,True,False,False,0.04636122338488735,-0.045015544173061674,0.04869978812507592,0.0937153322981376,True,False,False,0.0937153322981376,-0.0682586581147383,0.08596270505724828,0.1542213631719866,True,False,False,0.1542213631719866
student_t_rolling,student_t,rolling,nonoverlap,5,5,2021-06-15,2021-06-22,-0.012611462230837756,0.394,252,500,0.016317776053725776,-0.0005095321794043167,30.0,-0.026672474301983468,0.020307814951288805,0.04698028925327227,True,False,False,0.04698028925327227,-0.04721411763116501,0.04595894566857458,0.0931730632997396,True,False,False,0.0931730632997396,-0.06696317974417534,0.07384314378669819,0.14080632353087352,True,False,False,0.14080632353087352
bootstrap_ewma,bootstrap,ewma,nonoverlap,5,5,2021-06-15,2021-06-22,-0.012611462230837756,0.418,252,500,0.014804598770867981,-0.0005095321794043167,,-0.022448941944794076,0.015349941415631063,0.03779888336042514,True,False,False,0.03779888336042514,-0.037738218721913255,0.034741142348182485,0.07247936107009574,True,False,False,0.07247936107009574,-0.05373637245296919,0.050760577504075935,0.10449694995704512,True,False,False,0.10449694995704512
normal_ewma,normal,ewma,nonoverlap,5,5,2021-06-15,2021-06-22,-0.012611462230837756,0.384,252,500,0.014804598770867981,-0.0005095321794043167,,-0.022087659553399974,0.01996829375005632,0.042055953303456295,True,False,False,0.042055953303456295,-0.04115439830435027,0.04383909058544389,0.08499348888979416,True,False,False,0.08499348888979416,-0.062351505222368576,0.0774351159380537,0.1397866211604223,True,False,False,0.1397866211604223
student_t_ewma,student_t,ewma,nonoverlap,5,5,2021-06-15,2021-06-22,-0.012611462230837756,0.382,252,500,0.014804598770867981,-0.0005095321794043167,30.0,-0.02445981322347071,0.01816684249835937,0.04262665572183008,True,False,False,0.04262665572183008,-0.04315737285208041,0.04136363609567156,0.08452100894775197,True,False,False,0.08452100894775197,-0.06116880406385643,0.06652010062893253,0.12768890469278896,True,False,False,0.12768890469278896
bootstrap_rolling,bootstrap,rolling,nonoverlap,5,5,2021-06-22,2021-06-29,-0.018325010587241564,0.376,252,500,0.016205318879721587,-0.0007847421949151422,,-0.026522726165373434,0.013530860129107092,0.040053586294480525,True,False,False,0.040053586294480525,-0.04126467473182442,0.03948511210330206,0.08074978683512649,True,False,False,0.08074978683512649,-0.059266160764428144,0.054581245190939987,0.11384740595536813,True,False,False,0.11384740595536813
normal_rolling,normal,rolling,nonoverlap,5,5,2021-06-22,2021-06-29,-0.018325010587241564,0.376,252,500,0.016205318879721587,-0.0007847421949151422,,-0.028160127072927754,0.02231669288579824,0.050476819958725994,True,False,False,0.050476819958725994,-0.052382445253781475,0.04373299950861349,0.09611544476239497,True,False,False,0.09611544476239497,-0.07554077905610021,0.07312366132566814,0.14866444038176835,True,False,False,0.14866444038176835
student_t_rolling,student_t,rolling,nonoverlap,5,5,2021-06-22,2021-06-29,-0.018325010587241564,0.37,252,500,0.016205318879721587,-0.0007847421949151422,30.0,-0.030118497575718356,0.01939591225681564,0.049514409832533995,True,False,False,0.049514409832533995,-0.05229975169091139,0.039727061785284803,0.09202681347619619,True,False,False,0.09202681347619619,-0.07298848564826743,0.0662742391951022,0.13926272484336963,True,False,False,0.13926272484336963
bootstrap_ewma,bootstrap,ewma,nonoverlap,5,5,2021-06-22,2021-06-29,-0.018325010587241564,0.34,252,500,0.013719158931822677,-0.0007847421949151422,,-0.023088102793297982,0.010834511345405584,0.033922614138703566,True,False,False,0.033922614138703566,-0.03562706729562431,0.032705851875608656,0.06833291917123296,True,False,False,0.06833291917123296,-0.050978681730924125,0.04538860140568479,0.09636728313660892,True,False,False,0.09636728313660892
normal_ewma,normal,ewma,nonoverlap,5,5,2021-06-22,2021-06-29,-0.018325010587241564,0.348,252,500,0.013719158931822677,-0.0007847421949151422,,-0.024479372168548313,0.018247746605590753,0.04272711877413907,True,False,False,0.04272711877413907,-0.04510299187459814,0.03627749072977342,0.08138048260437156,True,False,False,0.08138048260437156,-0.0648964628681189,0.06092860215658337,0.12582506502470225,True,False,False,0.12582506502470225
student_t_ewma,student_t,ewma,nonoverlap,5,5,2021-06-22,2021-06-29,-0.018325010587241564,0.328,252,500,0.013719158931822677,-0.0007847421949151422,30.0,-0.026143834747222844,0.015784365120964594,0.04192819986818744,True,False,False,0.04192819986818744,-0.04503244779008342,0.03290936680841499,0.07794181459849842,True,False,False,0.07794181459849842,-0.06271131085709399,0.05519309982336702,0.11790441068046101,True,False,False,0.11790441068046101
bootstrap_rolling,bootstrap,rolling,nonoverlap,5,5,2021-06-29,2021-07-07,0.028903070897937644,0.856,252,500,0.01626893777601747,-0.000999687357077458,,-0.02654031996459505,0.013530860129107092,0.04007118009370214,False,False,True,0.10156002316902435,-0.046326280415533994,0.03869464613400088,0.08502092654953487,True,False,False,0.08502092654953487,-0.06009451765544326,0.05616001979722211,0.11625453745266537,True,False,False,0.11625453745266537
normal_rolling,normal,rolling,nonoverlap,5,5,2021-06-29,2021-07-07,0.028903070897937644,0.834,252,500,0.01626893777601747,-0.000999687357077458,,-0.02594932292056859,0.01944403281002277,0.04539335573059136,False,False,True,0.08322950808225085,-0.05240396219152339,0.04260175891546134,0.09500572110698474,True,False,False,0.09500572110698474,-0.07842028308870463,0.07517259980433802,0.15359288289304265,True,False,False,0.15359288289304265
student_t_rolling,student_t,rolling,nonoverlap,5,5,2021-06-29,2021-07-07,0.028903070897937644,0.816,252,500,0.01626893777601747,-0.000999687357077458,30.0,-0.025259734434316505,0.019725813873059828,0.04498554830737633,False,False,True,0.0816945764068876,-0.04511588249304379,0.044703810170122656,0.08981969266316644,True,False,False,0.08981969266316644,-0.06904587447190885,0.0834239135533215,0.15246978802523037,True,False,False,0.15246978802523037
bootstrap_ewma,bootstrap,ewma,nonoverlap,5,5,2021-06-29,2021-07-07,0.028903070897937644,0.866,252,500,0.014606522926073884,-0.000999687357077458,,-0.024359413841049893,0.01162304884769405,0.035982462688743944,False,False,True,0.10510255088971832,-0.04218200469703792,0.03414463910303617,0.07632664380007409,True,False,False,0.07632664380007409,-0.054606311407638816,0.04974322696657648,0.10434953837421529,True,False,False,0.10434953837421529
normal_ewma,normal,ewma,nonoverlap,5,5,2021-06-29,2021-07-07,0.028903070897937644,0.856,252,500,0.014606522926073884,-0.000999687357077458,,-0.023827634676590298,0.01692042328196247,0.04074805795855277,False,False,True,0.08867864842245346,-0.047664149437746293,0.037636474974166514,0.0853006244119128,True,False,False,0.0853006244119128,-0.07117213569641993,0.06669392490713477,0.13786606060355472,True,False,False,0.13786606060355472
student_t_ewma,student_t,ewma,nonoverlap,5,5,2021-06-29,2021-07-07,0.028903070897937644,0.848,252,500,0.014606522926073884,-0.000999687357077458,30.0,-0.023207184445745266,0.017172781803119264,0.04037996624886453,False,False,True,0.08730112262813805,-0.04109063785632313,0.03951454830748952,0.08060518616381265,True,False,False,0.08060518616381265,-0.06269383335783829,0.0740407537709193,0.13673458712875758,True,False,False,0.13673458712875758
bootstrap_rolling,bootstrap,rolling,nonoverlap,5,5,2021-07-07,2021-07-14,-0.010160575887937506,0.46,252,500,0.01651598950976025,-0.0009321077990028143,,-0.024397868450060645,0.012163454203902857,0.0365613226539635,True,False,False,0.0365613226539635,-0.04093960396644991,0.039278775680394507,0.08021837964684442,True,False,False,0.08021837964684442,-0.055415957232402335,0.06568624532139888,0.12110220255380122,True,False,False,0.12110220255380122
normal_rolling,normal,rolling,nonoverlap,5,5,2021-07-07,2021-07-14,-0.010160575887937506,0.446,252,500,0.01651598950976025,-0.0009321077990028143,,-0.02900932402847528,0.022814469373223234,0.051823793401698515,True,False,False,0.051823793401698515,-0.04897346785837271,0.04448507102105906,0.09345853887943177,True,False,False,0.09345853887943177,-0.07041718566638358,0.07398841322309394,0.14440559888947752,True,False,False,0.14440559888947752
student_t_rolling,student_t,rolling,nonoverlap,5,5,2021-07-07,2021-07-14,-0.010160575887937506,0.46,252,500,0.01651598950976025,-0.0009321077990028143,30.0,-0.030199989417772355,0.017464871883003885,0.04766486130077624,True,False,False,0.04766486130077624,-0.05441585435074888,0.041697324676600776,0.09611317902734966,True,False,False,0.09611317902734966,-0.0801810165253775,0.07027533323677596,0.15045634976215344,True,False,False,0.15045634976215344
bootstrap_ewma,bootstrap,ewma,nonoverlap,5,5,2021-07-07,2021-07-14,-0.010160575887937506,0.46,252,500,0.016612496538027224,-0.0009321077990028143,,-0.02451210286417721,0.012262527577423077,0.03677463044160029,True,False,False,0.03677463044160029,-0.04114771884611357,0.039541076431743205,0.08068879527785677,True,False,False,0.08068879527785677,-0.05570485610103337,0.066111511287688,0.12181636738872137,True,False,False,0.12181636738872137
normal_ewma,normal,ewma,nonoverlap,5,5,2021-07-07,2021-07-14,-0.010160575887937506,0.446,252,500,0.016612496538027224,-0.0009321077990028143,,-0.029149897028380584,0.022977156182184544,0.05212705321056513,True,False,False,0.05212705321056513,-0.04922657478156195,0.04477919168355733,0.09400576646511928,True,False,False,0.09400576646511928,-0.07078842156158385,0.07446571781123623,0.14525413937282008,True,False,False,0.14525413937282008
student_t_ewma,student_t,ewma,nonoverlap,5,5,2021-07-07,2021-07-14,-0.010160575887937506,0.46,252,500,0.016612496538027224,-0.0009321077990028143,30.0,-0.03034734209463319,0.01759552617291077,0.04794286826754396,True,False,False,0.04794286826754396,-0.05469921368341781,0.04197438816287454,0.09667360184629235,True,False,False,0.09667360184629235,-0.08060507419234066,0.07072931582761675,0.1513343900199574,True,False,False,0.1513343900199574
bootstrap_rolling,bootstrap,rolling,nonoverlap,5,5,2021-07-14,2021-07-21,-0.013852958703672091,0.434,252,500,0.016541464131187122,-0.0010175515417119628,,-0.027469446485072435,0.015232544449635732,0.04270199093470817,True,False,False,0.04270199093470817,-0.044706591815093066,0.03948511210330206,0.08419170391839512,True,False,False,0.08419170391839512,-0.059266160764428144,0.061864742673685136,0.12113090343811328,True,False,False,0.12113090343811328
normal_rolling,normal,rolling,nonoverlap,5,5,2021-07-14,2021-07-21,-0.013852958703672091,0.436,252,500,0.016541464131187122,-0.0010175515417119628,,-0.031158914368128954,0.017011020377915187,0.04816993474604414,True,False,False,0.04816993474604414,-0.0562878894143372,0.040031197913987016,0.09631908732832421,True,False,False,0.09631908732832421,-0.07903872283597735,0.06622985839484535,0.1452685812308227,True,False,False,0.1452685812308227
student_t_rolling,student_t,rolling,nonoverlap,5,5,2021-07-14,2021-07-21,-0.013852958703672091,0.398,252,500,0.016541464131187122,-0.0010175515417119628,30.0,-0.02704261134295602,0.02057808865597971,0.04762069999893573,True,False,False,0.04762069999893573,-0.048101956692495285,0.04502690118956414,0.09312885788205943,True,False,False,0.09312885788205943,-0.06692547298911916,0.06441297441169215,0.1313384474008113,True,False,False,0.1313384474008113
bootstrap_ewma,bootstrap,ewma,nonoverlap,5,5,2021-07-14,2021-07-21,-0.013852958703672091,0.434,252,500,0.016084268830757482,-0.0010175515417119628,,-0.02685730052271862,0.014665730352134254,0.04152303087485287,True,False,False,0.04152303087485287,-0.04363270530659691,0.038227083648532736,0.08185978895512964,True,False,False,0.08185978895512964,-0.057808772819128884,0.059955405101646875,0.11776417792077576,True,False,False,0.11776417792077576
normal_ewma,normal,ewma,nonoverlap,5,5,2021-07-14,2021-07-21,-0.013852958703672091,0.436,252,500,0.016084268830757482,-0.0010175515417119628,,-0.030447240534162312,0.016394042999269443,0.046841283533431755,True,False,False,0.046841283533431755,-0.054908460208076944,0.038757434466975126,0.09366589467505207,True,False,False,0.09366589467505207,-0.07707033952663857,0.06419199630013697,0.14126233582677555,True,False,False,0.14126233582677555
student_t_ewma,student_t,ewma,nonoverlap,5,5,2021-07-14,2021-07-21,-0.013852958703672091,0.394,252,500,0.016084268830757482,-0.0010175515417119628,30.0,-0.026442004275588404,0.019860247859355307,0.04630225213494371,True,False,False,0.04630225213494371,-0.04693809844949013,0.04360878883084987,0.09054688728034,True,False,False,0.09054688728034,-0.06526876621458319,0.0624286678625636,0.1276974340771468,True,False,False,0.1276974340771468
bootstrap_rolling,bootstrap,rolling,nonoverlap,5,5,2021-07-21,2021-07-28,0.0006872896183671706,0.59,252,500,0.016513042321594635,-0.0009909856124536499,,-0.027366110875318816,0.01777393691738549,0.04514004779270431,True,False,False,0.04514004779270431,-0.041984483031529796,0.04728913644003682,0.08927361947156662,True,False,False,0.08927361947156662,-0.05656602754727191,0.06739479878823262,0.12396082633550454,True,False,False,0.12396082633550454
normal_rolling,normal,rolling,nonoverlap,5,5,2021-07-21,2021-07-28,0.0006872896183671706,0.522,252,500,0.016513042321594635,-0.0009909856124536499,,-0.029886422165118526,0.02439083742791409,0.05427725959303262,True,False,False,0.05427725959303262,-0.04945521699569602,0.04510834067221535,0.09456355766791137,True,False,False,0.09456355766791137,-0.0680048538470848,0.07163370351819072,0.13963855736527553,True,False,False,0.13963855736527553
student_t_rolling,student_t,rolling,nonoverlap,5,5,2021-07-21,2021-07-28,0.0006872896183671706,0.588,252,500,0.016513042321594635,-0.0009909856124536499,30.0,-0.030354231754523064,0.017270836793176758,0.04762506854769982,True,False,False,0.04762506854769982,-0.05025095306749464,0.0367789729072678,0.08702992597476245,True,False,False,0.08702992597476245,-0.07191463054989516,0.06367139507994211,0.1355860256298373,True,False,False,0.1355860256298373
bootstrap_ewma,bootstrap,ewma,nonoverlap,5,5,2021-07-21,2021-07-28,0.0006872896183671706,0.594,252,500,0.015525464700444086,-0.0009909856124536499,,-0.026039377569295197,0.016400885062722415,0.04244026263201761,True,False,False,0.04244026263201761,-0.03980845097099539,0.04408967369285789,0.08389812466385328,True,False,False,0.08389812466385328,-0.05355539609094488,0.0629244046372599,0.11647980072820478,True,False,False,0.11647980072820478
normal_ewma,normal,ewma,nonoverlap,5,5,2021-07-21,2021-07-28,0.0006872896183671706,0.524,252,500,0.015525464700444086,-0.0009909856124536499,,-0.02841237602071739,0.022612457887064785,0.051024833907782174,True,False,False,0.051024833907782174,-0.04684999173765937,0.04204543578631002,0.0888954275239694,True,False,False,0.0888954275239694,-0.06434833469077553,0.06689257378042629,0.13124090847120182,True,False,False,0.13124090847120182
student_t_ewma,student_t,ewma,nonoverlap,5,5,2021-07-21,2021-07-28,0.0006872896183671706,0.598,252,500,0.015525464700444086,-0.0009909856124536499,30.0,-0.028852882088231974,0.015928504264296484,0.04478138635252846,True,False,False,0.04478138635252846,-0.04760020681651006,0.034235302329943415,0.08183550914645348,True,False,False,0.08183550914645348,-0.06803916154452781,0.0594379316139468,0.1274770931584746,True,False,False,0.1274770931584746
bootstrap_rolling,bootstrap,rolling,nonoverlap,5,5,2021-07-28,2021-08-04,0.04189890486880765,0.9,252,500,0.01639982476375425,-0.0008654879229926595,,-0.024437315986723496,0.012889398631958038,0.037326714618681534,False,False,True,0.15336473956608,-0.03604687392833861,0.041402039444571985,0.0774489133729106,False,False,True,0.08241756761526726,-0.05046199914848355,0.05779537814067265,0.1082573772891562,True,False,False,0.1082573772891562
normal_rolling,normal,rolling,nonoverlap,5,5,2021-07-28,2021-08-04,0.04189890486880765,0.882,252,500,0.01639982476375425,-0.0008654879229926595,,-0.02934284898504516,0.019218882182817087,0.04856173116786225,False,False,True,0.1392818219118245,-0.049958926435689735,0.046519889846519245,0.09647881628220897,True,False,False,0.09647881628220897,-0.06524951684158178,0.06966318664754698,0.13491270348912876,True,False,False,0.13491270348912876
student_t_rolling,student_t,rolling,nonoverlap,5,5,2021-07-28,2021-08-04,0.04189890486880765,0.888,252,500,0.01639982476375425,-0.0008654879229926595,30.0,-0.024462730907426705,0.021761884824261835,0.04622461573168854,False,False,True,0.1267726959098718,-0.04844203313496277,0.0433497956316585,0.09179182876662127,True,False,False,0.09179182876662127,-0.07295355976903954,0.07348724224776743,0.14644080201680698,True,False,False,0.14644080201680698
bootstrap_ewma,bootstrap,ewma,nonoverlap,5,5,2021-07-28,2021-08-04,0.04189890486880765,0.93,252,500,0.015371611930867925,-0.0008654879229926595,,-0.023187941095463183,0.011801863152182346,0.03498980424764553,False,False,True,0.15537797111414675,-0.03408763729237607,0.038474837080415714,0.07256247437279179,False,False,True,0.10680315225671116,-0.04763283190642041,0.05378966024445833,0.10142249215087874,True,False,False,0.10142249215087874
normal_ewma,normal,ewma,nonoverlap,5,5,2021-07-28,2021-08-04,0.04189890486880765,0.89,252,500,0.015371611930867925,-0.0008654879229926595,,-0.02779252977892971,0.01772698154237945,0.04551951132130916,False,False,True,0.14220720462702197,-0.047159898237373335,0.043257595015743354,0.09041749325311668,True,False,False,0.09041749325311668,-0.06154134439361681,0.06486738363708153,0.12640872803069833,True,False,False,0.12640872803069833
student_t_ewma,student_t,ewma,nonoverlap,5,5,2021-07-28,2021-08-04,0.04189890486880765,0.904,252,500,0.015371611930867925,-0.0008654879229926595,30.0,-0.023211793937312042,0.020106869433319796,0.04331866337063184,False,False,True,0.13048680511258326,-0.04573399039381644,0.04029523031834643,0.08602922071216287,False,False,True,0.10206596621677512,-0.06879289388016628,0.06843522009477368,0.13722811397493995,True,False,False,0.13722811397493995
bootstrap_rolling,bootstrap,rolling,nonoverlap,5,5,2021-08-04,2021-08-11,-0.023063420801343604,0.286,252,500,0.016552753908411568,-0.0006953179570524932,,-0.026604818517159734,0.01172383606686056,0.038328654584020294,True,False,False,0.038328654584020294,-0.04126467473182442,0.03317591209375115,0.07444058682557557,True,False,False,0.07444058682557557,-0.054040522633662214,0.05779537814067265,0.11183590077433486,True,False,False,0.11183590077433486
normal_rolling,normal,rolling,nonoverlap,5,5,2021-08-04,2021-08-11,-0.023063420801343604,0.27,252,500,0.016552753908411568,-0.0006953179570524932,,-0.0236710064708259,0.023241195708790685,0.046912202179616586,True,False,False,0.046912202179616586,-0.04942140266293262,0.0454775947061204,0.09489899736905302,True,False,False,0.09489899736905302,-0.07541355403057422,0.07507808695793518,0.1504916409885094,True,False,False,0.1504916409885094
student_t_rolling,student_t,rolling,nonoverlap,5,5,2021-08-04,2021-08-11,-0.023063420801343604,0.31,252,500,0.016552753908411568,-0.0006953179570524932,30.0,-0.02929449272570625,0.022110225912756187,0.05140471863846244,True,False,False,0.05140471863846244,-0.05509629240329213,0.04470585342687673,0.09980214583016886,True,False,False,0.09980214583016886,-0.07802657941472939,0.06424655525692487,0.14227313467165426,True,False,False,0.14227313467165426
bootstrap_ewma,bootstrap,ewma,nonoverlap,5,5,2021-08-04,2021-08-11,-0.023063420801343604,0.292,252,500,0.017432991525097984,-0.0006953179570524932,,-0.02781989469571383,0.01253829548551777,0.0403581901812316,True,False,False,0.0403581901812316,-0.04323385015330242,0.03516199474392878,0.0783958448972312,True,False,False,0.0783958448972312,-0.05665667622524195,0.061156848848615754,0.1178135250738577,True,False,False,0.1178135250738577
normal_ewma,normal,ewma,nonoverlap,5,5,2021-08-04,2021-08-11,-0.023063420801343604,0.276,252,500,0.017432991525097984,-0.0006953179570524932,,-0.02473367972920254,0.024681548137114984,0.049415227866317524,True,False,False,0.049415227866317524,-0.05180474703869834,0.04814685390593463,0.09995160094463297,True,False,False,0.09995160094463297,-0.07909043568475753,0.07942434901870617,0.1585147847034637,True,False,False,0.1585147847034637
student_t_ewma,student_t,ewma,nonoverlap,5,5,2021-08-04,2021-08-11,-0.023063420801343604,0.318,252,500,0.017432991525097984,-0.0006953179570524932,30.0,-0.03064885613052057,0.023488794700032012,0.05413765083055258,True,False,False,0.05413765083055258,-0.057765481359707785,0.047332013173997906,0.10509749453370569,True,False,False,0.10509749453370569,-0.08183117160587196,0.06797377883343814,0.14980495043931008,True,False,False,0.14980495043931008
bootstrap_rolling,bootstrap,rolling,nonoverlap,5,5,2021-08-11,2021-08-18,0.04933339581659868,0.926,252,500,0.01606826008770345,-0.0009191968939409039,,-0.024163455354142105,0.016654254617194386,0.04081770997133649,False,False,True,0.17153427476895367,-0.036414628819153694,0.04192901873271231,0.07834364755186601,False,False,True,0.1523874183907297,-0.05964672368824537,0.06387103156373476,0.12351775525198014,True,False,False,0.12351775525198014
normal_rolling,normal,rolling,nonoverlap,5,5,2021-08-11,2021-08-18,0.04933339581659868,0.936,252,500,0.01606826008770345,-0.0009191968939409039,,-0.030027341067090152,0.01867114171480705,0.0486984827818972,False,False,True,0.17134749918906372,-0.05069988095423084,0.04022471098461485,0.0909245919388457,False,False,True,0.182011440258684,-0.06879750167962871,0.0654656880340427,0.1342631897136714,True,False,False,0.1342631897136714
student_t_rolling,student_t,rolling,nonoverlap,5,5,2021-08-11,2021-08-18,0.04933339581659868,0.936,252,500,0.01606826008770345,-0.0009191968939409039,30.0,-0.030675034006122898,0.019867724680686538,0.050542758686809436,False,False,True,0.168405443230458,-0.05026339334817124,0.039129631691326903,0.08939302503949814,False,False,True,0.19143066629221592,-0.07235868477029028,0.06866789550889796,0.14102658027918824,True,False,False,0.14102658027918824
bootstrap_ewma,bootstrap,ewma,nonoverlap,5,5,2021-08-11,2021-08-18,0.04933339581659868,0.918,252,500,0.01712612895588191,-0.0009191968939409039,,-0.02543879870831245,0.018068385748645444,0.04350718445695789,False,False,True,0.16856722472877084,-0.038474063525041825,0.0450665161621688,0.08354057968721063,False,False,True,0.12620937623150943,-0.06316292504893835,0.06853980011867215,0.1317027251676105,True,False,False,0.1317027251676105
normal_ewma,normal,ewma,nonoverlap,5,5,2021-08-11,2021-08-18,0.04933339581659868,0.916,252,500,0.01712612895588191,-0.0009191968939409039,,-0.03167933162369002,0.020221187939802654,0.051900519563492675,False,False,True,0.16834935107067678,-0.053659806188404775,0.04324463210560766,0.09690443829401243,False,False,True,0.15779207540392265,-0.07287661796527703,0.07024701537259335,0.14312363333787037,True,False,False,0.14312363333787037
student_t_ewma,student_t,ewma,nonoverlap,5,5,2021-08-11,2021-08-18,0.04933339581659868,0.924,252,500,0.01712612895588191,-0.0009191968939409039,30.0,-0.03236847553874683,0.021498538334019934,0.05386701387276677,False,False,True,0.16520644380308175,-0.05319602759146067,0.04207411231132159,0.09527013990278227,False,False,True,0.1678629749555532,-0.07665512835944752,0.0736755488334826,0.1503306771929301,True,False,False,0.1503306771929301
bootstrap_rolling,bootstrap,rolling,nonoverlap,5,5,2021-08-18,2021-08-25,-0.008702415911801209,0.468,252,500,0.016089857614799426,-0.000749989198946839,,-0.024437315986723496,0.016027058188061716,0.04046437417478521,True,False,False,0.04046437417478521,-0.03938117549046715,0.0419411352604937,0.08132231075096086,True,False,False,0.08132231075096086,-0.054040522633662214,0.061864742673685136,0.11590526530734735,True,False,False,0.11590526530734735
normal_rolling,normal,rolling,nonoverlap,5,5,2021-08-18,2021-08-25,-0.008702415911801209,0.438,252,500,0.016089857614799426,-0.000749989198946839,,-0.026040126957357523,0.019415695763499885,0.04545582272085741,True,False,False,0.04545582272085741,-0.04809231966931422,0.03994897728422181,0.08804129695353602,True,False,False,0.08804129695353602,-0.06959565191320095,0.06749550943974843,0.13709116135294938,True,False,False,0.13709116135294938
student_t_rolling,student_t,rolling,nonoverlap,5,5,2021-08-18,2021-08-25,-0.008702415911801209,0.466,252,500,0.016089857614799426,-0.000749989198946839,30.0,-0.029179987246119504,0.018635663014633597,0.0478156502607531,True,False,False,0.0478156502607531,-0.05106296286368851,0.043890140997867685,0.0949531038615562,True,False,False,0.0949531038615562,-0.07107569129342028,0.06877551548737126,0.13985120678079155,True,False,False,0.13985120678079155
bootstrap_ewma,bootstrap,ewma,nonoverlap,5,5,2021-08-18,2021-08-25,-0.008702415911801209,0.468,252,500,0.016820283300529665,-0.000749989198946839,,-0.02536650381684835,0.01693380026013469,0.04230030407698304,True,False,False,0.04230030407698304,-0.04096842268090399,0.0440640379057704,0.0850324605866744,True,False,False,0.0850324605866744,-0.056262616982494684,0.06494355036132382,0.1212061673438185,True,False,False,0.1212061673438185
normal_ewma,normal,ewma,nonoverlap,5,5,2021-08-18,2021-08-25,-0.008702415911801209,0.438,252,500,0.016820283300529665,-0.000749989198946839,,-0.02704041831548154,0.02047970032965213,0.04752011864513367,True,False,False,0.04752011864513367,-0.05005810819430191,0.041977293676905954,0.09203540187120787,True,False,False,0.09203540187120787,-0.07247960675270733,0.07084771188257294,0.14332731863528025,True,False,False,0.14332731863528025
student_t_ewma,student_t,ewma,nonoverlap,5,5,2021-08-18,2021-08-25,-0.008702415911801209,0.468,252,500,0.016820283300529665,-0.000749989198946839,30.0,-0.030319205341164196,0.019663419654905145,0.04998262499606934,True,False,False,0.04998262499606934,-0.053156976069398766,0.04610576034634738,0.09926273641574615,True,False,False,0.09926273641574615,-0.07402197404337171,0.07219006671908193,0.14621204076245364,True,False,False,0.14621204076245364
bootstrap_rolling,bootstrap,rolling,nonoverlap,5,5,2021-08-25,2021-09-01,-0.007347395823876113,0.522,252,500,0.016052053300782364,-0.0007483478967464891,,-0.027469446485072435,0.016027058188061716,0.04349650467313415,True,False,False,0.04349650467313415,-0.04257330182623437,0.03862974285106824,0.0812030446773026,True,False,False,0.0812030446773026,-0.05832343662295891,0.06102552600672495,0.11934896262968386,True,False,False,0.11934896262968386
normal_rolling,normal,rolling,nonoverlap,5,5,2021-08-25,2021-09-01,-0.007347395823876113,0.462,252,500,0.016052053300782364,-0.0007483478967464891,,-0.02620860376019435,0.020119532363926218,0.04632813612412057,True,False,False,0.04632813612412057,-0.0453475942175146,0.04304878535238997,0.08839637956990457,True,False,False,0.08839637956990457,-0.06526805902371004,0.069233792222074,0.13450185124578404,True,False,False,0.13450185124578404
student_t_rolling,student_t,rolling,nonoverlap,5,5,2021-08-25,2021-09-01,-0.007347395823876113,0.468,252,500,0.016052053300782364,-0.0007483478967464891,30.0,-0.02732902091178585,0.020349916167033466,0.04767893707881932,True,False,False,0.04767893707881932,-0.04546316642542444,0.04319174788382478,0.08865491430924921,True,False,False,0.08865491430924921,-0.08533536874546647,0.06769943051612917,0.15303479926159563,True,False,False,0.15303479926159563
bootstrap_ewma,bootstrap,ewma,nonoverlap,5,5,2021-08-25,2021-09-01,-0.007347395823876113,0.522,252,500,0.016742621592506335,-0.0007483478967464891,,-0.028477742720329213,0.016885961623193335,0.04536370434352255,True,False,False,0.04536370434352255,-0.044209754414648826,0.04049216712383297,0.0847019215384818,True,False,False,0.0847019215384818,-0.06060355980951604,0.06390409624399118,0.12450765605350722,True,False,False,0.12450765605350722
normal_ewma,normal,ewma,nonoverlap,5,5,2021-08-25,2021-09-01,-0.007347395823876113,0.462,252,500,0.016742621592506335,-0.0007483478967464891,,-0.027163984608289032,0.021158474627498258,0.04832245923578729,True,False,False,0.04832245923578729,-0.04709827567604197,0.04511000671790636,0.09220828239394832,True,False,False,0.09220828239394832,-0.06782825569672414,0.072490144986944,0.14031840068366813,True,False,False,0.14031840068366813
student_t_ewma,student_t,ewma,nonoverlap,5,5,2021-08-25,2021-09-01,-0.007347395823876113,0.47,252,500,0.016742621592506335,-0.0007483478967464891,30.0,-0.0283314272449047,0.021399015404511612,0.04973044264941631,True,False,False,0.04973044264941631,-0.04721859740458013,0.04525941520551595,0.09247801261009608,True,False,False,0.09247801261009608,-0.08869183841125172,0.0708849578574318,0.15957679626868354,True,False,False,0.15957679626868354
bootstrap_rolling,bootstrap,rolling,nonoverlap,5,5,2021-09-01,2021-09-09,-0.041698072994533875,0.09,252,500,0.015861638486574747,-0.000877687743227347,,-0.024437315986723496,0.012163454203902857,0.03660077019062635,False,True,False,0.10564379822186787,-0.03899564797973656,0.04544661625868509,0.08444226423842165,False,True,False,0.11146651438639482,-0.05253630285109885,0.06568624532139888,0.11822254817249774,True,False,False,0.11822254817249774
normal_rolling,normal,rolling,nonoverlap,5,5,2021-09-01,2021-09-09,-0.041698072994533875,0.158,252,500,0.015861638486574747,-0.000877687743227347,,-0.03142588618856618,0.017640616089368677,0.049066502277934854,False,True,False,0.09015524950180565,-0.05314582769912431,0.0432087293575424,0.0963545570566667,True,False,False,0.0963545570566667,-0.07572745914638417,0.06334232778201526,0.13906978692839944,True,False,False,0.13906978692839944
student_t_rolling,student_t,rolling,nonoverlap,5,5,2021-09-01,2021-09-09,-0.041698072994533875,0.152,252,500,0.015861638486574747,-0.000877687743227347,30.0,-0.02964565110910028,0.0220838733433093,0.05172952445240958,False,True,False,0.09993921199414396,-0.0489713872128118,0.044637042009856166,0.09360842922266796,True,False,False,0.09360842922266796,-0.08044925781908736,0.06766163656091946,0.14811089438000682,True,False,False,0.14811089438000682
bootstrap_ewma,bootstrap,ewma,nonoverlap,5,5,2021-09-01,2021-09-09,-0.041698072994533875,0.094,252,500,0.016882699054025216,-0.000877687743227347,,-0.025714608343908596,0.01323769707497302,0.038952305418881616,False,True,False,0.10288616402138273,-0.041182347260715554,0.048738159776132654,0.0899205070368482,False,True,False,0.0950777643750314,-0.055555219659461245,0.07036187300217267,0.12591709266163392,True,False,False,0.12591709266163392
normal_ewma,normal,ewma,nonoverlap,5,5,2021-09-01,2021-09-09,-0.041698072994533875,0.172,252,500,0.016882699054025216,-0.000877687743227347,,-0.0331415968903965,0.019074642159477517,0.05221623904987402,False,True,False,0.08644214346642351,-0.05620199090349507,0.046348868136302644,0.10255085903979771,True,False,False,0.10255085903979771,-0.08014116058192444,0.06785630274958257,0.147997463331507,True,False,False,0.147997463331507
student_t_ewma,student_t,ewma,nonoverlap,5,5,2021-09-01,2021-09-09,-0.041698072994533875,0.162,252,500,0.016882699054025216,-0.000877687743227347,30.0,-0.03125000823103094,0.023811255007402554,0.055061263238433494,False,True,False,0.09685352229244523,-0.05177254257727354,0.04787376812982583,0.09964631070709937,True,False,False,0.09964631070709937,-0.0851419622733799,0.07247377723066555,0.15761573950404545,True,False,False,0.15761573950404545
bootstrap_rolling,bootstrap,rolling,nonoverlap,5,5,2021-09-09,2021-09-16,0.033076360251389936,0.872,252,500,0.015775035578730764,-0.0010580263407376927,,-0.024517107016165496,0.011900823331661758,0.036417930347827254,False,False,True,0.12112007802673996,-0.04172671399823347,0.04189890486880765,0.08362561886704112,True,False,False,0.08362561886704112,-0.05832343662295891,0.05541170954844151,0.11373514617140043,True,False,False,0.11373514617140043
normal_rolling,normal,rolling,nonoverlap,5,5,2021-09-09,2021-09-16,0.033076360251389936,0.864,252,500,0.015775035578730764,-0.0010580263407376927,,-0.0291052146246088,0.015152507054089992,0.04425772167869879,False,False,True,0.11595313446789857,-0.04891376118707829,0.03781764791744009,0.08673140910451838,True,False,False,0.08673140910451838,-0.07038349547645789,0.061078299915500206,0.1314617953919581,True,False,False,0.1314617953919581
student_t_rolling,student_t,rolling,nonoverlap,5,5,2021-09-09,2021-09-16,0.033076360251389936,0.826,252,500,0.015775035578730764,-0.0010580263407376927,30.0,-0.02772012969165044,0.021581281651863238,0.04930141134351368,False,False,True,0.09528172574162047,-0.05175192914372693,0.04438478897539219,0.09613671811911911,True,False,False,0.09613671811911911,-0.07385073298667759,0.06794821440577822,0.1417989473924558,True,False,False,0.1417989473924558
bootstrap_ewma,bootstrap,ewma,nonoverlap,5,5,2021-09-09,2021-09-16,0.033076360251389936,0.868,252,500,0.016141128893468696,-0.0010580263407376927,,-0.024959187084410833,0.012302953933964078,0.03726214101837491,False,False,True,0.12035576628807834,-0.04255657543894508,0.04301986505811306,0.08557644049705815,True,False,False,0.08557644049705815,-0.059520324976517824,0.056863220016112874,0.1163835449926307,True,False,False,0.1163835449926307
normal_ewma,normal,ewma,nonoverlap,5,5,2021-09-09,2021-09-16,0.033076360251389936,0.864,252,500,0.016141128893468696,-0.0010580263407376927,,-0.02965138688520677,0.015631546112896078,0.04528293299810285,False,False,True,0.11506218955207828,-0.04990340387653953,0.038839591251375725,0.08874299512791525,True,False,False,0.08874299512791525,-0.07184273795856429,0.06266966203867276,0.13451239999723705,True,False,False,0.13451239999723705
student_t_ewma,student_t,ewma,nonoverlap,5,5,2021-09-09,2021-09-16,0.033076360251389936,0.816,252,500,0.016141128893468696,-0.0010580263407376927,30.0,-0.028234932621695852,0.02221310079683325,0.050448033418529103,False,False,True,0.09390107123675584,-0.05280431529439276,0.045566249724826854,0.09837056501921962,True,False,False,0.09837056501921962,-0.07538471906063357,0.06971006207221492,0.1450947811328485,True,False,False,0.1450947811328485
bootstrap_rolling,bootstrap,rolling,nonoverlap,5,5,2021-09-16,2021-09-23,0.015858267376951396,0.79,252,500,0.015834849582631698,-0.0008208863392978311,,-0.02446087370401251,0.01218062218565491,0.03664149588966742,False,False,True,0.05135207665485336,-0.03832385787881443,0.036627138933676084,0.07495099681249051,True,False,False,0.07495099681249051,-0.05087374414405521,0.06568624532139888,0.1165599894654541,True,False,False,0.1165599894654541
normal_rolling,normal,rolling,nonoverlap,5,5,2021-09-16,2021-09-23,0.015858267376951396,0.69,252,500,0.015834849582631698,-0.0008208863392978311,,-0.024141767887429805,0.022159600514704003,0.04630136840213381,True,False,False,0.04630136840213381,-0.04647691703856414,0.041702108732203806,0.08817902577076794,True,False,False,0.08817902577076794,-0.06475264100080748,0.0701056716818868,0.13485831268269427,True,False,False,0.13485831268269427
student_t_rolling,student_t,rolling,nonoverlap,5,5,2021-09-16,2021-09-23,0.015858267376951396,0.726,252,500,0.015834849582631698,-0.0008208863392978311,3.03734671255922,-0.024608997464066223,0.01792225734618169,0.042531254810247915,True,False,False,0.042531254810247915,-0.040663247597280704,0.03693075751801732,0.07759400511529801,True,False,False,0.07759400511529801,-0.06487106330032612,0.066030709701981,0.1309017730023071,True,False,False,0.1309017730023071
bootstrap_ewma,bootstrap,ewma,nonoverlap,5,5,2021-09-16,2021-09-23,0.015858267376951396,0.79,252,500,0.015888736861550543,-0.0008208863392978311,,-0.024529461086055804,0.012236464658280932,0.036765925744336736,False,False,True,0.05125313661901859,-0.03843830621621869,0.03676852834187594,0.07520683455809463,True,False,False,0.07520683455809463,-0.05102912132157822,0.06593188039397901,0.11696100171555723,True,False,False,0.11696100171555723
normal_ewma,normal,ewma,nonoverlap,5,5,2021-09-16,2021-09-23,0.015858267376951396,0.688,252,500,0.015888736861550543,-0.0008208863392978311,,-0.024209291587463627,0.02225012213292832,0.046459413720391946,True,False,False,0.046459413720391946,-0.04661801896311697,0.04186150565788195,0.08847952462099892,True,False,False,0.08847952462099892,-0.06495262122403749,0.07036739984747047,0.13532002107150795,True,False,False,0.13532002107150795
student_t_ewma,student_t,ewma,nonoverlap,5,5,2021-09-16,2021-09-23,0.015858267376951396,0.724,252,500,0.015888736861550543,-0.0008208863392978311,3.03734671255922,-0.024678078434781925,0.017998012423405207,0.04267609085818713,True,False,False,0.04267609085818713,-0.040785367695764796,0.03707322212486771,0.07785858982063251,True,False,False,0.07785858982063251,-0.065071420830536,0.06627759689940767,0.13134901772994367,True,False,False,0.13134901772994367
bootstrap_rolling,bootstrap,rolling,nonoverlap,5,5,2021-09-23,2021-09-30,0.01558441108778763,0.756,252,500,0.015916751708974174,-0.0007184290161588233,,-0.024237809941609706,0.014774162166181881,0.03901197210779159,False,False,True,0.042252967794214585,-0.03832385787881443,0.03862974285106824,0.07695360072988267,True,False,False,0.07695360072988267,-0.058315656665753494,0.06102552600672495,0.11934118267247845,True,False,False,0.11934118267247845
normal_rolling,normal,rolling,nonoverlap,5,5,2021-09-23,2021-09-30,0.01558441108778763,0.718,252,500,0.015916751708974174,-0.0007184290161588233,,-0.02591790134391131,0.019461442544484342,0.04537934388839565,True,False,False,0.04537934388839565,-0.04675706402176725,0.04352206096678204,0.09027912498854929,True,False,False,0.09027912498854929,-0.07433666540982253,0.0701979802227076,0.14453464563253013,True,False,False,0.14453464563253013
student_t_rolling,student_t,rolling,nonoverlap,5,5,2021-09-23,2021-09-30,0.01558441108778763,0.726,252,500,0.015916751708974174,-0.0007184290161588233,30.0,-0.02746045346548706,0.016925307161945513,0.044385760627432574,True,False,False,0.044385760627432574,-0.04501135102853587,0.036623294668382045,0.08163464569691792,True,False,False,0.08163464569691792,-0.0739502321178048,0.05767420987965278,0.13162444199745757,True,False,False,0.13162444199745757
bootstrap_ewma,bootstrap,ewma,nonoverlap,5,5,2021-09-23,2021-09-30,0.01558441108778763,0.762,252,500,0.015689282886993984,-0.0007184290161588233,,-0.023945703763766424,0.014509410269033352,0.038455114032799775,False,False,True,0.04275511730781689,-0.037836041931596176,0.03801401431711349,0.07585005624870966,True,False,False,0.07585005624870966,-0.05755508033193117,0.06007327381728533,0.1176283541492165,True,False,False,0.1176283541492165
normal_ewma,normal,ewma,nonoverlap,5,5,2021-09-23,2021-09-30,0.01558441108778763,0.718,252,500,0.015689282886993984,-0.0007184290161588233,,-0.025602300801715494,0.019128346360914816,0.04473064716263031,True,False,False,0.04473064716263031,-0.04615346856225005,0.04283339472387968,0.08898686328612973,True,False,False,0.08898686328612973,-0.07336181836647394,0.06910595424370354,0.14246777261017748,True,False,False,0.14246777261017748
student_t_ewma,student_t,ewma,nonoverlap,5,5,2021-09-23,2021-09-30,0.01558441108778763,0.73,252,500,0.015689282886993984,-0.0007184290161588233,30.0,-0.027123319497402015,0.016629227710548755,0.04375254720795077,True,False,False,0.04375254720795077,-0.04443163537008329,0.03603738556732447,0.08046902093740776,True,False,False,0.08046902093740776,-0.07298050759577425,0.05677273807083003,0.1297532456666043,True,False,False,0.1297532456666043
bootstrap_rolling,bootstrap,rolling,nonoverlap,5,5,2021-09-30,2021-10-07,0.05036559667278251,0.93,252,500,0.01576062365710775,-0.0008952636689014083,,-0.027327138798056483,0.01223212613091107,0.03955926492896755,False,False,True,0.1920931470964533,-0.04123603372812482,0.04189890486880765,0.08313493859693247,False,False,True,0.16780185663668107,-0.05760656735596348,0.05798261248572678,0.11558917984169026,True,False,False,0.11558917984169026
normal_rolling,normal,rolling,nonoverlap,5,5,2021-09-30,2021-10-07,0.05036559667278251,0.926,252,500,0.01576062365710775,-0.0008952636689014083,,-0.023986445573912274,0.02562280105631254,0.04960924663022481,False,False,True,0.1485804290961047,-0.04713246057160564,0.043484330286012556,0.0906167908576182,False,False,True,0.15942945472531775,-0.06657743961300787,0.07447088505245329,0.14104832466546116,True,False,False,0.14104832466546116
student_t_rolling,student_t,rolling,nonoverlap,5,5,2021-09-30,2021-10-07,0.05036559667278251,0.944,252,500,0.01576062365710775,-0.0008952636689014083,30.0,-0.02512122467559974,0.01927367207735914,0.04439489675295888,False,False,True,0.16876259513465236,-0.04699892856320179,0.03675346697329145,0.08375239553649325,False,False,True,0.21987369253140382,-0.0739234981963207,0.06729792196300188,0.1412214201593226,True,False,False,0.1412214201593226
bootstrap_ewma,bootstrap,ewma,nonoverlap,5,5,2021-09-30,2021-10-07,0.05036559667278251,0.948,252,500,0.014896634403505806,-0.0008952636689014083,,-0.026087631620269502,0.011309512355395679,0.03739714397566518,False,False,True,0.1936214812452125,-0.039255987062781855,0.03930213891738976,0.07855812598017162,False,False,True,0.18919270353409912,-0.05476835153125337,0.0544598757008905,0.10922822723214387,True,False,False,0.10922822723214387
normal_ewma,normal,ewma,nonoverlap,5,5,2021-09-30,2021-10-07,0.05036559667278251,0.94,252,500,0.014896634403505806,-0.0008952636689014083,,-0.022926346960617433,0.02395001736291602,0.046876364323533454,False,False,True,0.1525386815629994,-0.044841627506801617,0.040796854973053326,0.08563848247985495,False,False,True,0.18132589947714678,-0.06327520883804552,0.06998577970555614,0.13326098854360166,True,False,False,0.13326098854360166
student_t_ewma,student_t,ewma,nonoverlap,5,5,2021-09-30,2021-10-07,0.05036559667278251,0.95,252,500,0.014896634403505806,-0.0008952636689014083,30.0,-0.0240001177081359,0.017957713310338352,0.04195783101847425,False,False,True,0.17158936446825088,-0.04471511275810364,0.03445023458724586,0.0791653473453495,False,False,True,0.23831896820071602,-0.07024463395679618,0.06323309312691672,0.13347772708371292,True,False,False,0.13347772708371292
bootstrap_rolling,bootstrap,rolling,nonoverlap,5,5,2021-10-07,2021-10-14,-0.03285858332539149,0.14,252,500,0.01575491635057229,-0.0006944590731438797,,-0.02469876393292858,0.01172383606686056,0.03642259999978914,False,True,False,0.06906187756964077,-0.03899564797973656,0.04196702608522976,0.08096267406496632,True,False,False,0.08096267406496632,-0.058307057765684345,0.05798261248572678,0.11628967025141113,True,False,False,0.11628967025141113
normal_rolling,normal,rolling,nonoverlap,5,5,2021-10-07,2021-10-14,-0.03285858332539149,0.2,252,500,0.01575491635057229,-0.0006944590731438797,,-0.027712975897636077,0.017551332368990258,0.045264308266626335,False,True,False,0.06584673797764798,-0.04959698458157716,0.045471662532042975,0.09506864711362013,True,False,False,0.09506864711362013,-0.06867594614940711,0.07065075094948367,0.13932669709889078,True,False,False,0.13932669709889078
student_t_rolling,student_t,rolling,nonoverlap,5,5,2021-10-07,2021-10-14,-0.03285858332539149,0.208,252,500,0.01575491635057229,-0.0006944590731438797,30.0,-0.027653702120610718,0.01986701101820043,0.04752071313881115,False,True,False,0.06834023795793423,-0.046218914404278465,0.042365008946005055,0.08858392335028352,True,False,False,0.08858392335028352,-0.06957343093850842,0.06571391106379826,0.1352873420023067,True,False,False,0.1352873420023067
bootstrap_ewma,bootstrap,ewma,nonoverlap,5,5,2021-10-07,2021-10-14,-0.03285858332539149,0.134,252,500,0.014737850107963447,-0.0006944590731438797,,-0.023341854079280577,0.010736277504168612,0.03407813158344919,False,True,False,0.07214504856789283,-0.03674077266479945,0.038972503065923134,0.07571327573072259,True,False,False,0.07571327573072259,-0.0548597410303312,0.053903768292378196,0.1087635093227094,True,False,False,0.1087635093227094
normal_ewma,normal,ewma,nonoverlap,5,5,2021-10-07,2021-10-14,-0.03285858332539149,0.182,252,500,0.014737850107963447,-0.0006944590731438797,,-0.026165687004231025,0.016181244833080588,0.04234693183731161,False,True,False,0.06911851712195347,-0.04668455773447046,0.04224111812951918,0.08892567586398964,True,False,False,0.08892567586398964,-0.06459824717516417,0.0657038791825006,0.13030212635766478,True,False,False,0.13030212635766478
student_t_ewma,student_t,ewma,nonoverlap,5,5,2021-10-07,2021-10-14,-0.03285858332539149,0.198,252,500,0.014737850107963447,-0.0006944590731438797,30.0,-0.026110152685092203,0.018344357940702716,0.04445451062579492,False,True,False,0.07144823318699206,-0.0435152395977131,0.03934371960612513,0.08285895920383823,True,False,False,0.08285895920383823,-0.06544150048592488,0.06110639190022547,0.12654789238615036,True,False,False,0.12654789238615036
bootstrap_rolling,bootstrap,rolling,nonoverlap,5,5,2021-10-14,2021-10-21,0.029893572152874803,0.814,252,500,0.015764340665973618,-0.0007060850915826029,,-0.024806509548773836,0.016088873709858786,0.04089538325863262,False,False,True,0.09611417703069669,-0.03902645367728863,0.04742569248322468,0.0864521461605133,True,False,False,0.0864521461605133,-0.05964672368824537,0.07072727636770118,0.13037400005594654,True,False,False,0.13037400005594654
normal_rolling,normal,rolling,nonoverlap,5,5,2021-10-14,2021-10-21,0.029893572152874803,0.862,252,500,0.015764340665973618,-0.0007060850915826029,,-0.029014976332395387,0.018577635331524955,0.04759261166392034,False,False,True,0.09285635894931973,-0.050075825961296956,0.0370574690090099,0.08713329497030686,True,False,False,0.08713329497030686,-0.07062498663597007,0.0746330979701614,0.1452580846061315,True,False,False,0.1452580846061315
student_t_rolling,student_t,rolling,nonoverlap,5,5,2021-10-14,2021-10-21,0.029893572152874803,0.828,252,500,0.015764340665973618,-0.0007060850915826029,30.0,-0.03355754569728692,0.020462732227544522,0.05402027792483144,False,False,True,0.09174363762615256,-0.05422185660613774,0.040520285108418194,0.09474214171455594,True,False,False,0.09474214171455594,-0.07231022589468131,0.06536493144620842,0.13767515734088973,True,False,False,0.13767515734088973
bootstrap_ewma,bootstrap,ewma,nonoverlap,5,5,2021-10-14,2021-10-21,0.029893572152874803,0.828,252,500,0.014462583784044055,-0.0007060850915826029,,-0.023066453535179,0.014454783586974385,0.037521237122153384,False,False,True,0.09927639138575506,-0.03614335720051787,0.0431215344324005,0.07926489163291836,True,False,False,0.07926489163291836,-0.055134648889022884,0.06439167713875046,0.11952632602777336,True,False,False,0.11952632602777336
normal_ewma,normal,ewma,nonoverlap,5,5,2021-10-14,2021-10-21,0.029893572152874803,0.878,252,500,0.014462583784044055,-0.0007060850915826029,,-0.026934984507487852,0.01673413072473212,0.043669115232219974,False,False,True,0.0963068809447907,-0.046315576769904256,0.033644692283496216,0.07996026905340048,True,False,False,0.07996026905340048,-0.06525956916308569,0.06795329051103347,0.13321285967411917,True,False,False,0.13321285967411917
student_t_ewma,student_t,ewma,nonoverlap,5,5,2021-10-14,2021-10-21,0.029893572152874803,0.852,252,500,0.014462583784044055,-0.0007060850915826029,30.0,-0.031112177436032673,0.018460302405895246,0.04957247984192792,False,False,True,0.09530555882984615,-0.05013498961468376,0.03681067410815191,0.08694566372283567,True,False,False,0.08694566372283567,-0.06681465485354308,0.0595002863616512,0.1263149412151943,True,False,False,0.1263149412151943
bootstrap_rolling,bootstrap,rolling,nonoverlap,5,5,2021-10-21,2021-10-28,0.05742457054913275,0.954,252,500,0.015617437862446445,-0.0005451225183685623,,-0.02374924431207756,0.014703685092004815,0.038452929404082375,False,False,True,0.2093364712325941,-0.04096411317299064,0.04302888216115677,0.08399299533414742,False,False,True,0.2279498792139072,-0.058307057765684345,0.06212117578296035,0.1204282335486447,True,False,False,0.1204282335486447
normal_rolling,normal,rolling,nonoverlap,5,5,2021-10-21,2021-10-28,0.05742457054913275,0.954,252,500,0.015617437862446445,-0.0005451225183685623,,-0.023482991401542086,0.02036761387276903,0.043850605274311116,False,False,True,0.19207843197976598,-0.045381105052138125,0.04092403125065634,0.08630513630279446,False,False,True,0.25131052928755854,-0.059530415415489576,0.07039599384204878,0.12992640925753834,True,False,False,0.12992640925753834
student_t_rolling,student_t,rolling,nonoverlap,5,5,2021-10-21,2021-10-28,0.05742457054913275,0.95,252,500,0.015617437862446445,-0.0005451225183685623,30.0,-0.023647919737648238,0.01696263753045918,0.04061055726810742,False,False,True,0.2024582893428017,-0.04495484294885971,0.04205756989626338,0.0870124128451231,False,False,True,0.2406824193738168,-0.06916530671957766,0.07564154289915126,0.14480684961872892,True,False,False,0.14480684961872892
bootstrap_ewma,bootstrap,ewma,nonoverlap,5,5,2021-10-21,2021-10-28,0.05742457054913275,0.978,252,500,0.014028775340794454,-0.0005451225183685623,,-0.02163068126862991,0.01291726850373398,0.03454794977236389,False,False,True,0.21257715795395896,-0.03714193920623449,0.03828063152003994,0.07542257072627442,False,False,True,0.26686196101720255,-0.05279726677084806,0.05533687932796271,0.10813414609881078,False,False,True,0.19164179494561218
normal_ewma,normal,ewma,nonoverlap,5,5,2021-10-21,2021-10-28,0.05742457054913275,0.97,252,500,0.014028775340794454,-0.0005451225183685623,,-0.02139099685446383,0.017994645573427615,0.03938564242789144,False,False,True,0.19710534233071197,-0.04112636610194007,0.03639830757488761,0.07752467367682768,False,False,True,0.2877873034192791,-0.05390268705083964,0.06271960053330643,0.11662228758414607,True,False,False,0.11662228758414607
student_t_ewma,student_t,ewma,nonoverlap,5,5,2021-10-21,2021-10-28,0.05742457054913275,0.96,252,500,0.014028775340794454,-0.0005451225183685623,30.0,-0.021539467698061615,0.01494262795813528,0.036482095656196895,False,False,True,0.20640986602018677,-0.040741767040536815,0.037412054676144356,0.07815382171668117,False,False,True,0.2782789804465651,-0.06261382278890582,0.06739659193177014,0.13001041472067595,True,False,False,0.13001041472067595
bootstrap_rolling,bootstrap,rolling,nonoverlap,5,5,2021-10-28,2021-11-04,0.03236793881804867,0.858,252,500,0.015880426994520726,-0.0002963395532259212,,-0.02524604758885099,0.01565287516007874,0.04089892274892973,False,False,True,0.10775917738080945,-0.042422672375404626,0.042200043507854224,0.08462271588325884,True,False,False,0.08462271588325884,-0.054762625798000765,0.057956688553289226,0.11271931435128998,True,False,False,0.11271931435128998
normal_rolling,normal,rolling,nonoverlap,5,5,2021-10-28,2021-11-04,0.03236793881804867,0.81,252,500,0.015880426994520726,-0.0002963395532259212,,-0.02205504732098812,0.02467325318124719,0.04672830050223531,False,False,True,0.07750704304944123,-0.042661425061967385,0.04559687266714191,0.08825829772910929,True,False,False,0.08825829772910929,-0.06014581130033433,0.0734797786598205,0.13362558996015483,True,False,False,0.13362558996015483
student_t_rolling,student_t,rolling,nonoverlap,5,5,2021-10-28,2021-11-04,0.03236793881804867,0.86,252,500,0.015880426994520726,-0.0002963395532259212,30.0,-0.02602401193762502,0.019625598089770824,0.04564961002739584,False,False,True,0.09661897294050723,-0.044582572726254634,0.041361020851978646,0.08594359357823328,True,False,False,0.08594359357823328,-0.06520143295391316,0.07482147932653091,0.14002291228044406,True,False,False,0.14002291228044406
bootstrap_ewma,bootstrap,ewma,nonoverlap,5,5,2021-10-28,2021-11-04,0.03236793881804867,0.858,252,500,0.015645225696443277,-0.0002963395532259212,,-0.02489822372981798,0.015396982618054056,0.04029520634787204,False,False,True,0.10817903114785049,-0.041828709958617795,0.04153936071217745,0.08336807067079524,True,False,False,0.08336807067079524,-0.05399460964962392,0.0570510681769921,0.11104567782661602,True,False,False,0.11104567782661602
normal_ewma,normal,ewma,nonoverlap,5,5,2021-10-28,2021-11-04,0.03236793881804867,0.818,252,500,0.015645225696443277,-0.0002963395532259212,,-0.02175343868459642,0.02428094042473522,0.04603437910933164,False,False,True,0.07838237268258544,-0.04206407287411145,0.04488367800668834,0.08694775088079978,True,False,False,0.08694775088079978,-0.059302596434453604,0.07232950697839813,0.13163210341285173,True,False,False,0.13163210341285173
student_t_ewma,student_t,ewma,nonoverlap,5,5,2021-10-28,2021-11-04,0.03236793881804867,0.862,252,500,0.015645225696443277,-0.0002963395532259212,30.0,-0.025664943556743952,0.01930976621659758,0.04497470977334153,False,False,True,0.09720740017914589,-0.043957976137464896,0.04071328352288014,0.08467125966034503,True,False,False,0.08467125966034503,-0.0642880139109812,0.07364989742843447,0.1379379113394157,True,False,False,0.1379379113394157
bootstrap_rolling,bootstrap,rolling,nonoverlap,5,5,2021-11-04,2021-11-11,-0.025187977927156324,0.24,252,500,0.015737538857674503,-0.00015837028379341386,,-0.02446087370401251,0.012724176672785914,0.03718505037679842,False,True,False,0.040093467269373684,-0.03899564797973656,0.03841730619963092,0.07741295417936747,True,False,False,0.07741295417936747,-0.05760656735596348,0.05751059934236374,0.11511716669832722,True,False,False,0.11511716669832722
normal_rolling,normal,rolling,nonoverlap,5,5,2021-11-04,2021-11-11,-0.025187977927156324,0.24,252,500,0.015737538857674503,-0.00015837028379341386,,-0.024412379956686936,0.019350214255406506,0.04376259421209344,False,True,False,0.046864986093970995,-0.04657114130782492,0.03960905283835728,0.08618019414618219,True,False,False,0.08618019414618219,-0.06712015216308506,0.061401690231400526,0.12852184239448558,True,False,False,0.12852184239448558
student_t_rolling,student_t,rolling,nonoverlap,5,5,2021-11-04,2021-11-11,-0.025187977927156324,0.228,252,500,0.015737538857674503,-0.00015837028379341386,30.0,-0.022916537820016625,0.021656180125737723,0.04457271794575435,False,True,False,0.053658478374313145,-0.043692471118942214,0.042458095844024914,0.08615056696296713,True,False,False,0.08615056696296713,-0.06244278510164132,0.06635699202524993,0.12879977712689125,True,False,False,0.12879977712689125
bootstrap_ewma,bootstrap,ewma,nonoverlap,5,5,2021-11-04,2021-11-11,-0.025187977927156324,0.228,252,500,0.0149397426812686,-0.00015837028379341386,,-0.023274588746528213,0.012034634984957382,0.035309223731485595,False,True,False,0.04296278045399804,-0.03709456287718871,0.03639313731500705,0.07348770019219575,True,False,False,0.07348770019219575,-0.05480572278956697,0.05447480992808528,0.10928053271765226,True,False,False,0.10928053271765226
normal_ewma,normal,ewma,nonoverlap,5,5,2021-11-04,2021-11-11,-0.025187977927156324,0.22,252,500,0.0149397426812686,-0.00015837028379341386,,-0.02322849741643651,0.01831944938611485,0.04154794680255136,False,True,False,0.049385868845430614,-0.04430169646595669,0.03752223188957851,0.0818239283555352,True,False,False,0.0818239283555352,-0.06386619992273972,0.05815769966912783,0.12202389959186755,True,False,False,0.12202389959186755
student_t_ewma,student_t,ewma,nonoverlap,5,5,2021-11-04,2021-11-11,-0.025187977927156324,0.22,252,500,0.0149397426812686,-0.00015837028379341386,30.0,-0.02180681731604797,0.020506179172030903,0.042312996488078874,False,True,False,0.055837638932512285,-0.04156266182377893,0.04022122984071941,0.08178389166449834,True,False,False,0.08178389166449834,-0.059411036512711166,0.06284685067067962,0.12225788718339078,True,False,False,0.12225788718339078
bootstrap_rolling,bootstrap,rolling,nonoverlap,5,5,2021-11-11,2021-11-18,0.03390277142702458,0.88,252,500,0.015706538800076372,-0.00042362635397332697,,-0.026312748455821544,0.012325372096447629,0.03863812055226917,False,False,True,0.12494771787457698,-0.042028045551032824,0.04307675497400558,0.08510480052503841,True,False,False,0.08510480052503841,-0.060843983413980784,0.06102552600672495,0.12186950942070574,True,False,False,0.12186950942070574
normal_rolling,normal,rolling,nonoverlap,5,5,2021-11-11,2021-11-18,0.03390277142702458,0.862,252,500,0.015706538800076372,-0.00042362635397332697,,-0.020921333207776144,0.02025840500806142,0.041179738215837564,False,False,True,0.0957572038916902,-0.0456873310866017,0.04080149738023858,0.08648882846684028,True,False,False,0.08648882846684028,-0.07317477375446073,0.0670927291481614,0.14026750290262213,True,False,False,0.14026750290262213
student_t_rolling,student_t,rolling,nonoverlap,5,5,2021-11-11,2021-11-18,0.03390277142702458,0.852,252,500,0.015706538800076372,-0.00042362635397332697,30.0,-0.023403124684125504,0.020871710244769637,0.04427483492889514,False,False,True,0.09639907965791492,-0.04185981325721971,0.04191151104150547,0.08377132429872519,True,False,False,0.08377132429872519,-0.05944335375590815,0.06933893635184629,0.12878229010775444,True,False,False,0.12878229010775444
bootstrap_ewma,bootstrap,ewma,nonoverlap,5,5,2021-11-11,2021-11-18,0.03390277142702458,0.88,252,500,0.015434147769706722,-0.00042362635397332697,,-0.02589815492408687,0.012073151814766314,0.03797130673885318,False,False,True,0.12528978518788625,-0.04134965886276233,0.042275822151205664,0.083625481013968,True,False,False,0.083625481013968,-0.05985554662946879,0.05989715908979032,0.11975270571925911,True,False,False,0.11975270571925911
normal_ewma,normal,ewma,nonoverlap,5,5,2021-11-11,2021-11-18,0.03390277142702458,0.864,252,500,0.015434147769706722,-0.00042362635397332697,,-0.020598238814592412,0.019866135716115507,0.04046437453070792,False,False,True,0.09661091737434421,-0.04494814872490951,0.040041698091718675,0.08498984681662819,True,False,False,0.08498984681662819,-0.07198664276057794,0.06585250291624459,0.13783914567682254,True,False,False,0.13783914567682254
student_t_ewma,student_t,ewma,nonoverlap,5,5,2021-11-11,2021-11-18,0.03390277142702458,0.856,252,500,0.015434147769706722,-0.00042362635397332697,30.0,-0.02303784820360194,0.02046856903993105,0.04350641724353299,False,False,True,0.09724322679190711,-0.04118422719487085,0.04113165462232426,0.08231588181719511,True,False,False,0.08231588181719511,-0.058477776832464336,0.06805714267397563,0.12653491950643997,True,False,False,0.12653491950643997
bootstrap_rolling,bootstrap,rolling,nonoverlap,5,5,2021-11-18,2021-11-26,0.0011897032879053526,0.552,252,500,0.0157711219036001,-0.0002946905521182218,,-0.02446087370401251,0.015320511109173762,0.03978138481318627,True,False,False,0.03978138481318627,-0.03918078431920158,0.043659923556519334,0.08284070787572091,True,False,False,0.08284070787572091,-0.058307057765684345,0.06311247796145913,0.12141953572714348,True,False,False,0.12141953572714348
normal_rolling,normal,rolling,nonoverlap,5,5,2021-11-18,2021-11-26,0.0011897032879053526,0.574,252,500,0.0157711219036001,-0.0002946905521182218,,-0.02594745212928276,0.021657984108020722,0.04760543623730348,True,False,False,0.04760543623730348,-0.0481845421460059,0.043711534407972576,0.09189607655397847,True,False,False,0.09189607655397847,-0.06765477447229552,0.07691844898902245,0.14457322346131796,True,False,False,0.14457322346131796
student_t_rolling,student_t,rolling,nonoverlap,5,5,2021-11-18,2021-11-26,0.0011897032879053526,0.578,252,500,0.0157711219036001,-0.0002946905521182218,30.0,-0.026862831333308523,0.01736141447774303,0.044224245811051555,True,False,False,0.044224245811051555,-0.04729225983327153,0.04001956147160279,0.08731182130487432,True,False,False,0.08731182130487432,-0.06563749721346374,0.0701525837361939,0.13579008094965764,True,False,False,0.13579008094965764
bootstrap_ewma,bootstrap,ewma,nonoverlap,5,5,2021-11-18,2021-11-26,0.0011897032879053526,0.552,252,500,0.015283624845672044,-0.0002946905521182218,,-0.023758272338734066,0.014797224750942306,0.03855549708967637,True,False,False,0.03855549708967637,-0.038036799920453945,0.04223476166088811,0.08027156158134205,True,False,False,0.08027156158134205,-0.05659968328031695,0.06105489237712858,0.11765457565744553,True,False,False,0.11765457565744553
normal_ewma,normal,ewma,nonoverlap,5,5,2021-11-18,2021-11-26,0.0011897032879053526,0.574,252,500,0.015283624845672044,-0.0002946905521182218,,-0.025199971116993736,0.020935045872085334,0.04613501698907907,True,False,False,0.04613501698907907,-0.046773903155127916,0.04228470882371261,0.08905861197884052,True,False,False,0.08905861197884052,-0.06567627659324912,0.07440544918409488,0.140081725777344,True,False,False,0.140081725777344
student_t_ewma,student_t,ewma,nonoverlap,5,5,2021-11-18,2021-11-26,0.0011897032879053526,0.578,252,500,0.015283624845672044,-0.0002946905521182218,30.0,-0.026087748857888837,0.016773961865228948,0.042861710723117785,True,False,False,0.042861710723117785,-0.04590793285931383,0.03871155269364782,0.08461948555296164,True,False,False,0.08461948555296164,-0.06371731540236458,0.06786347239596612,0.1315807877983307,True,False,False,0.1315807877983307
bootstrap_rolling,bootstrap,rolling,nonoverlap,5,5,2021-11-26,2021-12-03,0.0002617878020778619,0.582,252,500,0.015569668673582797,-0.0005136385792047493,,-0.025669379827582495,0.018130981531293777,0.04380036135887627,True,False,False,0.04380036135887627,-0.03918078431920158,0.04364851646700396,0.08282930078620554,True,False,False,0.08282930078620554,-0.055415957232402335,0.0693759200122066,0.12479187724460894,True,False,False,0.12479187724460894
normal_rolling,normal,rolling,nonoverlap,5,5,2021-11-26,2021-12-03,0.0002617878020778619,0.55,252,500,0.015569668673582797,-0.0005136385792047493,,-0.026164571176743007,0.018405774775504702,0.04457034595224771,True,False,False,0.04457034595224771,-0.04494469718695667,0.03667959092505457,0.08162428811201125,True,False,False,0.08162428811201125,-0.06883087933052014,0.0661765043597138,0.13500738369023393,True,False,False,0.13500738369023393
student_t_rolling,student_t,rolling,nonoverlap,5,5,2021-11-26,2021-12-03,0.0002617878020778619,0.522,252,500,0.015569668673582797,-0.0005136385792047493,30.0,-0.02355545979800089,0.0230751040724122,0.04663056387041309,True,False,False,0.04663056387041309,-0.044978601424919884,0.040507641000899715,0.08548624242581959,True,False,False,0.08548624242581959,-0.06937282135726494,0.0686416278669309,0.13801444922419584,True,False,False,0.13801444922419584
bootstrap_ewma,bootstrap,ewma,nonoverlap,5,5,2021-11-26,2021-12-03,0.0002617878020778619,0.582,252,500,0.014951158529922867,-0.0005136385792047493,,-0.024761838041069684,0.01730069818429264,0.042062536225362324,True,False,False,0.042062536225362324,-0.037752176969032214,0.04177247442024812,0.07952465138928033,True,False,False,0.07952465138928033,-0.05337085409376119,0.06642146543987626,0.11979231953363745,True,False,False,0.11979231953363745
normal_ewma,normal,ewma,nonoverlap,5,5,2021-11-26,2021-12-03,0.0002617878020778619,0.55,252,500,0.014951158529922867,-0.0005136385792047493,,-0.02523780516118934,0.01756435824979763,0.04280216341098697,True,False,False,0.04280216341098697,-0.0432960081052724,0.035091531865562416,0.07838753997083481,True,False,False,0.07838753997083481,-0.06628441967433112,0.06335745328682506,0.12964187296115617,True,False,False,0.12964187296115617
student_t_ewma,student_t,ewma,nonoverlap,5,5,2021-11-26,2021-12-03,0.0002617878020778619,0.524,252,500,0.014951158529922867,-0.0005136385792047493,30.0,-0.022730091237938482,0.02204408579509204,0.04477417703303052,True,False,False,0.04477417703303052,-0.04332862183163658,0.03876161138294647,0.08209023321458304,True,False,False,0.08209023321458304,-0.06680626032297236,0.06571827926689645,0.13252453958986882,True,False,False,0.13252453958986882
bootstrap_rolling,bootstrap,rolling,nonoverlap,5,5,2021-12-03,2021-12-10,-0.02216714729006053,0.296,252,500,0.015553924657988681,-0.0005835382227217056,,-0.025144304279021285,0.01565287516007874,0.04079717943910002,True,False,False,0.04079717943910002,-0.042028045551032824,0.043659923556519334,0.08568796910755216,True,False,False,0.08568796910755216,-0.057974324821066923,0.06640078503810141,0.12437510985916833,True,False,False,0.12437510985916833
normal_rolling,normal,rolling,nonoverlap,5,5,2021-12-03,2021-12-10,-0.02216714729006053,0.286,252,500,0.015553924657988681,-0.0005835382227217056,,-0.02648569989078703,0.02349372641121178,0.04997942630199881,True,False,False,0.04997942630199881,-0.045254987038880805,0.04188334496514796,0.08713833200402876,True,False,False,0.08713833200402876,-0.06159174764216144,0.07071396386393448,0.13230571150609594,True,False,False,0.13230571150609594
student_t_rolling,student_t,rolling,nonoverlap,5,5,2021-12-03,2021-12-10,-0.02216714729006053,0.272,252,500,0.015553924657988681,-0.0005835382227217056,30.0,-0.02434593009550598,0.021545963169816384,0.045891893265322364,True,False,False,0.045891893265322364,-0.049309816683219064,0.04260873462310779,0.09191855130632685,True,False,False,0.09191855130632685,-0.07067402994465258,0.062224188560270746,0.13289821850492334,True,False,False,0.13289821850492334
bootstrap_ewma,bootstrap,ewma,nonoverlap,5,5,2021-12-03,2021-12-10,-0.02216714729006053,0.28,252,500,0.014674589808647179,-0.0005835382227217056,,-0.023900815037701695,0.014594075664824013,0.03849489070252571,True,False,False,0.03849489070252571,-0.03985821643101221,0.04096983274245321,0.08082804917346542,True,False,False,0.08082804917346542,-0.05494419604947053,0.062356422228829325,0.11730061827829985,True,False,False,0.11730061827829985
normal_ewma,normal,ewma,nonoverlap,5,5,2021-12-03,2021-12-10,-0.02216714729006053,0.276,252,500,0.014674589808647179,-0.0005835382227217056,,-0.025168039414042526,0.021982327818818925,0.04715036723286145,True,False,False,0.04715036723286145,-0.042909910741908044,0.039297930608469374,0.08220784135037743,True,False,False,0.08220784135037743,-0.05836845603838328,0.06641009523700972,0.124778551275393,True,False,False,0.124778551275393
student_t_ewma,student_t,ewma,nonoverlap,5,5,2021-12-03,2021-12-10,-0.02216714729006053,0.258,252,500,0.014674589808647179,-0.0005835382227217056,30.0,-0.023146633403948264,0.02014729545908378,0.043293928863032044,True,False,False,0.043293928863032044,-0.04674535965614418,0.03998060051822623,0.08672596017437041,True,False,False,0.08672596017437041,-0.06696906832768197,0.058430688531339155,0.12539975685902113,True,False,False,0.12539975685902113
bootstrap_rolling,bootstrap,rolling,nonoverlap,5,5,2021-12-10,2021-12-17,-0.03182144543063692,0.102,252,500,0.01523102010413954,-0.0005022891231734049,,-0.02113907504847376,0.015584411087787853,0.03672348613626161,False,True,False,0.07945296766491425,-0.032380519556936216,0.049153786551501266,0.08153430610843748,True,False,False,0.08153430610843748,-0.05087374414405521,0.06775214139359599,0.1186258855376512,True,False,False,0.1186258855376512
normal_rolling,normal,rolling,nonoverlap,5,5,2021-12-10,2021-12-17,-0.03182144543063692,0.196,252,500,0.01523102010413954,-0.0005022891231734049,,-0.024197561233741727,0.021441430865400457,0.045638992099142184,False,True,False,0.07613452888672295,-0.04468048071792329,0.04360580766232634,0.08828628838024963,True,False,False,0.08828628838024963,-0.06579973869784181,0.06320483413143181,0.12900457282927363,True,False,False,0.12900457282927363
student_t_rolling,student_t,rolling,nonoverlap,5,5,2021-12-10,2021-12-17,-0.03182144543063692,0.17,252,500,0.01523102010413954,-0.0005022891231734049,30.0,-0.023750344193648326,0.02426962956576073,0.04801997375940906,False,True,False,0.08030437870736343,-0.04458417851236305,0.04372785411098401,0.08831203262334705,True,False,False,0.08831203262334705,-0.06559746180127138,0.0708494512880673,0.13644691308933868,True,False,False,0.13644691308933868
bootstrap_ewma,bootstrap,ewma,nonoverlap,5,5,2021-12-10,2021-12-17,-0.03182144543063692,0.086,252,500,0.013839051791866955,-0.0005022891231734049,,-0.019450952177518382,0.013917376105033519,0.0333683282825519,False,True,False,0.08285030129502605,-0.02968804017794202,0.0443233170780748,0.07401135725601682,False,True,False,0.0953454097829658,-0.04655273733225174,0.06112986645780948,0.10768260379006123,True,False,False,0.10768260379006123
normal_ewma,normal,ewma,nonoverlap,5,5,2021-12-10,2021-12-17,-0.03182144543063692,0.16,252,500,0.013839051791866955,-0.0005022891231734049,,-0.022235108880181376,0.019228988106090472,0.04146409698627185,False,True,False,0.07980944318809402,-0.04090154144895513,0.039304363853331165,0.0802059053022863,True,False,False,0.0802059053022863,-0.060186228609854606,0.05702369142087654,0.11720992003073115,True,False,False,0.11720992003073115
student_t_ewma,student_t,ewma,nonoverlap,5,5,2021-12-10,2021-12-17,-0.03182144543063692,0.156,252,500,0.013839051791866955,-0.0005022891231734049,30.0,-0.021827954991599036,0.0217928257736425,0.043620780765241535,False,True,False,0.08359474252139307,-0.04081369468848011,0.039414796484703,0.08022849117318312,True,False,False,0.08022849117318312,-0.06000135202914331,0.063927042328463,0.1239283943576063,True,False,False,0.1239283943576063
bootstrap_rolling,bootstrap,rolling,nonoverlap,5,5,2021-12-17,2021-12-27,0.05865194276430841,0.98,252,500,0.015251588811575397,-0.0005626544130790569,,-0.024163455354142105,0.012724176672785914,0.03688763202692802,False,False,True,0.220598696393018,-0.03735752256081214,0.038832632472957984,0.07619015503377012,False,False,True,0.27438325794727436,-0.054762625798000765,0.05772318053488101,0.11248580633288177,False,False,True,0.14963629550997748
normal_rolling,normal,rolling,nonoverlap,5,5,2021-12-17,2021-12-27,0.05865194276430841,0.942,252,500,0.015251588811575397,-0.0005626544130790569,,-0.027438644824029607,0.01937588317070693,0.04681452799473654,False,False,True,0.20391876636914244,-0.046695763278709834,0.0443760615122061,0.09107182479091594,False,False,True,0.23383063731193904,-0.05948760438823876,0.07397321045082425,0.13346081483906302,True,False,False,0.13346081483906302
student_t_rolling,student_t,rolling,nonoverlap,5,5,2021-12-17,2021-12-27,0.05865194276430841,0.968,252,500,0.015251588811575397,-0.0005626544130790569,30.0,-0.024921814390576585,0.01852698877142217,0.043448803161998756,False,False,True,0.2039486191335437,-0.04644855507890007,0.041265568918085686,0.08771412399698575,False,False,True,0.261577862459213,-0.0660049460025786,0.06009264811436097,0.12609759411693958,True,False,False,0.12609759411693958
bootstrap_ewma,bootstrap,ewma,nonoverlap,5,5,2021-12-17,2021-12-27,0.05865194276430841,0.988,252,500,0.013825788583676732,-0.0005626544130790569,,-0.022186685655545046,0.011261827126267887,0.033448512781812934,False,False,True,0.223008975333975,-0.03417914617772447,0.03486713360275995,0.06904627978048442,False,False,True,0.3068943713959691,-0.050022705884761924,0.05191191816853169,0.10193462405329362,False,False,True,0.3715356078843621
normal_ewma,normal,ewma,nonoverlap,5,5,2021-12-17,2021-12-27,0.05865194276430841,0.958,252,500,0.013825788583676732,-0.0005626544130790569,,-0.025162177115949702,0.017281145318292723,0.042443322434242425,False,False,True,0.20792651221830516,-0.04267620832207627,0.039871901906920665,0.08254811022899694,False,False,True,0.27034851880287436,-0.0543284434778713,0.06655141217265433,0.12087985565052563,True,False,False,0.12087985565052563
student_t_ewma,student_t,ewma,nonoverlap,5,5,2021-12-17,2021-12-27,0.05865194276430841,0.976,252,500,0.013825788583676732,-0.0005626544130790569,30.0,-0.022875569805901913,0.01651316150251647,0.039388731308418384,False,False,True,0.20794385635558613,-0.04245116882110183,0.03706396674797834,0.07951513556908017,False,False,True,0.29539489573238087,-0.060270836585120065,0.05404781957119906,0.11431865615631912,False,False,True,0.29848358388069296
bootstrap_rolling,bootstrap,rolling,nonoverlap,5,5,2021-12-27,2022-01-03,-0.03985173734206404,0.09,252,500,0.015588156297952448,-0.00033635720918550796,,-0.024437315986723496,0.01565287516007874,0.040090191146802234,False,True,False,0.10174787656816442,-0.038992225124452995,0.049153786551501266,0.08814601167595426,False,True,False,0.09674113385206473,-0.054040522633662214,0.06899973720962849,0.1230402598432907,True,False,False,0.1230402598432907
normal_rolling,normal,rolling,nonoverlap,5,5,2021-12-27,2022-01-03,-0.03985173734206404,0.102,252,500,0.015588156297952448,-0.00033635720918550796,,-0.02081089908204284,0.022816964973875253,0.04362786405591809,False,True,False,0.1197912170960029,-0.03988564384140474,0.04171746079251971,0.08160310463392445,True,False,False,0.08160310463392445,-0.057142107494711845,0.06450302480013881,0.12164513229485066,True,False,False,0.12164513229485066
student_t_rolling,student_t,rolling,nonoverlap,5,5,2021-12-27,2022-01-03,-0.03985173734206404,0.11,252,500,0.015588156297952448,-0.00033635720918550796,30.0,-0.02509534882664305,0.019222994533359905,0.044318343360002954,False,True,False,0.10334389742168693,-0.04209735014899279,0.04077836108438489,0.08287571123337767,True,False,False,0.08287571123337767,-0.06088498752646948,0.06704097452626953,0.127925962052739,True,False,False,0.127925962052739
bootstrap_ewma,bootstrap,ewma,nonoverlap,5,5,2021-12-27,2022-01-03,-0.03985173734206404,0.106,252,500,0.01602125492198014,-0.00033635720918550796,,-0.02506212895061133,0.016138732217104323,0.04120086116771565,False,True,False,0.1003592947335265,-0.04000873467939492,0.050602516739141956,0.09061125141853688,True,False,False,0.09061125141853688,-0.055455393770455164,0.07103336448353947,0.12648875825399464,True,False,False,0.12648875825399464
normal_ewma,normal,ewma,nonoverlap,5,5,2021-12-27,2022-01-03,-0.03985173734206404,0.106,252,500,0.01602125492198014,-0.00033635720918550796,,-0.021337151131895576,0.023506110186547524,0.0448432613184431,False,True,False,0.11890160615911696,-0.04092599280773005,0.04294978301031922,0.08387577581804928,True,False,False,0.08387577581804928,-0.05863823364571162,0.06640319509909992,0.12504142874481156,True,False,False,0.12504142874481156
student_t_ewma,student_t,ewma,nonoverlap,5,5,2021-12-27,2022-01-03,-0.03985173734206404,0.116,252,500,0.01602125492198014,-0.00033635720918550796,30.0,-0.025738004968855643,0.019809977317489014,0.04554798228634466,False,True,False,0.10200291177917825,-0.04319661230187024,0.041983461813992,0.08518007411586223,True,False,False,0.08518007411586223,-0.06247879403138332,0.06901640770990927,0.1314952017412926,True,False,False,0.1314952017412926
bootstrap_rolling,bootstrap,rolling,nonoverlap,5,5,2022-01-03,2022-01-10,0.03339829552825058,0.854,252,500,0.015451610639930285,-0.0006404836906392799,,-0.026433598095361888,0.01484784660091365,0.04128144469627554,False,False,True,0.11548324040562324,-0.04096411317299064,0.049590964178253205,0.09055507735124385,True,False,False,0.09055507735124385,-0.05591269611287034,0.06638981982747283,0.12230251594034316,True,False,False,0.12230251594034316
normal_rolling,normal,rolling,nonoverlap,5,5,2022-01-03,2022-01-10,0.03339829552825058,0.84,252,500,0.015451610639930285,-0.0006404836906392799,,-0.028342631655791845,0.01954971512651732,0.047892346782309164,False,False,True,0.10328666838924219,-0.04732102531895881,0.04160524499413261,0.08892627031309142,True,False,False,0.08892627031309142,-0.06822983956808287,0.060558057586167745,0.12878789715425062,True,False,False,0.12878789715425062
student_t_rolling,student_t,rolling,nonoverlap,5,5,2022-01-03,2022-01-10,0.03339829552825058,0.872,252,500,0.015451610639930285,-0.0006404836906392799,30.0,-0.029757337433586273,0.01982126537087131,0.04957860280445758,False,False,True,0.10388672343397465,-0.048634800106344106,0.03880132115703826,0.08743612126338236,True,False,False,0.08743612126338236,-0.06934649735627765,0.06885049015427755,0.1381969875105552,True,False,False,0.1381969875105552
bootstrap_ewma,bootstrap,ewma,nonoverlap,5,5,2022-01-03,2022-01-10,0.03339829552825058,0.844,252,500,0.016011771963564687,-0.0006404836906392799,,-0.02726572353578663,0.015508130896900951,0.04277385443268758,False,False,True,0.11433451295808608,-0.04230604830191799,0.05155632647551644,0.09386237477743442,True,False,False,0.09386237477743442,-0.05777042590844977,0.0690018039082052,0.12677222981665498,True,False,False,0.12677222981665498
normal_ewma,normal,ewma,nonoverlap,5,5,2022-01-03,2022-01-10,0.03339829552825058,0.834,252,500,0.016011771963564687,-0.0006404836906392799,,-0.02924220332894295,0.02038403337407374,0.04962623670301669,False,False,True,0.10168328531972404,-0.04888340488489946,0.04326674427672876,0.09215014916162823,True,False,False,0.09215014916162823,-0.07050601682414878,0.06294442461808455,0.13345044144223334,True,False,False,0.13345044144223334
student_t_ewma,student_t,ewma,nonoverlap,5,5,2022-01-03,2022-01-10,0.03339829552825058,0.864,252,500,0.016011771963564687,-0.0006404836906392799,30.0,-0.03070679967119505,0.020665659963781557,0.05137245963497661,False,False,True,0.10230300189285269,-0.05024254136929846,0.04035667851703687,0.09059921988633533,True,False,False,0.09059921988633533,-0.07166027403501443,0.07155805561463119,0.14321832964964562,True,False,False,0.14321832964964562
bootstrap_rolling,bootstrap,rolling,nonoverlap,5,5,2022-01-10,2022-01-18,-0.022208332707324252,0.276,252,500,0.01529651228172378,-0.0004267471233381795,,-0.023245707256914938,0.013824066369831522,0.03706977362674646,True,False,False,0.03706977362674646,-0.03924787962148784,0.03389558185901862,0.07314346148050646,True,False,False,0.07314346148050646,-0.05253630285109885,0.05865194276430796,0.11118824561540681,True,False,False,0.11118824561540681
normal_rolling,normal,rolling,nonoverlap,5,5,2022-01-10,2022-01-18,-0.022208332707324252,0.278,252,500,0.01529651228172378,-0.0004267471233381795,,-0.0256936805348712,0.021952065968908474,0.04764574650377967,True,False,False,0.04764574650377967,-0.045705166018230554,0.04142175646122082,0.08712692247945138,True,False,False,0.08712692247945138,-0.06865173417903787,0.0610669482770763,0.12971868245611418,True,False,False,0.12971868245611418
student_t_rolling,student_t,rolling,nonoverlap,5,5,2022-01-10,2022-01-18,-0.022208332707324252,0.26,252,500,0.01529651228172378,-0.0004267471233381795,30.0,-0.02299846148400514,0.020184264180026446,0.043182725664031585,True,False,False,0.043182725664031585,-0.043718105261794364,0.04489671570776659,0.08861482096956096,True,False,False,0.08861482096956096,-0.06547953684684223,0.0605510121730419,0.12603054901988414,True,False,False,0.12603054901988414
bootstrap_ewma,bootstrap,ewma,nonoverlap,5,5,2022-01-10,2022-01-18,-0.022208332707324252,0.276,252,500,0.015231717741190243,-0.0004267471233381795,,-0.023157218535770185,0.013755944578264345,0.03691316311403453,True,False,False,0.03691316311403453,-0.03909360670559791,0.03374025964471621,0.07283386635031412,True,False,False,0.07283386635031412,-0.05232826118817153,0.05838681617230734,0.11071507736047886,True,False,False,0.11071507736047886
normal_ewma,normal,ewma,nonoverlap,5,5,2022-01-10,2022-01-18,-0.022208332707324252,0.278,252,500,0.015231717741190243,-0.0004267471233381795,,-0.025595056053976495,0.02184883439991797,0.047443890453894466,True,False,False,0.047443890453894466,-0.045524665002965446,0.04123331753685774,0.08675798253982318,True,False,False,0.08675798253982318,-0.06837952895503964,0.06079097687970166,0.1291705058347413,True,False,False,0.1291705058347413
student_t_ewma,student_t,ewma,nonoverlap,5,5,2022-01-10,2022-01-18,-0.022208332707324252,0.258,252,500,0.015231717741190243,-0.0004267471233381795,30.0,-0.02291099770323246,0.02008869223017562,0.04299968993340808,True,False,False,0.04299968993340808,-0.04354565552547507,0.04469290667987682,0.0882385622053519,True,False,False,0.0882385622053519,-0.06521986847834443,0.06027736053771147,0.1254972290160559,True,False,False,0.1254972290160559
bootstrap_rolling,bootstrap,rolling,nonoverlap,5,5,2022-01-18,2022-01-25,-0.011901252715006527,0.376,252,500,0.015186807993197068,-0.0005835303263442234,,-0.02469876393292858,0.013049764006245301,0.03774852793917388,True,False,False,0.03774852793917388,-0.039960524004502736,0.043320324957003165,0.0832808489615059,True,False,False,0.0832808489615059,-0.057974324821066923,0.05865194276430796,0.1166262675853749,True,False,False,0.1166262675853749
normal_rolling,normal,rolling,nonoverlap,5,5,2022-01-18,2022-01-25,-0.011901252715006527,0.384,252,500,0.015186807993197068,-0.0005835303263442234,,-0.025172072122380096,0.02391272482631357,0.049084796948693665,True,False,False,0.049084796948693665,-0.044350927670582276,0.04142756603640845,0.08577849370699073,True,False,False,0.08577849370699073,-0.06289985140908082,0.06485270377329727,0.1277525551823781,True,False,False,0.1277525551823781
student_t_rolling,student_t,rolling,nonoverlap,5,5,2022-01-18,2022-01-25,-0.011901252715006527,0.416,252,500,0.015186807993197068,-0.0005835303263442234,24.482237535842046,-0.026242854383522696,0.017635507934235406,0.0438783623177581,True,False,False,0.0438783623177581,-0.04579504464004444,0.03748396352174912,0.08327900816179357,True,False,False,0.08327900816179357,-0.06845485214185493,0.0640177013967771,0.13247255353863202,True,False,False,0.13247255353863202
bootstrap_ewma,bootstrap,ewma,nonoverlap,5,5,2022-01-18,2022-01-25,-0.011901252715006527,0.376,252,500,0.015198198832246506,-0.0005835303263442234,,-0.024714924052220866,0.01306183258623772,0.037776756638458586,True,False,False,0.037776756638458586,-0.03998778797181424,0.043355794920880826,0.08334358289269506,True,False,False,0.08334358289269506,-0.058014460395239206,0.05869951794790751,0.11671397834314672,True,False,False,0.11671397834314672
normal_ewma,normal,ewma,nonoverlap,5,5,2022-01-18,2022-01-25,-0.011901252715006527,0.384,252,500,0.015198198832246506,-0.0005835303263442234,,-0.025188579310025883,0.023933114211452444,0.04912169352147833,True,False,False,0.04912169352147833,-0.044381352371643666,0.04146155322886487,0.08584290560050853,True,False,False,0.08584290560050853,-0.06294346143726118,0.06490522258582844,0.12784868402308963,True,False,False,0.12784868402308963
student_t_ewma,student_t,ewma,nonoverlap,5,5,2022-01-18,2022-01-25,-0.011901252715006527,0.416,252,500,0.015198198832246506,-0.0005835303263442234,24.482237535842046,-0.026260146122931705,0.017651078466032866,0.04391122458896457,True,False,False,0.04391122458896457,-0.045826505662938104,0.037514869636606045,0.08334137529954415,True,False,False,0.08334137529954415,-0.06850235785393295,0.06406955268871697,0.13257191054264994,True,False,False,0.13257191054264994
bootstrap_rolling,bootstrap,rolling,nonoverlap,5,5,2022-01-25,2022-02-01,0.031902309681546503,0.862,252,500,0.015286998396384413,-0.0006533011032393973,,-0.027229144174982595,0.012634876662989458,0.03986402083797205,False,False,True,0.11693375291220023,-0.0424457497150057,0.041944863282944014,0.08439061299794971,True,False,False,0.08439061299794971,-0.05760656735596348,0.06638981982747283,0.12399638718343631,True,False,False,0.12399638718343631
normal_rolling,normal,rolling,nonoverlap,5,5,2022-01-25,2022-02-01,0.031902309681546503,0.84,252,500,0.015286998396384413,-0.0006533011032393973,,-0.02272518601374346,0.019808616369705545,0.042533802383449004,False,False,True,0.09090857563081284,-0.04567873278511908,0.04175848278898918,0.08743721557410826,True,False,False,0.08743721557410826,-0.06323660303916386,0.07171641669236911,0.13495301973153295,True,False,False,0.13495301973153295
student_t_rolling,student_t,rolling,nonoverlap,5,5,2022-01-25,2022-02-01,0.031902309681546503,0.86,252,500,0.015286998396384413,-0.0006533011032393973,30.0,-0.024990036569378676,0.02111622086933851,0.046106257438717185,False,False,True,0.08925061268754916,-0.0447751623883544,0.039183849340652985,0.08395901172900738,True,False,False,0.08395901172900738,-0.06408891443463044,0.06004393604156901,0.12413285047619946,True,False,False,0.12413285047619946
bootstrap_ewma,bootstrap,ewma,nonoverlap,5,5,2022-01-25,2022-02-01,0.031902309681546503,0.846,252,500,0.015411478535166345,-0.0006533011032393973,,-0.027421927681168357,0.012765351385191248,0.040187279066359605,False,False,True,0.11673511225178063,-0.04275841808729253,0.04232126266674309,0.08507968075403562,True,False,False,0.08507968075403562,-0.058036707511683105,0.06697651074787214,0.12501321825955525,True,False,False,0.12501321825955525
normal_ewma,normal,ewma,nonoverlap,5,5,2022-01-25,2022-02-01,0.031902309681546503,0.84,252,500,0.015411478535166345,-0.0006533011032393973,,-0.022882108742770746,0.01999864595407025,0.042880754696840995,False,False,True,0.09049540960674601,-0.046016617836661326,0.04213329676868306,0.08814991460534438,True,False,False,0.08814991460534438,-0.06370985894605989,0.07234954534295762,0.13605940428901753,True,False,False,0.13605940428901753
student_t_ewma,student_t,ewma,nonoverlap,5,5,2022-01-25,2022-02-01,0.031902309681546503,0.856,252,500,0.015411478535166345,-0.0006533011032393973,30.0,-0.02516501352872813,0.021317150825164388,0.04648216435389252,False,False,True,0.08882279977942098,-0.04510600867506525,0.03953679061774887,0.08464279929281412,True,False,False,0.08464279929281412,-0.06456867272242042,0.060575590508929515,0.12514426323134994,True,False,False,0.12514426323134994
bootstrap_rolling,bootstrap,rolling,nonoverlap,5,5,2022-02-01,2022-02-08,-0.004131412051547878,0.544,252,500,0.015357286693277131,-0.0004794028772212886,,-0.025892665810904547,0.01552678394385193,0.04141944975475648,True,False,False,0.04141944975475648,-0.04093960396644991,0.038832632472957984,0.0797722364394079,True,False,False,0.0797722364394079,-0.05591269611287034,0.06311247796145913,0.11902517407432947,True,False,False,0.11902517407432947
normal_rolling,normal,rolling,nonoverlap,5,5,2022-02-01,2022-02-08,-0.004131412051547878,0.456,252,500,0.015357286693277131,-0.0004794028772212886,,-0.0215997087522036,0.020491716459332676,0.042091425211536276,True,False,False,0.042091425211536276,-0.04085543991544423,0.040693838141171536,0.08154927805661577,True,False,False,0.08154927805661577,-0.06251610603417487,0.0674435259125081,0.12995963194668297,True,False,False,0.12995963194668297
student_t_rolling,student_t,rolling,nonoverlap,5,5,2022-02-01,2022-02-08,-0.004131412051547878,0.488,252,500,0.015357286693277131,-0.0004794028772212886,30.0,-0.026082555013356518,0.021245703316621734,0.04732825832997825,True,False,False,0.04732825832997825,-0.04252824257269083,0.043844490080534725,0.08637273265322556,True,False,False,0.08637273265322556,-0.06183576828824355,0.06672318556889931,0.12855895385714286,True,False,False,0.12855895385714286
bootstrap_ewma,bootstrap,ewma,nonoverlap,5,5,2022-02-01,2022-02-08,-0.004131412051547878,0.544,252,500,0.014844528915675562,-0.0004794028772212886,,-0.025117089072832832,0.014923266751076525,0.04004035582390936,True,False,False,0.04004035582390936,-0.039676985585724966,0.037429020051537476,0.07710600563726244,True,False,False,0.07710600563726244,-0.054173053769601104,0.06085741395143929,0.11503046772104039,True,False,False,0.11503046772104039
normal_ewma,normal,ewma,nonoverlap,5,5,2022-02-01,2022-02-08,-0.004131412051547878,0.456,252,500,0.014844528915675562,-0.0004794028772212886,,-0.02096446929249715,0.019719183853437405,0.040683653145934556,True,False,False,0.040683653145934556,-0.03959552512373951,0.039225597103042964,0.07882112222678248,True,False,False,0.07882112222678248,-0.060568441515377,0.06503469045781499,0.12560313197319198,True,False,False,0.12560313197319198
student_t_ewma,student_t,ewma,nonoverlap,5,5,2022-02-01,2022-02-08,-0.004131412051547878,0.488,252,500,0.014844528915675562,-0.0004794028772212886,30.0,-0.025300784898923234,0.020447435533726188,0.04574822043264942,True,False,False,0.04574822043264942,-0.04121464765192745,0.04226659970352151,0.08348124735544896,True,False,False,0.08348124735544896,-0.05990946123294949,0.06433995684228835,0.12424941807523784,True,False,False,0.12424941807523784
bootstrap_rolling,bootstrap,rolling,nonoverlap,5,5,2022-02-08,2022-02-15,-0.03839888572062744,0.11,252,500,0.015409645306923994,-0.0005685048549889571,,-0.026707200907867046,0.012356905624760994,0.03906410653262804,False,True,False,0.08583084578366962,-0.04093960396644991,0.041944863282944014,0.08288446724939393,True,False,False,0.08288446724939393,-0.05760656735596348,0.0584799583981588,0.11608652575412229,True,False,False,0.11608652575412229
normal_rolling,normal,rolling,nonoverlap,5,5,2022-02-08,2022-02-15,-0.03839888572062744,0.16,252,500,0.015409645306923994,-0.0005685048549889571,,-0.026271235348805932,0.021097593896179212,0.047368829244985144,False,True,False,0.09587943073227118,-0.04665774347965863,0.039722528732176535,0.08638027221183517,True,False,False,0.08638027221183517,-0.06868345636475885,0.06794659553598544,0.1366300519007443,True,False,False,0.1366300519007443
student_t_rolling,student_t,rolling,nonoverlap,5,5,2022-02-08,2022-02-15,-0.03839888572062744,0.15,252,500,0.015409645306923994,-0.0005685048549889571,30.0,-0.027692745473910235,0.02003784464364483,0.047730590117555066,False,True,False,0.09055515110442389,-0.04535161556087721,0.04523400751409677,0.09058562307497398,True,False,False,0.09058562307497398,-0.06420886093508107,0.07712327631831674,0.14133213725339783,True,False,False,0.14133213725339783
bootstrap_ewma,bootstrap,ewma,nonoverlap,5,5,2022-02-08,2022-02-15,-0.03839888572062744,0.11,252,500,0.015337832126181577,-0.0005685048549889571,,-0.02659730218903275,0.012285556542272258,0.03888285873130501,False,True,False,0.08608919285768377,-0.04076546281938176,0.04173156447263061,0.08249702729201236,True,False,False,0.08249702729201236,-0.05735844161222514,0.05818562705978533,0.11554406867201047,True,False,False,0.11554406867201047
normal_ewma,normal,ewma,nonoverlap,5,5,2022-02-08,2022-02-15,-0.03839888572062744,0.16,252,500,0.015337832126181577,-0.0005685048549889571,,-0.02616331975100966,0.020984723171971198,0.04714804292298086,False,True,False,0.09609030680145197,-0.046458066974111104,0.03952002842329351,0.08597809539740461,True,False,False,0.08597809539740461,-0.06838692286246678,0.06760533125840315,0.13599225412086993,True,False,False,0.13599225412086993
student_t_ewma,student_t,ewma,nonoverlap,5,5,2022-02-08,2022-02-15,-0.03839888572062744,0.15,252,500,0.015337832126181577,-0.0005685048549889571,30.0,-0.02757836673000927,0.019930026693593117,0.047508393423602385,False,True,False,0.09079046938607507,-0.04515775776291638,0.04500468614733087,0.09016244391024725,True,False,False,0.09016244391024725,-0.06393180449844482,0.0767361450618584,0.1406679495603032,True,False,False,0.1406679495603032
bootstrap_rolling,bootstrap,rolling,nonoverlap,5,5,2022-02-15,2022-02-23,-0.047881809702427836,0.046,252,500,0.015114699283770116,-0.0006369872546440862,,-0.025129746396309605,0.01552678394385193,0.040656530340161534,False,True,False,0.13166478356463446,-0.03985173734206415,0.04235848901017114,0.0822102263522353,False,True,False,0.16251094995587212,-0.05656602754727191,0.06102552600672495,0.11759155355399686,True,False,False,0.11759155355399686
normal_rolling,normal,rolling,nonoverlap,5,5,2022-02-15,2022-02-23,-0.047881809702427836,0.104,252,500,0.015114699283770116,-0.0006369872546440862,,-0.02677791204207619,0.02086988514573823,0.04764779718781442,False,True,False,0.132063387829221,-0.04828116019120603,0.03891995666161865,0.08720111685282467,True,False,False,0.08720111685282467,-0.06977650335972342,0.07101639284661276,0.14079289620633617,True,False,False,0.14079289620633617
student_t_rolling,student_t,rolling,nonoverlap,5,5,2022-02-15,2022-02-23,-0.047881809702427836,0.092,252,500,0.015114699283770116,-0.0006369872546440862,30.0,-0.022559281725295838,0.022080517722084303,0.04463979944738014,False,True,False,0.14592991135590813,-0.0453484514360203,0.03946035585253637,0.08480880728855666,False,True,False,0.11014238995263201,-0.06800545099460371,0.05554788753819775,0.12355333853280145,True,False,False,0.12355333853280145
bootstrap_ewma,bootstrap,ewma,nonoverlap,5,5,2022-02-15,2022-02-23,-0.047881809702427836,0.046,252,500,0.015184190735292757,-0.0006369872546440862,,-0.025229538864747214,0.01561359550955621,0.040843134374303425,False,True,False,0.1314522177250259,-0.04001718583169167,0.0425725896127751,0.08258977544446677,False,True,False,0.16123601415182842,-0.056804749736339824,0.061330069784502506,0.11813481952084233,True,False,False,0.11813481952084233
normal_ewma,normal,ewma,nonoverlap,5,5,2022-02-15,2022-02-23,-0.047881809702427836,0.104,252,500,0.015184190735292757,-0.0006369872546440862,,-0.026885106014196386,0.020981785886781124,0.04786689190097751,False,True,False,0.1318537066539033,-0.048483733283133615,0.03911756515080798,0.0876012984339416,True,False,False,0.0876012984339416,-0.07007217727614426,0.07136996906482757,0.14144214634097182,True,False,False,0.14144214634097182
student_t_ewma,student_t,ewma,nonoverlap,5,5,2022-02-15,2022-02-23,-0.047881809702427836,0.094,252,500,0.015184190735292757,-0.0006369872546440862,30.0,-0.022647504904721866,0.022198121291510053,0.04484562619623192,False,True,False,0.1457828453870558,-0.04553814725699511,0.03966055264923875,0.08519869990623385,False,True,False,0.10863532436056114,-0.06829353865299347,0.055825733710599096,0.12411927236359256,True,False,False,0.12411927236359256
bootstrap_rolling,bootstrap,rolling,nonoverlap,5,5,2022-02-23,2022-03-02,-0.029862604852464614,0.146,252,500,0.015174958454675785,-0.0006658161216277212,,-0.025129746396309605,0.01552678394385193,0.040656530340161534,False,True,False,0.05958796416478157,-0.03292464732236157,0.04430170728109214,0.0772263546034537,True,False,False,0.0772263546034537,-0.050006912574430684,0.06334475482045177,0.11335166739488245,True,False,False,0.11335166739488245
normal_rolling,normal,rolling,nonoverlap,5,5,2022-02-23,2022-03-02,-0.029862604852464614,0.25,252,500,0.015174958454675785,-0.0006658161216277212,,-0.03000342586842078,0.02063365031943476,0.05063707618785554,True,False,False,0.05063707618785554,-0.05358498288906639,0.04256052426599175,0.09614550715505815,True,False,False,0.09614550715505815,-0.0767569931830279,0.06130210135739983,0.13805909454042772,True,False,False,0.13805909454042772
student_t_rolling,student_t,rolling,nonoverlap,5,5,2022-02-23,2022-03-02,-0.029862604852464614,0.226,252,500,0.015174958454675785,-0.0006658161216277212,30.0,-0.02706522976564424,0.020002721246592248,0.047067951012236486,False,True,False,0.05825745135951799,-0.04831647067029182,0.039600704026697124,0.08791717469698895,True,False,False,0.08791717469698895,-0.06800652500900424,0.06079767812255791,0.12880420313156216,True,False,False,0.12880420313156216
bootstrap_ewma,bootstrap,ewma,nonoverlap,5,5,2022-02-23,2022-03-02,-0.029862604852464614,0.142,252,500,0.014917803444902377,-0.0006658161216277212,,-0.024764222014901804,0.015204395306170126,0.03996861732107193,False,True,False,0.06036214867132317,-0.032430424702657876,0.04347597276607588,0.07590639746873376,True,False,False,0.07590639746873376,-0.04923432508718928,0.0621786631066541,0.11141298819384338,True,False,False,0.11141298819384338
normal_ewma,normal,ewma,nonoverlap,5,5,2022-02-23,2022-03-02,-0.029862604852464614,0.25,252,500,0.014917803444902377,-0.0006658161216277212,,-0.029557315210454904,0.0202229134179141,0.049780228628369005,False,True,False,0.051001387196407844,-0.05275473444796667,0.04176564501066893,0.09452037945863559,True,False,False,0.09452037945863559,-0.07555884708403662,0.060172793829425406,0.13573164091346201,True,False,False,0.13573164091346201
student_t_ewma,student_t,ewma,nonoverlap,5,5,2022-02-23,2022-03-02,-0.029862604852464614,0.22,252,500,0.014917803444902377,-0.0006658161216277212,30.0,-0.026667652927983176,0.0196029224567964,0.04627057538477958,False,True,False,0.05905038308270533,-0.04757120302506703,0.03885813075708704,0.08642933378215406,True,False,False,0.08642933378215406,-0.0669461675452199,0.059677441536968856,0.12662360908218875,True,False,False,0.12662360908218875
bootstrap_rolling,bootstrap,rolling,nonoverlap,5,5,2022-03-02,2022-03-09,0.0520060905964328,0.932,252,500,0.014956979834370651,-0.0005476580211886005,,-0.026403888738691372,0.012605109993057306,0.03900899873174868,False,False,True,0.19661292114525064,-0.03465712558272327,0.043320324957003165,0.07797745053972643,False,False,True,0.16483510693402276,-0.04738773207970074,0.06311247796145913,0.11050021004115987,True,False,False,0.11050021004115987
normal_rolling,normal,rolling,nonoverlap,5,5,2022-03-02,2022-03-09,0.0520060905964328,0.94,252,500,0.014956979834370651,-0.0005476580211886005,,-0.02634730242492689,0.02025364821627601,0.0466009506412029,False,False,True,0.17361072016183005,-0.04379847279797999,0.04557834051593113,0.08937681331391112,False,False,True,0.15365431411892777,-0.0650173974908231,0.0627100364160525,0.12772743390687558,True,False,False,0.12772743390687558
student_t_rolling,student_t,rolling,nonoverlap,5,5,2022-03-02,2022-03-09,0.0520060905964328,0.954,252,500,0.014956979834370651,-0.0005476580211886005,25.81981759835731,-0.0245004800233726,0.017957930884039353,0.04245841090741195,False,False,True,0.17865104975698573,-0.04375077131257321,0.03536895694368154,0.07911972825625475,False,False,True,0.2454910647837673,-0.06752610957754868,0.060411360323960064,0.12793746990150873,True,False,False,0.12793746990150873
bootstrap_ewma,bootstrap,ewma,nonoverlap,5,5,2022-03-02,2022-03-09,0.0520060905964328,0.944,252,500,0.014116951702151192,-0.0005476580211886005,,-0.025089563904058365,0.011737369623424865,0.03682693352748323,False,False,True,0.19790181741951496,-0.03289165287586526,0.04067827139877925,0.07356992427464451,False,False,True,0.18684811625118003,-0.044933724988455034,0.05930167265301356,0.1042353976414686,True,False,False,0.1042353976414686
normal_ewma,normal,ewma,nonoverlap,5,5,2022-03-02,2022-03-09,0.0520060905964328,0.95,252,500,0.014116951702151192,-0.0005476580211886005,,-0.025036083673974502,0.018948631293137452,0.043984714967111954,False,False,True,0.17621455218029333,-0.04153768063378828,0.04280394413335716,0.08434162476714543,False,False,True,0.1763630893979018,-0.06162490661805661,0.05892319078456253,0.12054809740261915,True,False,False,0.12054809740261915
student_t_ewma,student_t,ewma,nonoverlap,5,5,2022-03-02,2022-03-09,0.0520060905964328,0.964,252,500,0.014116951702151192,-0.0005476580211886005,25.81981759835731,-0.023290729757903583,0.016784482941434864,0.04007521269933845,False,False,True,0.18096164331933018,-0.041492551726286,0.03319087423466272,0.07468342596094872,False,False,True,0.2628355895786495,-0.06400143365178282,0.056761196973483766,0.12076263062526658,True,False,False,0.12076263062526658
bootstrap_rolling,bootstrap,rolling,nonoverlap,5,5,2022-03-09,2022-03-16,0.06544619858317358,0.978,252,500,0.014959774837227262,-0.0005560980279792091,,-0.024499438728198736,0.01565287516007874,0.040152313888277474,False,False,True,0.23932560758065682,-0.03845821966101,0.049153786551501266,0.08761200621251126,False,False,True,0.2505361265292344,-0.05138905685937306,0.06334475482045177,0.11473381167982483,False,False,True,0.1987915621886972
normal_rolling,normal,rolling,nonoverlap,5,5,2022-03-09,2022-03-16,0.06544619858317358,0.966,252,500,0.014959774837227262,-0.0005560980279792091,,-0.021516932852358922,0.022583784268635554,0.044100717120994476,False,False,True,0.21555037437914656,-0.03767991430495567,0.039880767193787886,0.07756068149874355,False,False,True,0.3332149953926005,-0.062273642733156054,0.07087006274939157,0.13314370548254761,True,False,False,0.13314370548254761
student_t_rolling,student_t,rolling,nonoverlap,5,5,2022-03-09,2022-03-16,0.06544619858317358,0.976,252,500,0.014959774837227262,-0.0005560980279792091,19.15735310820744,-0.023527086893656096,0.023300250616956952,0.04682733751061305,False,False,True,0.21541112937547954,-0.03945697345968158,0.042670813862405475,0.08212778732208706,False,False,True,0.30988163452976814,-0.06280285452366852,0.06351606278588216,0.1263189173095507,False,False,True,0.20352434920120716
bootstrap_ewma,bootstrap,ewma,nonoverlap,5,5,2022-03-09,2022-03-16,0.06544619858317358,0.978,252,500,0.01530129233056164,-0.0005560980279792091,,-0.024989785561896488,0.016077556162369055,0.041067341724265544,False,False,True,0.23854191140748363,-0.039257713502230576,0.05037035930354228,0.08962807280577285,False,False,True,0.24038646560208587,-0.05247070740997336,0.0649043588986733,0.11737506630864666,False,False,True,0.13904865368865776
normal_ewma,normal,ewma,nonoverlap,5,5,2022-03-09,2022-03-16,0.06544619858317358,0.964,252,500,0.01530129233056164,-0.0005560980279792091,,-0.021940619137941236,0.023170206883740052,0.04511082602168129,False,False,True,0.21421479281941538,-0.0384622950946028,0.04087560835348279,0.07933790344808558,False,False,True,0.3250438057449935,-0.06358962896292848,0.07261338598091319,0.13620301494384168,True,False,False,0.13620301494384168
student_t_ewma,student_t,ewma,nonoverlap,5,5,2022-03-09,2022-03-16,0.06544619858317358,0.976,252,500,0.01530129233056164,-0.0005560980279792091,19.15735310820744,-0.02399572460745711,0.023903455341025392,0.0478991799484825,False,False,True,0.21407015291707523,-0.0402784066292889,0.04373216657302586,0.08401057320231475,False,False,True,0.30115089330379197,-0.06413008696516338,0.06507983580790914,0.12920992277307253,False,False,True,0.14386443378364977
bootstrap_rolling,bootstrap,rolling,nonoverlap,5,5,2022-03-16,2022-03-23,0.018341292925141417,0.778,252,500,0.015051418093076191,-0.0003065280388495704,,-0.025594951166475144,0.012256571838353825,0.03785152300482897,False,False,True,0.06219040735197934,-0.038992225124452995,0.04933339581659868,0.08832562094105167,True,False,False,0.08832562094105167,-0.05054706261594322,0.06638981982747283,0.11693688244341605,True,False,False,0.11693688244341605
normal_rolling,normal,rolling,nonoverlap,5,5,2022-03-16,2022-03-23,0.018341292925141417,0.728,252,500,0.015051418093076191,-0.0003065280388495704,,-0.025336234045424344,0.020737899649133418,0.04607413369455776,True,False,False,0.04607413369455776,-0.04034730625391872,0.03824247521696547,0.07858978147088419,True,False,False,0.07858978147088419,-0.059039959131478484,0.06472149291120854,0.12376145204268703,True,False,False,0.12376145204268703
student_t_rolling,student_t,rolling,nonoverlap,5,5,2022-03-16,2022-03-23,0.018341292925141417,0.712,252,500,0.015051418093076191,-0.0003065280388495704,22.83887111049564,-0.022883063888139543,0.021473012130477753,0.044356076018617296,True,False,False,0.044356076018617296,-0.038296538945843575,0.04226371158619323,0.0805602505320368,True,False,False,0.0805602505320368,-0.06307323260931538,0.06157276957332028,0.12464600218263566,True,False,False,0.12464600218263566
bootstrap_ewma,bootstrap,ewma,nonoverlap,5,5,2022-03-16,2022-03-23,0.018341292925141417,0.778,252,500,0.015583800904269002,-0.0003065280388495704,,-0.026435396689114876,0.01274773878558716,0.039183135474702036,False,False,True,0.061557352032919066,-0.04029119564814687,0.051179223057091106,0.09147041870523798,True,False,False,0.09147041870523798,-0.05223601736096062,0.06887507230455236,0.12111108966551298,True,False,False,0.12111108966551298
normal_ewma,normal,ewma,nonoverlap,5,5,2022-03-16,2022-03-23,0.018341292925141417,0.726,252,500,0.015583800904269002,-0.0003065280388495704,,-0.026167758228179988,0.021534618712846954,0.04770237694102694,True,False,False,0.04770237694102694,-0.041692275241679636,0.03967796432833131,0.08137023957001094,True,False,False,0.08137023957001094,-0.0610122645079388,0.06714375743025457,0.12815602193819337,True,False,False,0.12815602193819337
student_t_ewma,student_t,ewma,nonoverlap,5,5,2022-03-16,2022-03-23,0.018341292925141417,0.704,252,500,0.015583800904269002,-0.0003065280388495704,22.83887111049564,-0.023629871243282058,0.02229633623627153,0.04592620747955359,True,False,False,0.04592620747955359,-0.039571866772637264,0.04384747739316249,0.08341934416579976,True,False,False,0.08341934416579976,-0.06517914176835721,0.06387641601161265,0.12905555777996985,True,False,False,0.12905555777996985
bootstrap_rolling,bootstrap,rolling,nonoverlap,5,5,2022-03-23,2022-03-30,0.04386427584200403,0.892,252,500,0.01486674786819255,-0.00013884827229346505,,-0.02528972123698603,0.015584411087787853,0.04087413232477388,False,False,True,0.1539935913416386,-0.035135358250130255,0.049153786551501266,0.08428914480163152,True,False,False,0.08428914480163152,-0.05215086117485723,0.06444801279588067,0.1165988739707379,True,False,False,0.1165988739707379
normal_rolling,normal,rolling,nonoverlap,5,5,2022-03-23,2022-03-30,0.04386427584200403,0.902,252,500,0.01486674786819255,-0.00013884827229346505,,-0.022278650654207727,0.023631997110723668,0.045910647764931395,False,False,True,0.12683976269005284,-0.044574879721147646,0.04335184156154624,0.08792672128269388,False,False,True,0.09305106408727176,-0.06684008234362396,0.06513969867962838,0.13197978102325233,True,False,False,0.13197978102325233
student_t_rolling,student_t,rolling,nonoverlap,5,5,2022-03-23,2022-03-30,0.04386427584200403,0.888,252,500,0.01486674786819255,-0.00013884827229346505,27.575489718149562,-0.019888878237257934,0.02442790351265539,0.044316781749913325,False,False,True,0.12206227106730788,-0.03942051512038959,0.04625496968934415,0.08567548480973375,True,False,False,0.08567548480973375,-0.0723649176941423,0.07271571933259502,0.14508063702673732,True,False,False,0.14508063702673732
bootstrap_ewma,bootstrap,ewma,nonoverlap,5,5,2022-03-23,2022-03-30,0.04386427584200403,0.874,252,500,0.014964040367308085,-0.00013884827229346505,,-0.02544867269813303,0.01569181062495706,0.04114048332309009,False,False,True,0.15383034419127797,-0.03535679625889824,0.04948806308790399,0.08484485934680222,True,False,False,0.08484485934680222,-0.05247873091527022,0.0648880186823899,0.11736674959766012,True,False,False,0.11736674959766012
normal_ewma,normal,ewma,nonoverlap,5,5,2022-03-23,2022-03-30,0.04386427584200403,0.902,252,500,0.014964040367308085,-0.00013884827229346505,,-0.02241836044807871,0.023793128607773883,0.046211489055852595,False,False,True,0.12649607799277318,-0.044855608848605566,0.0436463936442443,0.08850200249284987,False,False,True,0.09068082447044715,-0.06725821491740124,0.06558452282349912,0.13284273774090036,True,False,False,0.13284273774090036
student_t_ewma,student_t,ewma,nonoverlap,5,5,2022-03-23,2022-03-30,0.04386427584200403,0.888,252,500,0.014964040367308085,-0.00013884827229346505,27.575489718149562,-0.020013273183335872,0.02459437180260632,0.04460764498594219,False,False,True,0.12168726114353304,-0.03966894553108368,0.04656937225074982,0.0862383177818335,True,False,False,0.0862383177818335,-0.07281659798464693,0.07321348113083538,0.14603007911548233,True,False,False,0.14603007911548233
bootstrap_rolling,bootstrap,rolling,nonoverlap,5,5,2022-03-30,2022-04-06,-0.05765088597044887,0.008,252,500,0.015054562759671824,0.00011558750476674582,,-0.020114462049511284,0.025959524543295587,0.04607398659280687,False,True,False,0.19621968227655723,-0.03735752256081214,0.052643892538436265,0.0900014150992484,False,True,False,0.2929350491956158,-0.05029049134622476,0.06899973720962849,0.11929022855585325,False,True,False,0.4137060135248176
normal_rolling,normal,rolling,nonoverlap,5,5,2022-03-30,2022-04-06,-0.05765088597044887,0.032,252,500,0.015054562759671824,0.00011558750476674582,,-0.022648328262182355,0.0217199376598613,0.044368265922043654,False,True,False,0.18437849675510973,-0.04177932992072308,0.04174927075834757,0.08352860067907064,False,True,False,0.24224416117632863,-0.061614645179380215,0.06964277260727685,0.13125741778665706,True,False,False,0.13125741778665706
student_t_rolling,student_t,rolling,nonoverlap,5,5,2022-03-30,2022-04-06,-0.05765088597044887,0.018,252,500,0.015054562759671824,0.00011558750476674582,30.0,-0.021236459988644985,0.022447226821952215,0.0436836868105972,False,True,False,0.18934139073781275,-0.040120583320542115,0.044025847737114786,0.0841464310576569,False,True,False,0.25944945755672455,-0.055583876367233914,0.07032296068533334,0.12590683705256725,False,True,False,0.20858722118116552
bootstrap_ewma,bootstrap,ewma,nonoverlap,5,5,2022-03-30,2022-04-06,-0.05765088597044887,0.008,252,500,0.015550502473065941,0.00011558750476674582,,-0.02078880356259938,0.026806573843178416,0.047595377405777795,False,True,False,0.19504370703717577,-0.0385824514562382,0.05440442803546963,0.09298687949170784,False,True,False,0.28367122463381467,-0.05192150495346626,0.07133164599698749,0.12325315095045375,False,True,False,0.35242839162975814
normal_ewma,normal,ewma,nonoverlap,5,5,2022-03-30,2022-04-06,-0.05765088597044887,0.034,252,500,0.015550502473065941,0.00011558750476674582,,-0.023404229639502366,0.022423958534781463,0.04582818817428383,False,True,False,0.18281481349806986,-0.0431437696363263,0.04313401375056146,0.08627778338688777,False,True,False,0.23134894672811349,-0.06359629826809242,0.07199732033840715,0.13559361860649957,True,False,False,0.13559361860649957
student_t_ewma,student_t,ewma,nonoverlap,5,5,2022-03-30,2022-04-06,-0.05765088597044887,0.026,252,500,0.015550502473065941,0.00011558750476674582,30.0,-0.021946943835345373,0.0231757331009666,0.04512267693631197,False,True,False,0.18793844547672597,-0.04143277037761557,0.04548879798682158,0.08692156836443715,False,True,False,0.2491027242927702,-0.057379369289135035,0.0727014916733018,0.13008086096243682,False,True,False,0.14094152821499034
bootstrap_rolling,bootstrap,rolling,nonoverlap,5,5,2022-04-06,2022-04-13,-0.01056443324926759,0.392,252,500,0.015433027705934143,-5.5035805406881966e-05,,-0.024689046197700487,0.021951632521882702,0.04664067871958319,True,False,False,0.04664067871958319,-0.03985173734206415,0.0559500410837559,0.09580177842582005,True,False,False,0.09580177842582005,-0.048997488710229416,0.06594159973643066,0.11493908844666006,True,False,False,0.11493908844666006
normal_rolling,normal,rolling,nonoverlap,5,5,2022-04-06,2022-04-13,-0.01056443324926759,0.372,252,500,0.015433027705934143,-5.5035805406881966e-05,,-0.022125174240238105,0.025765388300063252,0.04789056254030136,True,False,False,0.04789056254030136,-0.04148307187533017,0.044659158217400456,0.08614223009273063,True,False,False,0.08614223009273063,-0.06478635729489403,0.06896406240970497,0.133750419704599,True,False,False,0.133750419704599
student_t_rolling,student_t,rolling,nonoverlap,5,5,2022-04-06,2022-04-13,-0.01056443324926759,0.392,252,500,0.015433027705934143,-5.5035805406881966e-05,30.0,-0.024745806685830096,0.024669436237839404,0.0494152429236695,True,False,False,0.0494152429236695,-0.045582041250485344,0.04490568236218601,0.09048772361267135,True,False,False,0.09048772361267135,-0.06546047428230091,0.07543796685239496,0.14089844113469585,True,False,False,0.14089844113469585
bootstrap_ewma,bootstrap,ewma,nonoverlap,5,5,2022-04-06,2022-04-13,-0.01056443324926759,0.414,252,500,0.017707620824559137,-5.5035805406881966e-05,,-0.028236518850527553,0.025269042369200356,0.05350556121972791,True,False,False,0.05350556121972791,-0.04555073293725076,0.0644999806095845,0.11005071354683527,True,False,False,0.11005071354683527,-0.055974701387442836,0.0760650218819029,0.13203972326934574,True,False,False,0.13203972326934574
normal_ewma,normal,ewma,nonoverlap,5,5,2022-04-06,2022-04-13,-0.01056443324926759,0.382,252,500,0.017707620824559137,-5.5035805406881966e-05,,-0.02530490373532629,0.029660299812242163,0.05496520354756845,True,False,False,0.05496520354756845,-0.047411156129344684,0.0514504204194725,0.09886157654881719,True,False,False,0.09886157654881719,-0.0739356268489822,0.07956661167024882,0.153502238519231,True,False,False,0.153502238519231
student_t_ewma,student_t,ewma,nonoverlap,5,5,2022-04-06,2022-04-13,-0.01056443324926759,0.412,252,500,0.017707620824559137,-5.5035805406881966e-05,30.0,-0.028301404957502968,0.028398144708856432,0.0566995496663594,True,False,False,0.0566995496663594,-0.052083690589752145,0.05173512677986638,0.10381881736961852,True,False,False,0.10381881736961852,-0.07470154557243656,0.08707167986924562,0.16177322544168218,True,False,False,0.16177322544168218
bootstrap_rolling,bootstrap,rolling,nonoverlap,5,5,2022-04-13,2022-04-21,-0.02735712786251987,0.25,252,500,0.01544727514872531,-6.143494223649252e-05,,-0.027352972700494887,0.020378511118608555,0.04773148381910344,False,True,False,0.04774810446720337,-0.0446897979529974,0.05371347923770593,0.09840327719070333,True,False,False,0.09840327719070333,-0.057650885970448984,0.06776002645310449,0.12541091242355346,True,False,False,0.12541091242355346
normal_rolling,normal,rolling,nonoverlap,5,5,2022-04-13,2022-04-21,-0.02735712786251987,0.218,252,500,0.01544727514872531,-6.143494223649252e-05,,-0.023564351095533037,0.022364841673362446,0.04592919276889548,False,True,False,0.061100299836842814,-0.041532104963854725,0.044496306953699064,0.08602841191755378,True,False,False,0.08602841191755378,-0.060817584331363146,0.07100300261553527,0.1318205869468984,True,False,False,0.1318205869468984
student_t_rolling,student_t,rolling,nonoverlap,5,5,2022-04-13,2022-04-21,-0.02735712786251987,0.192,252,500,0.01544727514872531,-6.143494223649252e-05,30.0,-0.020266538900723496,0.023766105894541478,0.044032644795264975,False,True,False,0.07239500064245047,-0.038315013040251755,0.04836016442258376,0.08667517746283551,True,False,False,0.08667517746283551,-0.06528684849440461,0.07155927876040172,0.13684612725480633,True,False,False,0.13684612725480633
bootstrap_ewma,bootstrap,ewma,nonoverlap,5,5,2022-04-13,2022-04-21,-0.02735712786251987,0.296,252,500,0.01725358229039443,-6.143494223649252e-05,,-0.030467375075642206,0.02282514262346136,0.053292517699103564,True,False,False,0.053292517699103564,-0.04974923451981167,0.06021798087639494,0.1099672153962066,True,False,False,0.1099672153962066,-0.06413777177474778,0.07601625058434401,0.1401540223590918,True,False,False,0.1401540223590918
normal_ewma,normal,ewma,nonoverlap,5,5,2022-04-13,2022-04-21,-0.02735712786251987,0.246,252,500,0.01725358229039443,-6.143494223649252e-05,,-0.02624832572770039,0.025049315285043172,0.05129764101274356,False,True,False,0.055732849552021485,-0.04624029878177437,0.04986477167615035,0.09610507045792471,True,False,False,0.09610507045792471,-0.06764968454354282,0.07966699847461335,0.14731668301815617,True,False,False,0.14731668301815617
student_t_ewma,student_t,ewma,nonoverlap,5,5,2022-04-13,2022-04-21,-0.02735712786251987,0.222,252,500,0.01725358229039443,-6.143494223649252e-05,30.0,-0.022574286868406596,0.026618669408858986,0.04919295627726558,False,True,False,0.06832432025371868,-0.04266397375989011,0.05420356342109597,0.09686753718098608,True,False,False,0.09686753718098608,-0.07260389283680167,0.08029339314846386,0.15289728598526553,True,False,False,0.15289728598526553
bootstrap_rolling,bootstrap,rolling,nonoverlap,5,5,2022-04-21,2022-04-28,-0.005805987552996883,0.486,252,500,0.015494302972035688,-5.281078189676286e-05,,-0.0277290239170018,0.024978342425081568,0.05270736634208337,True,False,False,0.05270736634208337,-0.041698072994533875,0.05370998728565546,0.09540806028018933,True,False,False,0.09540806028018933,-0.05057490594562719,0.06250585048599115,0.11308075643161834,True,False,False,0.11308075643161834
normal_rolling,normal,rolling,nonoverlap,5,5,2022-04-21,2022-04-28,-0.005805987552996883,0.408,252,500,0.015494302972035688,-5.281078189676286e-05,,-0.020439313601722103,0.022276758543645192,0.042716072145367295,True,False,False,0.042716072145367295,-0.04264456248618566,0.04409946022055196,0.08674402270673762,True,False,False,0.08674402270673762,-0.06447610883520088,0.0685713508297602,0.13304745966496107,True,False,False,0.13304745966496107
student_t_rolling,student_t,rolling,nonoverlap,5,5,2022-04-21,2022-04-28,-0.005805987552996883,0.426,252,500,0.015494302972035688,-5.281078189676286e-05,30.0,-0.02197907112623146,0.0240967389695676,0.04607581009579906,True,False,False,0.04607581009579906,-0.042428450395096906,0.04233220071355252,0.08476065110864943,True,False,False,0.08476065110864943,-0.06337008097093107,0.07077075427301424,0.13414083524394532,True,False,False,0.13414083524394532
bootstrap_ewma,bootstrap,ewma,nonoverlap,5,5,2022-04-21,2022-04-28,-0.005805987552996883,0.486,252,500,0.01649552233823221,-5.281078189676286e-05,,-0.029477593727758822,0.02663121946435809,0.05610881319211691,True,False,False,0.05610881319211691,-0.044315634637977386,0.05729629645653822,0.1016119310945156,True,False,False,0.1016119310945156,-0.05373743334466419,0.06669494762321623,0.12043238096788042,True,False,False,0.12043238096788042
normal_ewma,normal,ewma,nonoverlap,5,5,2022-04-21,2022-04-28,-0.005805987552996883,0.416,252,500,0.01649552233823221,-5.281078189676286e-05,,-0.02172891808993785,0.023750670624900827,0.045479588714838676,True,False,False,0.045479588714838676,-0.04532050026399832,0.047032961941942536,0.09235346220594086,True,False,False,0.09235346220594086,-0.068480589949999,0.07317903273570425,0.14165962268570326,True,False,False,0.14165962268570326
student_t_ewma,student_t,ewma,nonoverlap,5,5,2022-04-21,2022-04-28,-0.005805987552996883,0.434,252,500,0.01649552233823221,-5.281078189676286e-05,30.0,-0.02336593123382444,0.02569116071163252,0.04905709194545696,True,False,False,0.04905709194545696,-0.04509106493209184,0.045146323211040326,0.09023738814313217,True,False,False,0.09023738814313217,-0.06730808293755734,0.07553081410440296,0.1428388970419603,True,False,False,0.1428388970419603
bootstrap_rolling,bootstrap,rolling,nonoverlap,5,5,2022-04-28,2022-05-05,-0.007155471049524742,0.484,252,500,0.015420056932657298,3.615167043527572e-05,,-0.024806509548773836,0.020663949536671833,0.04547045908544567,True,False,False,0.04547045908544567,-0.03465712558272327,0.0520060905964328,0.08666321617915607,True,False,False,0.08666321617915607,-0.05057490594562719,0.06334475482045177,0.11391966076607896,True,False,False,0.11391966076607896
normal_rolling,normal,rolling,nonoverlap,5,5,2022-04-28,2022-05-05,-0.007155471049524742,0.4,252,500,0.015420056932657298,3.615167043527572e-05,,-0.018636639386991588,0.024656865169475906,0.043293504556467494,True,False,False,0.043293504556467494,-0.04574358538385042,0.043608513083686844,0.08935209846753726,True,False,False,0.08935209846753726,-0.06443569512349938,0.07006513745975969,0.13450083258325907,True,False,False,0.13450083258325907
student_t_rolling,student_t,rolling,nonoverlap,5,5,2022-04-28,2022-05-05,-0.007155471049524742,0.418,252,500,0.015420056932657298,3.615167043527572e-05,30.0,-0.02289551013925764,0.023278569958386064,0.046174080097643705,True,False,False,0.046174080097643705,-0.04365317627282599,0.043284635210970174,0.08693781148379617,True,False,False,0.08693781148379617,-0.06411929555694078,0.06430708450866714,0.12842638006560791,True,False,False,0.12842638006560791
bootstrap_ewma,bootstrap,ewma,nonoverlap,5,5,2022-04-28,2022-05-05,-0.007155471049524742,0.496,252,500,0.016030148856521636,3.615167043527572e-05,,-0.025782184705392924,0.021482933602456233,0.04726511830784916,True,False,False,0.04726511830784916,-0.036010243112743257,0.05411088192510993,0.09012112503785319,True,False,False,0.09012112503785319,-0.05252919419225266,0.0659242513880054,0.11845344558025805,True,False,False,0.11845344558025805
normal_ewma,normal,ewma,nonoverlap,5,5,2022-04-28,2022-05-05,-0.007155471049524742,0.402,252,500,0.016030148856521636,3.615167043527572e-05,,-0.019373809983403184,0.025637480786863565,0.04501129077026675,True,False,False,0.04501129077026675,-0.047516557294066855,0.0453649756203456,0.09288153291441245,True,False,False,0.09288153291441245,-0.0669045489384849,0.07292835656508027,0.13983290550356517,True,False,False,0.13983290550356517
student_t_ewma,student_t,ewma,nonoverlap,5,5,2022-04-28,2022-05-05,-0.007155471049524742,0.42,252,500,0.016030148856521636,3.615167043527572e-05,30.0,-0.023797488239139408,0.024203320024558994,0.0480008082636984,True,False,False,0.0480008082636984,-0.045347385527601126,0.045027718020513474,0.0903751035481146,True,False,False,0.0903751035481146,-0.06657649879145273,0.06692711248154533,0.13350361127299806,True,False,False,0.13350361127299806
bootstrap_rolling,bootstrap,rolling,nonoverlap,5,5,2022-05-05,2022-05-12,0.0005216688250768708,0.53,252,500,0.01551026829367687,7.576498735432422e-05,,-0.0224221047308292,0.024978342425081568,0.04740044715591077,True,False,False,0.04740044715591077,-0.037250151969922984,0.05403215343026191,0.0912823054001849,True,False,False,0.0912823054001849,-0.04962663494635344,0.06544619858317358,0.11507283352952702,True,False,False,0.11507283352952702
normal_rolling,normal,rolling,nonoverlap,5,5,2022-05-05,2022-05-12,0.0005216688250768708,0.484,252,500,0.01551026829367687,7.576498735432422e-05,,-0.022410390944875097,0.027075699834068656,0.04948609077894375,True,False,False,0.04948609077894375,-0.04252933486042589,0.04946830349386229,0.09199763835428817,True,False,False,0.09199763835428817,-0.0618891022711313,0.07357022080649955,0.13545932307763087,True,False,False,0.13545932307763087
student_t_rolling,student_t,rolling,nonoverlap,5,5,2022-05-05,2022-05-12,0.0005216688250768708,0.496,252,500,0.01551026829367687,7.576498735432422e-05,30.0,-0.02072525581406015,0.026105632538726498,0.04683088835278665,True,False,False,0.04683088835278665,-0.03715465143609201,0.04912326501264842,0.08627791644874043,True,False,False,0.08627791644874043,-0.06307078221501444,0.06652570146131526,0.1295964836763297,True,False,False,0.1295964836763297
bootstrap_ewma,bootstrap,ewma,nonoverlap,5,5,2022-05-05,2022-05-12,0.0005216688250768708,0.53,252,500,0.015821441995033804,7.576498735432422e-05,,-0.022874189093625347,0.025478007664304192,0.04835219675792954,True,False,False,0.04835219675792954,-0.03799041773145606,0.05513751042701265,0.09312792815846871,True,False,False,0.09312792815846871,-0.05060386211101975,0.06679402069064277,0.11739788280166252,True,False,False,0.11739788280166252
normal_ewma,normal,ewma,nonoverlap,5,5,2022-05-05,2022-05-12,0.0005216688250768708,0.484,252,500,0.015821441995033804,7.576498735432422e-05,,-0.022862247255310608,0.027618530118906748,0.050480777374217356,True,False,False,0.050480777374217356,-0.04337107671308087,0.05047741916315758,0.09384849587623845,True,False,False,0.09384849587623845,-0.06309785337813821,0.07509215159443845,0.13819000497257666,True,False,False,0.13819000497257666
student_t_ewma,student_t,ewma,nonoverlap,5,5,2022-05-05,2022-05-12,0.0005216688250768708,0.496,252,500,0.015821441995033804,7.576498735432422e-05,30.0,-0.021144069017828282,0.026628487234693077,0.04777255625252136,True,False,False,0.04777255625252136,-0.03789307577117477,0.05012512154363768,0.08801819731481245,True,False,False,0.08801819731481245,-0.06430167715029525,0.06789660897636518,0.13219828612666043,True,False,False,0.13219828612666043
