Date,raw,shrink,sigmoid,calibrated,base_rate,target_direction,target_return,vol_20,decision_at,label_end_at,fit_at,selected_parameter,selected_calibrator,training_exposure,training_vol_exposure,training_conditional_size,abs_return_train,model,fold
2020-03-30,0.574468085106383,0.5359902614586641,0.6196979153442383,0.6196979153442383,0.5217391304347826,0.0,-0.00015889658380674465,0.014257696382347348,2020-03-30 20:00:00+00:00,2020-04-01 13:30:00+00:00,2020-03-30 20:00:00+00:00,fixed,sigmoid,0.6153846153846154,0.5007499317423594,0.8137186390813338,0.011058152156748324,rule,0
2020-03-31,0.5096153846153846,0.5035639112131649,0.6275525529926478,0.6275525529926478,0.5217391304347826,1.0,0.01787168681604867,0.014189438922817273,2020-03-31 20:00:00+00:00,2020-04-02 13:30:00+00:00,2020-03-30 20:00:00+00:00,fixed,sigmoid,0.6153846153846154,0.5007499317423594,0.8137186390813338,0.011058152156748324,rule,0
2020-04-01,0.574468085106383,0.5359902614586641,0.6196979153442383,0.6196979153442383,0.5217391304347826,1.0,0.004571848935304379,0.014538044172060578,2020-04-01 20:00:00+00:00,2020-04-03 13:30:00+00:00,2020-03-30 20:00:00+00:00,fixed,sigmoid,0.6153846153846154,0.5007499317423594,0.8137186390813338,0.011058152156748324,rule,0
2020-04-02,0.574468085106383,0.5359902614586641,0.6196979153442383,0.6196979153442383,0.5217391304347826,0.0,-2.7171199714515204e-05,0.015027009372396458,2020-04-02 20:00:00+00:00,2020-04-06 13:30:00+00:00,2020-03-30 20:00:00+00:00,fixed,sigmoid,0.6153846153846154,0.5007499317423594,0.8137186390813338,0.011058152156748324,rule,0
2020-04-03,0.5096153846153846,0.5035639112131649,0.6275525529926478,0.6275525529926478,0.5217391304347826,0.0,-0.01191239216456419,0.015328761366987792,2020-04-03 20:00:00+00:00,2020-04-07 13:30:00+00:00,2020-03-30 20:00:00+00:00,fixed,sigmoid,0.6153846153846154,0.5007499317423594,0.8137186390813338,0.011058152156748324,rule,0
2020-04-06,0.574468085106383,0.5359902614586641,0.6196979153442383,0.6196979153442383,0.5217391304347826,1.0,0.016944115347303335,0.014717109465127855,2020-04-06 20:00:00+00:00,2020-04-08 13:30:00+00:00,2020-03-30 20:00:00+00:00,fixed,sigmoid,0.6153846153846154,0.5007499317423594,0.8137186390813338,0.011058152156748324,rule,0
2020-04-07,0.574468085106383,0.5359902614586641,0.6196979153442383,0.6196979153442383,0.5217391304347826,1.0,0.00020289372972515096,0.014146432484067441,2020-04-07 20:00:00+00:00,2020-04-09 13:30:00+00:00,2020-03-30 20:00:00+00:00,fixed,sigmoid,0.6153846153846154,0.5007499317423594,0.8137186390813338,0.011058152156748324,rule,0
2020-04-08,0.5096153846153846,0.5035639112131649,0.6275525529926478,0.6275525529926478,0.5217391304347826,1.0,0.004983161249950463,0.013678373523783817,2020-04-08 20:00:00+00:00,2020-04-13 13:30:00+00:00,2020-03-30 20:00:00+00:00,fixed,sigmoid,0.6153846153846154,0.5007499317423594,0.8137186390813338,0.011058152156748324,rule,0
2020-04-09,0.574468085106383,0.5359902614586641,0.6196979153442383,0.6196979153442383,0.5217391304347826,1.0,0.021175007092579134,0.013580697687485498,2020-04-09 20:00:00+00:00,2020-04-14 13:30:00+00:00,2020-03-30 20:00:00+00:00,fixed,sigmoid,0.6153846153846154,0.5007499317423594,0.8137186390813338,0.011058152156748324,rule,0
2020-04-13,0.5096153846153846,0.5035639112131649,0.6275525529926478,0.6275525529926478,0.5217391304347826,0.0,-0.01958678725856522,0.013265907399246407,2020-04-13 20:00:00+00:00,2020-04-15 13:30:00+00:00,2020-03-30 20:00:00+00:00,fixed,sigmoid,0.6153846153846154,0.5007499317423594,0.8137186390813338,0.011058152156748324,rule,0
2020-04-14,0.5096153846153846,0.5035639112131649,0.6275525529926478,0.6275525529926478,0.5217391304347826,1.0,0.009066149974514603,0.013954125662461963,2020-04-14 20:00:00+00:00,2020-04-16 13:30:00+00:00,2020-03-30 20:00:00+00:00,fixed,sigmoid,0.6153846153846154,0.5007499317423594,0.8137186390813338,0.011058152156748324,rule,0
2020-04-15,0.574468085106383,0.5359902614586641,0.6196979153442383,0.6196979153442383,0.5217391304347826,1.0,0.016218398139914658,0.013805103338167871,2020-04-15 20:00:00+00:00,2020-04-17 13:30:00+00:00,2020-03-30 20:00:00+00:00,fixed,sigmoid,0.6153846153846154,0.5007499317423594,0.8137186390813338,0.011058152156748324,rule,0
2020-04-16,0.5096153846153846,0.5035639112131649,0.6275525529926478,0.6275525529926478,0.5217391304347826,1.0,0.021359812309618365,0.013757988217881687,2020-04-16 20:00:00+00:00,2020-04-20 13:30:00+00:00,2020-03-30 20:00:00+00:00,fixed,sigmoid,0.6153846153846154,0.5007499317423594,0.8137186390813338,0.011058152156748324,rule,0
2020-04-17,0.574468085106383,0.5359902614586641,0.6196979153442383,0.6196979153442383,0.5217391304347826,0.0,-0.012457055620617385,0.014233484157472184,2020-04-17 20:00:00+00:00,2020-04-21 13:30:00+00:00,2020-03-30 20:00:00+00:00,fixed,sigmoid,0.6153846153846154,0.5007499317423594,0.8137186390813338,0.011058152156748324,rule,0
2020-04-20,0.574468085106383,0.5359902614586641,0.6196979153442383,0.6196979153442383,0.5217391304347826,0.0,-0.007324564780232579,0.013972918565608977,2020-04-20 20:00:00+00:00,2020-04-22 13:30:00+00:00,2020-03-30 20:00:00+00:00,fixed,sigmoid,0.6153846153846154,0.5007499317423594,0.8137186390813338,0.011058152156748324,rule,0
2020-04-21,0.5096153846153846,0.5035639112131649,0.6275525529926478,0.6275525529926478,0.5217391304347826,1.0,0.010344476688969761,0.01438806649974138,2020-04-21 20:00:00+00:00,2020-04-23 13:30:00+00:00,2020-03-30 20:00:00+00:00,fixed,sigmoid,0.6153846153846154,0.5007499317423594,0.8137186390813338,0.011058152156748324,rule,0
2020-04-22,0.5096153846153846,0.5035639112131649,0.6275525529926478,0.6275525529926478,0.5217391304347826,0.0,-0.012058772039963861,0.014272573547776491,2020-04-22 20:00:00+00:00,2020-04-24 13:30:00+00:00,2020-03-30 20:00:00+00:00,fixed,sigmoid,0.6153846153846154,0.5007499317423594,0.8137186390813338,0.011058152156748324,rule,0
2020-04-23,0.5096153846153846,0.5035639112131649,0.6275525529926478,0.6275525529926478,0.5217391304347826,1.0,0.00461150542915334,0.014237451326060625,2020-04-23 20:00:00+00:00,2020-04-27 13:30:00+00:00,2020-03-30 20:00:00+00:00,fixed,sigmoid,0.6153846153846154,0.5007499317423594,0.8137186390813338,0.011058152156748324,rule,0
2020-04-24,0.5096153846153846,0.5035639112131649,0.6275525529926478,0.6275525529926478,0.5217391304347826,1.0,0.0019883177056019274,0.01406245900534169,2020-04-24 20:00:00+00:00,2020-04-28 13:30:00+00:00,2020-03-30 20:00:00+00:00,fixed,sigmoid,0.6153846153846154,0.5007499317423594,0.8137186390813338,0.011058152156748324,rule,0
2020-04-27,0.5096153846153846,0.5035639112131649,0.6275525529926478,0.6275525529926478,0.5217391304347826,1.0,0.0033198046499063327,0.013872686679065825,2020-04-27 20:00:00+00:00,2020-04-29 13:30:00+00:00,2020-03-30 20:00:00+00:00,fixed,sigmoid,0.6153846153846154,0.5007499317423594,0.8137186390813338,0.011058152156748324,rule,0
2020-04-28,0.5096153846153846,0.5035639112131649,0.6275525529926478,0.6275525529926478,0.5217391304347826,0.0,-0.010988474166591433,0.011434951064623508,2020-04-28 20:00:00+00:00,2020-04-30 13:30:00+00:00,2020-03-30 20:00:00+00:00,fixed,sigmoid,0.6153846153846154,0.5007499317423594,0.8137186390813338,0.011058152156748324,rule,0
2020-04-29,0.5096153846153846,0.5035639112131649,0.6275525529926478,0.6275525529926478,0.5217391304347826,1.0,0.0029673359035833347,0.01086166138249581,2020-04-29 20:00:00+00:00,2020-05-01 13:30:00+00:00,2020-03-30 20:00:00+00:00,fixed,sigmoid,0.6153846153846154,0.5007499317423594,0.8137186390813338,0.011058152156748324,rule,0
2020-04-30,0.5096153846153846,0.5035639112131649,0.6275525529926478,0.6275525529926478,0.5217391304347826,1.0,0.0032078717969179493,0.01037895557342958,2020-04-30 20:00:00+00:00,2020-05-04 13:30:00+00:00,2020-03-30 20:00:00+00:00,fixed,sigmoid,0.6153846153846154,0.5007499317423594,0.8137186390813338,0.011058152156748324,rule,0
2020-05-01,0.5096153846153846,0.5035639112131649,0.6275525529926478,0.6275525529926478,0.5217391304347826,1.0,0.01288981021035518,0.009634604799168403,2020-05-01 20:00:00+00:00,2020-05-05 13:30:00+00:00,2020-03-30 20:00:00+00:00,fixed,sigmoid,0.6153846153846154,0.5007499317423594,0.8137186390813338,0.011058152156748324,rule,0
2020-05-04,0.574468085106383,0.5359902614586641,0.6196979153442383,0.6196979153442383,0.5217391304347826,0.0,-0.03919055381873493,0.009038965033619542,2020-05-04 20:00:00+00:00,2020-05-06 13:30:00+00:00,2020-03-30 20:00:00+00:00,fixed,sigmoid,0.6153846153846154,0.5007499317423594,0.8137186390813338,0.011058152156748324,rule,0
2020-05-05,0.574468085106383,0.5359902614586641,0.6196979153442383,0.6196979153442383,0.5217391304347826,1.0,0.01057507006879077,0.009764671465239178,2020-05-05 20:00:00+00:00,2020-05-07 13:30:00+00:00,2020-03-30 20:00:00+00:00,fixed,sigmoid,0.6153846153846154,0.5007499317423594,0.8137186390813338,0.011058152156748324,rule,0
2020-05-06,0.5096153846153846,0.5035639112131649,0.6275525529926478,0.6275525529926478,0.5217391304347826,1.0,0.0006539775238512124,0.010295168515608908,2020-05-06 20:00:00+00:00,2020-05-08 13:30:00+00:00,2020-03-30 20:00:00+00:00,fixed,sigmoid,0.6153846153846154,0.5007499317423594,0.8137186390813338,0.011058152156748324,rule,0
2020-05-07,0.5096153846153846,0.5035639112131649,0.6275525529926478,0.6275525529926478,0.5217391304347826,1.0,0.013153987673242273,0.01027149858260278,2020-05-07 20:00:00+00:00,2020-05-11 13:30:00+00:00,2020-03-30 20:00:00+00:00,fixed,sigmoid,0.6153846153846154,0.5007499317423594,0.8137186390813338,0.011058152156748324,rule,0
2020-05-08,0.574468085106383,0.5359902614586641,0.6196979153442383,0.6196979153442383,0.5217391304347826,0.0,-0.00571652481070517,0.01175497690309882,2020-05-08 20:00:00+00:00,2020-05-12 13:30:00+00:00,2020-03-30 20:00:00+00:00,fixed,sigmoid,0.6153846153846154,0.5007499317423594,0.8137186390813338,0.011058152156748324,rule,0
2020-05-11,0.574468085106383,0.5359902614586641,0.6196979153442383,0.6196979153442383,0.5217391304347826,1.0,0.03399698561001108,0.01121121169442267,2020-05-11 20:00:00+00:00,2020-05-13 13:30:00+00:00,2020-03-30 20:00:00+00:00,fixed,sigmoid,0.6153846153846154,0.5007499317423594,0.8137186390813338,0.011058152156748324,rule,0
2020-05-12,0.574468085106383,0.5359902614586641,0.6196979153442383,0.6196979153442383,0.5217391304347826,1.0,0.018868895121135765,0.010924003861441668,2020-05-12 20:00:00+00:00,2020-05-14 13:30:00+00:00,2020-03-30 20:00:00+00:00,fixed,sigmoid,0.6153846153846154,0.5007499317423594,0.8137186390813338,0.011058152156748324,rule,0
2020-05-13,0.5096153846153846,0.5035639112131649,0.6275525529926478,0.6275525529926478,0.5217391304347826,1.0,0.028540390398408055,0.013862492988614136,2020-05-13 20:00:00+00:00,2020-05-15 13:30:00+00:00,2020-03-30 20:00:00+00:00,fixed,sigmoid,0.6153846153846154,0.5007499317423594,0.8137186390813338,0.011058152156748324,rule,0
2020-05-14,0.5096153846153846,0.5035639112131649,0.6275525529926478,0.6275525529926478,0.5217391304347826,0.0,-0.01103571147662663,0.016426024234742747,2020-05-14 20:00:00+00:00,2020-05-18 13:30:00+00:00,2020-03-30 20:00:00+00:00,fixed,sigmoid,0.6153846153846154,0.5007499317423594,0.8137186390813338,0.011058152156748324,rule,0
2020-05-15,0.5096153846153846,0.5035639112131649,0.6275525529926478,0.6275525529926478,0.5217391304347826,1.0,0.00802151319706046,0.01631590618592335,2020-05-15 20:00:00+00:00,2020-05-19 13:30:00+00:00,2020-03-30 20:00:00+00:00,fixed,sigmoid,0.6153846153846154,0.5007499317423594,0.8137186390813338,0.011058152156748324,rule,0
2020-05-18,0.574468085106383,0.5359902614586641,0.6196979153442383,0.6196979153442383,0.5217391304347826,0.0,-0.005894935226473219,0.016357103085091203,2020-05-18 20:00:00+00:00,2020-05-20 13:30:00+00:00,2020-03-30 20:00:00+00:00,fixed,sigmoid,0.6153846153846154,0.5007499317423594,0.8137186390813338,0.011058152156748324,rule,0
2020-05-19,0.5096153846153846,0.5035639112131649,0.6275525529926478,0.6275525529926478,0.5217391304347826,0.0,-0.02250345760254646,0.015996393333357038,2020-05-19 20:00:00+00:00,2020-05-21 13:30:00+00:00,2020-03-30 20:00:00+00:00,fixed,sigmoid,0.6153846153846154,0.5007499317423594,0.8137186390813338,0.011058152156748324,rule,0
2020-05-20,0.5096153846153846,0.5035639112131649,0.6275525529926478,0.6275525529926478,0.5217391304347826,1.0,0.007508734419960694,0.016555436560967182,2020-05-20 20:00:00+00:00,2020-05-22 13:30:00+00:00,2020-03-30 20:00:00+00:00,fixed,sigmoid,0.6153846153846154,0.5007499317423594,0.8137186390813338,0.011058152156748324,rule,0
2020-05-21,0.5096153846153846,0.5035639112131649,0.6275525529926478,0.6275525529926478,0.5217391304347826,1.0,0.013858980940523846,0.016693028089932452,2020-05-21 20:00:00+00:00,2020-05-26 13:30:00+00:00,2020-03-30 20:00:00+00:00,fixed,sigmoid,0.6153846153846154,0.5007499317423594,0.8137186390813338,0.011058152156748324,rule,0
2020-05-22,0.5096153846153846,0.5035639112131649,0.6275525529926478,0.6275525529926478,0.5217391304347826,1.0,0.005399640759517155,0.01719890912008494,2020-05-22 20:00:00+00:00,2020-05-27 13:30:00+00:00,2020-03-30 20:00:00+00:00,fixed,sigmoid,0.6153846153846154,0.5007499317423594,0.8137186390813338,0.011058152156748324,rule,0
2020-05-26,0.5096153846153846,0.5035639112131649,0.6275525529926478,0.6275525529926478,0.5217391304347826,0.0,-0.0025651722755625217,0.01704968246558089,2020-05-26 20:00:00+00:00,2020-05-28 13:30:00+00:00,2020-03-30 20:00:00+00:00,fixed,sigmoid,0.6153846153846154,0.5007499317423594,0.8137186390813338,0.011058152156748324,rule,0
2020-05-27,0.574468085106383,0.5359902614586641,0.6196979153442383,0.6196979153442383,0.5217391304347826,1.0,0.005112553474862835,0.017055483411896197,2020-05-27 20:00:00+00:00,2020-05-29 13:30:00+00:00,2020-03-30 20:00:00+00:00,fixed,sigmoid,0.6153846153846154,0.5007499317423594,0.8137186390813338,0.011058152156748324,rule,0
2020-05-28,0.5096153846153846,0.5035639112131649,0.6275525529926478,0.6275525529926478,0.5217391304347826,1.0,0.016626909749420493,0.017355723864218683,2020-05-28 20:00:00+00:00,2020-06-01 13:30:00+00:00,2020-03-30 20:00:00+00:00,fixed,sigmoid,0.6153846153846154,0.5007499317423594,0.8137186390813338,0.011058152156748324,rule,0
2020-05-29,0.574468085106383,0.5359902614586641,0.6196979153442383,0.6196979153442383,0.5217391304347826,1.0,0.011188616371143212,0.01848067794316492,2020-05-29 20:00:00+00:00,2020-06-02 13:30:00+00:00,2020-03-30 20:00:00+00:00,fixed,sigmoid,0.6153846153846154,0.5007499317423594,0.8137186390813338,0.011058152156748324,rule,0
2020-06-01,0.5096153846153846,0.5035639112131649,0.6275525529926478,0.6275525529926478,0.5217391304347826,1.0,0.004174513056386608,0.0185270170565557,2020-06-01 20:00:00+00:00,2020-06-03 13:30:00+00:00,2020-03-30 20:00:00+00:00,fixed,sigmoid,0.6153846153846154,0.5007499317423594,0.8137186390813338,0.011058152156748324,rule,0
2020-06-02,0.5096153846153846,0.5035639112131649,0.6275525529926478,0.6275525529926478,0.5217391304347826,1.0,0.019157861536701626,0.01869162422944351,2020-06-02 20:00:00+00:00,2020-06-04 13:30:00+00:00,2020-03-30 20:00:00+00:00,fixed,sigmoid,0.6153846153846154,0.5007499317423594,0.8137186390813338,0.011058152156748324,rule,0
2020-06-03,0.574468085106383,0.5359902614586641,0.6196979153442383,0.6196979153442383,0.5217391304347826,1.0,0.027647997767108023,0.018143017311103484,2020-06-03 20:00:00+00:00,2020-06-05 13:30:00+00:00,2020-03-30 20:00:00+00:00,fixed,sigmoid,0.6153846153846154,0.5007499317423594,0.8137186390813338,0.011058152156748324,rule,0
2020-06-04,0.574468085106383,0.5359902614586641,0.6196979153442383,0.6196979153442383,0.5217391304347826,0.0,-0.032849850881768505,0.017811679690402996,2020-06-04 20:00:00+00:00,2020-06-08 13:30:00+00:00,2020-03-30 20:00:00+00:00,fixed,sigmoid,0.6153846153846154,0.5007499317423594,0.8137186390813338,0.011058152156748324,rule,0
2020-06-05,0.5096153846153846,0.5035639112131649,0.6275525529926478,0.6275525529926478,0.5217391304347826,1.0,0.037635858311089176,0.01830215728356994,2020-06-05 20:00:00+00:00,2020-06-09 13:30:00+00:00,2020-03-30 20:00:00+00:00,fixed,sigmoid,0.6153846153846154,0.5007499317423594,0.8137186390813338,0.011058152156748324,rule,0
2020-06-08,0.5096153846153846,0.5035639112131649,0.6275525529926478,0.6275525529926478,0.5217391304347826,1.0,0.012027388295048569,0.0178073886307827,2020-06-08 20:00:00+00:00,2020-06-10 13:30:00+00:00,2020-03-30 20:00:00+00:00,fixed,sigmoid,0.6153846153846154,0.5007499317423594,0.8137186390813338,0.011058152156748324,rule,0
2020-06-09,0.5096153846153846,0.5035639112131649,0.6275525529926478,0.6275525529926478,0.5217391304347826,1.0,0.007502218012351181,0.01855215818550908,2020-06-09 20:00:00+00:00,2020-06-11 13:30:00+00:00,2020-03-30 20:00:00+00:00,fixed,sigmoid,0.6153846153846154,0.5007499317423594,0.8137186390813338,0.011058152156748324,rule,0
2020-06-10,0.574468085106383,0.5359902614586641,0.6196979153442383,0.6196979153442383,0.5217391304347826,1.0,0.03288994768985831,0.01804046152555466,2020-06-10 20:00:00+00:00,2020-06-12 13:30:00+00:00,2020-03-30 20:00:00+00:00,fixed,sigmoid,0.6153846153846154,0.5007499317423594,0.8137186390813338,0.011058152156748324,rule,0
2020-06-11,0.574468085106383,0.5359902614586641,0.6196979153442383,0.6196979153442383,0.5217391304347826,1.0,0.008083099917815195,0.016600791526574496,2020-06-11 20:00:00+00:00,2020-06-15 13:30:00+00:00,2020-03-30 20:00:00+00:00,fixed,sigmoid,0.6153846153846154,0.5007499317423594,0.8137186390813338,0.011058152156748324,rule,0
2020-06-12,0.5096153846153846,0.5035639112131649,0.6275525529926478,0.6275525529926478,0.5217391304347826,1.0,0.0037067242970254544,0.014602032140103756,2020-06-12 20:00:00+00:00,2020-06-16 13:30:00+00:00,2020-03-30 20:00:00+00:00,fixed,sigmoid,0.6153846153846154,0.5007499317423594,0.8137186390813338,0.011058152156748324,rule,0
2020-06-15,0.574468085106383,0.5359902614586641,0.6196979153442383,0.6196979153442383,0.5217391304347826,1.0,0.020360989713139155,0.014349925215758536,2020-06-15 20:00:00+00:00,2020-06-17 13:30:00+00:00,2020-03-30 20:00:00+00:00,fixed,sigmoid,0.6153846153846154,0.5007499317423594,0.8137186390813338,0.011058152156748324,rule,0
2020-06-16,0.5096153846153846,0.5035639112131649,0.6275525529926478,0.6275525529926478,0.5217391304347826,1.0,0.01975544196622514,0.014187003702572481,2020-06-16 20:00:00+00:00,2020-06-18 13:30:00+00:00,2020-03-30 20:00:00+00:00,fixed,sigmoid,0.6153846153846154,0.5007499317423594,0.8137186390813338,0.011058152156748324,rule,0
2020-06-17,0.5096153846153846,0.5035639112131649,0.6275525529926478,0.6275525529926478,0.5217391304347826,1.0,0.0029701147455343246,0.014367138205461726,2020-06-17 20:00:00+00:00,2020-06-19 13:30:00+00:00,2020-03-30 20:00:00+00:00,fixed,sigmoid,0.6153846153846154,0.5007499317423594,0.8137186390813338,0.011058152156748324,rule,0
2020-06-18,0.5096153846153846,0.5035639112131649,0.6275525529926478,0.6275525529926478,0.5217391304347826,0.0,-0.00027628472147989136,0.013024415585061264,2020-06-18 20:00:00+00:00,2020-06-22 13:30:00+00:00,2020-03-30 20:00:00+00:00,fixed,sigmoid,0.6153846153846154,0.5007499317423594,0.8137186390813338,0.011058152156748324,rule,0
2020-06-19,0.5096153846153846,0.5035639112131649,0.6275525529926478,0.6275525529926478,0.5217391304347826,1.0,0.028344841115171215,0.012382052464709626,2020-06-19 20:00:00+00:00,2020-06-23 13:30:00+00:00,2020-03-30 20:00:00+00:00,fixed,sigmoid,0.6153846153846154,0.5007499317423594,0.8137186390813338,0.011058152156748324,rule,0
2020-06-22,0.5096153846153846,0.5035639112131649,0.6275525529926478,0.6275525529926478,0.5217391304347826,0.0,-0.0001241669715587035,0.012201961056609074,2020-06-22 20:00:00+00:00,2020-06-24 13:30:00+00:00,2020-03-30 20:00:00+00:00,fixed,sigmoid,0.6153846153846154,0.5007499317423594,0.8137186390813338,0.011058152156748324,rule,0
2020-06-23,0.574468085106383,0.5359902614586641,0.6196979153442383,0.6196979153442383,0.5217391304347826,0.0,-0.00456070272200082,0.012265808359818074,2020-06-23 20:00:00+00:00,2020-06-25 13:30:00+00:00,2020-03-30 20:00:00+00:00,fixed,sigmoid,0.6153846153846154,0.5007499317423594,0.8137186390813338,0.011058152156748324,rule,0
2020-06-24,0.5096153846153846,0.5035639112131649,0.6275525529926478,0.6275525529926478,0.5217391304347826,1.0,0.012049698236918038,0.013459811860464351,2020-06-24 20:00:00+00:00,2020-06-26 13:30:00+00:00,2020-03-30 20:00:00+00:00,fixed,sigmoid,0.6153846153846154,0.5007499317423594,0.8137186390813338,0.011058152156748324,rule,0
2020-06-25,0.5096153846153846,0.5035639112131649,0.6275525529926478,0.6275525529926478,0.5217391304347826,1.0,0.014850635683855806,0.012565330879394546,2020-06-25 20:00:00+00:00,2020-06-29 13:30:00+00:00,2020-03-30 20:00:00+00:00,fixed,sigmoid,0.6153846153846154,0.5007499317423594,0.8137186390813338,0.011058152156748324,rule,0
2020-06-26,0.5096153846153846,0.5035639112131649,0.6275525529926478,0.6275525529926478,0.5217391304347826,1.0,0.009277319329833,0.012082188341670949,2020-06-26 20:00:00+00:00,2020-06-30 13:30:00+00:00,2020-03-30 20:00:00+00:00,fixed,sigmoid,0.6153846153846154,0.5007499317423594,0.8137186390813338,0.011058152156748324,rule,0
2020-03-30,0.4781400610039962,0.48782624940747077,0.631679802520923,0.631679802520923,0.5217391304347826,0.0,-0.00015889658380674465,0.014257696382347348,2020-03-30 20:00:00+00:00,2020-04-01 13:30:00+00:00,2020-03-30 20:00:00+00:00,0.2,sigmoid,0.9615384615384616,0.796639802456753,0.8285053945550231,0.011058152156748324,logistic,0
2020-03-31,0.6020780400759742,0.5497952389434597,0.6533222275917254,0.6533222275917254,0.5217391304347826,1.0,0.01787168681604867,0.014189438922817273,2020-03-31 20:00:00+00:00,2020-04-02 13:30:00+00:00,2020-03-30 20:00:00+00:00,0.2,sigmoid,0.9615384615384616,0.796639802456753,0.8285053945550231,0.011058152156748324,logistic,0
2020-04-01,0.5287066242011178,0.5131095310060315,0.6404840393853471,0.6404840393853471,0.5217391304347826,1.0,0.004571848935304379,0.014538044172060578,2020-04-01 20:00:00+00:00,2020-04-03 13:30:00+00:00,2020-03-30 20:00:00+00:00,0.2,sigmoid,0.9615384615384616,0.796639802456753,0.8285053945550231,0.011058152156748324,logistic,0
2020-04-02,0.6194061323067391,0.5584592850588422,0.6564176708178783,0.6564176708178783,0.5217391304347826,0.0,-2.7171199714515204e-05,0.015027009372396458,2020-04-02 20:00:00+00:00,2020-04-06 13:30:00+00:00,2020-03-30 20:00:00+00:00,0.2,sigmoid,0.9615384615384616,0.796639802456753,0.8285053945550231,0.011058152156748324,logistic,0
2020-04-03,0.6282504703166505,0.5628814540637979,0.6580129417322497,0.6580129417322497,0.5217391304347826,0.0,-0.01191239216456419,0.015328761366987792,2020-04-03 20:00:00+00:00,2020-04-07 13:30:00+00:00,2020-03-30 20:00:00+00:00,0.2,sigmoid,0.9615384615384616,0.796639802456753,0.8285053945550231,0.011058152156748324,logistic,0
2020-04-06,0.6749844471978328,0.586248442504389,0.6666724142429149,0.6666724142429149,0.5217391304347826,1.0,0.016944115347303335,0.014717109465127855,2020-04-06 20:00:00+00:00,2020-04-08 13:30:00+00:00,2020-03-30 20:00:00+00:00,0.2,sigmoid,0.9615384615384616,0.796639802456753,0.8285053945550231,0.011058152156748324,logistic,0
2020-04-07,0.5972197907229769,0.5473661142669611,0.6524605820901713,0.6524605820901713,0.5217391304347826,1.0,0.00020289372972515096,0.014146432484067441,2020-04-07 20:00:00+00:00,2020-04-09 13:30:00+00:00,2020-03-30 20:00:00+00:00,0.2,sigmoid,0.9615384615384616,0.796639802456753,0.8285053945550231,0.011058152156748324,logistic,0
2020-04-08,0.5991892656754387,0.548350851743192,0.6528095852300301,0.6528095852300301,0.5217391304347826,1.0,0.004983161249950463,0.013678373523783817,2020-04-08 20:00:00+00:00,2020-04-13 13:30:00+00:00,2020-03-30 20:00:00+00:00,0.2,sigmoid,0.9615384615384616,0.796639802456753,0.8285053945550231,0.011058152156748324,logistic,0
2020-04-09,0.6520102281232159,0.5747613329670805,0.6623613105476903,0.6623613105476903,0.5217391304347826,1.0,0.021175007092579134,0.013580697687485498,2020-04-09 20:00:00+00:00,2020-04-14 13:30:00+00:00,2020-03-30 20:00:00+00:00,0.2,sigmoid,0.9615384615384616,0.796639802456753,0.8285053945550231,0.011058152156748324,logistic,0
2020-04-13,0.5881408686231467,0.542826653217046,0.6508566213191833,0.6508566213191833,0.5217391304347826,0.0,-0.01958678725856522,0.013265907399246407,2020-04-13 20:00:00+00:00,2020-04-15 13:30:00+00:00,2020-03-30 20:00:00+00:00,0.2,sigmoid,0.9615384615384616,0.796639802456753,0.8285053945550231,0.011058152156748324,logistic,0
2020-04-14,0.6825545654632286,0.5900335016370869,0.6681204041576374,0.6681204041576374,0.5217391304347826,1.0,0.009066149974514603,0.013954125662461963,2020-04-14 20:00:00+00:00,2020-04-16 13:30:00+00:00,2020-03-30 20:00:00+00:00,0.2,sigmoid,0.9615384615384616,0.796639802456753,0.8285053945550231,0.011058152156748324,logistic,0
2020-04-15,0.733938632381724,0.6157255350963347,0.6784173939528652,0.6784173939528652,0.5217391304347826,1.0,0.016218398139914658,0.013805103338167871,2020-04-15 20:00:00+00:00,2020-04-17 13:30:00+00:00,2020-03-30 20:00:00+00:00,0.2,sigmoid,0.9615384615384616,0.796639802456753,0.8285053945550231,0.011058152156748324,logistic,0
2020-04-16,0.6203750897191355,0.5589437637650404,0.6565918981877961,0.6565918981877961,0.5217391304347826,1.0,0.021359812309618365,0.013757988217881687,2020-04-16 20:00:00+00:00,2020-04-20 13:30:00+00:00,2020-03-30 20:00:00+00:00,0.2,sigmoid,0.9615384615384616,0.796639802456753,0.8285053945550231,0.011058152156748324,logistic,0
2020-04-17,0.5797532640483577,0.5386328509296515,0.6493811969657395,0.6493811969657395,0.5217391304347826,0.0,-0.012457055620617385,0.014233484157472184,2020-04-17 20:00:00+00:00,2020-04-21 13:30:00+00:00,2020-03-30 20:00:00+00:00,0.2,sigmoid,0.9615384615384616,0.796639802456753,0.8285053945550231,0.011058152156748324,logistic,0
2020-04-20,0.7436504303135735,0.6205814340622594,0.6804769001051006,0.6804769001051006,0.5217391304347826,0.0,-0.007324564780232579,0.013972918565608977,2020-04-20 20:00:00+00:00,2020-04-22 13:30:00+00:00,2020-03-30 20:00:00+00:00,0.2,sigmoid,0.9615384615384616,0.796639802456753,0.8285053945550231,0.011058152156748324,logistic,0
2020-04-21,0.640196522641098,0.5688544802260217,0.6601868905275865,0.6601868905275865,0.5217391304347826,1.0,0.010344476688969761,0.01438806649974138,2020-04-21 20:00:00+00:00,2020-04-23 13:30:00+00:00,2020-03-30 20:00:00+00:00,0.2,sigmoid,0.9615384615384616,0.796639802456753,0.8285053945550231,0.011058152156748324,logistic,0
2020-04-22,0.5562890835448614,0.5269007606779034,0.6452788451139129,0.6452788451139129,0.5217391304347826,0.0,-0.012058772039963861,0.014272573547776491,2020-04-22 20:00:00+00:00,2020-04-24 13:30:00+00:00,2020-03-30 20:00:00+00:00,0.2,sigmoid,0.9615384615384616,0.796639802456753,0.8285053945550231,0.011058152156748324,logistic,0
2020-04-23,0.6074699220012015,0.5524911799060734,0.6542815270686,0.6542815270686,0.5217391304347826,1.0,0.00461150542915334,0.014237451326060625,2020-04-23 20:00:00+00:00,2020-04-27 13:30:00+00:00,2020-03-30 20:00:00+00:00,0.2,sigmoid,0.9615384615384616,0.796639802456753,0.8285053945550231,0.011058152156748324,logistic,0
2020-04-24,0.6906154318939733,0.5940639348524593,0.669679174514326,0.669679174514326,0.5217391304347826,1.0,0.0019883177056019274,0.01406245900534169,2020-04-24 20:00:00+00:00,2020-04-28 13:30:00+00:00,2020-03-30 20:00:00+00:00,0.2,sigmoid,0.9615384615384616,0.796639802456753,0.8285053945550231,0.011058152156748324,logistic,0
2020-04-27,0.689857570813693,0.5936850043123192,0.6695318449172944,0.6695318449172944,0.5217391304347826,1.0,0.0033198046499063327,0.013872686679065825,2020-04-27 20:00:00+00:00,2020-04-29 13:30:00+00:00,2020-03-30 20:00:00+00:00,0.2,sigmoid,0.9615384615384616,0.796639802456753,0.8285053945550231,0.011058152156748324,logistic,0
2020-04-28,0.6499989547838096,0.5737556962973774,0.6619892538073355,0.6619892538073355,0.5217391304347826,0.0,-0.010988474166591433,0.011434951064623508,2020-04-28 20:00:00+00:00,2020-04-30 13:30:00+00:00,2020-03-30 20:00:00+00:00,0.2,sigmoid,0.9615384615384616,0.796639802456753,0.8285053945550231,0.011058152156748324,logistic,0
2020-04-29,0.6928502476718337,0.5951813427413895,0.6701145977742254,0.6701145977742254,0.5217391304347826,1.0,0.0029673359035833347,0.01086166138249581,2020-04-29 20:00:00+00:00,2020-05-01 13:30:00+00:00,2020-03-30 20:00:00+00:00,0.2,sigmoid,0.9615384615384616,0.796639802456753,0.8285053945550231,0.011058152156748324,logistic,0
2020-04-30,0.6075834502549252,0.5525479440329353,0.6543017612810527,0.6543017612810527,0.5217391304347826,1.0,0.0032078717969179493,0.01037895557342958,2020-04-30 20:00:00+00:00,2020-05-04 13:30:00+00:00,2020-03-30 20:00:00+00:00,0.2,sigmoid,0.9615384615384616,0.796639802456753,0.8285053945550231,0.011058152156748324,logistic,0
2020-05-01,0.6210630776718551,0.5592877577414002,0.6567156837891106,0.6567156837891106,0.5217391304347826,1.0,0.01288981021035518,0.009634604799168403,2020-05-01 20:00:00+00:00,2020-05-05 13:30:00+00:00,2020-03-30 20:00:00+00:00,0.2,sigmoid,0.9615384615384616,0.796639802456753,0.8285053945550231,0.011058152156748324,logistic,0
2020-05-04,0.75535127705395,0.6264318574324477,0.6830177013512614,0.6830177013512614,0.5217391304347826,0.0,-0.03919055381873493,0.009038965033619542,2020-05-04 20:00:00+00:00,2020-05-06 13:30:00+00:00,2020-03-30 20:00:00+00:00,0.2,sigmoid,0.9615384615384616,0.796639802456753,0.8285053945550231,0.011058152156748324,logistic,0
2020-05-05,0.8176789571975965,0.6575956975042709,0.6980053663625737,0.6980053663625737,0.5217391304347826,1.0,0.01057507006879077,0.009764671465239178,2020-05-05 20:00:00+00:00,2020-05-07 13:30:00+00:00,2020-03-30 20:00:00+00:00,0.2,sigmoid,0.9615384615384616,0.796639802456753,0.8285053945550231,0.011058152156748324,logistic,0
2020-05-06,0.7793044354495002,0.6384084366302227,0.6884534662321897,0.6884534662321897,0.5217391304347826,1.0,0.0006539775238512124,0.010295168515608908,2020-05-06 20:00:00+00:00,2020-05-08 13:30:00+00:00,2020-03-30 20:00:00+00:00,0.2,sigmoid,0.9615384615384616,0.796639802456753,0.8285053945550231,0.011058152156748324,logistic,0
2020-05-07,0.7103680819276443,0.6039402598692948,0.6735812769137745,0.6735812769137745,0.5217391304347826,1.0,0.013153987673242273,0.01027149858260278,2020-05-07 20:00:00+00:00,2020-05-11 13:30:00+00:00,2020-03-30 20:00:00+00:00,0.2,sigmoid,0.9615384615384616,0.796639802456753,0.8285053945550231,0.011058152156748324,logistic,0
2020-05-08,0.6880967320785784,0.5928045849447618,0.6691901689924756,0.6691901689924756,0.5217391304347826,0.0,-0.00571652481070517,0.01175497690309882,2020-05-08 20:00:00+00:00,2020-05-12 13:30:00+00:00,2020-03-30 20:00:00+00:00,0.2,sigmoid,0.9615384615384616,0.796639802456753,0.8285053945550231,0.011058152156748324,logistic,0
2020-05-11,0.737326010539188,0.6174192241750667,0.6791309224538876,0.6791309224538876,0.5217391304347826,1.0,0.03399698561001108,0.01121121169442267,2020-05-11 20:00:00+00:00,2020-05-13 13:30:00+00:00,2020-03-30 20:00:00+00:00,0.2,sigmoid,0.9615384615384616,0.796639802456753,0.8285053945550231,0.011058152156748324,logistic,0
2020-05-12,0.7158995264045346,0.60670598210774,0.6746972566373748,0.6746972566373748,0.5217391304347826,1.0,0.018868895121135765,0.010924003861441668,2020-05-12 20:00:00+00:00,2020-05-14 13:30:00+00:00,2020-03-30 20:00:00+00:00,0.2,sigmoid,0.9615384615384616,0.796639802456753,0.8285053945550231,0.011058152156748324,logistic,0
2020-05-13,0.5369330534740717,0.5172227456425085,0.6419125373111604,0.6419125373111604,0.5217391304347826,1.0,0.028540390398408055,0.013862492988614136,2020-05-13 20:00:00+00:00,2020-05-15 13:30:00+00:00,2020-03-30 20:00:00+00:00,0.2,sigmoid,0.9615384615384616,0.796639802456753,0.8285053945550231,0.011058152156748324,logistic,0
2020-05-14,0.34268710262153074,0.420099770216238,0.6067080249108003,0.6067080249108003,0.5217391304347826,0.0,-0.01103571147662663,0.016426024234742747,2020-05-14 20:00:00+00:00,2020-05-18 13:30:00+00:00,2020-03-30 20:00:00+00:00,0.2,sigmoid,0.9615384615384616,0.796639802456753,0.8285053945550231,0.011058152156748324,logistic,0
2020-05-15,0.4529807410177802,0.4752465894143627,0.627247880244345,0.627247880244345,0.5217391304347826,1.0,0.00802151319706046,0.01631590618592335,2020-05-15 20:00:00+00:00,2020-05-19 13:30:00+00:00,2020-03-30 20:00:00+00:00,0.2,sigmoid,0.9615384615384616,0.796639802456753,0.8285053945550231,0.011058152156748324,logistic,0
2020-05-18,0.46078937772515755,0.4791509077680514,0.6286291983521297,0.6286291983521297,0.5217391304347826,0.0,-0.005894935226473219,0.016357103085091203,2020-05-18 20:00:00+00:00,2020-05-20 13:30:00+00:00,2020-03-30 20:00:00+00:00,0.2,sigmoid,0.9615384615384616,0.796639802456753,0.8285053945550231,0.011058152156748324,logistic,0
2020-05-19,0.4128561540426441,0.45518429592679466,0.6200365263251622,0.6200365263251622,0.5217391304347826,0.0,-0.02250345760254646,0.015996393333357038,2020-05-19 20:00:00+00:00,2020-05-21 13:30:00+00:00,2020-03-30 20:00:00+00:00,0.2,sigmoid,0.9615384615384616,0.796639802456753,0.8285053945550231,0.011058152156748324,logistic,0
2020-05-20,0.44989338359622716,0.4737029107035862,0.6267000703688642,0.6267000703688642,0.5217391304347826,1.0,0.007508734419960694,0.016555436560967182,2020-05-20 20:00:00+00:00,2020-05-22 13:30:00+00:00,2020-03-30 20:00:00+00:00,0.2,sigmoid,0.9615384615384616,0.796639802456753,0.8285053945550231,0.011058152156748324,logistic,0
2020-05-21,0.5525961472087294,0.5250542925098374,0.6446357107357267,0.6446357107357267,0.5217391304347826,1.0,0.013858980940523846,0.016693028089932452,2020-05-21 20:00:00+00:00,2020-05-26 13:30:00+00:00,2020-03-30 20:00:00+00:00,0.2,sigmoid,0.9615384615384616,0.796639802456753,0.8285053945550231,0.011058152156748324,logistic,0
2020-05-22,0.4177633723950566,0.45763790510300095,0.6209306111334826,0.6209306111334826,0.5217391304347826,1.0,0.005399640759517155,0.01719890912008494,2020-05-22 20:00:00+00:00,2020-05-27 13:30:00+00:00,2020-03-30 20:00:00+00:00,0.2,sigmoid,0.9615384615384616,0.796639802456753,0.8285053945550231,0.011058152156748324,logistic,0
2020-05-26,0.3879832466031921,0.4427478422070687,0.6154391444999617,0.6154391444999617,0.5217391304347826,0.0,-0.0025651722755625217,0.01704968246558089,2020-05-26 20:00:00+00:00,2020-05-28 13:30:00+00:00,2020-03-30 20:00:00+00:00,0.2,sigmoid,0.9615384615384616,0.796639802456753,0.8285053945550231,0.011058152156748324,logistic,0
2020-05-27,0.49336178841576417,0.4954371131133547,0.6343396122037704,0.6343396122037704,0.5217391304347826,1.0,0.005112553474862835,0.017055483411896197,2020-05-27 20:00:00+00:00,2020-05-29 13:30:00+00:00,2020-03-30 20:00:00+00:00,0.2,sigmoid,0.9615384615384616,0.796639802456753,0.8285053945550231,0.011058152156748324,logistic,0
2020-05-28,0.37245325880771674,0.434982848309331,0.6125042809456916,0.6125042809456916,0.5217391304347826,1.0,0.016626909749420493,0.017355723864218683,2020-05-28 20:00:00+00:00,2020-06-01 13:30:00+00:00,2020-03-30 20:00:00+00:00,0.2,sigmoid,0.9615384615384616,0.796639802456753,0.8285053945550231,0.011058152156748324,logistic,0
2020-05-29,0.25150303517408146,0.37450773649251334,0.5868518466422932,0.5868518466422932,0.5217391304347826,1.0,0.011188616371143212,0.01848067794316492,2020-05-29 20:00:00+00:00,2020-06-02 13:30:00+00:00,2020-03-30 20:00:00+00:00,0.2,sigmoid,0.9615384615384616,0.796639802456753,0.8285053945550231,0.011058152156748324,logistic,0
2020-06-01,0.4084604666743998,0.45298645224267253,0.6192322681108371,0.6192322681108371,0.5217391304347826,1.0,0.004174513056386608,0.0185270170565557,2020-06-01 20:00:00+00:00,2020-06-03 13:30:00+00:00,2020-03-30 20:00:00+00:00,0.2,sigmoid,0.9615384615384616,0.796639802456753,0.8285053945550231,0.011058152156748324,logistic,0
2020-06-02,0.3607752424560353,0.4291438401334903,0.6102592075445383,0.6102592075445383,0.5217391304347826,1.0,0.019157861536701626,0.01869162422944351,2020-06-02 20:00:00+00:00,2020-06-04 13:30:00+00:00,2020-03-30 20:00:00+00:00,0.2,sigmoid,0.9615384615384616,0.796639802456753,0.8285053945550231,0.011058152156748324,logistic,0
2020-06-03,0.38567205204772687,0.4415922449293361,0.6150057774658272,0.6150057774658272,0.5217391304347826,1.0,0.027647997767108023,0.018143017311103484,2020-06-03 20:00:00+00:00,2020-06-05 13:30:00+00:00,2020-03-30 20:00:00+00:00,0.2,sigmoid,0.9615384615384616,0.796639802456753,0.8285053945550231,0.011058152156748324,logistic,0
2020-06-04,0.4107596104803477,0.45413602414564647,0.6196533389656768,0.6196533389656768,0.5217391304347826,0.0,-0.032849850881768505,0.017811679690402996,2020-06-04 20:00:00+00:00,2020-06-08 13:30:00+00:00,2020-03-30 20:00:00+00:00,0.2,sigmoid,0.9615384615384616,0.796639802456753,0.8285053945550231,0.011058152156748324,logistic,0
2020-06-05,0.4424395709652467,0.469976004388096,0.6253732386223466,0.6253732386223466,0.5217391304347826,1.0,0.037635858311089176,0.01830215728356994,2020-06-05 20:00:00+00:00,2020-06-09 13:30:00+00:00,2020-03-30 20:00:00+00:00,0.2,sigmoid,0.9615384615384616,0.796639802456753,0.8285053945550231,0.011058152156748324,logistic,0
2020-06-08,0.33020874930028604,0.41386059355561566,0.6041992820861513,0.6041992820861513,0.5217391304347826,1.0,0.012027388295048569,0.0178073886307827,2020-06-08 20:00:00+00:00,2020-06-10 13:30:00+00:00,2020-03-30 20:00:00+00:00,0.2,sigmoid,0.9615384615384616,0.796639802456753,0.8285053945550231,0.011058152156748324,logistic,0
2020-06-09,0.3670272932646694,0.43226986553780733,0.6114654799701527,0.6114654799701527,0.5217391304347826,1.0,0.007502218012351181,0.01855215818550908,2020-06-09 20:00:00+00:00,2020-06-11 13:30:00+00:00,2020-03-30 20:00:00+00:00,0.2,sigmoid,0.9615384615384616,0.796639802456753,0.8285053945550231,0.011058152156748324,logistic,0
2020-06-10,0.4797561847130271,0.4886343112619862,0.6319628341864751,0.6319628341864751,0.5217391304347826,1.0,0.03288994768985831,0.01804046152555466,2020-06-10 20:00:00+00:00,2020-06-12 13:30:00+00:00,2020-03-30 20:00:00+00:00,0.2,sigmoid,0.9615384615384616,0.796639802456753,0.8285053945550231,0.011058152156748324,logistic,0
2020-06-11,0.5027970290883185,0.5001547334496319,0.6359828229754132,0.6359828229754132,0.5217391304347826,1.0,0.008083099917815195,0.016600791526574496,2020-06-11 20:00:00+00:00,2020-06-15 13:30:00+00:00,2020-03-30 20:00:00+00:00,0.2,sigmoid,0.9615384615384616,0.796639802456753,0.8285053945550231,0.011058152156748324,logistic,0
2020-06-12,0.48266380757706795,0.4900881226940066,0.6324716344263591,0.6324716344263591,0.5217391304347826,1.0,0.0037067242970254544,0.014602032140103756,2020-06-12 20:00:00+00:00,2020-06-16 13:30:00+00:00,2020-03-30 20:00:00+00:00,0.2,sigmoid,0.9615384615384616,0.796639802456753,0.8285053945550231,0.011058152156748324,logistic,0
2020-06-15,0.4980674094062035,0.4977899236085744,0.6351595513863718,0.6351595513863718,0.5217391304347826,1.0,0.020360989713139155,0.014349925215758536,2020-06-15 20:00:00+00:00,2020-06-17 13:30:00+00:00,2020-03-30 20:00:00+00:00,0.2,sigmoid,0.9615384615384616,0.796639802456753,0.8285053945550231,0.011058152156748324,logistic,0
2020-06-16,0.43597861992737835,0.4667455288691618,0.6242178904198682,0.6242178904198682,0.5217391304347826,1.0,0.01975544196622514,0.014187003702572481,2020-06-16 20:00:00+00:00,2020-06-18 13:30:00+00:00,2020-03-30 20:00:00+00:00,0.2,sigmoid,0.9615384615384616,0.796639802456753,0.8285053945550231,0.011058152156748324,logistic,0
2020-06-17,0.39529046269867396,0.4464014502548096,0.6168020068547172,0.6168020068547172,0.5217391304347826,1.0,0.0029701147455343246,0.014367138205461726,2020-06-17 20:00:00+00:00,2020-06-19 13:30:00+00:00,2020-03-30 20:00:00+00:00,0.2,sigmoid,0.9615384615384616,0.796639802456753,0.8285053945550231,0.011058152156748324,logistic,0
2020-06-18,0.4641427947879062,0.4808276162994257,0.6292206790615391,0.6292206790615391,0.5217391304347826,0.0,-0.00027628472147989136,0.013024415585061264,2020-06-18 20:00:00+00:00,2020-06-22 13:30:00+00:00,2020-03-30 20:00:00+00:00,0.2,sigmoid,0.9615384615384616,0.796639802456753,0.8285053945550231,0.011058152156748324,logistic,0
2020-06-19,0.6416104936717801,0.5695614657413627,0.6604457955011233,0.6604457955011233,0.5217391304347826,1.0,0.028344841115171215,0.012382052464709626,2020-06-19 20:00:00+00:00,2020-06-23 13:30:00+00:00,2020-03-30 20:00:00+00:00,0.2,sigmoid,0.9615384615384616,0.796639802456753,0.8285053945550231,0.011058152156748324,logistic,0
2020-06-22,0.49746652833212024,0.49748948307153273,0.6350548997235748,0.6350548997235748,0.5217391304347826,0.0,-0.0001241669715587035,0.012201961056609074,2020-06-22 20:00:00+00:00,2020-06-24 13:30:00+00:00,2020-03-30 20:00:00+00:00,0.2,sigmoid,0.9615384615384616,0.796639802456753,0.8285053945550231,0.011058152156748324,logistic,0
2020-06-23,0.6409112094000894,0.5692118236055174,0.66031770909873,0.66031770909873,0.5217391304347826,0.0,-0.00456070272200082,0.012265808359818074,2020-06-23 20:00:00+00:00,2020-06-25 13:30:00+00:00,2020-03-30 20:00:00+00:00,0.2,sigmoid,0.9615384615384616,0.796639802456753,0.8285053945550231,0.011058152156748324,logistic,0
2020-06-24,0.5871202826750762,0.5423163602430108,0.6506767853890295,0.6506767853890295,0.5217391304347826,1.0,0.012049698236918038,0.013459811860464351,2020-06-24 20:00:00+00:00,2020-06-26 13:30:00+00:00,2020-03-30 20:00:00+00:00,0.2,sigmoid,0.9615384615384616,0.796639802456753,0.8285053945550231,0.011058152156748324,logistic,0
2020-06-25,0.5629243570488435,0.5302183974298944,0.6464358446935401,0.6464358446935401,0.5217391304347826,1.0,0.014850635683855806,0.012565330879394546,2020-06-25 20:00:00+00:00,2020-06-29 13:30:00+00:00,2020-03-30 20:00:00+00:00,0.2,sigmoid,0.9615384615384616,0.796639802456753,0.8285053945550231,0.011058152156748324,logistic,0
2020-06-26,0.554467445423257,0.5259899416171011,0.6449615367361975,0.6449615367361975,0.5217391304347826,1.0,0.009277319329833,0.012082188341670949,2020-06-26 20:00:00+00:00,2020-06-30 13:30:00+00:00,2020-03-30 20:00:00+00:00,0.2,sigmoid,0.9615384615384616,0.796639802456753,0.8285053945550231,0.011058152156748324,logistic,0
2020-03-30,0.3929371003345607,0.445224769072753,0.611959598351623,0.611959598351623,0.5217391304347826,0.0,-0.00015889658380674465,0.014257696382347348,2020-03-30 20:00:00+00:00,2020-04-01 13:30:00+00:00,2020-03-30 20:00:00+00:00,2,sigmoid,1.0,0.8317475713315422,0.8317475713315422,0.011058152156748324,boosting,0
2020-03-31,0.5499878995813201,0.5237501686961327,0.6452586050653528,0.6452586050653528,0.5217391304347826,1.0,0.01787168681604867,0.014189438922817273,2020-03-31 20:00:00+00:00,2020-04-02 13:30:00+00:00,2020-03-30 20:00:00+00:00,2,sigmoid,1.0,0.8317475713315422,0.8317475713315422,0.011058152156748324,boosting,0
2020-04-01,0.5999469889306346,0.5487297133707899,0.6557031014744935,0.6557031014744935,0.5217391304347826,1.0,0.004571848935304379,0.014538044172060578,2020-04-01 20:00:00+00:00,2020-04-03 13:30:00+00:00,2020-03-30 20:00:00+00:00,2,sigmoid,1.0,0.8317475713315422,0.8317475713315422,0.011058152156748324,boosting,0
2020-04-02,0.5385487663639134,0.5180306020874293,0.6428848324085992,0.6428848324085992,0.5217391304347826,0.0,-2.7171199714515204e-05,0.015027009372396458,2020-04-02 20:00:00+00:00,2020-04-06 13:30:00+00:00,2020-03-30 20:00:00+00:00,2,sigmoid,1.0,0.8317475713315422,0.8317475713315422,0.011058152156748324,boosting,0
2020-04-03,0.5590307545163757,0.5282715961636605,0.6471377001497546,0.6471377001497546,0.5217391304347826,0.0,-0.01191239216456419,0.015328761366987792,2020-04-03 20:00:00+00:00,2020-04-07 13:30:00+00:00,2020-03-30 20:00:00+00:00,2,sigmoid,1.0,0.8317475713315422,0.8317475713315422,0.011058152156748324,boosting,0
2020-04-06,0.5937638763881677,0.5456381570995565,0.6543994354176328,0.6543994354176328,0.5217391304347826,1.0,0.016944115347303335,0.014717109465127855,2020-04-06 20:00:00+00:00,2020-04-08 13:30:00+00:00,2020-03-30 20:00:00+00:00,2,sigmoid,1.0,0.8317475713315422,0.8317475713315422,0.011058152156748324,boosting,0
2020-04-07,0.4359031727877806,0.46670780529936295,0.6213627484872185,0.6213627484872185,0.5217391304347826,1.0,0.00020289372972515096,0.014146432484067441,2020-04-07 20:00:00+00:00,2020-04-09 13:30:00+00:00,2020-03-30 20:00:00+00:00,2,sigmoid,1.0,0.8317475713315422,0.8317475713315422,0.011058152156748324,boosting,0
2020-04-08,0.605326641890633,0.5514195398507892,0.6568409060342106,0.6568409060342106,0.5217391304347826,1.0,0.004983161249950463,0.013678373523783817,2020-04-08 20:00:00+00:00,2020-04-13 13:30:00+00:00,2020-03-30 20:00:00+00:00,2,sigmoid,1.0,0.8317475713315422,0.8317475713315422,0.011058152156748324,boosting,0
2020-04-09,0.6782694622124616,0.5878909500117034,0.6727549282489329,0.6727549282489329,0.5217391304347826,1.0,0.021175007092579134,0.013580697687485498,2020-04-09 20:00:00+00:00,2020-04-14 13:30:00+00:00,2020-03-30 20:00:00+00:00,2,sigmoid,1.0,0.8317475713315422,0.8317475713315422,0.011058152156748324,boosting,0
2020-04-13,0.6571300571310436,0.5773212474709944,0.6680270585022452,0.6680270585022452,0.5217391304347826,0.0,-0.01958678725856522,0.013265907399246407,2020-04-13 20:00:00+00:00,2020-04-15 13:30:00+00:00,2020-03-30 20:00:00+00:00,2,sigmoid,1.0,0.8317475713315422,0.8317475713315422,0.011058152156748324,boosting,0
2020-04-14,0.5362680282208029,0.5168902330158741,0.6424117941863345,0.6424117941863345,0.5217391304347826,1.0,0.009066149974514603,0.013954125662461963,2020-04-14 20:00:00+00:00,2020-04-16 13:30:00+00:00,2020-03-30 20:00:00+00:00,2,sigmoid,1.0,0.8317475713315422,0.8317475713315422,0.011058152156748324,boosting,0
2020-04-15,0.5362680282208029,0.5168902330158741,0.6424117941863345,0.6424117941863345,0.5217391304347826,1.0,0.016218398139914658,0.013805103338167871,2020-04-15 20:00:00+00:00,2020-04-17 13:30:00+00:00,2020-03-30 20:00:00+00:00,2,sigmoid,1.0,0.8317475713315422,0.8317475713315422,0.011058152156748324,boosting,0
2020-04-16,0.6351613255810066,0.566336881695976,0.6632245805025027,0.6632245805025027,0.5217391304347826,1.0,0.021359812309618365,0.013757988217881687,2020-04-16 20:00:00+00:00,2020-04-20 13:30:00+00:00,2020-03-30 20:00:00+00:00,2,sigmoid,1.0,0.8317475713315422,0.8317475713315422,0.011058152156748324,boosting,0
2020-04-17,0.3543937685565721,0.4259531031837587,0.6031377722884195,0.6031377722884195,0.5217391304347826,0.0,-0.012457055620617385,0.014233484157472184,2020-04-17 20:00:00+00:00,2020-04-21 13:30:00+00:00,2020-03-30 20:00:00+00:00,2,sigmoid,1.0,0.8317475713315422,0.8317475713315422,0.011058152156748324,boosting,0
2020-04-20,0.4772183666627265,0.4873654022368359,0.630123088327453,0.630123088327453,0.5217391304347826,0.0,-0.007324564780232579,0.013972918565608977,2020-04-20 20:00:00+00:00,2020-04-22 13:30:00+00:00,2020-03-30 20:00:00+00:00,2,sigmoid,1.0,0.8317475713315422,0.8317475713315422,0.011058152156748324,boosting,0
2020-04-21,0.579157130896202,0.5383347843535736,0.6513346150952265,0.6513346150952265,0.5217391304347826,1.0,0.010344476688969761,0.01438806649974138,2020-04-21 20:00:00+00:00,2020-04-23 13:30:00+00:00,2020-03-30 20:00:00+00:00,2,sigmoid,1.0,0.8317475713315422,0.8317475713315422,0.011058152156748324,boosting,0
2020-04-22,0.5362680282208029,0.5168902330158741,0.6424117941863345,0.6424117941863345,0.5217391304347826,0.0,-0.012058772039963861,0.014272573547776491,2020-04-22 20:00:00+00:00,2020-04-24 13:30:00+00:00,2020-03-30 20:00:00+00:00,2,sigmoid,1.0,0.8317475713315422,0.8317475713315422,0.011058152156748324,boosting,0
2020-04-23,0.5808196607682614,0.5391660492896033,0.6516825152281815,0.6516825152281815,0.5217391304347826,1.0,0.00461150542915334,0.014237451326060625,2020-04-23 20:00:00+00:00,2020-04-27 13:30:00+00:00,2020-03-30 20:00:00+00:00,2,sigmoid,1.0,0.8317475713315422,0.8317475713315422,0.011058152156748324,boosting,0
2020-04-24,0.5608582072578826,0.529185322534414,0.6475178394495852,0.6475178394495852,0.5217391304347826,1.0,0.0019883177056019274,0.01406245900534169,2020-04-24 20:00:00+00:00,2020-04-28 13:30:00+00:00,2020-03-30 20:00:00+00:00,2,sigmoid,1.0,0.8317475713315422,0.8317475713315422,0.011058152156748324,boosting,0
2020-04-27,0.5943614552586093,0.5459369465347773,0.654525251786954,0.654525251786954,0.5217391304347826,1.0,0.0033198046499063327,0.013872686679065825,2020-04-27 20:00:00+00:00,2020-04-29 13:30:00+00:00,2020-03-30 20:00:00+00:00,2,sigmoid,1.0,0.8317475713315422,0.8317475713315422,0.011058152156748324,boosting,0
2020-04-28,0.5656962217971478,0.5316043298040466,0.6485250058762504,0.6485250058762504,0.5217391304347826,0.0,-0.010988474166591433,0.011434951064623508,2020-04-28 20:00:00+00:00,2020-04-30 13:30:00+00:00,2020-03-30 20:00:00+00:00,2,sigmoid,1.0,0.8317475713315422,0.8317475713315422,0.011058152156748324,boosting,0
2020-04-29,0.6858213261518866,0.5916668819814159,0.6744739672304723,0.6744739672304723,0.5217391304347826,1.0,0.0029673359035833347,0.01086166138249581,2020-04-29 20:00:00+00:00,2020-05-01 13:30:00+00:00,2020-03-30 20:00:00+00:00,2,sigmoid,1.0,0.8317475713315422,0.8317475713315422,0.011058152156748324,boosting,0
2020-04-30,0.5917711278841659,0.5446417828475556,0.6539801391859433,0.6539801391859433,0.5217391304347826,1.0,0.0032078717969179493,0.01037895557342958,2020-04-30 20:00:00+00:00,2020-05-04 13:30:00+00:00,2020-03-30 20:00:00+00:00,2,sigmoid,1.0,0.8317475713315422,0.8317475713315422,0.011058152156748324,boosting,0
2020-05-01,0.627945692305764,0.5627290650583546,0.6616677314241751,0.6616677314241751,0.5217391304347826,1.0,0.01288981021035518,0.009634604799168403,2020-05-01 20:00:00+00:00,2020-05-05 13:30:00+00:00,2020-03-30 20:00:00+00:00,2,sigmoid,1.0,0.8317475713315422,0.8317475713315422,0.011058152156748324,boosting,0
2020-05-04,0.7181270568916122,0.6078197473512787,0.6820451880662366,0.6820451880662366,0.5217391304347826,0.0,-0.03919055381873493,0.009038965033619542,2020-05-04 20:00:00+00:00,2020-05-06 13:30:00+00:00,2020-03-30 20:00:00+00:00,2,sigmoid,1.0,0.8317475713315422,0.8317475713315422,0.011058152156748324,boosting,0
2020-05-05,0.6861575235696377,0.5918349806902915,0.6745508997821483,0.6745508997821483,0.5217391304347826,1.0,0.01057507006879077,0.009764671465239178,2020-05-05 20:00:00+00:00,2020-05-07 13:30:00+00:00,2020-03-30 20:00:00+00:00,2,sigmoid,1.0,0.8317475713315422,0.8317475713315422,0.011058152156748324,boosting,0
2020-05-06,0.6615958783839623,0.5795541580974538,0.6690163243881163,0.6690163243881163,0.5217391304347826,1.0,0.0006539775238512124,0.010295168515608908,2020-05-06 20:00:00+00:00,2020-05-08 13:30:00+00:00,2020-03-30 20:00:00+00:00,2,sigmoid,1.0,0.8317475713315422,0.8317475713315422,0.011058152156748324,boosting,0
2020-05-07,0.5389957056235466,0.5182540717172459,0.6429775361717417,0.6429775361717417,0.5217391304347826,1.0,0.013153987673242273,0.01027149858260278,2020-05-07 20:00:00+00:00,2020-05-11 13:30:00+00:00,2020-03-30 20:00:00+00:00,2,sigmoid,1.0,0.8317475713315422,0.8317475713315422,0.011058152156748324,boosting,0
2020-05-08,0.5231426625092056,0.5103275501600755,0.6396896609902576,0.6396896609902576,0.5217391304347826,0.0,-0.00571652481070517,0.01175497690309882,2020-05-08 20:00:00+00:00,2020-05-12 13:30:00+00:00,2020-03-30 20:00:00+00:00,2,sigmoid,1.0,0.8317475713315422,0.8317475713315422,0.011058152156748324,boosting,0
2020-05-11,0.6443082999550784,0.5709103688830118,0.6652120146559988,0.6652120146559988,0.5217391304347826,1.0,0.03399698561001108,0.01121121169442267,2020-05-11 20:00:00+00:00,2020-05-13 13:30:00+00:00,2020-03-30 20:00:00+00:00,2,sigmoid,1.0,0.8317475713315422,0.8317475713315422,0.011058152156748324,boosting,0
2020-05-12,0.6904173051760096,0.5939648714934774,0.6755287686089528,0.6755287686089528,0.5217391304347826,1.0,0.018868895121135765,0.010924003861441668,2020-05-12 20:00:00+00:00,2020-05-14 13:30:00+00:00,2020-03-30 20:00:00+00:00,2,sigmoid,1.0,0.8317475713315422,0.8317475713315422,0.011058152156748324,boosting,0
2020-05-13,0.37073102393600466,0.43412173087347494,0.606930956813021,0.606930956813021,0.5217391304347826,1.0,0.028540390398408055,0.013862492988614136,2020-05-13 20:00:00+00:00,2020-05-15 13:30:00+00:00,2020-03-30 20:00:00+00:00,2,sigmoid,1.0,0.8317475713315422,0.8317475713315422,0.011058152156748324,boosting,0
2020-05-14,0.4016348491898762,0.44957364350041074,0.6138945038761394,0.6138945038761394,0.5217391304347826,0.0,-0.01103571147662663,0.016426024234742747,2020-05-14 20:00:00+00:00,2020-05-18 13:30:00+00:00,2020-03-30 20:00:00+00:00,2,sigmoid,1.0,0.8317475713315422,0.8317475713315422,0.011058152156748324,boosting,0
2020-05-15,0.5533703076766929,0.5254413727438191,0.6459611222906799,0.6459611222906799,0.5217391304347826,1.0,0.00802151319706046,0.01631590618592335,2020-05-15 20:00:00+00:00,2020-05-19 13:30:00+00:00,2020-03-30 20:00:00+00:00,2,sigmoid,1.0,0.8317475713315422,0.8317475713315422,0.011058152156748324,boosting,0
2020-05-18,0.5706012424089467,0.534056840109946,0.6495474332811783,0.6495474332811783,0.5217391304347826,0.0,-0.005894935226473219,0.016357103085091203,2020-05-18 20:00:00+00:00,2020-05-20 13:30:00+00:00,2020-03-30 20:00:00+00:00,2,sigmoid,1.0,0.8317475713315422,0.8317475713315422,0.011058152156748324,boosting,0
2020-05-19,0.44447297770065014,0.4709927077557977,0.6231980608359914,0.6231980608359914,0.5217391304347826,0.0,-0.02250345760254646,0.015996393333357038,2020-05-19 20:00:00+00:00,2020-05-21 13:30:00+00:00,2020-03-30 20:00:00+00:00,2,sigmoid,1.0,0.8317475713315422,0.8317475713315422,0.011058152156748324,boosting,0
2020-05-20,0.5706012424089467,0.534056840109946,0.6495474332811783,0.6495474332811783,0.5217391304347826,1.0,0.007508734419960694,0.016555436560967182,2020-05-20 20:00:00+00:00,2020-05-22 13:30:00+00:00,2020-03-30 20:00:00+00:00,2,sigmoid,1.0,0.8317475713315422,0.8317475713315422,0.011058152156748324,boosting,0
2020-05-21,0.5541923804572937,0.5258524091341195,0.6461319220932294,0.6461319220932294,0.5217391304347826,1.0,0.013858980940523846,0.016693028089932452,2020-05-21 20:00:00+00:00,2020-05-26 13:30:00+00:00,2020-03-30 20:00:00+00:00,2,sigmoid,1.0,0.8317475713315422,0.8317475713315422,0.011058152156748324,boosting,0
2020-05-22,0.39142221516328296,0.4444673264871141,0.6116207214958579,0.6116207214958579,0.5217391304347826,1.0,0.005399640759517155,0.01719890912008494,2020-05-22 20:00:00+00:00,2020-05-27 13:30:00+00:00,2020-03-30 20:00:00+00:00,2,sigmoid,1.0,0.8317475713315422,0.8317475713315422,0.011058152156748324,boosting,0
2020-05-26,0.4890071160876193,0.4932597769492823,0.6325901310785638,0.6325901310785638,0.5217391304347826,0.0,-0.0025651722755625217,0.01704968246558089,2020-05-26 20:00:00+00:00,2020-05-28 13:30:00+00:00,2020-03-30 20:00:00+00:00,2,sigmoid,1.0,0.8317475713315422,0.8317475713315422,0.011058152156748324,boosting,0
2020-05-27,0.5792791687216601,0.5383958032663027,0.65136014528081,0.65136014528081,0.5217391304347826,1.0,0.005112553474862835,0.017055483411896197,2020-05-27 20:00:00+00:00,2020-05-29 13:30:00+00:00,2020-03-30 20:00:00+00:00,2,sigmoid,1.0,0.8317475713315422,0.8317475713315422,0.011058152156748324,boosting,0
2020-05-28,0.45984042193733743,0.4786764298741414,0.6264634332286645,0.6264634332286645,0.5217391304347826,1.0,0.016626909749420493,0.017355723864218683,2020-05-28 20:00:00+00:00,2020-06-01 13:30:00+00:00,2020-03-30 20:00:00+00:00,2,sigmoid,1.0,0.8317475713315422,0.8317475713315422,0.011058152156748324,boosting,0
2020-05-29,0.39133989885881093,0.44442616833487814,0.6116022910573874,0.6116022910573874,0.5217391304347826,1.0,0.011188616371143212,0.01848067794316492,2020-05-29 20:00:00+00:00,2020-06-02 13:30:00+00:00,2020-03-30 20:00:00+00:00,2,sigmoid,1.0,0.8317475713315422,0.8317475713315422,0.011058152156748324,boosting,0
2020-06-01,0.45984042193733743,0.4786764298741414,0.6264634332286645,0.6264634332286645,0.5217391304347826,1.0,0.004174513056386608,0.0185270170565557,2020-06-01 20:00:00+00:00,2020-06-03 13:30:00+00:00,2020-03-30 20:00:00+00:00,2,sigmoid,1.0,0.8317475713315422,0.8317475713315422,0.011058152156748324,boosting,0
2020-06-02,0.5571573306745888,0.5273348842427671,0.6467481501012101,0.6467481501012101,0.5217391304347826,1.0,0.019157861536701626,0.01869162422944351,2020-06-02 20:00:00+00:00,2020-06-04 13:30:00+00:00,2020-03-30 20:00:00+00:00,2,sigmoid,1.0,0.8317475713315422,0.8317475713315422,0.011058152156748324,boosting,0
2020-06-03,0.4047748257262566,0.45114363176860095,0.6145887039908613,0.6145887039908613,0.5217391304347826,1.0,0.027647997767108023,0.018143017311103484,2020-06-03 20:00:00+00:00,2020-06-05 13:30:00+00:00,2020-03-30 20:00:00+00:00,2,sigmoid,1.0,0.8317475713315422,0.8317475713315422,0.011058152156748324,boosting,0
2020-06-04,0.44208865852157714,0.4698005481662612,0.6226885442314452,0.6226885442314452,0.5217391304347826,0.0,-0.032849850881768505,0.017811679690402996,2020-06-04 20:00:00+00:00,2020-06-08 13:30:00+00:00,2020-03-30 20:00:00+00:00,2,sigmoid,1.0,0.8317475713315422,0.8317475713315422,0.011058152156748324,boosting,0
2020-06-05,0.4557364502172665,0.47662444401410586,0.6255943554678524,0.6255943554678524,0.5217391304347826,1.0,0.037635858311089176,0.01830215728356994,2020-06-05 20:00:00+00:00,2020-06-09 13:30:00+00:00,2020-03-30 20:00:00+00:00,2,sigmoid,1.0,0.8317475713315422,0.8317475713315422,0.011058152156748324,boosting,0
2020-06-08,0.4325444383443222,0.4650284380776337,0.620640307726335,0.620640307726335,0.5217391304347826,1.0,0.012027388295048569,0.0178073886307827,2020-06-08 20:00:00+00:00,2020-06-10 13:30:00+00:00,2020-03-30 20:00:00+00:00,2,sigmoid,1.0,0.8317475713315422,0.8317475713315422,0.011058152156748324,boosting,0
2020-06-09,0.3193197614261776,0.4084160996185614,0.5946640439415131,0.5946640439415131,0.5217391304347826,1.0,0.007502218012351181,0.01855215818550908,2020-06-09 20:00:00+00:00,2020-06-11 13:30:00+00:00,2020-03-30 20:00:00+00:00,2,sigmoid,1.0,0.8317475713315422,0.8317475713315422,0.011058152156748324,boosting,0
2020-06-10,0.5669674013853162,0.5322399195981308,0.6487898423933506,0.6487898423933506,0.5217391304347826,1.0,0.03288994768985831,0.01804046152555466,2020-06-10 20:00:00+00:00,2020-06-12 13:30:00+00:00,2020-03-30 20:00:00+00:00,2,sigmoid,1.0,0.8317475713315422,0.8317475713315422,0.011058152156748324,boosting,0
2020-06-11,0.4873396972356934,0.49242606752331936,0.6322418253259832,0.6322418253259832,0.5217391304347826,1.0,0.008083099917815195,0.016600791526574496,2020-06-11 20:00:00+00:00,2020-06-15 13:30:00+00:00,2020-03-30 20:00:00+00:00,2,sigmoid,1.0,0.8317475713315422,0.8317475713315422,0.011058152156748324,boosting,0
2020-06-12,0.4381891529283921,0.46785079536966867,0.6218534130587275,0.6218534130587275,0.5217391304347826,1.0,0.0037067242970254544,0.014602032140103756,2020-06-12 20:00:00+00:00,2020-06-16 13:30:00+00:00,2020-03-30 20:00:00+00:00,2,sigmoid,1.0,0.8317475713315422,0.8317475713315422,0.011058152156748324,boosting,0
2020-06-15,0.38922450941842207,0.4433684736146837,0.6111280720429,0.6111280720429,0.5217391304347826,1.0,0.020360989713139155,0.014349925215758536,2020-06-15 20:00:00+00:00,2020-06-17 13:30:00+00:00,2020-03-30 20:00:00+00:00,2,sigmoid,1.0,0.8317475713315422,0.8317475713315422,0.011058152156748324,boosting,0
2020-06-16,0.4842021873648433,0.4908573125878943,0.6315858934894829,0.6315858934894829,0.5217391304347826,1.0,0.01975544196622514,0.014187003702572481,2020-06-16 20:00:00+00:00,2020-06-18 13:30:00+00:00,2020-03-30 20:00:00+00:00,2,sigmoid,1.0,0.8317475713315422,0.8317475713315422,0.011058152156748324,boosting,0
2020-06-17,0.35372736176717295,0.4256198997890591,0.6029811661426758,0.6029811661426758,0.5217391304347826,1.0,0.0029701147455343246,0.014367138205461726,2020-06-17 20:00:00+00:00,2020-06-19 13:30:00+00:00,2020-03-30 20:00:00+00:00,2,sigmoid,1.0,0.8317475713315422,0.8317475713315422,0.011058152156748324,boosting,0
2020-06-18,0.5253382791991347,0.51142535850504,0.6401450874721111,0.6401450874721111,0.5217391304347826,0.0,-0.00027628472147989136,0.013024415585061264,2020-06-18 20:00:00+00:00,2020-06-22 13:30:00+00:00,2020-03-30 20:00:00+00:00,2,sigmoid,1.0,0.8317475713315422,0.8317475713315422,0.011058152156748324,boosting,0
2020-06-19,0.6358853427821735,0.5666988902965594,0.66338131047776,0.66338131047776,0.5217391304347826,1.0,0.028344841115171215,0.012382052464709626,2020-06-19 20:00:00+00:00,2020-06-23 13:30:00+00:00,2020-03-30 20:00:00+00:00,2,sigmoid,1.0,0.8317475713315422,0.8317475713315422,0.011058152156748324,boosting,0
2020-06-22,0.3701247711515111,0.4338186044812282,0.6067917075362127,0.6067917075362127,0.5217391304347826,0.0,-0.0001241669715587035,0.012201961056609074,2020-06-22 20:00:00+00:00,2020-06-24 13:30:00+00:00,2020-03-30 20:00:00+00:00,2,sigmoid,1.0,0.8317475713315422,0.8317475713315422,0.011058152156748324,boosting,0
2020-06-23,0.5698740370465759,0.5336932374287606,0.6493957599101939,0.6493957599101939,0.5217391304347826,0.0,-0.00456070272200082,0.012265808359818074,2020-06-23 20:00:00+00:00,2020-06-25 13:30:00+00:00,2020-03-30 20:00:00+00:00,2,sigmoid,1.0,0.8317475713315422,0.8317475713315422,0.011058152156748324,boosting,0
2020-06-24,0.5871113099750545,0.5423118738929998,0.6530011814228155,0.6530011814228155,0.5217391304347826,1.0,0.012049698236918038,0.013459811860464351,2020-06-24 20:00:00+00:00,2020-06-26 13:30:00+00:00,2020-03-30 20:00:00+00:00,2,sigmoid,1.0,0.8317475713315422,0.8317475713315422,0.011058152156748324,boosting,0
2020-06-25,0.4789863284942614,0.48824938315260336,0.6304937799932989,0.6304937799932989,0.5217391304347826,1.0,0.014850635683855806,0.012565330879394546,2020-06-25 20:00:00+00:00,2020-06-29 13:30:00+00:00,2020-03-30 20:00:00+00:00,2,sigmoid,1.0,0.8317475713315422,0.8317475713315422,0.011058152156748324,boosting,0
2020-06-26,0.3860915635432584,0.44180200067710185,0.61042362799584,0.61042362799584,0.5217391304347826,1.0,0.009277319329833,0.012082188341670949,2020-06-26 20:00:00+00:00,2020-06-30 13:30:00+00:00,2020-03-30 20:00:00+00:00,2,sigmoid,1.0,0.8317475713315422,0.8317475713315422,0.011058152156748324,boosting,0
2020-06-29,0.5734597156398105,0.5603616986159251,0.717599258618136,0.717599258618136,0.5849802371541502,0.0,-0.012381382383331863,0.01173943442077837,2020-06-29 20:00:00+00:00,2020-07-01 13:30:00+00:00,2020-06-29 20:00:00+00:00,fixed,sigmoid,1.0,0.933733545330835,0.933733545330835,0.011058152156748324,rule,1
2020-06-30,0.5734597156398105,0.5603616986159251,0.717599258618136,0.717599258618136,0.5849802371541502,1.0,0.005381450223036044,0.012442937049502842,2020-06-30 20:00:00+00:00,2020-07-02 13:30:00+00:00,2020-06-29 20:00:00+00:00,fixed,sigmoid,1.0,0.933733545330835,0.933733545330835,0.011058152156748324,rule,1
2020-07-01,0.6363636363636364,0.591813658977838,0.6923331834423222,0.6923331834423222,0.5849802371541502,1.0,0.018455191097356716,0.012987420409958924,2020-07-01 20:00:00+00:00,2020-07-06 13:30:00+00:00,2020-06-29 20:00:00+00:00,fixed,sigmoid,1.0,0.933733545330835,0.933733545330835,0.011058152156748324,rule,1
2020-07-02,0.6363636363636364,0.591813658977838,0.6923331834423222,0.6923331834423222,0.5849802371541502,0.0,-0.0017982118865486063,0.012946590521876505,2020-07-02 20:00:00+00:00,2020-07-07 13:30:00+00:00,2020-06-29 20:00:00+00:00,fixed,sigmoid,1.0,0.933733545330835,0.933733545330835,0.011058152156748324,rule,1
2020-07-06,0.5734597156398105,0.5603616986159251,0.717599258618136,0.717599258618136,0.5849802371541502,0.0,-0.0030328925036631205,0.012700426867909998,2020-07-06 20:00:00+00:00,2020-07-08 13:30:00+00:00,2020-06-29 20:00:00+00:00,fixed,sigmoid,1.0,0.933733545330835,0.933733545330835,0.011058152156748324,rule,1
2020-07-07,0.5734597156398105,0.5603616986159251,0.717599258618136,0.717599258618136,0.5849802371541502,1.0,0.0018127288547282738,0.012660661950894492,2020-07-07 20:00:00+00:00,2020-07-09 13:30:00+00:00,2020-06-29 20:00:00+00:00,fixed,sigmoid,1.0,0.933733545330835,0.933733545330835,0.011058152156748324,rule,1
2020-07-08,0.6363636363636364,0.591813658977838,0.6923331834423222,0.6923331834423222,0.5849802371541502,1.0,0.02745473893884487,0.01169668740214758,2020-07-08 20:00:00+00:00,2020-07-10 13:30:00+00:00,2020-06-29 20:00:00+00:00,fixed,sigmoid,1.0,0.933733545330835,0.933733545330835,0.011058152156748324,rule,1
2020-07-09,0.5734597156398105,0.5603616986159251,0.717599258618136,0.717599258618136,0.5849802371541502,0.0,-0.01913043411403037,0.011944780396836205,2020-07-09 20:00:00+00:00,2020-07-13 13:30:00+00:00,2020-06-29 20:00:00+00:00,fixed,sigmoid,1.0,0.933733545330835,0.933733545330835,0.011058152156748324,rule,1
2020-07-10,0.6363636363636364,0.591813658977838,0.6923331834423222,0.6923331834423222,0.5849802371541502,1.0,0.014338131171349966,0.01251289095337968,2020-07-10 20:00:00+00:00,2020-07-14 13:30:00+00:00,2020-06-29 20:00:00+00:00,fixed,sigmoid,1.0,0.933733545330835,0.933733545330835,0.011058152156748324,rule,1
2020-07-13,0.5734597156398105,0.5603616986159251,0.717599258618136,0.717599258618136,0.5849802371541502,0.0,-0.02249847399837024,0.012547327140292037,2020-07-13 20:00:00+00:00,2020-07-15 13:30:00+00:00,2020-06-29 20:00:00+00:00,fixed,sigmoid,1.0,0.933733545330835,0.933733545330835,0.011058152156748324,rule,1
2020-07-14,0.6363636363636364,0.591813658977838,0.6923331834423222,0.6923331834423222,0.5849802371541502,0.0,-0.0028345786079331248,0.012394973653746566,2020-07-14 20:00:00+00:00,2020-07-16 13:30:00+00:00,2020-06-29 20:00:00+00:00,fixed,sigmoid,1.0,0.933733545330835,0.933733545330835,0.011058152156748324,rule,1
2020-07-15,0.5734597156398105,0.5603616986159251,0.717599258618136,0.717599258618136,0.5849802371541502,0.0,-0.0042882104555374,0.013942027562577152,2020-07-15 20:00:00+00:00,2020-07-17 13:30:00+00:00,2020-06-29 20:00:00+00:00,fixed,sigmoid,1.0,0.933733545330835,0.933733545330835,0.011058152156748324,rule,1
2020-07-16,0.6363636363636364,0.591813658977838,0.6923331834423222,0.6923331834423222,0.5849802371541502,1.0,0.009212465568771977,0.013549129283123358,2020-07-16 20:00:00+00:00,2020-07-20 13:30:00+00:00,2020-06-29 20:00:00+00:00,fixed,sigmoid,1.0,0.933733545330835,0.933733545330835,0.011058152156748324,rule,1
2020-07-17,0.5734597156398105,0.5603616986159251,0.717599258618136,0.717599258618136,0.5849802371541502,1.0,0.0024050584084522875,0.013485195690903944,2020-07-17 20:00:00+00:00,2020-07-21 13:30:00+00:00,2020-06-29 20:00:00+00:00,fixed,sigmoid,1.0,0.933733545330835,0.933733545330835,0.011058152156748324,rule,1
2020-07-20,0.5734597156398105,0.5603616986159251,0.717599258618136,0.717599258618136,0.5849802371541502,0.0,-0.014805536619840964,0.013625337066275446,2020-07-20 20:00:00+00:00,2020-07-22 13:30:00+00:00,2020-06-29 20:00:00+00:00,fixed,sigmoid,1.0,0.933733545330835,0.933733545330835,0.011058152156748324,rule,1
2020-07-21,0.5734597156398105,0.5603616986159251,0.717599258618136,0.717599258618136,0.5849802371541502,0.0,-0.021577765898585954,0.013653003939047469,2020-07-21 20:00:00+00:00,2020-07-23 13:30:00+00:00,2020-06-29 20:00:00+00:00,fixed,sigmoid,1.0,0.933733545330835,0.933733545330835,0.011058152156748324,rule,1
2020-07-22,0.5734597156398105,0.5603616986159251,0.717599258618136,0.717599258618136,0.5849802371541502,0.0,-0.009943195245313063,0.014834662924336264,2020-07-22 20:00:00+00:00,2020-07-24 13:30:00+00:00,2020-06-29 20:00:00+00:00,fixed,sigmoid,1.0,0.933733545330835,0.933733545330835,0.011058152156748324,rule,1
2020-07-23,0.5734597156398105,0.5603616986159251,0.717599258618136,0.717599258618136,0.5849802371541502,0.0,-0.01657451865023407,0.014381080942347834,2020-07-23 20:00:00+00:00,2020-07-27 13:30:00+00:00,2020-06-29 20:00:00+00:00,fixed,sigmoid,1.0,0.933733545330835,0.933733545330835,0.011058152156748324,rule,1
2020-07-24,0.5734597156398105,0.5603616986159251,0.717599258618136,0.717599258618136,0.5849802371541502,1.0,0.011339066232267658,0.015735259012877423,2020-07-24 20:00:00+00:00,2020-07-28 13:30:00+00:00,2020-06-29 20:00:00+00:00,fixed,sigmoid,1.0,0.933733545330835,0.933733545330835,0.011058152156748324,rule,1
2020-07-27,0.5734597156398105,0.5603616986159251,0.717599258618136,0.717599258618136,0.5849802371541502,1.0,0.0036104063462647495,0.014560023889994817,2020-07-27 20:00:00+00:00,2020-07-29 13:30:00+00:00,2020-06-29 20:00:00+00:00,fixed,sigmoid,1.0,0.933733545330835,0.933733545330835,0.011058152156748324,rule,1
2020-07-28,0.5734597156398105,0.5603616986159251,0.717599258618136,0.717599258618136,0.5849802371541502,0.0,-0.008875904431537629,0.015125714411581946,2020-07-28 20:00:00+00:00,2020-07-30 13:30:00+00:00,2020-06-29 20:00:00+00:00,fixed,sigmoid,1.0,0.933733545330835,0.933733545330835,0.011058152156748324,rule,1
2020-07-29,0.5734597156398105,0.5603616986159251,0.717599258618136,0.717599258618136,0.5849802371541502,1.0,0.017142250763220845,0.015789367879002075,2020-07-29 20:00:00+00:00,2020-07-31 13:30:00+00:00,2020-06-29 20:00:00+00:00,fixed,sigmoid,1.0,0.933733545330835,0.933733545330835,0.011058152156748324,rule,1
2020-07-30,0.5734597156398105,0.5603616986159251,0.717599258618136,0.717599258618136,0.5849802371541502,0.0,-0.0014926245212496525,0.015929107809058804,2020-07-30 20:00:00+00:00,2020-08-03 13:30:00+00:00,2020-06-29 20:00:00+00:00,fixed,sigmoid,1.0,0.933733545330835,0.933733545330835,0.011058152156748324,rule,1
2020-07-31,0.5734597156398105,0.5603616986159251,0.717599258618136,0.717599258618136,0.5849802371541502,0.0,-0.0017586306737564783,0.01605011097963502,2020-07-31 20:00:00+00:00,2020-08-04 13:30:00+00:00,2020-06-29 20:00:00+00:00,fixed,sigmoid,1.0,0.933733545330835,0.933733545330835,0.011058152156748324,rule,1
2020-08-03,0.5734597156398105,0.5603616986159251,0.717599258618136,0.717599258618136,0.5849802371541502,1.0,0.01186460707168746,0.01675877637944788,2020-08-03 20:00:00+00:00,2020-08-05 13:30:00+00:00,2020-06-29 20:00:00+00:00,fixed,sigmoid,1.0,0.933733545330835,0.933733545330835,0.011058152156748324,rule,1
2020-08-04,0.5734597156398105,0.5603616986159251,0.717599258618136,0.717599258618136,0.5849802371541502,1.0,0.03205070357017559,0.016797278087758605,2020-08-04 20:00:00+00:00,2020-08-06 13:30:00+00:00,2020-06-29 20:00:00+00:00,fixed,sigmoid,1.0,0.933733545330835,0.933733545330835,0.011058152156748324,rule,1
2020-08-05,0.5734597156398105,0.5603616986159251,0.717599258618136,0.717599258618136,0.5849802371541502,0.0,-0.004219395583759611,0.021216956356385222,2020-08-05 20:00:00+00:00,2020-08-07 13:30:00+00:00,2020-06-29 20:00:00+00:00,fixed,sigmoid,1.0,0.933733545330835,0.933733545330835,0.011058152156748324,rule,1
2020-08-06,0.5734597156398105,0.5603616986159251,0.717599258618136,0.717599258618136,0.5849802371541502,0.0,-0.003910274351739962,0.021162405854842397,2020-08-06 20:00:00+00:00,2020-08-10 13:30:00+00:00,2020-06-29 20:00:00+00:00,fixed,sigmoid,1.0,0.933733545330835,0.933733545330835,0.011058152156748324,rule,1
2020-08-07,0.5734597156398105,0.5603616986159251,0.717599258618136,0.717599258618136,0.5849802371541502,0.0,-0.01858893716306731,0.021660324680384112,2020-08-07 20:00:00+00:00,2020-08-11 13:30:00+00:00,2020-06-29 20:00:00+00:00,fixed,sigmoid,1.0,0.933733545330835,0.933733545330835,0.011058152156748324,rule,1
2020-08-10,0.5734597156398105,0.5603616986159251,0.717599258618136,0.717599258618136,0.5849802371541502,1.0,0.011074436840968982,0.022860089571956104,2020-08-10 20:00:00+00:00,2020-08-12 13:30:00+00:00,2020-06-29 20:00:00+00:00,fixed,sigmoid,1.0,0.933733545330835,0.933733545330835,0.011058152156748324,rule,1
2020-08-11,0.5734597156398105,0.5603616986159251,0.717599258618136,0.717599258618136,0.5849802371541502,1.0,0.011602100368002244,0.02301122042343769,2020-08-11 20:00:00+00:00,2020-08-13 13:30:00+00:00,2020-06-29 20:00:00+00:00,fixed,sigmoid,1.0,0.933733545330835,0.933733545330835,0.011058152156748324,rule,1
2020-08-12,0.5734597156398105,0.5603616986159251,0.717599258618136,0.717599258618136,0.5849802371541502,0.0,-0.013451512038513469,0.022452566990529086,2020-08-12 20:00:00+00:00,2020-08-14 13:30:00+00:00,2020-06-29 20:00:00+00:00,fixed,sigmoid,1.0,0.933733545330835,0.933733545330835,0.011058152156748324,rule,1
2020-08-13,0.5734597156398105,0.5603616986159251,0.717599258618136,0.717599258618136,0.5849802371541502,0.0,-0.0007061144513693662,0.022925674776943555,2020-08-13 20:00:00+00:00,2020-08-17 13:30:00+00:00,2020-06-29 20:00:00+00:00,fixed,sigmoid,1.0,0.933733545330835,0.933733545330835,0.011058152156748324,rule,1
2020-08-14,0.5734597156398105,0.5603616986159251,0.717599258618136,0.717599258618136,0.5849802371541502,1.0,0.02125722421722709,0.023165406017314445,2020-08-14 20:00:00+00:00,2020-08-18 13:30:00+00:00,2020-06-29 20:00:00+00:00,fixed,sigmoid,1.0,0.933733545330835,0.933733545330835,0.011058152156748324,rule,1
2020-08-17,0.5734597156398105,0.5603616986159251,0.717599258618136,0.717599258618136,0.5849802371541502,0.0,-0.017667143676953656,0.023209953923267267,2020-08-17 20:00:00+00:00,2020-08-19 13:30:00+00:00,2020-06-29 20:00:00+00:00,fixed,sigmoid,1.0,0.933733545330835,0.933733545330835,0.011058152156748324,rule,1
2020-08-18,0.5734597156398105,0.5603616986159251,0.717599258618136,0.717599258618136,0.5849802371541502,1.0,0.013765983656746528,0.023014265356602726,2020-08-18 20:00:00+00:00,2020-08-20 13:30:00+00:00,2020-06-29 20:00:00+00:00,fixed,sigmoid,1.0,0.933733545330835,0.933733545330835,0.011058152156748324,rule,1
2020-08-19,0.5734597156398105,0.5603616986159251,0.717599258618136,0.717599258618136,0.5849802371541502,1.0,0.014122934908330942,0.02230173753990304,2020-08-19 20:00:00+00:00,2020-08-21 13:30:00+00:00,2020-06-29 20:00:00+00:00,fixed,sigmoid,1.0,0.933733545330835,0.933733545330835,0.011058152156748324,rule,1
2020-08-20,0.5734597156398105,0.5603616986159251,0.717599258618136,0.717599258618136,0.5849802371541502,1.0,0.006974336258002367,0.022289244502083153,2020-08-20 20:00:00+00:00,2020-08-24 13:30:00+00:00,2020-06-29 20:00:00+00:00,fixed,sigmoid,1.0,0.933733545330835,0.933733545330835,0.011058152156748324,rule,1
2020-08-21,0.5734597156398105,0.5603616986159251,0.717599258618136,0.717599258618136,0.5849802371541502,0.0,-0.042323121152331944,0.021008975165330616,2020-08-21 20:00:00+00:00,2020-08-25 13:30:00+00:00,2020-06-29 20:00:00+00:00,fixed,sigmoid,1.0,0.933733545330835,0.933733545330835,0.011058152156748324,rule,1
2020-08-24,0.5734597156398105,0.5603616986159251,0.717599258618136,0.717599258618136,0.5849802371541502,1.0,0.016056646628934468,0.022914722247872395,2020-08-24 20:00:00+00:00,2020-08-26 13:30:00+00:00,2020-06-29 20:00:00+00:00,fixed,sigmoid,1.0,0.933733545330835,0.933733545330835,0.011058152156748324,rule,1
2020-08-25,0.5734597156398105,0.5603616986159251,0.717599258618136,0.717599258618136,0.5849802371541502,1.0,0.003421376036794488,0.022480379417383987,2020-08-25 20:00:00+00:00,2020-08-27 13:30:00+00:00,2020-06-29 20:00:00+00:00,fixed,sigmoid,1.0,0.933733545330835,0.933733545330835,0.011058152156748324,rule,1
2020-08-26,0.6363636363636364,0.591813658977838,0.6923331834423222,0.6923331834423222,0.5849802371541502,1.0,0.007210233927979148,0.021997233259086243,2020-08-26 20:00:00+00:00,2020-08-28 13:30:00+00:00,2020-06-29 20:00:00+00:00,fixed,sigmoid,1.0,0.933733545330835,0.933733545330835,0.011058152156748324,rule,1
2020-08-27,0.5734597156398105,0.5603616986159251,0.717599258618136,0.717599258618136,0.5849802371541502,1.0,0.020529600844882756,0.02208728845191344,2020-08-27 20:00:00+00:00,2020-08-31 13:30:00+00:00,2020-06-29 20:00:00+00:00,fixed,sigmoid,1.0,0.933733545330835,0.933733545330835,0.011058152156748324,rule,1
2020-08-28,0.5734597156398105,0.5603616986159251,0.717599258618136,0.717599258618136,0.5849802371541502,1.0,0.012202702781861863,0.021421242346309693,2020-08-28 20:00:00+00:00,2020-09-01 13:30:00+00:00,2020-06-29 20:00:00+00:00,fixed,sigmoid,1.0,0.933733545330835,0.933733545330835,0.011058152156748324,rule,1
2020-08-31,0.5734597156398105,0.5603616986159251,0.717599258618136,0.717599258618136,0.5849802371541502,0.0,-0.025291157703930756,0.022055502101550075,2020-08-31 20:00:00+00:00,2020-09-02 13:30:00+00:00,2020-06-29 20:00:00+00:00,fixed,sigmoid,1.0,0.933733545330835,0.933733545330835,0.011058152156748324,rule,1
2020-09-01,0.6363636363636364,0.591813658977838,0.6923331834423222,0.6923331834423222,0.5849802371541502,1.0,0.012480134929007791,0.023535379359575597,2020-09-01 20:00:00+00:00,2020-09-03 13:30:00+00:00,2020-06-29 20:00:00+00:00,fixed,sigmoid,1.0,0.933733545330835,0.933733545330835,0.011058152156748324,rule,1
2020-09-02,0.5734597156398105,0.5603616986159251,0.717599258618136,0.717599258618136,0.5849802371541502,1.0,0.009664355900930621,0.02019847477918168,2020-09-02 20:00:00+00:00,2020-09-04 13:30:00+00:00,2020-06-29 20:00:00+00:00,fixed,sigmoid,1.0,0.933733545330835,0.933733545330835,0.011058152156748324,rule,1
2020-09-03,0.5734597156398105,0.5603616986159251,0.717599258618136,0.717599258618136,0.5849802371541502,1.0,0.020013034242736705,0.019601830409969982,2020-09-03 20:00:00+00:00,2020-09-08 13:30:00+00:00,2020-06-29 20:00:00+00:00,fixed,sigmoid,1.0,0.933733545330835,0.933733545330835,0.011058152156748324,rule,1
2020-09-04,0.5734597156398105,0.5603616986159251,0.717599258618136,0.717599258618136,0.5849802371541502,0.0,-0.01854216105700013,0.019481801239576376,2020-09-04 20:00:00+00:00,2020-09-09 13:30:00+00:00,2020-06-29 20:00:00+00:00,fixed,sigmoid,1.0,0.933733545330835,0.933733545330835,0.011058152156748324,rule,1
2020-09-08,0.6363636363636364,0.591813658977838,0.6923331834423222,0.6923331834423222,0.5849802371541502,0.0,-0.02701617777513521,0.018053594556604637,2020-09-08 20:00:00+00:00,2020-09-10 13:30:00+00:00,2020-06-29 20:00:00+00:00,fixed,sigmoid,1.0,0.933733545330835,0.933733545330835,0.011058152156748324,rule,1
2020-09-09,0.5734597156398105,0.5603616986159251,0.717599258618136,0.717599258618136,0.5849802371541502,1.0,0.011328357138388645,0.018804037056558563,2020-09-09 20:00:00+00:00,2020-09-11 13:30:00+00:00,2020-06-29 20:00:00+00:00,fixed,sigmoid,1.0,0.933733545330835,0.933733545330835,0.011058152156748324,rule,1
2020-09-10,0.5734597156398105,0.5603616986159251,0.717599258618136,0.717599258618136,0.5849802371541502,0.0,-0.002365922340572202,0.018774154720693614,2020-09-10 20:00:00+00:00,2020-09-14 13:30:00+00:00,2020-06-29 20:00:00+00:00,fixed,sigmoid,1.0,0.933733545330835,0.933733545330835,0.011058152156748324,rule,1
2020-09-11,0.5734597156398105,0.5603616986159251,0.717599258618136,0.717599258618136,0.5849802371541502,0.0,-0.020034225977470954,0.018153288884771687,2020-09-11 20:00:00+00:00,2020-09-15 13:30:00+00:00,2020-06-29 20:00:00+00:00,fixed,sigmoid,1.0,0.933733545330835,0.933733545330835,0.011058152156748324,rule,1
2020-09-14,0.5734597156398105,0.5603616986159251,0.717599258618136,0.717599258618136,0.5849802371541502,1.0,0.009902058890637333,0.017923985201655994,2020-09-14 20:00:00+00:00,2020-09-16 13:30:00+00:00,2020-06-29 20:00:00+00:00,fixed,sigmoid,1.0,0.933733545330835,0.933733545330835,0.011058152156748324,rule,1
2020-09-15,0.5734597156398105,0.5603616986159251,0.717599258618136,0.717599258618136,0.5849802371541502,0.0,-0.01089981282611896,0.017690234027525686,2020-09-15 20:00:00+00:00,2020-09-17 13:30:00+00:00,2020-06-29 20:00:00+00:00,fixed,sigmoid,1.0,0.933733545330835,0.933733545330835,0.011058152156748324,rule,1
2020-09-16,0.5734597156398105,0.5603616986159251,0.717599258618136,0.717599258618136,0.5849802371541502,0.0,-0.026252249607598865,0.018260092761976054,2020-09-16 20:00:00+00:00,2020-09-18 13:30:00+00:00,2020-06-29 20:00:00+00:00,fixed,sigmoid,1.0,0.933733545330835,0.933733545330835,0.011058152156748324,rule,1
2020-09-17,0.5734597156398105,0.5603616986159251,0.717599258618136,0.717599258618136,0.5849802371541502,1.0,0.008085712726523031,0.01854381341976701,2020-09-17 20:00:00+00:00,2020-09-21 13:30:00+00:00,2020-06-29 20:00:00+00:00,fixed,sigmoid,1.0,0.933733545330835,0.933733545330835,0.011058152156748324,rule,1
2020-09-18,0.5734597156398105,0.5603616986159251,0.717599258618136,0.717599258618136,0.5849802371541502,1.0,0.003352831288118141,0.01853765084669533,2020-09-18 20:00:00+00:00,2020-09-22 13:30:00+00:00,2020-06-29 20:00:00+00:00,fixed,sigmoid,1.0,0.933733545330835,0.933733545330835,0.011058152156748324,rule,1
2020-09-21,0.5734597156398105,0.5603616986159251,0.717599258618136,0.717599258618136,0.5849802371541502,0.0,-0.002916849732776172,0.018511629308314636,2020-09-21 20:00:00+00:00,2020-09-23 13:30:00+00:00,2020-06-29 20:00:00+00:00,fixed,sigmoid,1.0,0.933733545330835,0.933733545330835,0.011058152156748324,rule,1
2020-09-22,0.5734597156398105,0.5603616986159251,0.717599258618136,0.717599258618136,0.5849802371541502,1.0,0.0014180436864337231,0.016690002931570504,2020-09-22 20:00:00+00:00,2020-09-24 13:30:00+00:00,2020-06-29 20:00:00+00:00,fixed,sigmoid,1.0,0.933733545330835,0.933733545330835,0.011058152156748324,rule,1
2020-09-23,0.5734597156398105,0.5603616986159251,0.717599258618136,0.717599258618136,0.5849802371541502,1.0,0.007054060444531274,0.016639659658916655,2020-09-23 20:00:00+00:00,2020-09-25 13:30:00+00:00,2020-06-29 20:00:00+00:00,fixed,sigmoid,1.0,0.933733545330835,0.933733545330835,0.011058152156748324,rule,1
2020-09-24,0.5734597156398105,0.5603616986159251,0.717599258618136,0.717599258618136,0.5849802371541502,1.0,0.017916870086887027,0.016118885467042748,2020-09-24 20:00:00+00:00,2020-09-28 13:30:00+00:00,2020-06-29 20:00:00+00:00,fixed,sigmoid,1.0,0.933733545330835,0.933733545330835,0.011058152156748324,rule,1
2020-09-25,0.5734597156398105,0.5603616986159251,0.717599258618136,0.717599258618136,0.5849802371541502,1.0,0.010162025672944885,0.01667146358662695,2020-09-25 20:00:00+00:00,2020-09-29 13:30:00+00:00,2020-06-29 20:00:00+00:00,fixed,sigmoid,1.0,0.933733545330835,0.933733545330835,0.011058152156748324,rule,1
2020-06-29,0.7809171409235297,0.6640904112577848,0.7556003871306761,0.6640904112577848,0.5849802371541502,0.0,-0.012381382383331863,0.01173943442077837,2020-06-29 20:00:00+00:00,2020-07-01 13:30:00+00:00,2020-06-29 20:00:00+00:00,0.2,shrink,0.34615384615384615,0.3388128532047302,0.9787926870358873,0.011058152156748324,logistic,1
2020-06-30,0.7908249225155841,0.6690443020538119,0.7575029503327645,0.6690443020538119,0.5849802371541502,1.0,0.005381450223036044,0.012442937049502842,2020-06-30 20:00:00+00:00,2020-07-02 13:30:00+00:00,2020-06-29 20:00:00+00:00,0.2,shrink,0.34615384615384615,0.3388128532047302,0.9787926870358873,0.011058152156748324,logistic,1
2020-07-01,0.676190483861924,0.6117270827269818,0.7378666992643851,0.6117270827269818,0.5849802371541502,1.0,0.018455191097356716,0.012987420409958924,2020-07-01 20:00:00+00:00,2020-07-06 13:30:00+00:00,2020-06-29 20:00:00+00:00,0.2,shrink,0.34615384615384615,0.3388128532047302,0.9787926870358873,0.011058152156748324,logistic,1
2020-07-02,0.7595112134830625,0.6533874475375512,0.7516588038900759,0.6533874475375512,0.5849802371541502,0.0,-0.0017982118865486063,0.012946590521876505,2020-07-02 20:00:00+00:00,2020-07-07 13:30:00+00:00,2020-06-29 20:00:00+00:00,0.2,shrink,0.34615384615384615,0.3388128532047302,0.9787926870358873,0.011058152156748324,logistic,1
2020-07-06,0.7854407394704793,0.6663522105312596,0.7564623552603447,0.6663522105312596,0.5849802371541502,0.0,-0.0030328925036631205,0.012700426867909998,2020-07-06 20:00:00+00:00,2020-07-08 13:30:00+00:00,2020-06-29 20:00:00+00:00,0.2,shrink,0.34615384615384615,0.3388128532047302,0.9787926870358873,0.011058152156748324,logistic,1
2020-07-07,0.7034157996851925,0.6253397406386161,0.7421629072743732,0.6253397406386161,0.5849802371541502,1.0,0.0018127288547282738,0.012660661950894492,2020-07-07 20:00:00+00:00,2020-07-09 13:30:00+00:00,2020-06-29 20:00:00+00:00,0.2,shrink,0.34615384615384615,0.3388128532047302,0.9787926870358873,0.011058152156748324,logistic,1
2020-07-08,0.7893749912509677,0.6683193364215037,0.7572211120017425,0.6683193364215037,0.5849802371541502,1.0,0.02745473893884487,0.01169668740214758,2020-07-08 20:00:00+00:00,2020-07-10 13:30:00+00:00,2020-06-29 20:00:00+00:00,0.2,shrink,0.34615384615384615,0.3388128532047302,0.9787926870358873,0.011058152156748324,logistic,1
2020-07-09,0.7525266039922723,0.649895142792156,0.7504167094795475,0.649895142792156,0.5849802371541502,0.0,-0.01913043411403037,0.011944780396836205,2020-07-09 20:00:00+00:00,2020-07-13 13:30:00+00:00,2020-06-29 20:00:00+00:00,0.2,shrink,0.34615384615384615,0.3388128532047302,0.9787926870358873,0.011058152156748324,logistic,1
2020-07-10,0.807716109878841,0.6774898957354404,0.7608809843893367,0.6774898957354404,0.5849802371541502,1.0,0.014338131171349966,0.01251289095337968,2020-07-10 20:00:00+00:00,2020-07-14 13:30:00+00:00,2020-06-29 20:00:00+00:00,0.2,shrink,0.34615384615384615,0.3388128532047302,0.9787926870358873,0.011058152156748324,logistic,1
2020-07-13,0.7816607403857245,0.6644622109888821,0.7557413317433065,0.6644622109888821,0.5849802371541502,0.0,-0.02249847399837024,0.012547327140292037,2020-07-13 20:00:00+00:00,2020-07-15 13:30:00+00:00,2020-06-29 20:00:00+00:00,0.2,shrink,0.34615384615384615,0.3388128532047302,0.9787926870358873,0.011058152156748324,logistic,1
2020-07-14,0.7731300334346207,0.6601968575133302,0.7541413433669679,0.6601968575133302,0.5849802371541502,0.0,-0.0028345786079331248,0.012394973653746566,2020-07-14 20:00:00+00:00,2020-07-16 13:30:00+00:00,2020-06-29 20:00:00+00:00,0.2,shrink,0.34615384615384615,0.3388128532047302,0.9787926870358873,0.011058152156748324,logistic,1
2020-07-15,0.7728188648234824,0.6600412732077611,0.7540836651122762,0.6600412732077611,0.5849802371541502,0.0,-0.0042882104555374,0.013942027562577152,2020-07-15 20:00:00+00:00,2020-07-17 13:30:00+00:00,2020-06-29 20:00:00+00:00,0.2,shrink,0.34615384615384615,0.3388128532047302,0.9787926870358873,0.011058152156748324,logistic,1
2020-07-16,0.6059923094230424,0.5766279955075411,0.7273585709126744,0.5766279955075411,0.5849802371541502,1.0,0.009212465568771977,0.013549129283123358,2020-07-16 20:00:00+00:00,2020-07-20 13:30:00+00:00,2020-06-29 20:00:00+00:00,0.2,shrink,0.34615384615384615,0.3388128532047302,0.9787926870358873,0.011058152156748324,logistic,1
2020-07-17,0.7044861970281963,0.625874939310118,0.7423352816797597,0.625874939310118,0.5849802371541502,1.0,0.0024050584084522875,0.013485195690903944,2020-07-17 20:00:00+00:00,2020-07-21 13:30:00+00:00,2020-06-29 20:00:00+00:00,0.2,shrink,0.34615384615384615,0.3388128532047302,0.9787926870358873,0.011058152156748324,logistic,1
2020-07-20,0.6394688866380758,0.5933662841150578,0.7322896894256341,0.5933662841150578,0.5849802371541502,0.0,-0.014805536619840964,0.013625337066275446,2020-07-20 20:00:00+00:00,2020-07-22 13:30:00+00:00,2020-06-29 20:00:00+00:00,0.2,shrink,0.34615384615384615,0.3388128532047302,0.9787926870358873,0.011058152156748324,logistic,1
2020-07-21,0.7107897245444691,0.6290267030682544,0.7433563145316893,0.6290267030682544,0.5849802371541502,0.0,-0.021577765898585954,0.013653003939047469,2020-07-21 20:00:00+00:00,2020-07-23 13:30:00+00:00,2020-06-29 20:00:00+00:00,0.2,shrink,0.34615384615384615,0.3388128532047302,0.9787926870358873,0.011058152156748324,logistic,1
2020-07-22,0.6398483322962082,0.5935560069441239,0.7323462989710826,0.5935560069441239,0.5849802371541502,0.0,-0.009943195245313063,0.014834662924336264,2020-07-22 20:00:00+00:00,2020-07-24 13:30:00+00:00,2020-06-29 20:00:00+00:00,0.2,shrink,0.34615384615384615,0.3388128532047302,0.9787926870358873,0.011058152156748324,logistic,1
2020-07-23,0.7462992828252203,0.64678148220863,0.7493255900717153,0.64678148220863,0.5849802371541502,0.0,-0.01657451865023407,0.014381080942347834,2020-07-23 20:00:00+00:00,2020-07-27 13:30:00+00:00,2020-06-29 20:00:00+00:00,0.2,shrink,0.34615384615384615,0.3388128532047302,0.9787926870358873,0.011058152156748324,logistic,1
2020-07-24,0.823211746590445,0.6852377140912425,0.7641535920231081,0.6852377140912425,0.5849802371541502,1.0,0.011339066232267658,0.015735259012877423,2020-07-24 20:00:00+00:00,2020-07-28 13:30:00+00:00,2020-06-29 20:00:00+00:00,0.2,shrink,0.34615384615384615,0.3388128532047302,0.9787926870358873,0.011058152156748324,logistic,1
2020-07-27,0.6610107802738623,0.604137230932951,0.7355352623596106,0.604137230932951,0.5849802371541502,1.0,0.0036104063462647495,0.014560023889994817,2020-07-27 20:00:00+00:00,2020-07-29 13:30:00+00:00,2020-06-29 20:00:00+00:00,0.2,shrink,0.34615384615384615,0.3388128532047302,0.9787926870358873,0.011058152156748324,logistic,1
2020-07-28,0.5501399888080536,0.5487018352000467,0.7193106523942387,0.5487018352000467,0.5849802371541502,0.0,-0.008875904431537629,0.015125714411581946,2020-07-28 20:00:00+00:00,2020-07-30 13:30:00+00:00,2020-06-29 20:00:00+00:00,0.2,shrink,0.34615384615384615,0.3388128532047302,0.9787926870358873,0.011058152156748324,logistic,1
2020-07-29,0.6612221419048058,0.6042429117484227,0.7355674534455349,0.6042429117484227,0.5849802371541502,1.0,0.017142250763220845,0.015789367879002075,2020-07-29 20:00:00+00:00,2020-07-31 13:30:00+00:00,2020-06-29 20:00:00+00:00,0.2,shrink,0.34615384615384615,0.3388128532047302,0.9787926870358873,0.011058152156748324,logistic,1
2020-07-30,0.38211798252001145,0.46469083205602557,0.694542230053134,0.46469083205602557,0.5849802371541502,0.0,-0.0014926245212496525,0.015929107809058804,2020-07-30 20:00:00+00:00,2020-08-03 13:30:00+00:00,2020-06-29 20:00:00+00:00,0.2,shrink,0.34615384615384615,0.3388128532047302,0.9787926870358873,0.011058152156748324,logistic,1
2020-07-31,0.5456947741964766,0.5464792278942582,0.7186746065558695,0.5464792278942582,0.5849802371541502,0.0,-0.0017586306737564783,0.01605011097963502,2020-07-31 20:00:00+00:00,2020-08-04 13:30:00+00:00,2020-06-29 20:00:00+00:00,0.2,shrink,0.34615384615384615,0.3388128532047302,0.9787926870358873,0.011058152156748324,logistic,1
2020-08-03,0.681827080087954,0.6145453808399969,0.7387432383450929,0.6145453808399969,0.5849802371541502,1.0,0.01186460707168746,0.01675877637944788,2020-08-03 20:00:00+00:00,2020-08-05 13:30:00+00:00,2020-06-29 20:00:00+00:00,0.2,shrink,0.34615384615384615,0.3388128532047302,0.9787926870358873,0.011058152156748324,logistic,1
2020-08-04,0.5384954925738137,0.5428795870829267,0.7176448051398192,0.5428795870829267,0.5849802371541502,1.0,0.03205070357017559,0.016797278087758605,2020-08-04 20:00:00+00:00,2020-08-06 13:30:00+00:00,2020-06-29 20:00:00+00:00,0.2,shrink,0.34615384615384615,0.3388128532047302,0.9787926870358873,0.011058152156748324,logistic,1
2020-08-05,0.33357763236064125,0.4404206569763405,0.6866154260954359,0.4404206569763405,0.5849802371541502,0.0,-0.004219395583759611,0.021216956356385222,2020-08-05 20:00:00+00:00,2020-08-07 13:30:00+00:00,2020-06-29 20:00:00+00:00,0.2,shrink,0.34615384615384615,0.3388128532047302,0.9787926870358873,0.011058152156748324,logistic,1
2020-08-06,0.561984837006889,0.5546242592994644,0.7210070517179172,0.5546242592994644,0.5849802371541502,0.0,-0.003910274351739962,0.021162405854842397,2020-08-06 20:00:00+00:00,2020-08-10 13:30:00+00:00,2020-06-29 20:00:00+00:00,0.2,shrink,0.34615384615384615,0.3388128532047302,0.9787926870358873,0.011058152156748324,logistic,1
2020-08-07,0.5324482319229583,0.539855956757499,0.7167798233244006,0.539855956757499,0.5849802371541502,0.0,-0.01858893716306731,0.021660324680384112,2020-08-07 20:00:00+00:00,2020-08-11 13:30:00+00:00,2020-06-29 20:00:00+00:00,0.2,shrink,0.34615384615384615,0.3388128532047302,0.9787926870358873,0.011058152156748324,logistic,1
2020-08-10,0.5864514543608249,0.5668575679764323,0.7245253255312125,0.5668575679764323,0.5849802371541502,1.0,0.011074436840968982,0.022860089571956104,2020-08-10 20:00:00+00:00,2020-08-12 13:30:00+00:00,2020-06-29 20:00:00+00:00,0.2,shrink,0.34615384615384615,0.3388128532047302,0.9787926870358873,0.011058152156748324,logistic,1
2020-08-11,0.40904584739433114,0.47815476449318545,0.698718712834085,0.47815476449318545,0.5849802371541502,1.0,0.011602100368002244,0.02301122042343769,2020-08-11 20:00:00+00:00,2020-08-13 13:30:00+00:00,2020-06-29 20:00:00+00:00,0.2,shrink,0.34615384615384615,0.3388128532047302,0.9787926870358873,0.011058152156748324,logistic,1
2020-08-12,0.4808665489762006,0.5140651152841202,0.7093669128830352,0.5140651152841202,0.5849802371541502,0.0,-0.013451512038513469,0.022452566990529086,2020-08-12 20:00:00+00:00,2020-08-14 13:30:00+00:00,2020-06-29 20:00:00+00:00,0.2,shrink,0.34615384615384615,0.3388128532047302,0.9787926870358873,0.011058152156748324,logistic,1
2020-08-13,0.6990991762180555,0.6231814289050477,0.7414706247269581,0.6231814289050477,0.5849802371541502,0.0,-0.0007061144513693662,0.022925674776943555,2020-08-13 20:00:00+00:00,2020-08-17 13:30:00+00:00,2020-06-29 20:00:00+00:00,0.2,shrink,0.34615384615384615,0.3388128532047302,0.9787926870358873,0.011058152156748324,logistic,1
2020-08-14,0.6206279328742428,0.5839458072331413,0.7295002781195451,0.5839458072331413,0.5849802371541502,1.0,0.02125722421722709,0.023165406017314445,2020-08-14 20:00:00+00:00,2020-08-18 13:30:00+00:00,2020-06-29 20:00:00+00:00,0.2,shrink,0.34615384615384615,0.3388128532047302,0.9787926870358873,0.011058152156748324,logistic,1
2020-08-17,0.6269025950440579,0.5870831383180488,0.7304248182165859,0.5870831383180488,0.5849802371541502,0.0,-0.017667143676953656,0.023209953923267267,2020-08-17 20:00:00+00:00,2020-08-19 13:30:00+00:00,2020-06-29 20:00:00+00:00,0.2,shrink,0.34615384615384615,0.3388128532047302,0.9787926870358873,0.011058152156748324,logistic,1
2020-08-18,0.5746868603491799,0.5609752709706098,0.7228304850059962,0.5609752709706098,0.5849802371541502,1.0,0.013765983656746528,0.023014265356602726,2020-08-18 20:00:00+00:00,2020-08-20 13:30:00+00:00,2020-06-29 20:00:00+00:00,0.2,shrink,0.34615384615384615,0.3388128532047302,0.9787926870358873,0.011058152156748324,logistic,1
2020-08-19,0.4297609528982669,0.4885123172451533,0.7018513865090822,0.4885123172451533,0.5849802371541502,1.0,0.014122934908330942,0.02230173753990304,2020-08-19 20:00:00+00:00,2020-08-21 13:30:00+00:00,2020-06-29 20:00:00+00:00,0.2,shrink,0.34615384615384615,0.3388128532047302,0.9787926870358873,0.011058152156748324,logistic,1
2020-08-20,0.6127104064617749,0.5799870440269073,0.7283392680850859,0.5799870440269073,0.5849802371541502,1.0,0.006974336258002367,0.022289244502083153,2020-08-20 20:00:00+00:00,2020-08-24 13:30:00+00:00,2020-06-29 20:00:00+00:00,0.2,shrink,0.34615384615384615,0.3388128532047302,0.9787926870358873,0.011058152156748324,logistic,1
2020-08-21,0.5642611102717224,0.5557623959318811,0.7213334314681427,0.5557623959318811,0.5849802371541502,0.0,-0.042323121152331944,0.021008975165330616,2020-08-21 20:00:00+00:00,2020-08-25 13:30:00+00:00,2020-06-29 20:00:00+00:00,0.2,shrink,0.34615384615384615,0.3388128532047302,0.9787926870358873,0.011058152156748324,logistic,1
2020-08-24,0.6856243180974637,0.6164439998447517,0.7393373265611729,0.6164439998447517,0.5849802371541502,1.0,0.016056646628934468,0.022914722247872395,2020-08-24 20:00:00+00:00,2020-08-26 13:30:00+00:00,2020-06-29 20:00:00+00:00,0.2,shrink,0.34615384615384615,0.3388128532047302,0.9787926870358873,0.011058152156748324,logistic,1
2020-08-25,0.6593716903999742,0.603317685996007,0.7352858689494726,0.603317685996007,0.5849802371541502,1.0,0.003421376036794488,0.022480379417383987,2020-08-25 20:00:00+00:00,2020-08-27 13:30:00+00:00,2020-06-29 20:00:00+00:00,0.2,shrink,0.34615384615384615,0.3388128532047302,0.9787926870358873,0.011058152156748324,logistic,1
2020-08-26,0.6529462787203926,0.6001049801562162,0.7343122914995053,0.6001049801562162,0.5849802371541502,1.0,0.007210233927979148,0.021997233259086243,2020-08-26 20:00:00+00:00,2020-08-28 13:30:00+00:00,2020-06-29 20:00:00+00:00,0.2,shrink,0.34615384615384615,0.3388128532047302,0.9787926870358873,0.011058152156748324,logistic,1
2020-08-27,0.6325787366613974,0.5899212091267185,0.7312648642844471,0.5899212091267185,0.5849802371541502,1.0,0.020529600844882756,0.02208728845191344,2020-08-27 20:00:00+00:00,2020-08-31 13:30:00+00:00,2020-06-29 20:00:00+00:00,0.2,shrink,0.34615384615384615,0.3388128532047302,0.9787926870358873,0.011058152156748324,logistic,1
2020-08-28,0.4882659485116242,0.5177648150518319,0.7104372108509831,0.5177648150518319,0.5849802371541502,1.0,0.012202702781861863,0.021421242346309693,2020-08-28 20:00:00+00:00,2020-09-01 13:30:00+00:00,2020-06-29 20:00:00+00:00,0.2,shrink,0.34615384615384615,0.3388128532047302,0.9787926870358873,0.011058152156748324,logistic,1
2020-08-31,0.4086202845135632,0.47794198305280144,0.698653686034921,0.47794198305280144,0.5849802371541502,0.0,-0.025291157703930756,0.022055502101550075,2020-08-31 20:00:00+00:00,2020-09-02 13:30:00+00:00,2020-06-29 20:00:00+00:00,0.2,shrink,0.34615384615384615,0.3388128532047302,0.9787926870358873,0.011058152156748324,logistic,1
2020-09-01,0.7135466962048287,0.6304051888984342,0.7438061722521115,0.6304051888984342,0.5849802371541502,1.0,0.012480134929007791,0.023535379359575597,2020-09-01 20:00:00+00:00,2020-09-03 13:30:00+00:00,2020-06-29 20:00:00+00:00,0.2,shrink,0.34615384615384615,0.3388128532047302,0.9787926870358873,0.011058152156748324,logistic,1
2020-09-02,0.5495801823150058,0.5484219319535228,0.7192305395713507,0.5484219319535228,0.5849802371541502,1.0,0.009664355900930621,0.02019847477918168,2020-09-02 20:00:00+00:00,2020-09-04 13:30:00+00:00,2020-06-29 20:00:00+00:00,0.2,shrink,0.34615384615384615,0.3388128532047302,0.9787926870358873,0.011058152156748324,logistic,1
2020-09-03,0.6050577170786245,0.5761606993353321,0.7272224381820592,0.5761606993353321,0.5849802371541502,1.0,0.020013034242736705,0.019601830409969982,2020-09-03 20:00:00+00:00,2020-09-08 13:30:00+00:00,2020-06-29 20:00:00+00:00,0.2,shrink,0.34615384615384615,0.3388128532047302,0.9787926870358873,0.011058152156748324,logistic,1
2020-09-04,0.5754322601638026,0.5613479708779212,0.7229376769576531,0.5613479708779212,0.5849802371541502,0.0,-0.01854216105700013,0.019481801239576376,2020-09-04 20:00:00+00:00,2020-09-09 13:30:00+00:00,2020-06-29 20:00:00+00:00,0.2,shrink,0.34615384615384615,0.3388128532047302,0.9787926870358873,0.011058152156748324,logistic,1
2020-09-08,0.7570882479716136,0.6521759647818266,0.7512256537404066,0.6521759647818266,0.5849802371541502,0.0,-0.02701617777513521,0.018053594556604637,2020-09-08 20:00:00+00:00,2020-09-10 13:30:00+00:00,2020-06-29 20:00:00+00:00,0.2,shrink,0.34615384615384615,0.3388128532047302,0.9787926870358873,0.011058152156748324,logistic,1
2020-09-09,0.7522177411922332,0.6497407113921365,0.7503622383135891,0.6497407113921365,0.5849802371541502,1.0,0.011328357138388645,0.018804037056558563,2020-09-09 20:00:00+00:00,2020-09-11 13:30:00+00:00,2020-06-29 20:00:00+00:00,0.2,shrink,0.34615384615384615,0.3388128532047302,0.9787926870358873,0.011058152156748324,logistic,1
2020-09-10,0.5845268530914117,0.5658952673417257,0.7242475838555462,0.5658952673417257,0.5849802371541502,0.0,-0.002365922340572202,0.018774154720693614,2020-09-10 20:00:00+00:00,2020-09-14 13:30:00+00:00,2020-06-29 20:00:00+00:00,0.2,shrink,0.34615384615384615,0.3388128532047302,0.9787926870358873,0.011058152156748324,logistic,1
2020-09-11,0.4085393069147191,0.47790149425337947,0.6986413092361698,0.47790149425337947,0.5849802371541502,0.0,-0.020034225977470954,0.018153288884771687,2020-09-11 20:00:00+00:00,2020-09-15 13:30:00+00:00,2020-06-29 20:00:00+00:00,0.2,shrink,0.34615384615384615,0.3388128532047302,0.9787926870358873,0.011058152156748324,logistic,1
2020-09-14,0.6160189371360192,0.5816413093640295,0.7288237027792152,0.5816413093640295,0.5849802371541502,1.0,0.009902058890637333,0.017923985201655994,2020-09-14 20:00:00+00:00,2020-09-16 13:30:00+00:00,2020-06-29 20:00:00+00:00,0.2,shrink,0.34615384615384615,0.3388128532047302,0.9787926870358873,0.011058152156748324,logistic,1
2020-09-15,0.3963872991742601,0.4718254903831499,0.6967716302983316,0.4718254903831499,0.5849802371541502,0.0,-0.01089981282611896,0.017690234027525686,2020-09-15 20:00:00+00:00,2020-09-17 13:30:00+00:00,2020-06-29 20:00:00+00:00,0.2,shrink,0.34615384615384615,0.3388128532047302,0.9787926870358873,0.011058152156748324,logistic,1
2020-09-16,0.633244491985291,0.5902540867886654,0.7313636361511869,0.5902540867886654,0.5849802371541502,0.0,-0.026252249607598865,0.018260092761976054,2020-09-16 20:00:00+00:00,2020-09-18 13:30:00+00:00,2020-06-29 20:00:00+00:00,0.2,shrink,0.34615384615384615,0.3388128532047302,0.9787926870358873,0.011058152156748324,logistic,1
2020-09-17,0.4426891360045163,0.49497640879827803,0.7037775720082258,0.49497640879827803,0.5849802371541502,1.0,0.008085712726523031,0.01854381341976701,2020-09-17 20:00:00+00:00,2020-09-21 13:30:00+00:00,2020-06-29 20:00:00+00:00,0.2,shrink,0.34615384615384615,0.3388128532047302,0.9787926870358873,0.011058152156748324,logistic,1
2020-09-18,0.6743370504332324,0.6108003660126361,0.737579812526183,0.6108003660126361,0.5849802371541502,1.0,0.003352831288118141,0.01853765084669533,2020-09-18 20:00:00+00:00,2020-09-22 13:30:00+00:00,2020-06-29 20:00:00+00:00,0.2,shrink,0.34615384615384615,0.3388128532047302,0.9787926870358873,0.011058152156748324,logistic,1
2020-09-21,0.48236043806094153,0.5148120598264907,0.7095832696199427,0.5148120598264907,0.5849802371541502,0.0,-0.002916849732776172,0.018511629308314636,2020-09-21 20:00:00+00:00,2020-09-23 13:30:00+00:00,2020-06-29 20:00:00+00:00,0.2,shrink,0.34615384615384615,0.3388128532047302,0.9787926870358873,0.011058152156748324,logistic,1
2020-09-22,0.44328346311494027,0.49527357235349,0.7038656503140982,0.49527357235349,0.5849802371541502,1.0,0.0014180436864337231,0.016690002931570504,2020-09-22 20:00:00+00:00,2020-09-24 13:30:00+00:00,2020-06-29 20:00:00+00:00,0.2,shrink,0.34615384615384615,0.3388128532047302,0.9787926870358873,0.011058152156748324,logistic,1
2020-09-23,0.6180643750554036,0.5826640283237217,0.7291237073671333,0.5826640283237217,0.5849802371541502,1.0,0.007054060444531274,0.016639659658916655,2020-09-23 20:00:00+00:00,2020-09-25 13:30:00+00:00,2020-06-29 20:00:00+00:00,0.2,shrink,0.34615384615384615,0.3388128532047302,0.9787926870358873,0.011058152156748324,logistic,1
2020-09-24,0.6437573102363429,0.5955104959141913,0.7329305705912725,0.5955104959141913,0.5849802371541502,1.0,0.017916870086887027,0.016118885467042748,2020-09-24 20:00:00+00:00,2020-09-28 13:30:00+00:00,2020-06-29 20:00:00+00:00,0.2,shrink,0.34615384615384615,0.3388128532047302,0.9787926870358873,0.011058152156748324,logistic,1
2020-09-25,0.554694687735964,0.5509791846640019,0.7199626413296573,0.5509791846640019,0.5849802371541502,1.0,0.010162025672944885,0.01667146358662695,2020-09-25 20:00:00+00:00,2020-09-29 13:30:00+00:00,2020-06-29 20:00:00+00:00,0.2,shrink,0.34615384615384615,0.3388128532047302,0.9787926870358873,0.011058152156748324,logistic,1
2020-06-29,0.6821413337908361,0.6147025076914379,0.7639582650376676,0.7639582650376676,0.5849802371541502,0.0,-0.012381382383331863,0.01173943442077837,2020-06-29 20:00:00+00:00,2020-07-01 13:30:00+00:00,2020-06-29 20:00:00+00:00,2,sigmoid,0.5769230769230769,0.5483981589115933,0.950556808780095,0.011058152156748324,boosting,1
2020-06-30,0.6868417036753024,0.617052692633671,0.7655042499358954,0.7655042499358954,0.5849802371541502,1.0,0.005381450223036044,0.012442937049502842,2020-06-30 20:00:00+00:00,2020-07-02 13:30:00+00:00,2020-06-29 20:00:00+00:00,2,sigmoid,0.5769230769230769,0.5483981589115933,0.950556808780095,0.011058152156748324,boosting,1
2020-07-01,0.6483020129068818,0.5977828472494608,0.7529628323198003,0.7529628323198003,0.5849802371541502,1.0,0.018455191097356716,0.012987420409958924,2020-07-01 20:00:00+00:00,2020-07-06 13:30:00+00:00,2020-06-29 20:00:00+00:00,2,sigmoid,0.5769230769230769,0.5483981589115933,0.950556808780095,0.011058152156748324,boosting,1
2020-07-02,0.6531340481452844,0.600198864868662,0.7545207800935035,0.7545207800935035,0.5849802371541502,0.0,-0.0017982118865486063,0.012946590521876505,2020-07-02 20:00:00+00:00,2020-07-07 13:30:00+00:00,2020-06-29 20:00:00+00:00,2,sigmoid,0.5769230769230769,0.5483981589115933,0.950556808780095,0.011058152156748324,boosting,1
2020-07-06,0.6809662647456088,0.6141149731688242,0.7635726043691847,0.7635726043691847,0.5849802371541502,0.0,-0.0030328925036631205,0.012700426867909998,2020-07-06 20:00:00+00:00,2020-07-08 13:30:00+00:00,2020-06-29 20:00:00+00:00,2,sigmoid,0.5769230769230769,0.5483981589115933,0.950556808780095,0.011058152156748324,boosting,1
2020-07-07,0.6951647813066272,0.6212142314493334,0.7682556086192186,0.7682556086192186,0.5849802371541502,1.0,0.0018127288547282738,0.012660661950894492,2020-07-07 20:00:00+00:00,2020-07-09 13:30:00+00:00,2020-06-29 20:00:00+00:00,2,sigmoid,0.5769230769230769,0.5483981589115933,0.950556808780095,0.011058152156748324,boosting,1
2020-07-08,0.7711192526346677,0.6591914671133537,0.794548317366872,0.794548317366872,0.5849802371541502,1.0,0.02745473893884487,0.01169668740214758,2020-07-08 20:00:00+00:00,2020-07-10 13:30:00+00:00,2020-06-29 20:00:00+00:00,2,sigmoid,0.5769230769230769,0.5483981589115933,0.950556808780095,0.011058152156748324,boosting,1
2020-07-09,0.6122854166948998,0.5797745491434698,0.7414310434642977,0.7414310434642977,0.5849802371541502,0.0,-0.01913043411403037,0.011944780396836205,2020-07-09 20:00:00+00:00,2020-07-13 13:30:00+00:00,2020-06-29 20:00:00+00:00,2,sigmoid,0.5769230769230769,0.5483981589115933,0.950556808780095,0.011058152156748324,boosting,1
2020-07-10,0.7884074039825449,0.6678355427872924,0.8009628550468885,0.8009628550468885,0.5849802371541502,1.0,0.014338131171349966,0.01251289095337968,2020-07-10 20:00:00+00:00,2020-07-14 13:30:00+00:00,2020-06-29 20:00:00+00:00,2,sigmoid,0.5769230769230769,0.5483981589115933,0.950556808780095,0.011058152156748324,boosting,1
2020-07-13,0.7002319278444229,0.6237478047182313,0.7699400095557967,0.7699400095557967,0.5849802371541502,0.0,-0.02249847399837024,0.012547327140292037,2020-07-13 20:00:00+00:00,2020-07-15 13:30:00+00:00,2020-06-29 20:00:00+00:00,2,sigmoid,0.5769230769230769,0.5483981589115933,0.950556808780095,0.011058152156748324,boosting,1
2020-07-14,0.7884074039825449,0.6678355427872924,0.8009628550468885,0.8009628550468885,0.5849802371541502,0.0,-0.0028345786079331248,0.012394973653746566,2020-07-14 20:00:00+00:00,2020-07-16 13:30:00+00:00,2020-06-29 20:00:00+00:00,2,sigmoid,0.5769230769230769,0.5483981589115933,0.950556808780095,0.011058152156748324,boosting,1
2020-07-15,0.7750703530494092,0.6611670173207245,0.7959961392035798,0.7959961392035798,0.5849802371541502,0.0,-0.0042882104555374,0.013942027562577152,2020-07-15 20:00:00+00:00,2020-07-17 13:30:00+00:00,2020-06-29 20:00:00+00:00,2,sigmoid,0.5769230769230769,0.5483981589115933,0.950556808780095,0.011058152156748324,boosting,1
2020-07-16,0.880466244485685,0.7138649630388624,0.8404228752522439,0.8404228752522439,0.5849802371541502,1.0,0.009212465568771977,0.013549129283123358,2020-07-16 20:00:00+00:00,2020-07-20 13:30:00+00:00,2020-06-29 20:00:00+00:00,2,sigmoid,0.5769230769230769,0.5483981589115933,0.950556808780095,0.011058152156748324,boosting,1
2020-07-17,0.7717072517333647,0.6594854666627022,0.7947631373744318,0.7947631373744318,0.5849802371541502,1.0,0.0024050584084522875,0.013485195690903944,2020-07-17 20:00:00+00:00,2020-07-21 13:30:00+00:00,2020-06-29 20:00:00+00:00,2,sigmoid,0.5769230769230769,0.5483981589115933,0.950556808780095,0.011058152156748324,boosting,1
2020-07-20,0.7307806782826414,0.6390221799373406,0.7802741960379993,0.7802741960379993,0.5849802371541502,0.0,-0.014805536619840964,0.013625337066275446,2020-07-20 20:00:00+00:00,2020-07-22 13:30:00+00:00,2020-06-29 20:00:00+00:00,2,sigmoid,0.5769230769230769,0.5483981589115933,0.950556808780095,0.011058152156748324,boosting,1
2020-07-21,0.788534026127365,0.6678988538597024,0.8010106338625559,0.8010106338625559,0.5849802371541502,0.0,-0.021577765898585954,0.013653003939047469,2020-07-21 20:00:00+00:00,2020-07-23 13:30:00+00:00,2020-06-29 20:00:00+00:00,2,sigmoid,0.5769230769230769,0.5483981589115933,0.950556808780095,0.011058152156748324,boosting,1
2020-07-22,0.6388562604589227,0.5930599710254812,0.7499262778015354,0.7499262778015354,0.5849802371541502,0.0,-0.009943195245313063,0.014834662924336264,2020-07-22 20:00:00+00:00,2020-07-24 13:30:00+00:00,2020-06-29 20:00:00+00:00,2,sigmoid,0.5769230769230769,0.5483981589115933,0.950556808780095,0.011058152156748324,boosting,1
2020-07-23,0.6013456353102832,0.5743046584511615,0.737945349865217,0.737945349865217,0.5849802371541502,0.0,-0.01657451865023407,0.014381080942347834,2020-07-23 20:00:00+00:00,2020-07-27 13:30:00+00:00,2020-06-29 20:00:00+00:00,2,sigmoid,0.5769230769230769,0.5483981589115933,0.950556808780095,0.011058152156748324,boosting,1
2020-07-24,0.6658646772030767,0.6065641793975582,0.7586429954234636,0.7586429954234636,0.5849802371541502,1.0,0.011339066232267658,0.015735259012877423,2020-07-24 20:00:00+00:00,2020-07-28 13:30:00+00:00,2020-06-29 20:00:00+00:00,2,sigmoid,0.5769230769230769,0.5483981589115933,0.950556808780095,0.011058152156748324,boosting,1
2020-07-27,0.6044146352579034,0.5758391584249716,0.7389228411543152,0.7389228411543152,0.5849802371541502,1.0,0.0036104063462647495,0.014560023889994817,2020-07-27 20:00:00+00:00,2020-07-29 13:30:00+00:00,2020-06-29 20:00:00+00:00,2,sigmoid,0.5769230769230769,0.5483981589115933,0.950556808780095,0.011058152156748324,boosting,1
2020-07-28,0.21332964008093427,0.380296660836487,0.5885140753579308,0.5885140753579308,0.5849802371541502,0.0,-0.008875904431537629,0.015125714411581946,2020-07-28 20:00:00+00:00,2020-07-30 13:30:00+00:00,2020-06-29 20:00:00+00:00,2,sigmoid,0.5769230769230769,0.5483981589115933,0.950556808780095,0.011058152156748324,boosting,1
2020-07-29,0.6253584421955214,0.5863110618937806,0.7456038765474192,0.7456038765474192,0.5849802371541502,1.0,0.017142250763220845,0.015789367879002075,2020-07-29 20:00:00+00:00,2020-07-31 13:30:00+00:00,2020-06-29 20:00:00+00:00,2,sigmoid,0.5769230769230769,0.5483981589115933,0.950556808780095,0.011058152156748324,boosting,1
2020-07-30,0.4465953878163179,0.49692953470417883,0.6874804375179955,0.6874804375179955,0.5849802371541502,0.0,-0.0014926245212496525,0.015929107809058804,2020-07-30 20:00:00+00:00,2020-08-03 13:30:00+00:00,2020-06-29 20:00:00+00:00,2,sigmoid,0.5769230769230769,0.5483981589115933,0.950556808780095,0.011058152156748324,boosting,1
2020-07-31,0.4020693848193901,0.47466653320571495,0.6718027219544332,0.6718027219544332,0.5849802371541502,0.0,-0.0017586306737564783,0.01605011097963502,2020-07-31 20:00:00+00:00,2020-08-04 13:30:00+00:00,2020-06-29 20:00:00+00:00,2,sigmoid,0.5769230769230769,0.5483981589115933,0.950556808780095,0.011058152156748324,boosting,1
2020-08-03,0.6390595803842695,0.5931616309881547,0.74999152669811,0.74999152669811,0.5849802371541502,1.0,0.01186460707168746,0.01675877637944788,2020-08-03 20:00:00+00:00,2020-08-05 13:30:00+00:00,2020-06-29 20:00:00+00:00,2,sigmoid,0.5769230769230769,0.5483981589115933,0.950556808780095,0.011058152156748324,boosting,1
2020-08-04,0.4746236621481078,0.5109436718700737,0.696971306259508,0.696971306259508,0.5849802371541502,1.0,0.03205070357017559,0.016797278087758605,2020-08-04 20:00:00+00:00,2020-08-06 13:30:00+00:00,2020-06-29 20:00:00+00:00,2,sigmoid,0.5769230769230769,0.5483981589115933,0.950556808780095,0.011058152156748324,boosting,1
2020-08-05,0.46338423998319384,0.5053239607876168,0.6931948598047883,0.6931948598047883,0.5849802371541502,0.0,-0.004219395583759611,0.021216956356385222,2020-08-05 20:00:00+00:00,2020-08-07 13:30:00+00:00,2020-06-29 20:00:00+00:00,2,sigmoid,0.5769230769230769,0.5483981589115933,0.950556808780095,0.011058152156748324,boosting,1
2020-08-06,0.6545713027713707,0.6009174921817052,0.7549848425311834,0.7549848425311834,0.5849802371541502,0.0,-0.003910274351739962,0.021162405854842397,2020-08-06 20:00:00+00:00,2020-08-10 13:30:00+00:00,2020-06-29 20:00:00+00:00,2,sigmoid,0.5769230769230769,0.5483981589115933,0.950556808780095,0.011058152156748324,boosting,1
2020-08-07,0.48631312093172735,0.5167884012618835,0.7008619330384888,0.7008619330384888,0.5849802371541502,0.0,-0.01858893716306731,0.021660324680384112,2020-08-07 20:00:00+00:00,2020-08-11 13:30:00+00:00,2020-06-29 20:00:00+00:00,2,sigmoid,0.5769230769230769,0.5483981589115933,0.950556808780095,0.011058152156748324,boosting,1
2020-08-10,0.684113191449505,0.6156884365207724,0.7646061687232851,0.7646061687232851,0.5849802371541502,1.0,0.011074436840968982,0.022860089571956104,2020-08-10 20:00:00+00:00,2020-08-12 13:30:00+00:00,2020-06-29 20:00:00+00:00,2,sigmoid,0.5769230769230769,0.5483981589115933,0.950556808780095,0.011058152156748324,boosting,1
2020-08-11,0.684113191449505,0.6156884365207724,0.7646061687232851,0.7646061687232851,0.5849802371541502,1.0,0.011602100368002244,0.02301122042343769,2020-08-11 20:00:00+00:00,2020-08-13 13:30:00+00:00,2020-06-29 20:00:00+00:00,2,sigmoid,0.5769230769230769,0.5483981589115933,0.950556808780095,0.011058152156748324,boosting,1
2020-08-12,0.6641717533756414,0.6057177174838406,0.7580932115535463,0.7580932115535463,0.5849802371541502,0.0,-0.013451512038513469,0.022452566990529086,2020-08-12 20:00:00+00:00,2020-08-14 13:30:00+00:00,2020-06-29 20:00:00+00:00,2,sigmoid,0.5769230769230769,0.5483981589115933,0.950556808780095,0.011058152156748324,boosting,1
2020-08-13,0.8052115634758263,0.676237622533933,0.8074178341233882,0.8074178341233882,0.5849802371541502,0.0,-0.0007061144513693662,0.022925674776943555,2020-08-13 20:00:00+00:00,2020-08-17 13:30:00+00:00,2020-06-29 20:00:00+00:00,2,sigmoid,0.5769230769230769,0.5483981589115933,0.950556808780095,0.011058152156748324,boosting,1
2020-08-14,0.729364556037209,0.6383141188146244,0.7797874118900668,0.7797874118900668,0.5849802371541502,1.0,0.02125722421722709,0.023165406017314445,2020-08-14 20:00:00+00:00,2020-08-18 13:30:00+00:00,2020-06-29 20:00:00+00:00,2,sigmoid,0.5769230769230769,0.5483981589115933,0.950556808780095,0.011058152156748324,boosting,1
2020-08-17,0.7186278473981292,0.6329457644950844,0.7761228372575413,0.7761228372575413,0.5849802371541502,0.0,-0.017667143676953656,0.023209953923267267,2020-08-17 20:00:00+00:00,2020-08-19 13:30:00+00:00,2020-06-29 20:00:00+00:00,2,sigmoid,0.5769230769230769,0.5483981589115933,0.950556808780095,0.011058152156748324,boosting,1
2020-08-18,0.6874676857095692,0.6173656836508045,0.7657105513741553,0.7657105513741553,0.5849802371541502,1.0,0.013765983656746528,0.023014265356602726,2020-08-18 20:00:00+00:00,2020-08-20 13:30:00+00:00,2020-06-29 20:00:00+00:00,2,sigmoid,0.5769230769230769,0.5483981589115933,0.950556808780095,0.011058152156748324,boosting,1
2020-08-19,0.6172653501216464,0.5822645158568431,0.7430193970219623,0.7430193970219623,0.5849802371541502,1.0,0.014122934908330942,0.02230173753990304,2020-08-19 20:00:00+00:00,2020-08-21 13:30:00+00:00,2020-06-29 20:00:00+00:00,2,sigmoid,0.5769230769230769,0.5483981589115933,0.950556808780095,0.011058152156748324,boosting,1
2020-08-20,0.6530704890301019,0.6001670853110708,0.7545002652685631,0.7545002652685631,0.5849802371541502,1.0,0.006974336258002367,0.022289244502083153,2020-08-20 20:00:00+00:00,2020-08-24 13:30:00+00:00,2020-06-29 20:00:00+00:00,2,sigmoid,0.5769230769230769,0.5483981589115933,0.950556808780095,0.011058152156748324,boosting,1
2020-08-21,0.6150470105641039,0.5811553460780718,0.7423116972930165,0.7423116972930165,0.5849802371541502,0.0,-0.042323121152331944,0.021008975165330616,2020-08-21 20:00:00+00:00,2020-08-25 13:30:00+00:00,2020-06-29 20:00:00+00:00,2,sigmoid,0.5769230769230769,0.5483981589115933,0.950556808780095,0.011058152156748324,boosting,1
2020-08-24,0.66759920224319,0.6074314419176149,0.7592068430745433,0.7592068430745433,0.5849802371541502,1.0,0.016056646628934468,0.022914722247872395,2020-08-24 20:00:00+00:00,2020-08-26 13:30:00+00:00,2020-06-29 20:00:00+00:00,2,sigmoid,0.5769230769230769,0.5483981589115933,0.950556808780095,0.011058152156748324,boosting,1
2020-08-25,0.7066369566372267,0.6269503191146333,0.772080128382659,0.772080128382659,0.5849802371541502,1.0,0.003421376036794488,0.022480379417383987,2020-08-25 20:00:00+00:00,2020-08-27 13:30:00+00:00,2020-06-29 20:00:00+00:00,2,sigmoid,0.5769230769230769,0.5483981589115933,0.950556808780095,0.011058152156748324,boosting,1
2020-08-26,0.7849461583761483,0.666104919984094,0.7996615180215757,0.7996615180215757,0.5849802371541502,1.0,0.007210233927979148,0.021997233259086243,2020-08-26 20:00:00+00:00,2020-08-28 13:30:00+00:00,2020-06-29 20:00:00+00:00,2,sigmoid,0.5769230769230769,0.5483981589115933,0.950556808780095,0.011058152156748324,boosting,1
2020-08-27,0.732569093505945,0.6399163875489924,0.7808901593804471,0.7808901593804471,0.5849802371541502,1.0,0.020529600844882756,0.02208728845191344,2020-08-27 20:00:00+00:00,2020-08-31 13:30:00+00:00,2020-06-29 20:00:00+00:00,2,sigmoid,0.5769230769230769,0.5483981589115933,0.950556808780095,0.011058152156748324,boosting,1
2020-08-28,0.7726980811328362,0.6599808813624379,0.7951256325708441,0.7951256325708441,0.5849802371541502,1.0,0.012202702781861863,0.021421242346309693,2020-08-28 20:00:00+00:00,2020-09-01 13:30:00+00:00,2020-06-29 20:00:00+00:00,2,sigmoid,0.5769230769230769,0.5483981589115933,0.950556808780095,0.011058152156748324,boosting,1
2020-08-31,0.46338423998319384,0.5053239607876168,0.6931948598047883,0.6931948598047883,0.5849802371541502,0.0,-0.025291157703930756,0.022055502101550075,2020-08-31 20:00:00+00:00,2020-09-02 13:30:00+00:00,2020-06-29 20:00:00+00:00,2,sigmoid,0.5769230769230769,0.5483981589115933,0.950556808780095,0.011058152156748324,boosting,1
2020-09-01,0.5727771190417735,0.5600204003169067,0.7288461477412242,0.7288461477412242,0.5849802371541502,1.0,0.012480134929007791,0.023535379359575597,2020-09-01 20:00:00+00:00,2020-09-03 13:30:00+00:00,2020-06-29 20:00:00+00:00,2,sigmoid,0.5769230769230769,0.5483981589115933,0.950556808780095,0.011058152156748324,boosting,1
2020-09-02,0.6530704890301019,0.6001670853110708,0.7545002652685631,0.7545002652685631,0.5849802371541502,1.0,0.009664355900930621,0.02019847477918168,2020-09-02 20:00:00+00:00,2020-09-04 13:30:00+00:00,2020-06-29 20:00:00+00:00,2,sigmoid,0.5769230769230769,0.5483981589115933,0.950556808780095,0.011058152156748324,boosting,1
2020-09-03,0.6055344377163502,0.576399059654195,0.7392795631023187,0.7392795631023187,0.5849802371541502,1.0,0.020013034242736705,0.019601830409969982,2020-09-03 20:00:00+00:00,2020-09-08 13:30:00+00:00,2020-06-29 20:00:00+00:00,2,sigmoid,0.5769230769230769,0.5483981589115933,0.950556808780095,0.011058152156748324,boosting,1
2020-09-04,0.5754482199348346,0.5613559507634371,0.7296976710979016,0.7296976710979016,0.5849802371541502,0.0,-0.01854216105700013,0.019481801239576376,2020-09-04 20:00:00+00:00,2020-09-09 13:30:00+00:00,2020-06-29 20:00:00+00:00,2,sigmoid,0.5769230769230769,0.5483981589115933,0.950556808780095,0.011058152156748324,boosting,1
2020-09-08,0.6736711854341896,0.6104674335131146,0.7611853185354321,0.7611853185354321,0.5849802371541502,0.0,-0.02701617777513521,0.018053594556604637,2020-09-08 20:00:00+00:00,2020-09-10 13:30:00+00:00,2020-06-29 20:00:00+00:00,2,sigmoid,0.5769230769230769,0.5483981589115933,0.950556808780095,0.011058152156748324,boosting,1
2020-09-09,0.8052115634758263,0.676237622533933,0.8074178341233882,0.8074178341233882,0.5849802371541502,1.0,0.011328357138388645,0.018804037056558563,2020-09-09 20:00:00+00:00,2020-09-11 13:30:00+00:00,2020-06-29 20:00:00+00:00,2,sigmoid,0.5769230769230769,0.5483981589115933,0.950556808780095,0.011058152156748324,boosting,1
2020-09-10,0.732569093505945,0.6399163875489924,0.7808901593804471,0.7808901593804471,0.5849802371541502,0.0,-0.002365922340572202,0.018774154720693614,2020-09-10 20:00:00+00:00,2020-09-14 13:30:00+00:00,2020-06-29 20:00:00+00:00,2,sigmoid,0.5769230769230769,0.5483981589115933,0.950556808780095,0.011058152156748324,boosting,1
2020-09-11,0.6416429596369254,0.5944533206144826,0.7508209897373378,0.7508209897373378,0.5849802371541502,0.0,-0.020034225977470954,0.018153288884771687,2020-09-11 20:00:00+00:00,2020-09-15 13:30:00+00:00,2020-06-29 20:00:00+00:00,2,sigmoid,0.5769230769230769,0.5483981589115933,0.950556808780095,0.011058152156748324,boosting,1
2020-09-14,0.6827319032570981,0.6149977924245689,0.7641522141790936,0.7641522141790936,0.5849802371541502,1.0,0.009902058890637333,0.017923985201655994,2020-09-14 20:00:00+00:00,2020-09-16 13:30:00+00:00,2020-06-29 20:00:00+00:00,2,sigmoid,0.5769230769230769,0.5483981589115933,0.950556808780095,0.011058152156748324,boosting,1
2020-09-15,0.687076321364941,0.6171700014784904,0.7655815600105788,0.7655815600105788,0.5849802371541502,0.0,-0.01089981282611896,0.017690234027525686,2020-09-15 20:00:00+00:00,2020-09-17 13:30:00+00:00,2020-06-29 20:00:00+00:00,2,sigmoid,0.5769230769230769,0.5483981589115933,0.950556808780095,0.011058152156748324,boosting,1
2020-09-16,0.5360356150822858,0.5416496483371628,0.7170816142155629,0.7170816142155629,0.5849802371541502,0.0,-0.026252249607598865,0.018260092761976054,2020-09-16 20:00:00+00:00,2020-09-18 13:30:00+00:00,2020-06-29 20:00:00+00:00,2,sigmoid,0.5769230769230769,0.5483981589115933,0.950556808780095,0.011058152156748324,boosting,1
2020-09-17,0.34516647682050833,0.446215079206274,0.6502674460492233,0.6502674460492233,0.5849802371541502,1.0,0.008085712726523031,0.01854381341976701,2020-09-17 20:00:00+00:00,2020-09-21 13:30:00+00:00,2020-06-29 20:00:00+00:00,2,sigmoid,0.5769230769230769,0.5483981589115933,0.950556808780095,0.011058152156748324,boosting,1
2020-09-18,0.3873192780904093,0.46729147984122454,0.6664057417514181,0.6664057417514181,0.5849802371541502,1.0,0.003352831288118141,0.01853765084669533,2020-09-18 20:00:00+00:00,2020-09-22 13:30:00+00:00,2020-06-29 20:00:00+00:00,2,sigmoid,0.5769230769230769,0.5483981589115933,0.950556808780095,0.011058152156748324,boosting,1
2020-09-21,0.39483528383909483,0.4710494827155673,0.6691701308118729,0.6691701308118729,0.5849802371541502,0.0,-0.002916849732776172,0.018511629308314636,2020-09-21 20:00:00+00:00,2020-09-23 13:30:00+00:00,2020-06-29 20:00:00+00:00,2,sigmoid,0.5769230769230769,0.5483981589115933,0.950556808780095,0.011058152156748324,boosting,1
2020-09-22,0.34658237462216995,0.4469230281071048,0.6508291323920811,0.6508291323920811,0.5849802371541502,1.0,0.0014180436864337231,0.016690002931570504,2020-09-22 20:00:00+00:00,2020-09-24 13:30:00+00:00,2020-06-29 20:00:00+00:00,2,sigmoid,0.5769230769230769,0.5483981589115933,0.950556808780095,0.011058152156748324,boosting,1
2020-09-23,0.5517938690093555,0.5495287753006977,0.7221420975699624,0.7221420975699624,0.5849802371541502,1.0,0.007054060444531274,0.016639659658916655,2020-09-23 20:00:00+00:00,2020-09-25 13:30:00+00:00,2020-06-29 20:00:00+00:00,2,sigmoid,0.5769230769230769,0.5483981589115933,0.950556808780095,0.011058152156748324,boosting,1
2020-09-24,0.6772686882884682,0.612266184940254,0.7623611188131599,0.7623611188131599,0.5849802371541502,1.0,0.017916870086887027,0.016118885467042748,2020-09-24 20:00:00+00:00,2020-09-28 13:30:00+00:00,2020-06-29 20:00:00+00:00,2,sigmoid,0.5769230769230769,0.5483981589115933,0.950556808780095,0.011058152156748324,boosting,1
2020-09-25,0.5267369239939865,0.5370003027930131,0.7140810860303852,0.7140810860303852,0.5849802371541502,1.0,0.010162025672944885,0.01667146358662695,2020-09-25 20:00:00+00:00,2020-09-29 13:30:00+00:00,2020-06-29 20:00:00+00:00,2,sigmoid,0.5769230769230769,0.5483981589115933,0.950556808780095,0.011058152156748324,boosting,1
